autoInitPos,category,copyCount,cps,density,direction,initialMargin,latestMatchedCount,leverage_detected,matchedCount,minInvestment,orderCount,pnl,pnlStopTriggerType,roi,runningTime,sevenDayMdd,stopSlPnl,stopTpPnl,stopTriggerType,strategyId,strategyParams,strategyType,streamer,symbol,totalAdjustmentAmount,trailingDownLimitPrice,trailingType,trailingUpLimitPrice,userId
True,Spot Grid,560,False,3.69,0,,2,1,14083,709.48000000000000,130,187393.64467411,,1.99,56155788,0.02544733,,,,6447301,"{'type': 'ARITH', 'lowerLimit': '85000.00', 'upperLimit': '115000.00', 'gridCount': 130, 'triggerPrice': None, 'stopLowerLimit': None, 'stopUpperLimit': None, 'baseAsset': 'BTC', 'quoteAsset': 'USDT', 'leverage': None, 'trailingUp': False, 'trailingDown': False, 'autoInitPos': None, 'stopTriggerType': None, 'pnlStopTriggerType': None, 'stopSlPnl': None, 'stopTpPnl': None, 'initialMargin': None, 'totalAdjustmentAmount': None, 'cps': False, 'trailingUpLimitPrice': None, 'trailingDownLimitPrice': None}",1,SPOT_GRID,BTCUSDT,0,,NOT_TRAILING,,1
True,Spot Grid,30,False,2.1,0,,12,1,2986,385.47357680000000,82,184722.78420029,,6.84,36355222,0.05700566,,,,8205304,"{'type': 'GEO', 'lowerLimit': '0.004422', 'upperLimit': '0.006155', 'gridCount': 82, 'triggerPrice': None, 'stopLowerLimit': None, 'stopUpperLimit': None, 'baseAsset': 'LINK', 'quoteAsset': 'ETH', 'leverage': None, 'trailingUp': True, 'trailingDown': False, 'autoInitPos': None, 'stopTriggerType': None, 'pnlStopTriggerType': None, 'stopSlPnl': None, 'stopTpPnl': None, 'initialMargin': None, 'totalAdjustmentAmount': None, 'cps': False, 'trailingUpLimitPrice': None, 'trailingDownLimitPrice': None}",1,SPOT_GRID,LINKETH,0,,TRAILING_UP,,1
True,Spot Grid,16,False,0.37,0,,1,1,6861,1388.70400000000000,170,9912.21365472,,50.16,47123009,0.09788175,,,,7257253,"{'type': 'GEO', 'lowerLimit': '3.000', 'upperLimit': '17.000', 'gridCount': 170, 'triggerPrice': '4.900', 'stopLowerLimit': None, 'stopUpperLimit': None, 'baseAsset': 'UNI', 'quoteAsset': 'USDT', 'leverage': None, 'trailingUp': False, 'trailingDown': False, 'autoInitPos': None, 'stopTriggerType': None, 'pnlStopTriggerType': None, 'stopSlPnl': None, 'stopTpPnl': None, 'initialMargin': None, 'totalAdjustmentAmount': None, 'cps': False, 'trailingUpLimitPrice': None, 'trailingDownLimitPrice': None}",1,SPOT_GRID,UNIUSDT,0,,NOT_TRAILING,,1
True,Spot Grid,2,False,0.85,0,,4,1,6404,1097.17000000000000,170,9878.14241458,,1.82,41214619,0.10821088,,,,7762380,"{'type': 'GEO', 'lowerLimit': '2.000', 'upperLimit': '6.000', 'gridCount': 170, 'triggerPrice': None, 'stopLowerLimit': None, 'stopUpperLimit': None, 'baseAsset': 'CAKE', 'quoteAsset': 'USDT', 'leverage': None, 'trailingUp': False, 'trailingDown': False, 'autoInitPos': None, 'stopTriggerType': None, 'pnlStopTriggerType': None, 'stopSlPnl': None, 'stopTpPnl': None, 'initialMargin': None, 'totalAdjustmentAmount': None, 'cps': False, 'trailingUpLimitPrice': None, 'trailingDownLimitPrice': None}",1,SPOT_GRID,CAKEUSDT,0,,NOT_TRAILING,,1
True,Spot Grid,48,False,0.46,0,,3,1,6784,1251.94300000000000,120,6101.53372155,,52.86,52204609,0.11626855,,,,6883234,"{'type': 'ARITH', 'lowerLimit': '1.100', 'upperLimit': '4.000', 'gridCount': 120, 'triggerPrice': None, 'stopLowerLimit': None, 'stopUpperLimit': None, 'baseAsset': 'CAKE', 'quoteAsset': 'USDT', 'leverage': None, 'trailingUp': False, 'trailingDown': False, 'autoInitPos': None, 'stopTriggerType': None, 'pnlStopTriggerType': None, 'stopSlPnl': None, 'stopTpPnl': None, 'initialMargin': None, 'totalAdjustmentAmount': None, 'cps': False, 'trailingUpLimitPrice': None, 'trailingDownLimitPrice': None}",1,SPOT_GRID,CAKEUSDT,0,,NOT_TRAILING,,1
True,Spot Grid,0,False,0.81,0,,4,1,4058,1074.85900000000000,170,5484.53750495,,13.66,41036987,0.14699354,,,,7772770,"{'type': 'GEO', 'lowerLimit': '7.530', 'upperLimit': '23.530', 'gridCount': 170, 'triggerPrice': None, 'stopLowerLimit': None, 'stopUpperLimit': None, 'baseAsset': 'UNI', 'quoteAsset': 'USDT', 'leverage': None, 'trailingUp': False, 'trailingDown': False, 'autoInitPos': None, 'stopTriggerType': None, 'pnlStopTriggerType': None, 'stopSlPnl': None, 'stopTpPnl': None, 'initialMargin': None, 'totalAdjustmentAmount': None, 'cps': False, 'trailingUpLimitPrice': None, 'trailingDownLimitPrice': None}",1,SPOT_GRID,UNIUSDT,0,,NOT_TRAILING,,1
True,Spot Grid,0,False,0.45,0,,2,1,1253,1927.44213242000000,120,4700.75671212,,9.44,63711170,0.01425915,,,,5379123,"{'type': 'GEO', 'lowerLimit': '0.004400', 'upperLimit': '0.016200', 'gridCount': 120, 'triggerPrice': None, 'stopLowerLimit': None, 'stopUpperLimit': None, 'baseAsset': 'BNB', 'quoteAsset': 'BTC', 'leverage': None, 'trailingUp': False, 'trailingDown': False, 'autoInitPos': None, 'stopTriggerType': None, 'pnlStopTriggerType': None, 'stopSlPnl': None, 'stopTpPnl': None, 'initialMargin': None, 'totalAdjustmentAmount': None, 'cps': False, 'trailingUpLimitPrice': None, 'trailingDownLimitPrice': None}",1,SPOT_GRID,BNBBTC,0,,NOT_TRAILING,,1
True,Spot Grid,38,True,0.14,0,,1,1,2891,1517.03070000000000,100,3372.80193562,,1.73,58308280,0.03914007,,,,6050254,"{'type': 'ARITH', 'lowerLimit': '0.4800', 'upperLimit': '4.0000', 'gridCount': 100, 'triggerPrice': None, 'stopLowerLimit': None, 'stopUpperLimit': None, 'baseAsset': 'XRP', 'quoteAsset': 'USDT', 'leverage': None, 'trailingUp': False, 'trailingDown': False, 'autoInitPos': None, 'stopTriggerType': None, 'pnlStopTriggerType': None, 'stopSlPnl': None, 'stopTpPnl': None, 'initialMargin': None, 'totalAdjustmentAmount': None, 'cps': True, 'trailingUpLimitPrice': None, 'trailingDownLimitPrice': None}",1,SPOT_GRID,XRPUSDT,0,,NOT_TRAILING,,1
True,Spot Grid,16,True,1.6,0,,1,1,2707,509.39000000000000,80,3238.14754933,,15.37,47877881,0.02505068,,,,7212434,"{'type': 'GEO', 'lowerLimit': '80000.00', 'upperLimit': '120000.00', 'gridCount': 80, 'triggerPrice': None, 'stopLowerLimit': None, 'stopUpperLimit': None, 'baseAsset': 'BTC', 'quoteAsset': 'USDT', 'leverage': None, 'trailingUp': False, 'trailingDown': False, 'autoInitPos': None, 'stopTriggerType': None, 'pnlStopTriggerType': None, 'stopSlPnl': None, 'stopTpPnl': None, 'initialMargin': None, 'totalAdjustmentAmount': None, 'cps': True, 'trailingUpLimitPrice': None, 'trailingDownLimitPrice': None}",1,SPOT_GRID,BTCUSDT,0,,NOT_TRAILING,,1
True,Spot Grid,8,False,1.0,0,,1,1,5625,551.67413040000000,80,3048.04575996,,12.81,48490013,0.05230705,,,,7169273,"{'type': 'GEO', 'lowerLimit': '10.000', 'upperLimit': '18.000', 'gridCount': 80, 'triggerPrice': None, 'stopLowerLimit': None, 'stopUpperLimit': None, 'baseAsset': 'LINK', 'quoteAsset': 'USDC', 'leverage': None, 'trailingUp': False, 'trailingDown': False, 'autoInitPos': None, 'stopTriggerType': None, 'pnlStopTriggerType': None, 'stopSlPnl': None, 'stopTpPnl': None, 'initialMargin': None, 'totalAdjustmentAmount': None, 'cps': False, 'trailingUpLimitPrice': None, 'trailingDownLimitPrice': None}",1,SPOT_GRID,LINKUSDC,0,,NOT_TRAILING,,1
True,Spot Grid,6,True,0.3,0,,2,1,2632,459.66000000000000,60,3041.73892444,,60.83,80959920,0.04577505,,,,3683933,"{'type': 'ARITH', 'lowerLimit': '49.00', 'upperLimit': '148.00', 'gridCount': 60, 'triggerPrice': None, 'stopLowerLimit': None, 'stopUpperLimit': '148.10', 'baseAsset': 'LTC', 'quoteAsset': 'USDT', 'leverage': None, 'trailingUp': False, 'trailingDown': False, 'autoInitPos': None, 'stopTriggerType': None, 'pnlStopTriggerType': None, 'stopSlPnl': None, 'stopTpPnl': None, 'initialMargin': None, 'totalAdjustmentAmount': None, 'cps': True, 'trailingUpLimitPrice': None, 'trailingDownLimitPrice': None}",1,SPOT_GRID,LTCUSDT,0,,NOT_TRAILING,,1
True,Spot Grid,0,True,0.32,0,,1,1,1088,773.12100800000000,80,2796.84607683,,13.63,37604896,0.01812161,,,,8094524,"{'type': 'ARITH', 'lowerLimit': '1355.84', 'upperLimit': '4829.49', 'gridCount': 80, 'triggerPrice': None, 'stopLowerLimit': None, 'stopUpperLimit': None, 'baseAsset': 'ETH', 'quoteAsset': 'FDUSD', 'leverage': None, 'trailingUp': False, 'trailingDown': False, 'autoInitPos': None, 'stopTriggerType': None, 'pnlStopTriggerType': None, 'stopSlPnl': None, 'stopTpPnl': None, 'initialMargin': None, 'totalAdjustmentAmount': None, 'cps': True, 'trailingUpLimitPrice': None, 'trailingDownLimitPrice': None}",1,SPOT_GRID,ETHFDUSD,0,,NOT_TRAILING,,1
True,Spot Grid,42,True,1.34,0,,5,1,9269,536.19616800000000,115,2643.10139620,,32.66,80575287,0.03284668,,,,3799696,"{'type': 'GEO', 'lowerLimit': '0.2066', 'upperLimit': '0.3852', 'gridCount': 115, 'triggerPrice': None, 'stopLowerLimit': None, 'stopUpperLimit': None, 'baseAsset': 'BNB', 'quoteAsset': 'ETH', 'leverage': None, 'trailingUp': True, 'trailingDown': False, 'autoInitPos': None, 'stopTriggerType': None, 'pnlStopTriggerType': None, 'stopSlPnl': None, 'stopTpPnl': None, 'initialMargin': None, 'totalAdjustmentAmount': None, 'cps': True, 'trailingUpLimitPrice': None, 'trailingDownLimitPrice': None}",1,SPOT_GRID,BNBETH,0,,TRAILING_UP,,1
True,Spot Grid,3,True,0.69,0,,1,1,3693,478.42000000000000,76,2561.27071099,,35.93,80441240,0.02382984,,,,3824905,"{'type': 'ARITH', 'lowerLimit': '2303.24', 'upperLimit': '4864.46', 'gridCount': 76, 'triggerPrice': None, 'stopLowerLimit': None, 'stopUpperLimit': None, 'baseAsset': 'ETH', 'quoteAsset': 'USDT', 'leverage': None, 'trailingUp': False, 'trailingDown': False, 'autoInitPos': None, 'stopTriggerType': None, 'pnlStopTriggerType': None, 'stopSlPnl': None, 'stopTpPnl': None, 'initialMargin': None, 'totalAdjustmentAmount': None, 'cps': True, 'trailingUpLimitPrice': None, 'trailingDownLimitPrice': None}",1,SPOT_GRID,ETHUSDT,0,,NOT_TRAILING,,1
True,Spot Grid,14,True,0.9,0,,15,1,2202,330.39200000000000,53,2525.80950139,,16.83,59404847,0.11415184,,,,5827294,"{'type': 'ARITH', 'lowerLimit': '4.400', 'upperLimit': '7.000', 'gridCount': 53, 'triggerPrice': None, 'stopLowerLimit': None, 'stopUpperLimit': None, 'baseAsset': 'NEAR', 'quoteAsset': 'USDT', 'leverage': None, 'trailingUp': False, 'trailingDown': False, 'autoInitPos': None, 'stopTriggerType': None, 'pnlStopTriggerType': None, 'stopSlPnl': None, 'stopTpPnl': None, 'initialMargin': None, 'totalAdjustmentAmount': None, 'cps': True, 'trailingUpLimitPrice': None, 'trailingDownLimitPrice': None}",1,SPOT_GRID,NEARUSDT,0,,NOT_TRAILING,,1
True,Spot Grid,4,False,0.57,0,,8,1,2008,489.62395564000000,45,2397.51806416,,39.95,42451183,0.06202213,,,,7676446,"{'type': 'ARITH', 'lowerLimit': '0.0000329', 'upperLimit': '0.0000589', 'gridCount': 45, 'triggerPrice': None, 'stopLowerLimit': None, 'stopUpperLimit': None, 'baseAsset': 'ICP', 'quoteAsset': 'BTC', 'leverage': None, 'trailingUp': False, 'trailingDown': False, 'autoInitPos': None, 'stopTriggerType': None, 'pnlStopTriggerType': None, 'stopSlPnl': None, 'stopTpPnl': None, 'initialMargin': None, 'totalAdjustmentAmount': None, 'cps': False, 'trailingUpLimitPrice': None, 'trailingDownLimitPrice': None}",1,SPOT_GRID,ICPBTC,0,,NOT_TRAILING,,1
True,Spot Grid,0,False,0.84,0,,4,1,3809,1036.16900000000000,170,2239.26309708,,12.68,41394568,0.13320636,,,,7749984,"{'type': 'GEO', 'lowerLimit': '7.900', 'upperLimit': '23.900', 'gridCount': 170, 'triggerPrice': None, 'stopLowerLimit': None, 'stopUpperLimit': None, 'baseAsset': 'UNI', 'quoteAsset': 'USDT', 'leverage': None, 'trailingUp': False, 'trailingDown': False, 'autoInitPos': None, 'stopTriggerType': None, 'pnlStopTriggerType': None, 'stopSlPnl': None, 'stopTpPnl': None, 'initialMargin': None, 'totalAdjustmentAmount': None, 'cps': False, 'trailingUpLimitPrice': None, 'trailingDownLimitPrice': None}",1,SPOT_GRID,UNIUSDT,0,,NOT_TRAILING,,1
True,Spot Grid,0,False,0.81,0,,30,1,4136,1863.06889436640000,110,2183.68665814,,97.81,44780684,0.15667418,,,,7439091,"{'type': 'ARITH', 'lowerLimit': '0.00002764', 'upperLimit': '0.00006564', 'gridCount': 110, 'triggerPrice': None, 'stopLowerLimit': None, 'stopUpperLimit': None, 'baseAsset': 'NEAR', 'quoteAsset': 'BTC', 'leverage': None, 'trailingUp': True, 'trailingDown': False, 'autoInitPos': None, 'stopTriggerType': None, 'pnlStopTriggerType': None, 'stopSlPnl': None, 'stopTpPnl': None, 'initialMargin': None, 'totalAdjustmentAmount': None, 'cps': False, 'trailingUpLimitPrice': None, 'trailingDownLimitPrice': None}",1,SPOT_GRID,NEARBTC,0,,TRAILING_UP,,1
True,Spot Grid,5,False,0.17,0,,1,1,510,412.53887570000000,60,2180.99089481,,8.02,47496270,0.05346675,,,,7236088,"{'type': 'GEO', 'lowerLimit': '55.00', 'upperLimit': '250.00', 'gridCount': 60, 'triggerPrice': None, 'stopLowerLimit': None, 'stopUpperLimit': None, 'baseAsset': 'LTC', 'quoteAsset': 'USDC', 'leverage': None, 'trailingUp': False, 'trailingDown': False, 'autoInitPos': None, 'stopTriggerType': None, 'pnlStopTriggerType': None, 'stopSlPnl': None, 'stopTpPnl': None, 'initialMargin': None, 'totalAdjustmentAmount': None, 'cps': False, 'trailingUpLimitPrice': None, 'trailingDownLimitPrice': None}",1,SPOT_GRID,LTCUSDC,0,,NOT_TRAILING,,1
True,Spot Grid,0,False,0.87,0,,5,1,6538,1086.31400000000000,170,2178.24963211,,3.27,41036711,0.11168724,,,,7772794,"{'type': 'GEO', 'lowerLimit': '2.030', 'upperLimit': '6.030', 'gridCount': 170, 'triggerPrice': None, 'stopLowerLimit': None, 'stopUpperLimit': None, 'baseAsset': 'CAKE', 'quoteAsset': 'USDT', 'leverage': None, 'trailingUp': False, 'trailingDown': False, 'autoInitPos': None, 'stopTriggerType': None, 'pnlStopTriggerType': None, 'stopSlPnl': None, 'stopTpPnl': None, 'initialMargin': None, 'totalAdjustmentAmount': None, 'cps': False, 'trailingUpLimitPrice': None, 'trailingDownLimitPrice': None}",1,SPOT_GRID,CAKEUSDT,0,,NOT_TRAILING,,1
True,Spot Grid,12,False,0.9,0,,1,1,1014,1310.48030000000000,170,2083.81848257,,14.56,40998150,0.01667769,,,,7775526,"{'type': 'GEO', 'lowerLimit': '0.2110', 'upperLimit': '0.6110', 'gridCount': 170, 'triggerPrice': None, 'stopLowerLimit': None, 'stopUpperLimit': None, 'baseAsset': 'TRX', 'quoteAsset': 'USDT', 'leverage': None, 'trailingUp': False, 'trailingDown': False, 'autoInitPos': None, 'stopTriggerType': None, 'pnlStopTriggerType': None, 'stopSlPnl': None, 'stopTpPnl': None, 'initialMargin': None, 'totalAdjustmentAmount': None, 'cps': False, 'trailingUpLimitPrice': None, 'trailingDownLimitPrice': None}",1,SPOT_GRID,TRXUSDT,0,,NOT_TRAILING,,1
True,Spot Grid,0,False,0.8,0,,2,1,2971,1089.28438560000000,80,1969.02931748,,23.09,80554198,0.00566135,,,,3803657,"{'type': 'ARITH', 'lowerLimit': '0.005000', 'upperLimit': '0.010000', 'gridCount': 80, 'triggerPrice': None, 'stopLowerLimit': None, 'stopUpperLimit': None, 'baseAsset': 'BNB', 'quoteAsset': 'BTC', 'leverage': None, 'trailingUp': False, 'trailingDown': False, 'autoInitPos': None, 'stopTriggerType': None, 'pnlStopTriggerType': None, 'stopSlPnl': None, 'stopTpPnl': None, 'initialMargin': None, 'totalAdjustmentAmount': None, 'cps': False, 'trailingUpLimitPrice': None, 'trailingDownLimitPrice': None}",1,SPOT_GRID,BNBBTC,0,,NOT_TRAILING,,1
True,Spot Grid,0,False,0.29,0,,1,1,2545,1103.10724152000000,90,1928.56299933,,37.81,42866790,0.05975095,,,,7639888,"{'type': 'ARITH', 'lowerLimit': '5.100', 'upperLimit': '21.000', 'gridCount': 90, 'triggerPrice': None, 'stopLowerLimit': None, 'stopUpperLimit': None, 'baseAsset': 'LINK', 'quoteAsset': 'USDC', 'leverage': None, 'trailingUp': False, 'trailingDown': False, 'autoInitPos': None, 'stopTriggerType': None, 'pnlStopTriggerType': None, 'stopSlPnl': None, 'stopTpPnl': None, 'initialMargin': None, 'totalAdjustmentAmount': None, 'cps': False, 'trailingUpLimitPrice': None, 'trailingDownLimitPrice': None}",1,SPOT_GRID,LINKUSDC,0,,NOT_TRAILING,,1
True,Spot Grid,0,True,0.57,0,,1,1,1469,1463.10000000000000,170,1694.78013562,,6.76,50327555,0.02314914,,,,7034982,"{'type': 'ARITH', 'lowerLimit': '50000.00', 'upperLimit': '200000.00', 'gridCount': 170, 'triggerPrice': None, 'stopLowerLimit': None, 'stopUpperLimit': None, 'baseAsset': 'BTC', 'quoteAsset': 'USDT', 'leverage': None, 'trailingUp': False, 'trailingDown': False, 'autoInitPos': None, 'stopTriggerType': None, 'pnlStopTriggerType': None, 'stopSlPnl': None, 'stopTpPnl': None, 'initialMargin': None, 'totalAdjustmentAmount': None, 'cps': True, 'trailingUpLimitPrice': None, 'trailingDownLimitPrice': None}",1,SPOT_GRID,BTCUSDT,0,,NOT_TRAILING,,1
True,Spot Grid,1,False,0.25,0,,1,1,2625,2097.39500000000000,170,1644.24504739,,29.63,52633834,0.14892654,,,,6842837,"{'type': 'ARITH', 'lowerLimit': '1.000', 'upperLimit': '8.000', 'gridCount': 170, 'triggerPrice': None, 'stopLowerLimit': None, 'stopUpperLimit': None, 'baseAsset': 'CAKE', 'quoteAsset': 'USDT', 'leverage': None, 'trailingUp': False, 'trailingDown': False, 'autoInitPos': None, 'stopTriggerType': None, 'pnlStopTriggerType': None, 'stopSlPnl': None, 'stopTpPnl': None, 'initialMargin': None, 'totalAdjustmentAmount': None, 'cps': False, 'trailingUpLimitPrice': None, 'trailingDownLimitPrice': None}",1,SPOT_GRID,CAKEUSDT,0,,NOT_TRAILING,,1
True,Spot Grid,1,False,0.85,0,,5,1,7362,974.29004400000000,170,1579.02170127,,24.69,73585793,0.00475605,,,,4726431,"{'type': 'ARITH', 'lowerLimit': '0.1000', 'upperLimit': '0.3000', 'gridCount': 170, 'triggerPrice': None, 'stopLowerLimit': None, 'stopUpperLimit': None, 'baseAsset': 'BNB', 'quoteAsset': 'ETH', 'leverage': None, 'trailingUp': False, 'trailingDown': False, 'autoInitPos': None, 'stopTriggerType': None, 'pnlStopTriggerType': None, 'stopSlPnl': None, 'stopTpPnl': None, 'initialMargin': None, 'totalAdjustmentAmount': None, 'cps': False, 'trailingUpLimitPrice': None, 'trailingDownLimitPrice': None}",1,SPOT_GRID,BNBETH,0,,NOT_TRAILING,,1
True,Spot Grid,9,False,1.09,0,,4,1,2067,1375.07778522000000,100,1531.50946865,,32.08,38175634,0.00708123,,,,8019262,"{'type': 'ARITH', 'lowerLimit': '0.005200', 'upperLimit': '0.010000', 'gridCount': 100, 'triggerPrice': None, 'stopLowerLimit': None, 'stopUpperLimit': None, 'baseAsset': 'BNB', 'quoteAsset': 'BTC', 'leverage': None, 'trailingUp': False, 'trailingDown': False, 'autoInitPos': None, 'stopTriggerType': None, 'pnlStopTriggerType': None, 'stopSlPnl': None, 'stopTpPnl': None, 'initialMargin': None, 'totalAdjustmentAmount': None, 'cps': False, 'trailingUpLimitPrice': None, 'trailingDownLimitPrice': None}",1,SPOT_GRID,BNBBTC,0,,NOT_TRAILING,,1
True,Spot Grid,1,True,0.44,0,,1,1,2754,786.63000000000000,88,1441.45791893,,16.01,57102765,0.01772123,,,,6317958,"{'type': 'ARITH', 'lowerLimit': '1500.00', 'upperLimit': '4500.00', 'gridCount': 88, 'triggerPrice': None, 'stopLowerLimit': None, 'stopUpperLimit': None, 'baseAsset': 'ETH', 'quoteAsset': 'USDT', 'leverage': None, 'trailingUp': False, 'trailingDown': False, 'autoInitPos': None, 'stopTriggerType': None, 'pnlStopTriggerType': None, 'stopSlPnl': None, 'stopTpPnl': None, 'initialMargin': None, 'totalAdjustmentAmount': None, 'cps': True, 'trailingUpLimitPrice': None, 'trailingDownLimitPrice': None}",1,SPOT_GRID,ETHUSDT,0,,NOT_TRAILING,,1
True,Spot Grid,0,False,0.6,0,,3,1,1379,691.21536000000000,120,1435.50854077,,10.86,32414002,0.00431363,,,,8564404,"{'type': 'ARITH', 'lowerLimit': '0.1000', 'upperLimit': '0.3000', 'gridCount': 120, 'triggerPrice': None, 'stopLowerLimit': None, 'stopUpperLimit': None, 'baseAsset': 'BNB', 'quoteAsset': 'ETH', 'leverage': None, 'trailingUp': False, 'trailingDown': False, 'autoInitPos': None, 'stopTriggerType': None, 'pnlStopTriggerType': None, 'stopSlPnl': None, 'stopTpPnl': None, 'initialMargin': None, 'totalAdjustmentAmount': None, 'cps': False, 'trailingUpLimitPrice': None, 'trailingDownLimitPrice': None}",1,SPOT_GRID,BNBETH,0,,NOT_TRAILING,,1
True,Spot Grid,0,True,0.27,0,,10,1,5740,1455.15800000000000,170,1381.52179650,,46.05,59364384,0.15806173,,3001.00000000,,5832979,"{'type': 'GEO', 'lowerLimit': '2.030', 'upperLimit': '15.000', 'gridCount': 170, 'triggerPrice': '6.000', 'stopLowerLimit': None, 'stopUpperLimit': None, 'baseAsset': 'NEAR', 'quoteAsset': 'USDT', 'leverage': None, 'trailingUp': True, 'trailingDown': False, 'autoInitPos': None, 'stopTriggerType': None, 'pnlStopTriggerType': None, 'stopSlPnl': None, 'stopTpPnl': '3001.00000000', 'initialMargin': None, 'totalAdjustmentAmount': None, 'cps': True, 'trailingUpLimitPrice': None, 'trailingDownLimitPrice': None}",1,SPOT_GRID,NEARUSDT,0,,TRAILING_UP,,1
True,Spot Grid,2,False,0.99,0,,1,1,1124,1233.23850000000000,170,1349.24991153,,15.96,40999316,0.01836807,,,,7775466,"{'type': 'GEO', 'lowerLimit': '0.2310', 'upperLimit': '0.6310', 'gridCount': 170, 'triggerPrice': None, 'stopLowerLimit': None, 'stopUpperLimit': None, 'baseAsset': 'TRX', 'quoteAsset': 'USDT', 'leverage': None, 'trailingUp': False, 'trailingDown': False, 'autoInitPos': None, 'stopTriggerType': None, 'pnlStopTriggerType': None, 'stopSlPnl': None, 'stopTpPnl': None, 'initialMargin': None, 'totalAdjustmentAmount': None, 'cps': False, 'trailingUpLimitPrice': None, 'trailingDownLimitPrice': None}",1,SPOT_GRID,TRXUSDT,0,,NOT_TRAILING,,1
True,Spot Grid,0,True,0.18,0,,1,1,1915,2203.22000000000000,170,1333.61978622,,13.33,52312218,0.02090556,,,,6875702,"{'type': 'GEO', 'lowerLimit': '910.00', 'upperLimit': '10000.00', 'gridCount': 170, 'triggerPrice': None, 'stopLowerLimit': None, 'stopUpperLimit': None, 'baseAsset': 'ETH', 'quoteAsset': 'USDT', 'leverage': None, 'trailingUp': False, 'trailingDown': False, 'autoInitPos': None, 'stopTriggerType': None, 'pnlStopTriggerType': None, 'stopSlPnl': None, 'stopTpPnl': None, 'initialMargin': None, 'totalAdjustmentAmount': None, 'cps': True, 'trailingUpLimitPrice': None, 'trailingDownLimitPrice': None}",1,SPOT_GRID,ETHUSDT,0,,NOT_TRAILING,,1
True,Spot Grid,0,False,2.03,0,,2,1,28471,1010.25000000000000,170,1163.62302794,,1.51,82017417,0.02254764,,,,3315852,"{'type': 'GEO', 'lowerLimit': '2381.00', 'upperLimit': '4381.00', 'gridCount': 170, 'triggerPrice': None, 'stopLowerLimit': None, 'stopUpperLimit': None, 'baseAsset': 'ETH', 'quoteAsset': 'USDT', 'leverage': None, 'trailingUp': False, 'trailingDown': False, 'autoInitPos': None, 'stopTriggerType': None, 'pnlStopTriggerType': None, 'stopSlPnl': None, 'stopTpPnl': None, 'initialMargin': None, 'totalAdjustmentAmount': None, 'cps': False, 'trailingUpLimitPrice': None, 'trailingDownLimitPrice': None}",1,SPOT_GRID,ETHUSDT,0,,NOT_TRAILING,,1
True,Spot Grid,0,True,0.31,0,,1,1,1494,2337.02000000000000,170,955.19636794,,9.55,59783860,0.02181360,,,,5726917,"{'type': 'ARITH', 'lowerLimit': '30000.00', 'upperLimit': '200000.00', 'gridCount': 170, 'triggerPrice': None, 'stopLowerLimit': None, 'stopUpperLimit': None, 'baseAsset': 'BTC', 'quoteAsset': 'USDT', 'leverage': None, 'trailingUp': False, 'trailingDown': False, 'autoInitPos': None, 'stopTriggerType': None, 'pnlStopTriggerType': None, 'stopSlPnl': None, 'stopTpPnl': None, 'initialMargin': None, 'totalAdjustmentAmount': None, 'cps': True, 'trailingUpLimitPrice': None, 'trailingDownLimitPrice': None}",1,SPOT_GRID,BTCUSDT,0,,NOT_TRAILING,,1
True,Spot Grid,0,True,0.76,0,,1,1,1753,1382.12259519600000,100,941.26464231,,26.78,48609288,0.01999129,,,,7162195,"{'type': 'GEO', 'lowerLimit': '0.00000215', 'upperLimit': '0.00000500', 'gridCount': 100, 'triggerPrice': None, 'stopLowerLimit': None, 'stopUpperLimit': None, 'baseAsset': 'TRX', 'quoteAsset': 'BTC', 'leverage': None, 'trailingUp': False, 'trailingDown': False, 'autoInitPos': None, 'stopTriggerType': None, 'pnlStopTriggerType': None, 'stopSlPnl': None, 'stopTpPnl': None, 'initialMargin': None, 'totalAdjustmentAmount': None, 'cps': True, 'trailingUpLimitPrice': None, 'trailingDownLimitPrice': None}",1,SPOT_GRID,TRXBTC,0,,NOT_TRAILING,,1
True,Spot Grid,2,False,0.4,0,,2,1,3782,594.47000000000000,80,930.48486248,,52.86,59111588,0.04892978,,,,5886155,"{'type': 'ARITH', 'lowerLimit': '50.00', 'upperLimit': '150.00', 'gridCount': 80, 'triggerPrice': None, 'stopLowerLimit': None, 'stopUpperLimit': None, 'baseAsset': 'LTC', 'quoteAsset': 'USDT', 'leverage': None, 'trailingUp': False, 'trailingDown': False, 'autoInitPos': None, 'stopTriggerType': None, 'pnlStopTriggerType': None, 'stopSlPnl': None, 'stopTpPnl': None, 'initialMargin': None, 'totalAdjustmentAmount': None, 'cps': False, 'trailingUpLimitPrice': None, 'trailingDownLimitPrice': None}",1,SPOT_GRID,LTCUSDT,0,,NOT_TRAILING,,1
True,Spot Grid,0,True,0.46,0,,1,1,2281,1012.61000000000000,110,887.71819047,,3.05,38022990,0.01848791,,,,8043555,"{'type': 'ARITH', 'lowerLimit': '1438.88', 'upperLimit': '4884.76', 'gridCount': 110, 'triggerPrice': None, 'stopLowerLimit': None, 'stopUpperLimit': None, 'baseAsset': 'ETH', 'quoteAsset': 'USDT', 'leverage': None, 'trailingUp': False, 'trailingDown': False, 'autoInitPos': None, 'stopTriggerType': None, 'pnlStopTriggerType': None, 'stopSlPnl': None, 'stopTpPnl': None, 'initialMargin': None, 'totalAdjustmentAmount': None, 'cps': True, 'trailingUpLimitPrice': None, 'trailingDownLimitPrice': None}",1,SPOT_GRID,ETHUSDT,0,,NOT_TRAILING,,1
True,Spot Grid,1,False,0.6,0,,1,1,2365,416.34000000000000,60,879.02201687,,29.30,59211126,0.02011399,,,,5866408,"{'type': 'ARITH', 'lowerLimit': '2000.00', 'upperLimit': '4000.00', 'gridCount': 60, 'triggerPrice': None, 'stopLowerLimit': None, 'stopUpperLimit': None, 'baseAsset': 'ETH', 'quoteAsset': 'USDT', 'leverage': None, 'trailingUp': False, 'trailingDown': False, 'autoInitPos': None, 'stopTriggerType': None, 'pnlStopTriggerType': None, 'stopSlPnl': None, 'stopTpPnl': None, 'initialMargin': None, 'totalAdjustmentAmount': None, 'cps': False, 'trailingUpLimitPrice': None, 'trailingDownLimitPrice': None}",1,SPOT_GRID,ETHUSDT,0,,NOT_TRAILING,,1
True,Spot Grid,11,True,0.44,0,,1,1,4907,676.97560000000000,88,854.19862079,,34.16,57192002,0.02878103,,,,6299343,"{'type': 'ARITH', 'lowerLimit': '1.0000', 'upperLimit': '3.0000', 'gridCount': 88, 'triggerPrice': None, 'stopLowerLimit': None, 'stopUpperLimit': None, 'baseAsset': 'XRP', 'quoteAsset': 'USDT', 'leverage': None, 'trailingUp': False, 'trailingDown': False, 'autoInitPos': None, 'stopTriggerType': None, 'pnlStopTriggerType': None, 'stopSlPnl': None, 'stopTpPnl': None, 'initialMargin': None, 'totalAdjustmentAmount': None, 'cps': True, 'trailingUpLimitPrice': None, 'trailingDownLimitPrice': None}",1,SPOT_GRID,XRPUSDT,0,,NOT_TRAILING,,1
True,Spot Grid,1,False,0.88,0,,2,1,5325,735.72000000000000,88,789.63954735,,41.55,80540443,0.00321097,,,,3807329,"{'type': 'ARITH', 'lowerLimit': '400.00', 'upperLimit': '800.00', 'gridCount': 88, 'triggerPrice': None, 'stopLowerLimit': None, 'stopUpperLimit': None, 'baseAsset': 'BNB', 'quoteAsset': 'USDT', 'leverage': None, 'trailingUp': False, 'trailingDown': False, 'autoInitPos': None, 'stopTriggerType': None, 'pnlStopTriggerType': None, 'stopSlPnl': None, 'stopTpPnl': None, 'initialMargin': None, 'totalAdjustmentAmount': None, 'cps': False, 'trailingUpLimitPrice': None, 'trailingDownLimitPrice': None}",1,SPOT_GRID,BNBUSDT,0,,NOT_TRAILING,,1
True,Spot Grid,1,True,1.14,0,,2,1,2043,1827.63633430000000,170,776.90444309,,8.84,32200680,0.02426825,,,,8579851,"{'type': 'GEO', 'lowerLimit': '0.008000', 'upperLimit': '0.020000', 'gridCount': 170, 'triggerPrice': None, 'stopLowerLimit': None, 'stopUpperLimit': None, 'baseAsset': 'BNB', 'quoteAsset': 'BTC', 'leverage': None, 'trailingUp': False, 'trailingDown': False, 'autoInitPos': None, 'stopTriggerType': None, 'pnlStopTriggerType': None, 'stopSlPnl': None, 'stopTpPnl': None, 'initialMargin': None, 'totalAdjustmentAmount': None, 'cps': True, 'trailingUpLimitPrice': None, 'trailingDownLimitPrice': None}",1,SPOT_GRID,BNBBTC,0,,NOT_TRAILING,,1
True,Spot Grid,3,False,0.72,0,,1,1,2875,668.34751758600000,69,773.86664573,,15.24,74908479,0.02776631,,,,4543940,"{'type': 'GEO', 'lowerLimit': '0.0013600', 'upperLimit': '0.0026800', 'gridCount': 69, 'triggerPrice': None, 'stopLowerLimit': None, 'stopUpperLimit': None, 'baseAsset': 'SOL', 'quoteAsset': 'BTC', 'leverage': None, 'trailingUp': False, 'trailingDown': False, 'autoInitPos': None, 'stopTriggerType': None, 'pnlStopTriggerType': None, 'stopSlPnl': None, 'stopTpPnl': None, 'initialMargin': None, 'totalAdjustmentAmount': None, 'cps': False, 'trailingUpLimitPrice': None, 'trailingDownLimitPrice': None}",1,SPOT_GRID,SOLBTC,0,,NOT_TRAILING,,1
True,Spot Grid,0,False,0.6,0,,1,1,1409,781.48000000000000,90,770.92840745,,7.08,58011764,0.01948599,,,,6112526,"{'type': 'ARITH', 'lowerLimit': '60000.00', 'upperLimit': '150000.00', 'gridCount': 90, 'triggerPrice': None, 'stopLowerLimit': None, 'stopUpperLimit': None, 'baseAsset': 'BTC', 'quoteAsset': 'USDT', 'leverage': None, 'trailingUp': True, 'trailingDown': False, 'autoInitPos': None, 'stopTriggerType': None, 'pnlStopTriggerType': None, 'stopSlPnl': None, 'stopTpPnl': None, 'initialMargin': None, 'totalAdjustmentAmount': None, 'cps': False, 'trailingUpLimitPrice': None, 'trailingDownLimitPrice': None}",1,SPOT_GRID,BTCUSDT,0,,TRAILING_UP,,1
True,Spot Grid,4,False,1.2,0,,8,1,26608,884.04000000000000,140,763.93533272,,71.52,100034361,0.05222122,,,,1764430,"{'type': 'ARITH', 'lowerLimit': '60.00', 'upperLimit': '130.00', 'gridCount': 140, 'triggerPrice': None, 'stopLowerLimit': None, 'stopUpperLimit': None, 'baseAsset': 'LTC', 'quoteAsset': 'USDT', 'leverage': None, 'trailingUp': False, 'trailingDown': False, 'autoInitPos': None, 'stopTriggerType': None, 'pnlStopTriggerType': None, 'stopSlPnl': None, 'stopTpPnl': None, 'initialMargin': None, 'totalAdjustmentAmount': None, 'cps': False, 'trailingUpLimitPrice': None, 'trailingDownLimitPrice': None}",1,SPOT_GRID,LTCUSDT,0,,NOT_TRAILING,,1
True,Spot Grid,0,True,0.7,0,,1,1,5559,2035.66000000000000,170,731.72203052,,7.31,57701917,0.01330217,,,,6188786,"{'type': 'ARITH', 'lowerLimit': '35000.00', 'upperLimit': '120000.00', 'gridCount': 170, 'triggerPrice': '100000.00', 'stopLowerLimit': None, 'stopUpperLimit': None, 'baseAsset': 'BTC', 'quoteAsset': 'USDT', 'leverage': None, 'trailingUp': False, 'trailingDown': False, 'autoInitPos': None, 'stopTriggerType': None, 'pnlStopTriggerType': None, 'stopSlPnl': None, 'stopTpPnl': None, 'initialMargin': None, 'totalAdjustmentAmount': None, 'cps': True, 'trailingUpLimitPrice': None, 'trailingDownLimitPrice': None}",1,SPOT_GRID,BTCUSDT,0,,NOT_TRAILING,,1
True,Spot Grid,0,True,0.9,0,,6,1,13514,941.83000000000000,110,730.67437907,,64.62,62377597,0.02186974,,,,5478840,"{'type': 'ARITH', 'lowerLimit': '4.500', 'upperLimit': '10.000', 'gridCount': 110, 'triggerPrice': None, 'stopLowerLimit': None, 'stopUpperLimit': None, 'baseAsset': 'UNI', 'quoteAsset': 'USDT', 'leverage': None, 'trailingUp': False, 'trailingDown': False, 'autoInitPos': None, 'stopTriggerType': None, 'pnlStopTriggerType': None, 'stopSlPnl': None, 'stopTpPnl': None, 'initialMargin': None, 'totalAdjustmentAmount': None, 'cps': True, 'trailingUpLimitPrice': None, 'trailingDownLimitPrice': None}",1,SPOT_GRID,UNIUSDT,0,,NOT_TRAILING,,1
True,Spot Grid,0,False,1.0,0,,3,1,11842,1019.58000000000000,160,716.28084662,,3.58,56481978,0.02924473,,,,6407561,"{'type': 'ARITH', 'lowerLimit': '100.00', 'upperLimit': '260.00', 'gridCount': 160, 'triggerPrice': None, 'stopLowerLimit': None, 'stopUpperLimit': None, 'baseAsset': 'SOL', 'quoteAsset': 'USDT', 'leverage': None, 'trailingUp': False, 'trailingDown': False, 'autoInitPos': None, 'stopTriggerType': None, 'pnlStopTriggerType': None, 'stopSlPnl': None, 'stopTpPnl': None, 'initialMargin': None, 'totalAdjustmentAmount': None, 'cps': False, 'trailingUpLimitPrice': None, 'trailingDownLimitPrice': None}",1,SPOT_GRID,SOLUSDT,0,,NOT_TRAILING,,1
True,Spot Grid,3,True,0.43,0,,1,1,7534,957.20000000000000,114,694.33056773,,65.33,81794958,0.03417679,,,,3381268,"{'type': 'ARITH', 'lowerLimit': '74.01', 'upperLimit': '274.51', 'gridCount': 114, 'triggerPrice': None, 'stopLowerLimit': None, 'stopUpperLimit': None, 'baseAsset': 'SOL', 'quoteAsset': 'USDT', 'leverage': None, 'trailingUp': False, 'trailingDown': False, 'autoInitPos': None, 'stopTriggerType': None, 'pnlStopTriggerType': None, 'stopSlPnl': None, 'stopTpPnl': None, 'initialMargin': None, 'totalAdjustmentAmount': None, 'cps': True, 'trailingUpLimitPrice': None, 'trailingDownLimitPrice': None}",1,SPOT_GRID,SOLUSDT,0,,NOT_TRAILING,,1
True,Spot Grid,0,False,1.65,0,,11,1,14475,1692.39225429330000,140,682.03717735,,37.64,51599933,0.05753317,,,,6932779,"{'type': 'ARITH', 'lowerLimit': '0.00002000', 'upperLimit': '0.00003700', 'gridCount': 140, 'triggerPrice': None, 'stopLowerLimit': None, 'stopUpperLimit': None, 'baseAsset': 'CAKE', 'quoteAsset': 'BTC', 'leverage': None, 'trailingUp': False, 'trailingDown': False, 'autoInitPos': None, 'stopTriggerType': None, 'pnlStopTriggerType': None, 'stopSlPnl': None, 'stopTpPnl': None, 'initialMargin': None, 'totalAdjustmentAmount': None, 'cps': False, 'trailingUpLimitPrice': None, 'trailingDownLimitPrice': None}",1,SPOT_GRID,CAKEBTC,0,,NOT_TRAILING,,1
True,Spot Grid,0,False,0.43,0,,1,1,3732,1100.81911200000000,128,681.05636192,,27.26,79695319,0.02556697,,,,3969749,"{'type': 'ARITH', 'lowerLimit': '1500.00', 'upperLimit': '6000.00', 'gridCount': 128, 'triggerPrice': None, 'stopLowerLimit': None, 'stopUpperLimit': None, 'baseAsset': 'ETH', 'quoteAsset': 'FDUSD', 'leverage': None, 'trailingUp': True, 'trailingDown': False, 'autoInitPos': None, 'stopTriggerType': None, 'pnlStopTriggerType': None, 'stopSlPnl': None, 'stopTpPnl': None, 'initialMargin': None, 'totalAdjustmentAmount': None, 'cps': False, 'trailingUpLimitPrice': None, 'trailingDownLimitPrice': None}",1,SPOT_GRID,ETHFDUSD,0,,TRAILING_UP,,1
True,Spot Grid,0,False,2.57,0,,2,1,17963,1185.65817800000000,170,680.35856800,,3.85,59766309,0.01645634,,,,5731304,"{'type': 'ARITH', 'lowerLimit': '66413.47', 'upperLimit': '110476.66', 'gridCount': 170, 'triggerPrice': '86950.00', 'stopLowerLimit': None, 'stopUpperLimit': None, 'baseAsset': 'BTC', 'quoteAsset': 'FDUSD', 'leverage': None, 'trailingUp': False, 'trailingDown': False, 'autoInitPos': None, 'stopTriggerType': None, 'pnlStopTriggerType': None, 'stopSlPnl': None, 'stopTpPnl': None, 'initialMargin': None, 'totalAdjustmentAmount': None, 'cps': False, 'trailingUpLimitPrice': None, 'trailingDownLimitPrice': None}",1,SPOT_GRID,BTCFDUSD,0,,NOT_TRAILING,,1
True,Spot Grid,0,True,1.0,0,,2,1,1922,1356.99346388000000,100,677.01643177,,32.32,39828746,0.00696482,,,,7846822,"{'type': 'ARITH', 'lowerLimit': '0.005000', 'upperLimit': '0.010000', 'gridCount': 100, 'triggerPrice': None, 'stopLowerLimit': None, 'stopUpperLimit': None, 'baseAsset': 'BNB', 'quoteAsset': 'BTC', 'leverage': None, 'trailingUp': False, 'trailingDown': False, 'autoInitPos': None, 'stopTriggerType': None, 'pnlStopTriggerType': None, 'stopSlPnl': None, 'stopTpPnl': None, 'initialMargin': None, 'totalAdjustmentAmount': None, 'cps': True, 'trailingUpLimitPrice': None, 'trailingDownLimitPrice': None}",1,SPOT_GRID,BNBBTC,0,,NOT_TRAILING,,1
True,Spot Grid,1332,True,1.56,0,,1,1,9350,40.91922000000000,33,639.33999999,,168.94,130473977,0.00633687,,,,585113,"{'type': 'ARITH', 'lowerLimit': '0.07830', 'upperLimit': '0.09487', 'gridCount': 33, 'triggerPrice': None, 'stopLowerLimit': None, 'stopUpperLimit': None, 'baseAsset': 'DOGE', 'quoteAsset': 'USDT', 'leverage': None, 'trailingUp': False, 'trailingDown': False, 'autoInitPos': None, 'stopTriggerType': None, 'pnlStopTriggerType': None, 'stopSlPnl': None, 'stopTpPnl': None, 'initialMargin': None, 'totalAdjustmentAmount': None, 'cps': True, 'trailingUpLimitPrice': None, 'trailingDownLimitPrice': None}",1,SPOT_GRID,DOGEUSDT,0,,NOT_TRAILING,,1
True,Spot Grid,0,False,2.18,0,,10,1,7776,1038.51000000000000,150,609.05256232,,6.09,36048689,0.01590321,,,,8239332,"{'type': 'GEO', 'lowerLimit': '580.00', 'upperLimit': '980.00', 'gridCount': 150, 'triggerPrice': None, 'stopLowerLimit': None, 'stopUpperLimit': None, 'baseAsset': 'BNB', 'quoteAsset': 'USDT', 'leverage': None, 'trailingUp': False, 'trailingDown': False, 'autoInitPos': None, 'stopTriggerType': None, 'pnlStopTriggerType': None, 'stopSlPnl': None, 'stopTpPnl': None, 'initialMargin': None, 'totalAdjustmentAmount': None, 'cps': False, 'trailingUpLimitPrice': None, 'trailingDownLimitPrice': None}",1,SPOT_GRID,BNBUSDT,0,,NOT_TRAILING,,1
True,Spot Grid,1,True,0.66,0,,1,1,2050,1256.28060290500000,100,602.16462153,,25.76,48628929,0.07695826,,,,7160895,"{'type': 'GEO', 'lowerLimit': '0.0000710', 'upperLimit': '0.0001800', 'gridCount': 100, 'triggerPrice': None, 'stopLowerLimit': None, 'stopUpperLimit': None, 'baseAsset': 'UNI', 'quoteAsset': 'BTC', 'leverage': None, 'trailingUp': False, 'trailingDown': False, 'autoInitPos': None, 'stopTriggerType': None, 'pnlStopTriggerType': None, 'stopSlPnl': None, 'stopTpPnl': None, 'initialMargin': None, 'totalAdjustmentAmount': None, 'cps': True, 'trailingUpLimitPrice': None, 'trailingDownLimitPrice': None}",1,SPOT_GRID,UNIBTC,0,,NOT_TRAILING,,1
True,Spot Grid,0,False,1.1,0,,1,1,1459,1547.92783200000000,88,597.73880874,,7.01,36764645,0.01725504,,,,8166874,"{'type': 'ARITH', 'lowerLimit': '0.02500', 'upperLimit': '0.04500', 'gridCount': 88, 'triggerPrice': None, 'stopLowerLimit': None, 'stopUpperLimit': None, 'baseAsset': 'ETH', 'quoteAsset': 'BTC', 'leverage': None, 'trailingUp': True, 'trailingDown': False, 'autoInitPos': None, 'stopTriggerType': None, 'pnlStopTriggerType': None, 'stopSlPnl': None, 'stopTpPnl': None, 'initialMargin': None, 'totalAdjustmentAmount': None, 'cps': False, 'trailingUpLimitPrice': None, 'trailingDownLimitPrice': None}",1,SPOT_GRID,ETHBTC,0,,TRAILING_UP,,1
True,Spot Grid,0,False,0.25,0,,3,1,1735,1053.21100000000000,100,573.83567609,,67.26,41018326,0.16862201,,,,7774210,"{'type': 'GEO', 'lowerLimit': '2.000', 'upperLimit': '10.000', 'gridCount': 100, 'triggerPrice': None, 'stopLowerLimit': None, 'stopUpperLimit': None, 'baseAsset': 'NEAR', 'quoteAsset': 'USDT', 'leverage': None, 'trailingUp': False, 'trailingDown': False, 'autoInitPos': None, 'stopTriggerType': None, 'pnlStopTriggerType': None, 'stopSlPnl': None, 'stopTpPnl': None, 'initialMargin': None, 'totalAdjustmentAmount': None, 'cps': False, 'trailingUpLimitPrice': None, 'trailingDownLimitPrice': None}",1,SPOT_GRID,NEARUSDT,0,,NOT_TRAILING,,1
True,Spot Grid,0,True,0.5,0,,1,1,7379,865.43000000000000,120,568.34441999,,57.12,81915287,0.03627590,,,,3349580,"{'type': 'ARITH', 'lowerLimit': '88.00', 'upperLimit': '300.00', 'gridCount': 120, 'triggerPrice': None, 'stopLowerLimit': None, 'stopUpperLimit': None, 'baseAsset': 'SOL', 'quoteAsset': 'USDT', 'leverage': None, 'trailingUp': False, 'trailingDown': False, 'autoInitPos': None, 'stopTriggerType': None, 'pnlStopTriggerType': None, 'stopSlPnl': None, 'stopTpPnl': None, 'initialMargin': None, 'totalAdjustmentAmount': None, 'cps': True, 'trailingUpLimitPrice': None, 'trailingDownLimitPrice': None}",1,SPOT_GRID,SOLUSDT,0,,NOT_TRAILING,,1
True,Spot Grid,0,False,0.92,0,,1,1,4907,825.87384545280000,170,565.05196236,,20.94,39431995,0.02694982,,,,7874042,"{'type': 'ARITH', 'lowerLimit': '0.00007000', 'upperLimit': '0.00020000', 'gridCount': 170, 'triggerPrice': None, 'stopLowerLimit': None, 'stopUpperLimit': None, 'baseAsset': 'TRX', 'quoteAsset': 'ETH', 'leverage': None, 'trailingUp': False, 'trailingDown': False, 'autoInitPos': None, 'stopTriggerType': None, 'pnlStopTriggerType': None, 'stopSlPnl': None, 'stopTpPnl': None, 'initialMargin': None, 'totalAdjustmentAmount': None, 'cps': False, 'trailingUpLimitPrice': None, 'trailingDownLimitPrice': None}",1,SPOT_GRID,TRXETH,0,,NOT_TRAILING,,1
True,Spot Grid,0,True,1.27,0,,10,1,13640,1455.15800000000000,170,532.93467784,,35.52,46394535,0.10780575,,,,7312222,"{'type': 'GEO', 'lowerLimit': '1.957', 'upperLimit': '4.591', 'gridCount': 170, 'triggerPrice': '1.840', 'stopLowerLimit': None, 'stopUpperLimit': None, 'baseAsset': 'CAKE', 'quoteAsset': 'USDT', 'leverage': None, 'trailingUp': True, 'trailingDown': False, 'autoInitPos': None, 'stopTriggerType': None, 'pnlStopTriggerType': None, 'stopSlPnl': None, 'stopTpPnl': None, 'initialMargin': None, 'totalAdjustmentAmount': None, 'cps': True, 'trailingUpLimitPrice': None, 'trailingDownLimitPrice': None}",1,SPOT_GRID,CAKEUSDT,0,,TRAILING_UP,,1
True,Spot Grid,0,False,0.56,0,,1,1,2187,1404.33304557600000,100,530.43358904,,8.88,77466036,0.01723641,,,,4276087,"{'type': 'GEO', 'lowerLimit': '0.0008000', 'upperLimit': '0.0022500', 'gridCount': 100, 'triggerPrice': None, 'stopLowerLimit': None, 'stopUpperLimit': None, 'baseAsset': 'SOL', 'quoteAsset': 'BTC', 'leverage': None, 'trailingUp': False, 'trailingDown': False, 'autoInitPos': None, 'stopTriggerType': None, 'pnlStopTriggerType': None, 'stopSlPnl': None, 'stopTpPnl': None, 'initialMargin': None, 'totalAdjustmentAmount': None, 'cps': False, 'trailingUpLimitPrice': None, 'trailingDownLimitPrice': None}",1,SPOT_GRID,SOLBTC,0,,NOT_TRAILING,,1
True,Spot Grid,0,False,1.27,0,,1,1,9181,1154.66552800000000,137,520.29021258,,51.27,80504110,0.01087127,,,,3814441,"{'type': 'ARITH', 'lowerLimit': '48146.71', 'upperLimit': '100243.35', 'gridCount': 137, 'triggerPrice': None, 'stopLowerLimit': None, 'stopUpperLimit': None, 'baseAsset': 'BTC', 'quoteAsset': 'FDUSD', 'leverage': None, 'trailingUp': False, 'trailingDown': False, 'autoInitPos': None, 'stopTriggerType': None, 'pnlStopTriggerType': None, 'stopSlPnl': None, 'stopTpPnl': None, 'initialMargin': None, 'totalAdjustmentAmount': None, 'cps': False, 'trailingUpLimitPrice': None, 'trailingDownLimitPrice': None}",1,SPOT_GRID,BTCFDUSD,0,,NOT_TRAILING,,1
True,Spot Grid,16,False,0.47,0,,1,1,1771,231.04058308000000,70,496.73696760,,91.99,72132743,0.04323377,,,,4840102,"{'type': 'ARITH', 'lowerLimit': '0.0000800', 'upperLimit': '0.0002000', 'gridCount': 70, 'triggerPrice': None, 'stopLowerLimit': None, 'stopUpperLimit': None, 'baseAsset': 'ADA', 'quoteAsset': 'ETH', 'leverage': None, 'trailingUp': False, 'trailingDown': False, 'autoInitPos': None, 'stopTriggerType': None, 'pnlStopTriggerType': None, 'stopSlPnl': None, 'stopTpPnl': None, 'initialMargin': None, 'totalAdjustmentAmount': None, 'cps': False, 'trailingUpLimitPrice': None, 'trailingDownLimitPrice': None}",1,SPOT_GRID,ADAETH,0,,NOT_TRAILING,,1
True,Spot Grid,1,True,0.29,0,,1,1,3397,1455.16000000000000,170,489.35368264,,16.31,59473797,0.01728902,,3001.00000000,,5811661,"{'type': 'GEO', 'lowerLimit': '1000.00', 'upperLimit': '7000.00', 'gridCount': 170, 'triggerPrice': None, 'stopLowerLimit': None, 'stopUpperLimit': None, 'baseAsset': 'ETH', 'quoteAsset': 'USDT', 'leverage': None, 'trailingUp': True, 'trailingDown': False, 'autoInitPos': None, 'stopTriggerType': None, 'pnlStopTriggerType': None, 'stopSlPnl': None, 'stopTpPnl': '3001.00000000', 'initialMargin': None, 'totalAdjustmentAmount': None, 'cps': True, 'trailingUpLimitPrice': None, 'trailingDownLimitPrice': None}",1,SPOT_GRID,ETHUSDT,0,,TRAILING_UP,,1
True,Spot Grid,0,True,0.5,0,,2,1,1550,3393.99876640000000,150,455.02831403,,12.85,49463925,0.01048217,,,,7101291,"{'type': 'ARITH', 'lowerLimit': '0.01376', 'upperLimit': '0.05582', 'gridCount': 150, 'triggerPrice': None, 'stopLowerLimit': None, 'stopUpperLimit': None, 'baseAsset': 'PAXG', 'quoteAsset': 'BTC', 'leverage': None, 'trailingUp': False, 'trailingDown': False, 'autoInitPos': None, 'stopTriggerType': None, 'pnlStopTriggerType': None, 'stopSlPnl': None, 'stopTpPnl': None, 'initialMargin': None, 'totalAdjustmentAmount': None, 'cps': True, 'trailingUpLimitPrice': None, 'trailingDownLimitPrice': None}",1,SPOT_GRID,PAXGBTC,0,,NOT_TRAILING,,1
True,Spot Grid,0,True,0.98,0,,95,1,10273,1455.15789500000000,170,452.35435015,,30.15,33073102,0.11105078,,,,8505298,"{'type': 'GEO', 'lowerLimit': '0.003650', 'upperLimit': '0.010000', 'gridCount': 170, 'triggerPrice': None, 'stopLowerLimit': None, 'stopUpperLimit': None, 'baseAsset': 'PUMP', 'quoteAsset': 'USDT', 'leverage': None, 'trailingUp': True, 'trailingDown': False, 'autoInitPos': None, 'stopTriggerType': None, 'pnlStopTriggerType': None, 'stopSlPnl': None, 'stopTpPnl': None, 'initialMargin': None, 'totalAdjustmentAmount': None, 'cps': True, 'trailingUpLimitPrice': None, 'trailingDownLimitPrice': None}",1,SPOT_GRID,PUMPUSDT,0,,TRAILING_UP,,1
True,Spot Grid,0,True,1.97,0,,2,1,3132,242.55438000000000,40,450.77470062,,53.03,52339197,0.01519807,,,,6874039,"{'type': 'ARITH', 'lowerLimit': '2455.00', 'upperLimit': '2955.00', 'gridCount': 40, 'triggerPrice': None, 'stopLowerLimit': None, 'stopUpperLimit': None, 'baseAsset': 'ETH', 'quoteAsset': 'FDUSD', 'leverage': None, 'trailingUp': False, 'trailingDown': False, 'autoInitPos': None, 'stopTriggerType': None, 'pnlStopTriggerType': None, 'stopSlPnl': None, 'stopTpPnl': None, 'initialMargin': None, 'totalAdjustmentAmount': None, 'cps': True, 'trailingUpLimitPrice': None, 'trailingDownLimitPrice': None}",1,SPOT_GRID,ETHFDUSD,0,,NOT_TRAILING,,1
True,Spot Grid,0,True,0.88,0,,1,1,1193,244.15000000000000,34,434.11721842,,28.94,57609302,0.01268600,,,,6211662,"{'type': 'ARITH', 'lowerLimit': '616.06', 'upperLimit': '854.91', 'gridCount': 34, 'triggerPrice': None, 'stopLowerLimit': None, 'stopUpperLimit': None, 'baseAsset': 'BNB', 'quoteAsset': 'USDT', 'leverage': None, 'trailingUp': False, 'trailingDown': False, 'autoInitPos': None, 'stopTriggerType': None, 'pnlStopTriggerType': None, 'stopSlPnl': None, 'stopTpPnl': None, 'initialMargin': None, 'totalAdjustmentAmount': None, 'cps': True, 'trailingUpLimitPrice': None, 'trailingDownLimitPrice': None}",1,SPOT_GRID,BNBUSDT,0,,NOT_TRAILING,,1
True,Spot Grid,0,True,1.31,0,,10,1,11900,1455.15800000000000,170,427.26684767,,25.73,42275900,0.10075970,,,,7686413,"{'type': 'GEO', 'lowerLimit': '1.992', 'upperLimit': '4.592', 'gridCount': 170, 'triggerPrice': '2.340', 'stopLowerLimit': None, 'stopUpperLimit': None, 'baseAsset': 'CAKE', 'quoteAsset': 'USDT', 'leverage': None, 'trailingUp': True, 'trailingDown': False, 'autoInitPos': None, 'stopTriggerType': None, 'pnlStopTriggerType': None, 'stopSlPnl': None, 'stopTpPnl': None, 'initialMargin': None, 'totalAdjustmentAmount': None, 'cps': True, 'trailingUpLimitPrice': None, 'trailingDownLimitPrice': None}",1,SPOT_GRID,CAKEUSDT,0,,TRAILING_UP,,1
True,Spot Grid,1,False,1.36,0,,1,1,5621,1284.72000000000000,170,420.86277652,,3.71,45270428,0.01727977,,,,7405419,"{'type': 'ARITH', 'lowerLimit': '56000.00', 'upperLimit': '126000.00', 'gridCount': 170, 'triggerPrice': None, 'stopLowerLimit': None, 'stopUpperLimit': None, 'baseAsset': 'BTC', 'quoteAsset': 'USDT', 'leverage': None, 'trailingUp': False, 'trailingDown': False, 'autoInitPos': None, 'stopTriggerType': None, 'pnlStopTriggerType': None, 'stopSlPnl': None, 'stopTpPnl': None, 'initialMargin': None, 'totalAdjustmentAmount': None, 'cps': False, 'trailingUpLimitPrice': None, 'trailingDownLimitPrice': None}",1,SPOT_GRID,BTCUSDT,0,,NOT_TRAILING,,1
True,Spot Grid,0,True,0.67,0,,1,1,1675,546.49931800000000,100,417.63542720,,30.96,35515485,0.01744283,,,,8289983,"{'type': 'ARITH', 'lowerLimit': '0.1400', 'upperLimit': '0.3500', 'gridCount': 100, 'triggerPrice': None, 'stopLowerLimit': None, 'stopUpperLimit': None, 'baseAsset': 'BNB', 'quoteAsset': 'ETH', 'leverage': None, 'trailingUp': False, 'trailingDown': False, 'autoInitPos': None, 'stopTriggerType': None, 'pnlStopTriggerType': None, 'stopSlPnl': None, 'stopTpPnl': None, 'initialMargin': None, 'totalAdjustmentAmount': None, 'cps': True, 'trailingUpLimitPrice': None, 'trailingDownLimitPrice': None}",1,SPOT_GRID,BNBETH,0,,NOT_TRAILING,,1
True,Spot Grid,0,False,1.08,0,,1,1,7290,960.82000000000000,136,417.33454763,,7.78,50942131,0.02119699,,,,6987249,"{'type': 'GEO', 'lowerLimit': '1980.00', 'upperLimit': '4480.00', 'gridCount': 136, 'triggerPrice': None, 'stopLowerLimit': None, 'stopUpperLimit': None, 'baseAsset': 'ETH', 'quoteAsset': 'USDT', 'leverage': None, 'trailingUp': False, 'trailingDown': False, 'autoInitPos': None, 'stopTriggerType': None, 'pnlStopTriggerType': None, 'stopSlPnl': None, 'stopTpPnl': None, 'initialMargin': None, 'totalAdjustmentAmount': None, 'cps': False, 'trailingUpLimitPrice': None, 'trailingDownLimitPrice': None}",1,SPOT_GRID,ETHUSDT,0,,NOT_TRAILING,,1
True,Spot Grid,1,False,1.16,0,,2,1,3118,1259.66619208000000,68,414.45856018,,22.21,80531469,0.02334531,,,,3809333,"{'type': 'ARITH', 'lowerLimit': '0.007453', 'upperLimit': '0.011856', 'gridCount': 68, 'triggerPrice': None, 'stopLowerLimit': None, 'stopUpperLimit': None, 'baseAsset': 'BNB', 'quoteAsset': 'BTC', 'leverage': None, 'trailingUp': True, 'trailingDown': False, 'autoInitPos': None, 'stopTriggerType': None, 'pnlStopTriggerType': None, 'stopSlPnl': None, 'stopTpPnl': None, 'initialMargin': None, 'totalAdjustmentAmount': None, 'cps': False, 'trailingUpLimitPrice': None, 'trailingDownLimitPrice': None}",1,SPOT_GRID,BNBBTC,0,,TRAILING_UP,,1
True,Spot Grid,0,False,0.51,0,,1,1,940,853.39044898200000,80,410.16913289,,4.84,47415052,0.03287177,,,,7241657,"{'type': 'GEO', 'lowerLimit': '0.0012172', 'upperLimit': '0.0031570', 'gridCount': 80, 'triggerPrice': None, 'stopLowerLimit': None, 'stopUpperLimit': '0.0031571', 'baseAsset': 'SOL', 'quoteAsset': 'BTC', 'leverage': None, 'trailingUp': False, 'trailingDown': False, 'autoInitPos': None, 'stopTriggerType': None, 'pnlStopTriggerType': None, 'stopSlPnl': None, 'stopTpPnl': None, 'initialMargin': None, 'totalAdjustmentAmount': None, 'cps': False, 'trailingUpLimitPrice': None, 'trailingDownLimitPrice': None}",1,SPOT_GRID,SOLBTC,0,,NOT_TRAILING,,1
True,Spot Grid,0,True,0.75,0,,2,1,1995,487.33163700000000,100,406.14361830,,22.89,37956020,0.01777610,,,,8054276,"{'type': 'ARITH', 'lowerLimit': '0.1500', 'upperLimit': '0.3500', 'gridCount': 100, 'triggerPrice': None, 'stopLowerLimit': None, 'stopUpperLimit': None, 'baseAsset': 'BNB', 'quoteAsset': 'ETH', 'leverage': None, 'trailingUp': False, 'trailingDown': False, 'autoInitPos': None, 'stopTriggerType': None, 'pnlStopTriggerType': None, 'stopSlPnl': None, 'stopTpPnl': None, 'initialMargin': None, 'totalAdjustmentAmount': None, 'cps': True, 'trailingUpLimitPrice': None, 'trailingDownLimitPrice': None}",1,SPOT_GRID,BNBETH,0,,NOT_TRAILING,,1
True,Spot Grid,0,True,0.9,0,,3,1,13733,1179.98000000000000,170,404.79560992,,21.30,66646927,0.02962226,,,,5193069,"{'type': 'GEO', 'lowerLimit': '90.00', 'upperLimit': '260.00', 'gridCount': 170, 'triggerPrice': None, 'stopLowerLimit': None, 'stopUpperLimit': None, 'baseAsset': 'SOL', 'quoteAsset': 'USDT', 'leverage': None, 'trailingUp': False, 'trailingDown': False, 'autoInitPos': None, 'stopTriggerType': None, 'pnlStopTriggerType': None, 'stopSlPnl': None, 'stopTpPnl': None, 'initialMargin': None, 'totalAdjustmentAmount': None, 'cps': True, 'trailingUpLimitPrice': None, 'trailingDownLimitPrice': None}",1,SPOT_GRID,SOLUSDT,0,,NOT_TRAILING,,1
True,Spot Grid,15,False,0.59,0,,4,1,3839,387.90960000000000,50,383.84971412,,103.77,72392759,0.02752744,,,,4823941,"{'type': 'ARITH', 'lowerLimit': '0.2100', 'upperLimit': '0.3900', 'gridCount': 50, 'triggerPrice': None, 'stopLowerLimit': None, 'stopUpperLimit': None, 'baseAsset': 'CRV', 'quoteAsset': 'USDT', 'leverage': None, 'trailingUp': False, 'trailingDown': False, 'autoInitPos': None, 'stopTriggerType': None, 'pnlStopTriggerType': None, 'stopSlPnl': None, 'stopTpPnl': None, 'initialMargin': None, 'totalAdjustmentAmount': None, 'cps': False, 'trailingUpLimitPrice': None, 'trailingDownLimitPrice': None}",1,SPOT_GRID,CRVUSDT,0,,NOT_TRAILING,,1
True,Spot Grid,0,True,0.33,0,,1,1,2887,1740.12000000000000,130,382.93102017,,21.31,41505611,0.01900253,,,,7740118,"{'type': 'ARITH', 'lowerLimit': '901.95', 'upperLimit': '4478.55', 'gridCount': 130, 'triggerPrice': None, 'stopLowerLimit': None, 'stopUpperLimit': None, 'baseAsset': 'ETH', 'quoteAsset': 'USDT', 'leverage': None, 'trailingUp': False, 'trailingDown': False, 'autoInitPos': None, 'stopTriggerType': None, 'pnlStopTriggerType': None, 'stopSlPnl': None, 'stopTpPnl': None, 'initialMargin': None, 'totalAdjustmentAmount': None, 'cps': True, 'trailingUpLimitPrice': None, 'trailingDownLimitPrice': None}",1,SPOT_GRID,ETHUSDT,0,,NOT_TRAILING,,1
True,Spot Grid,0,False,1.68,0,,1,1,2918,564.40000000000000,80,381.35008651,,13.08,49550113,0.01720715,,,,7095236,"{'type': 'ARITH', 'lowerLimit': '71000.00', 'upperLimit': '105000.00', 'gridCount': 80, 'triggerPrice': None, 'stopLowerLimit': None, 'stopUpperLimit': None, 'baseAsset': 'BTC', 'quoteAsset': 'USDT', 'leverage': None, 'trailingUp': False, 'trailingDown': False, 'autoInitPos': None, 'stopTriggerType': None, 'pnlStopTriggerType': None, 'stopSlPnl': None, 'stopTpPnl': None, 'initialMargin': None, 'totalAdjustmentAmount': None, 'cps': False, 'trailingUpLimitPrice': None, 'trailingDownLimitPrice': None}",1,SPOT_GRID,BTCUSDT,0,,NOT_TRAILING,,1
True,Spot Grid,0,True,0.44,0,,1,1,2751,786.52000000000000,88,378.09053552,,15.75,57106328,0.01756114,,,,6317096,"{'type': 'ARITH', 'lowerLimit': '1500.00', 'upperLimit': '4500.00', 'gridCount': 88, 'triggerPrice': None, 'stopLowerLimit': None, 'stopUpperLimit': None, 'baseAsset': 'ETH', 'quoteAsset': 'USDT', 'leverage': None, 'trailingUp': False, 'trailingDown': False, 'autoInitPos': None, 'stopTriggerType': None, 'pnlStopTriggerType': None, 'stopSlPnl': None, 'stopTpPnl': None, 'initialMargin': None, 'totalAdjustmentAmount': None, 'cps': True, 'trailingUpLimitPrice': None, 'trailingDownLimitPrice': None}",1,SPOT_GRID,ETHUSDT,0,,NOT_TRAILING,,1
True,Spot Grid,0,True,0.44,0,,1,1,2999,786.55000000000000,88,372.28840541,,28.63,59823166,0.01920395,,,,5716933,"{'type': 'ARITH', 'lowerLimit': '1500.00', 'upperLimit': '4500.00', 'gridCount': 88, 'triggerPrice': None, 'stopLowerLimit': None, 'stopUpperLimit': None, 'baseAsset': 'ETH', 'quoteAsset': 'USDT', 'leverage': None, 'trailingUp': False, 'trailingDown': False, 'autoInitPos': None, 'stopTriggerType': None, 'pnlStopTriggerType': None, 'stopSlPnl': None, 'stopTpPnl': None, 'initialMargin': None, 'totalAdjustmentAmount': None, 'cps': True, 'trailingUpLimitPrice': None, 'trailingDownLimitPrice': None}",1,SPOT_GRID,ETHUSDT,0,,NOT_TRAILING,,1
True,Spot Grid,0,False,1.09,0,,3,1,1822,1360.67498758000000,75,371.25967825,,15.01,53071935,0.01793802,,,,6799855,"{'type': 'ARITH', 'lowerLimit': '0.007025', 'upperLimit': '0.011896', 'gridCount': 75, 'triggerPrice': None, 'stopLowerLimit': None, 'stopUpperLimit': None, 'baseAsset': 'BNB', 'quoteAsset': 'BTC', 'leverage': None, 'trailingUp': True, 'trailingDown': False, 'autoInitPos': None, 'stopTriggerType': None, 'pnlStopTriggerType': None, 'stopSlPnl': None, 'stopTpPnl': None, 'initialMargin': None, 'totalAdjustmentAmount': None, 'cps': False, 'trailingUpLimitPrice': None, 'trailingDownLimitPrice': None}",1,SPOT_GRID,BNBBTC,0,,TRAILING_UP,,1
True,Spot Grid,4,True,0.26,0,,1,1,1762,380.17490000000000,45,370.40725650,,72.88,58762148,0.03112432,,,,5965116,"{'type': 'ARITH', 'lowerLimit': '0.9000', 'upperLimit': '2.5000', 'gridCount': 45, 'triggerPrice': None, 'stopLowerLimit': None, 'stopUpperLimit': None, 'baseAsset': 'XRP', 'quoteAsset': 'USDT', 'leverage': None, 'trailingUp': False, 'trailingDown': False, 'autoInitPos': None, 'stopTriggerType': None, 'pnlStopTriggerType': None, 'stopSlPnl': None, 'stopTpPnl': None, 'initialMargin': None, 'totalAdjustmentAmount': None, 'cps': True, 'trailingUpLimitPrice': None, 'trailingDownLimitPrice': None}",1,SPOT_GRID,XRPUSDT,0,,NOT_TRAILING,,1
True,Spot Grid,4,True,0.64,0,,1,1,2516,245.04000000000000,40,367.07258700,,73.43,140882435,0.02524520,,,,197546,"{'type': 'ARITH', 'lowerLimit': '2400.00', 'upperLimit': '3900.00', 'gridCount': 40, 'triggerPrice': None, 'stopLowerLimit': None, 'stopUpperLimit': None, 'baseAsset': 'ETH', 'quoteAsset': 'USDT', 'leverage': None, 'trailingUp': False, 'trailingDown': False, 'autoInitPos': None, 'stopTriggerType': None, 'pnlStopTriggerType': None, 'stopSlPnl': None, 'stopTpPnl': None, 'initialMargin': None, 'totalAdjustmentAmount': None, 'cps': True, 'trailingUpLimitPrice': None, 'trailingDownLimitPrice': None}",1,SPOT_GRID,ETHUSDT,0,,NOT_TRAILING,,1
True,Spot Grid,0,True,0.33,0,,1,1,2885,1741.25000000000000,130,365.33574985,,20.40,41453502,0.01874432,,,,7746001,"{'type': 'ARITH', 'lowerLimit': '901.95', 'upperLimit': '4478.55', 'gridCount': 130, 'triggerPrice': None, 'stopLowerLimit': None, 'stopUpperLimit': None, 'baseAsset': 'ETH', 'quoteAsset': 'USDT', 'leverage': None, 'trailingUp': False, 'trailingDown': False, 'autoInitPos': None, 'stopTriggerType': None, 'pnlStopTriggerType': None, 'stopSlPnl': None, 'stopTpPnl': None, 'initialMargin': None, 'totalAdjustmentAmount': None, 'cps': True, 'trailingUpLimitPrice': None, 'trailingDownLimitPrice': None}",1,SPOT_GRID,ETHUSDT,0,,NOT_TRAILING,,1
True,Spot Grid,0,True,1.31,0,,5,1,4651,1249.21176330300000,110,362.21695185,,10.48,37351713,0.07462352,,,,8121387,"{'type': 'GEO', 'lowerLimit': '0.0001250', 'upperLimit': '0.0002300', 'gridCount': 110, 'triggerPrice': None, 'stopLowerLimit': None, 'stopUpperLimit': None, 'baseAsset': 'LINK', 'quoteAsset': 'BTC', 'leverage': None, 'trailingUp': False, 'trailingDown': False, 'autoInitPos': None, 'stopTriggerType': None, 'pnlStopTriggerType': None, 'stopSlPnl': None, 'stopTpPnl': None, 'initialMargin': None, 'totalAdjustmentAmount': None, 'cps': True, 'trailingUpLimitPrice': None, 'trailingDownLimitPrice': None}",1,SPOT_GRID,LINKBTC,0,,NOT_TRAILING,,1
True,Spot Grid,0,False,0.7,0,,1,1,1747,797.77978085360000,60,358.40716334,,42.04,82610293,0.00179822,,,,3232675,"{'type': 'ARITH', 'lowerLimit': '0.00000215', 'upperLimit': '0.00000400', 'gridCount': 60, 'triggerPrice': None, 'stopLowerLimit': None, 'stopUpperLimit': None, 'baseAsset': 'TRX', 'quoteAsset': 'BTC', 'leverage': None, 'trailingUp': False, 'trailingDown': False, 'autoInitPos': None, 'stopTriggerType': None, 'pnlStopTriggerType': None, 'stopSlPnl': None, 'stopTpPnl': None, 'initialMargin': None, 'totalAdjustmentAmount': None, 'cps': False, 'trailingUpLimitPrice': None, 'trailingDownLimitPrice': None}",1,SPOT_GRID,TRXBTC,0,,NOT_TRAILING,,1
True,Spot Grid,0,False,1.05,0,,3,1,1996,1366.20741618000000,100,357.41302431,,29.94,38269296,0.00708834,,,,8009093,"{'type': 'ARITH', 'lowerLimit': '0.005100', 'upperLimit': '0.010000', 'gridCount': 100, 'triggerPrice': None, 'stopLowerLimit': None, 'stopUpperLimit': None, 'baseAsset': 'BNB', 'quoteAsset': 'BTC', 'leverage': None, 'trailingUp': False, 'trailingDown': False, 'autoInitPos': None, 'stopTriggerType': None, 'pnlStopTriggerType': None, 'stopSlPnl': None, 'stopTpPnl': None, 'initialMargin': None, 'totalAdjustmentAmount': None, 'cps': False, 'trailingUpLimitPrice': None, 'trailingDownLimitPrice': None}",1,SPOT_GRID,BNBBTC,0,,NOT_TRAILING,,1
True,Spot Grid,3,True,1.7,0,,1,1,20692,1162.14296400000000,170,352.25864367,,30.36,67477825,0.02158427,,,,5139182,"{'type': 'ARITH', 'lowerLimit': '2000.00', 'upperLimit': '4000.00', 'gridCount': 170, 'triggerPrice': None, 'stopLowerLimit': None, 'stopUpperLimit': None, 'baseAsset': 'ETH', 'quoteAsset': 'USDC', 'leverage': None, 'trailingUp': False, 'trailingDown': False, 'autoInitPos': None, 'stopTriggerType': None, 'pnlStopTriggerType': None, 'stopSlPnl': None, 'stopTpPnl': None, 'initialMargin': None, 'totalAdjustmentAmount': None, 'cps': True, 'trailingUpLimitPrice': None, 'trailingDownLimitPrice': None}",1,SPOT_GRID,ETHUSDC,0,,NOT_TRAILING,,1
True,Spot Grid,0,True,1.75,0,,1,1,11221,865.69000000000000,100,349.53480837,,18.31,81990538,0.03176675,,,,3326101,"{'type': 'GEO', 'lowerLimit': '79949.76', 'upperLimit': '125645.92', 'gridCount': 100, 'triggerPrice': None, 'stopLowerLimit': None, 'stopUpperLimit': None, 'baseAsset': 'BTC', 'quoteAsset': 'USDT', 'leverage': None, 'trailingUp': True, 'trailingDown': False, 'autoInitPos': None, 'stopTriggerType': None, 'pnlStopTriggerType': None, 'stopSlPnl': None, 'stopTpPnl': None, 'initialMargin': None, 'totalAdjustmentAmount': None, 'cps': True, 'trailingUpLimitPrice': None, 'trailingDownLimitPrice': None}",1,SPOT_GRID,BTCUSDT,0,,TRAILING_UP,,1
True,Spot Grid,0,True,0.39,0,,5,1,1221,1718.07629769000000,100,347.91830916,,16.79,44267781,0.04995479,,,,7487906,"{'type': 'GEO', 'lowerLimit': '0.000500', 'upperLimit': '0.001800', 'gridCount': 100, 'triggerPrice': None, 'stopLowerLimit': None, 'stopUpperLimit': '0.004000', 'baseAsset': 'LTC', 'quoteAsset': 'BTC', 'leverage': None, 'trailingUp': True, 'trailingDown': False, 'autoInitPos': None, 'stopTriggerType': None, 'pnlStopTriggerType': None, 'stopSlPnl': None, 'stopTpPnl': None, 'initialMargin': None, 'totalAdjustmentAmount': None, 'cps': True, 'trailingUpLimitPrice': None, 'trailingDownLimitPrice': None}",1,SPOT_GRID,LTCBTC,0,,TRAILING_UP,,1
True,Spot Grid,0,True,0.91,0,,1,1,17056,1004.75230000000000,152,344.11560788,,19.33,57944446,0.02877589,,,,6128683,"{'type': 'ARITH', 'lowerLimit': '1.2102', 'upperLimit': '3.2518', 'gridCount': 152, 'triggerPrice': None, 'stopLowerLimit': None, 'stopUpperLimit': None, 'baseAsset': 'XRP', 'quoteAsset': 'USDT', 'leverage': None, 'trailingUp': False, 'trailingDown': False, 'autoInitPos': None, 'stopTriggerType': None, 'pnlStopTriggerType': None, 'stopSlPnl': None, 'stopTpPnl': None, 'initialMargin': None, 'totalAdjustmentAmount': None, 'cps': True, 'trailingUpLimitPrice': None, 'trailingDownLimitPrice': None}",1,SPOT_GRID,XRPUSDT,0,,NOT_TRAILING,,1
True,Spot Grid,0,True,1.1,0,,1,1,3833,235.97000000000000,40,329.18227000,,67.69,140911680,0.02655134,,,,196708,"{'type': 'GEO', 'lowerLimit': '2594.12', 'upperLimit': '3538.83', 'gridCount': 40, 'triggerPrice': None, 'stopLowerLimit': None, 'stopUpperLimit': '36000.00', 'baseAsset': 'ETH', 'quoteAsset': 'USDT', 'leverage': None, 'trailingUp': False, 'trailingDown': False, 'autoInitPos': None, 'stopTriggerType': None, 'pnlStopTriggerType': None, 'stopSlPnl': None, 'stopTpPnl': None, 'initialMargin': None, 'totalAdjustmentAmount': None, 'cps': True, 'trailingUpLimitPrice': None, 'trailingDownLimitPrice': None}",1,SPOT_GRID,ETHUSDT,0,,NOT_TRAILING,,1
True,Spot Grid,0,False,0.22,0,,1,1,798,1418.14427832000000,79,314.49466822,,12.72,53072283,0.06136247,,,,6799818,"{'type': 'ARITH', 'lowerLimit': '0.001054', 'upperLimit': '0.004986', 'gridCount': 79, 'triggerPrice': None, 'stopLowerLimit': None, 'stopUpperLimit': None, 'baseAsset': 'AAVE', 'quoteAsset': 'BTC', 'leverage': None, 'trailingUp': True, 'trailingDown': False, 'autoInitPos': None, 'stopTriggerType': None, 'pnlStopTriggerType': None, 'stopSlPnl': None, 'stopTpPnl': None, 'initialMargin': None, 'totalAdjustmentAmount': None, 'cps': False, 'trailingUpLimitPrice': None, 'trailingDownLimitPrice': None}",1,SPOT_GRID,AAVEBTC,0,,TRAILING_UP,,1
True,Spot Grid,0,False,0.2,0,,1,1,1214,1187.48000000000000,100,306.91406624,,15.34,46630775,0.03393382,,,,7294716,"{'type': 'ARITH', 'lowerLimit': '50.00', 'upperLimit': '300.00', 'gridCount': 100, 'triggerPrice': None, 'stopLowerLimit': None, 'stopUpperLimit': None, 'baseAsset': 'SOL', 'quoteAsset': 'USDT', 'leverage': None, 'trailingUp': False, 'trailingDown': False, 'autoInitPos': None, 'stopTriggerType': None, 'pnlStopTriggerType': None, 'stopSlPnl': None, 'stopTpPnl': None, 'initialMargin': None, 'totalAdjustmentAmount': None, 'cps': False, 'trailingUpLimitPrice': None, 'trailingDownLimitPrice': None}",1,SPOT_GRID,SOLUSDT,0,,NOT_TRAILING,,1
True,Spot Grid,0,True,0.6,0,,3,1,1410,691.00288000000000,120,304.28255985,,11.28,32197540,0.00443209,,,,8580026,"{'type': 'ARITH', 'lowerLimit': '0.1000', 'upperLimit': '0.3000', 'gridCount': 120, 'triggerPrice': None, 'stopLowerLimit': None, 'stopUpperLimit': None, 'baseAsset': 'BNB', 'quoteAsset': 'ETH', 'leverage': None, 'trailingUp': False, 'trailingDown': False, 'autoInitPos': None, 'stopTriggerType': None, 'pnlStopTriggerType': None, 'stopSlPnl': None, 'stopTpPnl': None, 'initialMargin': None, 'totalAdjustmentAmount': None, 'cps': True, 'trailingUpLimitPrice': None, 'trailingDownLimitPrice': None}",1,SPOT_GRID,BNBETH,0,,NOT_TRAILING,,1
True,Spot Grid,1,False,0.65,0,,2,1,1140,196.23400000000000,30,301.79770452,,79.42,33727567,0.03642859,,,,8432411,"{'type': 'ARITH', 'lowerLimit': '1.990', 'upperLimit': '2.916', 'gridCount': 30, 'triggerPrice': None, 'stopLowerLimit': None, 'stopUpperLimit': None, 'baseAsset': 'CAKE', 'quoteAsset': 'USDT', 'leverage': None, 'trailingUp': False, 'trailingDown': False, 'autoInitPos': None, 'stopTriggerType': None, 'pnlStopTriggerType': None, 'stopSlPnl': None, 'stopTpPnl': None, 'initialMargin': None, 'totalAdjustmentAmount': None, 'cps': False, 'trailingUpLimitPrice': None, 'trailingDownLimitPrice': None}",1,SPOT_GRID,CAKEUSDT,0,,NOT_TRAILING,,1
True,Spot Grid,0,False,0.64,0,,1,1,527,1201.09454100000000,80,301.24860697,,33.24,35565844,0.02032917,,,,8286723,"{'type': 'ARITH', 'lowerLimit': '0.02300', 'upperLimit': '0.05200', 'gridCount': 80, 'triggerPrice': None, 'stopLowerLimit': None, 'stopUpperLimit': None, 'baseAsset': 'PAXG', 'quoteAsset': 'BTC', 'leverage': None, 'trailingUp': False, 'trailingDown': False, 'autoInitPos': None, 'stopTriggerType': None, 'pnlStopTriggerType': None, 'stopSlPnl': None, 'stopTpPnl': None, 'initialMargin': None, 'totalAdjustmentAmount': None, 'cps': False, 'trailingUpLimitPrice': None, 'trailingDownLimitPrice': None}",1,SPOT_GRID,PAXGBTC,0,,NOT_TRAILING,,1
True,Spot Grid,0,True,2.16,0,,4,1,4298,624.93842742000000,62,297.56210542,,13.42,73221842,0.01887869,,,,4766044,"{'type': 'ARITH', 'lowerLimit': '0.008513', 'upperLimit': '0.010960', 'gridCount': 62, 'triggerPrice': None, 'stopLowerLimit': None, 'stopUpperLimit': None, 'baseAsset': 'BNB', 'quoteAsset': 'BTC', 'leverage': None, 'trailingUp': False, 'trailingDown': False, 'autoInitPos': None, 'stopTriggerType': None, 'pnlStopTriggerType': None, 'stopSlPnl': None, 'stopTpPnl': None, 'initialMargin': None, 'totalAdjustmentAmount': None, 'cps': True, 'trailingUpLimitPrice': None, 'trailingDownLimitPrice': None}",1,SPOT_GRID,BNBBTC,0,,NOT_TRAILING,,1
True,Spot Grid,0,True,0.86,0,,1,1,9306,878.54000000000000,128,297.21203453,,30.29,80203433,0.02027450,,,,3868268,"{'type': 'GEO', 'lowerLimit': '2000.00', 'upperLimit': '5000.00', 'gridCount': 128, 'triggerPrice': None, 'stopLowerLimit': None, 'stopUpperLimit': None, 'baseAsset': 'ETH', 'quoteAsset': 'USDT', 'leverage': None, 'trailingUp': False, 'trailingDown': False, 'autoInitPos': None, 'stopTriggerType': None, 'pnlStopTriggerType': None, 'stopSlPnl': None, 'stopTpPnl': None, 'initialMargin': None, 'totalAdjustmentAmount': None, 'cps': True, 'trailingUpLimitPrice': None, 'trailingDownLimitPrice': None}",1,SPOT_GRID,ETHUSDT,0,,NOT_TRAILING,,1
True,Spot Grid,0,True,0.9,0,,2,1,1754,1085.66661852000000,80,296.46583549,,29.53,50764038,0.00915886,,,,7000273,"{'type': 'ARITH', 'lowerLimit': '0.005500', 'upperLimit': '0.010400', 'gridCount': 80, 'triggerPrice': None, 'stopLowerLimit': None, 'stopUpperLimit': None, 'baseAsset': 'BNB', 'quoteAsset': 'BTC', 'leverage': None, 'trailingUp': False, 'trailingDown': False, 'autoInitPos': None, 'stopTriggerType': None, 'pnlStopTriggerType': None, 'stopSlPnl': None, 'stopTpPnl': None, 'initialMargin': None, 'totalAdjustmentAmount': None, 'cps': True, 'trailingUpLimitPrice': None, 'trailingDownLimitPrice': None}",1,SPOT_GRID,BNBBTC,0,,NOT_TRAILING,,1
True,Spot Grid,0,True,1.14,0,,3,1,5956,1553.96000000000000,170,295.38938908,,19.69,43083055,0.01560747,,,,7623647,"{'type': 'ARITH', 'lowerLimit': '400.00', 'upperLimit': '1000.00', 'gridCount': 170, 'triggerPrice': None, 'stopLowerLimit': None, 'stopUpperLimit': None, 'baseAsset': 'BNB', 'quoteAsset': 'USDT', 'leverage': None, 'trailingUp': False, 'trailingDown': False, 'autoInitPos': None, 'stopTriggerType': None, 'pnlStopTriggerType': None, 'stopSlPnl': None, 'stopTpPnl': None, 'initialMargin': None, 'totalAdjustmentAmount': None, 'cps': True, 'trailingUpLimitPrice': None, 'trailingDownLimitPrice': None}",1,SPOT_GRID,BNBUSDT,0,,NOT_TRAILING,,1
True,Spot Grid,1,True,0.67,0,,1,1,1587,547.03215600000000,100,294.35408875,,35.73,35285443,0.01806978,,,,8305825,"{'type': 'ARITH', 'lowerLimit': '0.1400', 'upperLimit': '0.3500', 'gridCount': 100, 'triggerPrice': None, 'stopLowerLimit': None, 'stopUpperLimit': None, 'baseAsset': 'BNB', 'quoteAsset': 'ETH', 'leverage': None, 'trailingUp': False, 'trailingDown': False, 'autoInitPos': None, 'stopTriggerType': None, 'pnlStopTriggerType': None, 'stopSlPnl': None, 'stopTpPnl': None, 'initialMargin': None, 'totalAdjustmentAmount': None, 'cps': True, 'trailingUpLimitPrice': None, 'trailingDownLimitPrice': None}",1,SPOT_GRID,BNBETH,0,,NOT_TRAILING,,1
True,Spot Grid,3,False,0.59,0,,1,1,1014,785.57109012000000,35,292.57687568,,34.32,81465051,0.02275096,,,,3503662,"{'type': 'GEO', 'lowerLimit': '0.007365', 'upperLimit': '0.011794', 'gridCount': 35, 'triggerPrice': None, 'stopLowerLimit': None, 'stopUpperLimit': None, 'baseAsset': 'BNB', 'quoteAsset': 'BTC', 'leverage': None, 'trailingUp': True, 'trailingDown': False, 'autoInitPos': None, 'stopTriggerType': None, 'pnlStopTriggerType': None, 'stopSlPnl': None, 'stopTpPnl': None, 'initialMargin': None, 'totalAdjustmentAmount': None, 'cps': False, 'trailingUpLimitPrice': None, 'trailingDownLimitPrice': None}",1,SPOT_GRID,BNBBTC,0,,TRAILING_UP,,1
True,Spot Grid,2,True,1.41,0,,4,1,10910,387.91000000000000,60,286.85635358,,71.71,35065117,0.01732702,,,,8329832,"{'type': 'ARITH', 'lowerLimit': '14.00', 'upperLimit': '20.00', 'gridCount': 60, 'triggerPrice': None, 'stopLowerLimit': None, 'stopUpperLimit': None, 'baseAsset': 'DCR', 'quoteAsset': 'USDT', 'leverage': None, 'trailingUp': False, 'trailingDown': False, 'autoInitPos': None, 'stopTriggerType': None, 'pnlStopTriggerType': None, 'stopSlPnl': None, 'stopTpPnl': None, 'initialMargin': None, 'totalAdjustmentAmount': None, 'cps': True, 'trailingUpLimitPrice': None, 'trailingDownLimitPrice': None}",1,SPOT_GRID,DCRUSDT,0,,NOT_TRAILING,,1
True,Spot Grid,0,True,0.75,0,,1,1,1883,376.12000000000000,60,277.38826218,,27.73,51550835,0.02383294,,,,6939122,"{'type': 'GEO', 'lowerLimit': '2300.00', 'upperLimit': '4150.00', 'gridCount': 60, 'triggerPrice': None, 'stopLowerLimit': None, 'stopUpperLimit': None, 'baseAsset': 'ETH', 'quoteAsset': 'USDT', 'leverage': None, 'trailingUp': False, 'trailingDown': False, 'autoInitPos': None, 'stopTriggerType': None, 'pnlStopTriggerType': None, 'stopSlPnl': None, 'stopTpPnl': None, 'initialMargin': None, 'totalAdjustmentAmount': None, 'cps': True, 'trailingUpLimitPrice': None, 'trailingDownLimitPrice': None}",1,SPOT_GRID,ETHUSDT,0,,NOT_TRAILING,,1
True,Spot Grid,0,True,0.39,0,,1,1,208,541.63808358000000,18,275.84125277,,21.78,32521175,0.07007001,,,,8556536,"{'type': 'ARITH', 'lowerLimit': '0.001700', 'upperLimit': '0.002500', 'gridCount': 18, 'triggerPrice': None, 'stopLowerLimit': None, 'stopUpperLimit': None, 'baseAsset': 'AAVE', 'quoteAsset': 'BTC', 'leverage': None, 'trailingUp': True, 'trailingDown': False, 'autoInitPos': None, 'stopTriggerType': None, 'pnlStopTriggerType': None, 'stopSlPnl': None, 'stopTpPnl': None, 'initialMargin': None, 'totalAdjustmentAmount': None, 'cps': True, 'trailingUpLimitPrice': None, 'trailingDownLimitPrice': None}",1,SPOT_GRID,AAVEBTC,0,,TRAILING_UP,,1
True,Spot Grid,0,True,0.78,0,,1,1,1583,601.40000000000000,78,270.97741762,,1.67,45750511,0.01669877,,,,7359524,"{'type': 'ARITH', 'lowerLimit': '60000.00', 'upperLimit': '120000.00', 'gridCount': 78, 'triggerPrice': None, 'stopLowerLimit': None, 'stopUpperLimit': None, 'baseAsset': 'BTC', 'quoteAsset': 'USDT', 'leverage': None, 'trailingUp': False, 'trailingDown': False, 'autoInitPos': None, 'stopTriggerType': None, 'pnlStopTriggerType': None, 'stopSlPnl': None, 'stopTpPnl': None, 'initialMargin': None, 'totalAdjustmentAmount': None, 'cps': True, 'trailingUpLimitPrice': None, 'trailingDownLimitPrice': None}",1,SPOT_GRID,BTCUSDT,0,,NOT_TRAILING,,1
True,Spot Grid,0,True,0.62,0,,1,1,1982,1746.61273600000000,109,270.22441921,,15.09,74757712,0.01493054,,,,4571357,"{'type': 'ARITH', 'lowerLimit': '0.004708', 'upperLimit': '0.013120', 'gridCount': 109, 'triggerPrice': None, 'stopLowerLimit': None, 'stopUpperLimit': None, 'baseAsset': 'BNB', 'quoteAsset': 'BTC', 'leverage': None, 'trailingUp': False, 'trailingDown': False, 'autoInitPos': None, 'stopTriggerType': None, 'pnlStopTriggerType': None, 'stopSlPnl': None, 'stopTpPnl': None, 'initialMargin': None, 'totalAdjustmentAmount': None, 'cps': True, 'trailingUpLimitPrice': None, 'trailingDownLimitPrice': None}",1,SPOT_GRID,BNBBTC,0,,NOT_TRAILING,,1
True,Spot Grid,0,False,2.2,0,,3,1,12938,1117.42534400000000,130,265.02888168,,23.12,68365651,0.02960221,,,,5082904,"{'type': 'GEO', 'lowerLimit': '79409.85', 'upperLimit': '126436.24', 'gridCount': 130, 'triggerPrice': None, 'stopLowerLimit': None, 'stopUpperLimit': None, 'baseAsset': 'BTC', 'quoteAsset': 'FDUSD', 'leverage': None, 'trailingUp': True, 'trailingDown': False, 'autoInitPos': None, 'stopTriggerType': None, 'pnlStopTriggerType': None, 'stopSlPnl': None, 'stopTpPnl': None, 'initialMargin': None, 'totalAdjustmentAmount': None, 'cps': False, 'trailingUpLimitPrice': None, 'trailingDownLimitPrice': None}",1,SPOT_GRID,BTCFDUSD,0,,TRAILING_UP,,1
True,Spot Grid,0,True,0.54,0,,1,1,2065,564.13512720000000,71,262.32801952,,18.68,31991471,0.03915427,,,,8592996,"{'type': 'GEO', 'lowerLimit': '4.500', 'upperLimit': '10.500', 'gridCount': 71, 'triggerPrice': '7.710', 'stopLowerLimit': None, 'stopUpperLimit': None, 'baseAsset': 'UNI', 'quoteAsset': 'USDC', 'leverage': None, 'trailingUp': False, 'trailingDown': False, 'autoInitPos': None, 'stopTriggerType': None, 'pnlStopTriggerType': None, 'stopSlPnl': None, 'stopTpPnl': None, 'initialMargin': None, 'totalAdjustmentAmount': None, 'cps': True, 'trailingUpLimitPrice': None, 'trailingDownLimitPrice': None}",1,SPOT_GRID,UNIUSDC,0,,NOT_TRAILING,,1
True,Spot Grid,17,False,1.68,0,,2,1,1244,116.71822880000000,38,258.16148073,,9.57,34350239,0.03961337,,,,8384364,"{'type': 'ARITH', 'lowerLimit': '0.04400', 'upperLimit': '0.05400', 'gridCount': 38, 'triggerPrice': None, 'stopLowerLimit': None, 'stopUpperLimit': None, 'baseAsset': 'SOL', 'quoteAsset': 'ETH', 'leverage': None, 'trailingUp': False, 'trailingDown': False, 'autoInitPos': None, 'stopTriggerType': None, 'pnlStopTriggerType': None, 'stopSlPnl': None, 'stopTpPnl': None, 'initialMargin': None, 'totalAdjustmentAmount': None, 'cps': False, 'trailingUpLimitPrice': None, 'trailingDownLimitPrice': None}",1,SPOT_GRID,SOLETH,0,,NOT_TRAILING,,1
True,Spot Grid,1,False,0.23,0,,4,1,5618,1369.85064208000000,160,247.38607836,,12.37,61641964,0.07990151,,,,5543115,"{'type': 'GEO', 'lowerLimit': '0.8000', 'upperLimit': '6.4000', 'gridCount': 160, 'triggerPrice': None, 'stopLowerLimit': None, 'stopUpperLimit': None, 'baseAsset': 'SUI', 'quoteAsset': 'FDUSD', 'leverage': None, 'trailingUp': True, 'trailingDown': False, 'autoInitPos': None, 'stopTriggerType': None, 'pnlStopTriggerType': None, 'stopSlPnl': None, 'stopTpPnl': None, 'initialMargin': None, 'totalAdjustmentAmount': None, 'cps': False, 'trailingUpLimitPrice': None, 'trailingDownLimitPrice': None}",1,SPOT_GRID,SUIFDUSD,0,,TRAILING_UP,,1
True,Spot Grid,0,True,0.99,0,,2,1,4421,2724.54765158000000,170,245.91529250,,9.01,68608789,0.01015821,,,,5071842,"{'type': 'GEO', 'lowerLimit': '0.004353', 'upperLimit': '0.011854', 'gridCount': 170, 'triggerPrice': None, 'stopLowerLimit': None, 'stopUpperLimit': None, 'baseAsset': 'BNB', 'quoteAsset': 'BTC', 'leverage': None, 'trailingUp': True, 'trailingDown': False, 'autoInitPos': None, 'stopTriggerType': None, 'pnlStopTriggerType': None, 'stopSlPnl': None, 'stopTpPnl': None, 'initialMargin': None, 'totalAdjustmentAmount': None, 'cps': True, 'trailingUpLimitPrice': None, 'trailingDownLimitPrice': None}",1,SPOT_GRID,BNBBTC,0,,TRAILING_UP,,1
True,Spot Grid,0,True,0.88,0,,1,1,4047,538.87000000000000,89,242.07619541,,9.47,74091554,0.02307622,,,,4662393,"{'type': 'ARITH', 'lowerLimit': '2493.57', 'upperLimit': '5037.74', 'gridCount': 89, 'triggerPrice': None, 'stopLowerLimit': None, 'stopUpperLimit': None, 'baseAsset': 'ETH', 'quoteAsset': 'USDT', 'leverage': None, 'trailingUp': False, 'trailingDown': False, 'autoInitPos': None, 'stopTriggerType': None, 'pnlStopTriggerType': None, 'stopSlPnl': None, 'stopTpPnl': None, 'initialMargin': None, 'totalAdjustmentAmount': None, 'cps': True, 'trailingUpLimitPrice': None, 'trailingDownLimitPrice': None}",1,SPOT_GRID,ETHUSDT,0,,NOT_TRAILING,,1
True,Spot Grid,0,True,2.06,0,,3,1,23700,1025.98233010000000,160,241.59067038,,21.96,68419967,0.02105820,,,,5080885,"{'type': 'GEO', 'lowerLimit': '2251.00', 'upperLimit': '4000.00', 'gridCount': 160, 'triggerPrice': None, 'stopLowerLimit': None, 'stopUpperLimit': None, 'baseAsset': 'ETH', 'quoteAsset': 'USDC', 'leverage': None, 'trailingUp': False, 'trailingDown': False, 'autoInitPos': None, 'stopTriggerType': None, 'pnlStopTriggerType': None, 'stopSlPnl': None, 'stopTpPnl': None, 'initialMargin': None, 'totalAdjustmentAmount': None, 'cps': True, 'trailingUpLimitPrice': None, 'trailingDownLimitPrice': None}",1,SPOT_GRID,ETHUSDC,0,,NOT_TRAILING,,1
True,Spot Grid,1,True,1.2,0,,2,1,422,63.09000000000000,10,241.08582496,,24.10,47768634,0.04039540,,,,7218099,"{'type': 'ARITH', 'lowerLimit': '120.00', 'upperLimit': '130.00', 'gridCount': 10, 'triggerPrice': None, 'stopLowerLimit': None, 'stopUpperLimit': None, 'baseAsset': 'SOL', 'quoteAsset': 'USDT', 'leverage': None, 'trailingUp': False, 'trailingDown': False, 'autoInitPos': None, 'stopTriggerType': None, 'pnlStopTriggerType': None, 'stopSlPnl': None, 'stopTpPnl': None, 'initialMargin': None, 'totalAdjustmentAmount': None, 'cps': True, 'trailingUpLimitPrice': None, 'trailingDownLimitPrice': None}",1,SPOT_GRID,SOLUSDT,0,,NOT_TRAILING,,1
True,Spot Grid,0,False,1.37,0,,4,1,2852,1545.91923200000000,88,240.68104339,,15.55,53853864,0.01855204,,,,6689556,"{'type': 'ARITH', 'lowerLimit': '0.007238', 'upperLimit': '0.011894', 'gridCount': 88, 'triggerPrice': None, 'stopLowerLimit': None, 'stopUpperLimit': None, 'baseAsset': 'BNB', 'quoteAsset': 'BTC', 'leverage': None, 'trailingUp': True, 'trailingDown': False, 'autoInitPos': None, 'stopTriggerType': None, 'pnlStopTriggerType': None, 'stopSlPnl': None, 'stopTpPnl': None, 'initialMargin': None, 'totalAdjustmentAmount': None, 'cps': False, 'trailingUpLimitPrice': None, 'trailingDownLimitPrice': None}",1,SPOT_GRID,BNBBTC,0,,TRAILING_UP,,1
True,Spot Grid,1,True,4.31,0,,5,1,8189,361.87027200000000,63,236.41687988,,64.82,51577197,0.01594276,,,,6935745,"{'type': 'ARITH', 'lowerLimit': '2530.00', 'upperLimit': '2900.00', 'gridCount': 63, 'triggerPrice': None, 'stopLowerLimit': None, 'stopUpperLimit': None, 'baseAsset': 'ETH', 'quoteAsset': 'FDUSD', 'leverage': None, 'trailingUp': False, 'trailingDown': False, 'autoInitPos': None, 'stopTriggerType': None, 'pnlStopTriggerType': None, 'stopSlPnl': None, 'stopTpPnl': None, 'initialMargin': None, 'totalAdjustmentAmount': None, 'cps': True, 'trailingUpLimitPrice': None, 'trailingDownLimitPrice': None}",1,SPOT_GRID,ETHFDUSD,0,,NOT_TRAILING,,1
True,Spot Grid,6,True,0.13,0,,1,1,580,182.67440000000000,20,235.20567587,,127.82,80192110,0.09528839,,,,3870454,"{'type': 'ARITH', 'lowerLimit': '1.1500', 'upperLimit': '3.0000', 'gridCount': 20, 'triggerPrice': None, 'stopLowerLimit': None, 'stopUpperLimit': None, 'baseAsset': 'RAY', 'quoteAsset': 'USDT', 'leverage': None, 'trailingUp': False, 'trailingDown': False, 'autoInitPos': None, 'stopTriggerType': None, 'pnlStopTriggerType': None, 'stopSlPnl': None, 'stopTpPnl': None, 'initialMargin': None, 'totalAdjustmentAmount': None, 'cps': True, 'trailingUpLimitPrice': None, 'trailingDownLimitPrice': None}",1,SPOT_GRID,RAYUSDT,0,,NOT_TRAILING,,1
True,Spot Grid,0,False,0.4,0,,2,1,682,557.05000000000000,60,234.27936314,,11.71,37340826,0.01435636,,,,8122425,"{'type': 'ARITH', 'lowerLimit': '400.00', 'upperLimit': '1000.00', 'gridCount': 60, 'triggerPrice': None, 'stopLowerLimit': None, 'stopUpperLimit': None, 'baseAsset': 'BNB', 'quoteAsset': 'USDT', 'leverage': None, 'trailingUp': False, 'trailingDown': False, 'autoInitPos': None, 'stopTriggerType': None, 'pnlStopTriggerType': None, 'stopSlPnl': None, 'stopTpPnl': None, 'initialMargin': None, 'totalAdjustmentAmount': None, 'cps': False, 'trailingUpLimitPrice': None, 'trailingDownLimitPrice': None}",1,SPOT_GRID,BNBUSDT,0,,NOT_TRAILING,,1
True,Spot Grid,0,False,0.6,0,,1,1,3168,1370.95000000000000,160,230.42151661,,2.56,32353283,0.01756236,,,,8568575,"{'type': 'GEO', 'lowerLimit': '1500.00', 'upperLimit': '5500.00', 'gridCount': 160, 'triggerPrice': None, 'stopLowerLimit': None, 'stopUpperLimit': None, 'baseAsset': 'ETH', 'quoteAsset': 'USDT', 'leverage': None, 'trailingUp': True, 'trailingDown': False, 'autoInitPos': None, 'stopTriggerType': None, 'pnlStopTriggerType': None, 'stopSlPnl': None, 'stopTpPnl': None, 'initialMargin': None, 'totalAdjustmentAmount': None, 'cps': False, 'trailingUpLimitPrice': None, 'trailingDownLimitPrice': None}",1,SPOT_GRID,ETHUSDT,0,,TRAILING_UP,,1
True,Spot Grid,0,True,0.72,0,,1,1,2001,865.69000000000000,100,229.76744725,,11.48,59670654,0.01964286,,,,5759523,"{'type': 'ARITH', 'lowerLimit': '62500.00', 'upperLimit': '150000.00', 'gridCount': 100, 'triggerPrice': None, 'stopLowerLimit': None, 'stopUpperLimit': None, 'baseAsset': 'BTC', 'quoteAsset': 'USDT', 'leverage': None, 'trailingUp': True, 'trailingDown': False, 'autoInitPos': None, 'stopTriggerType': None, 'pnlStopTriggerType': None, 'stopSlPnl': None, 'stopTpPnl': None, 'initialMargin': None, 'totalAdjustmentAmount': None, 'cps': True, 'trailingUpLimitPrice': None, 'trailingDownLimitPrice': None}",1,SPOT_GRID,BTCUSDT,0,,TRAILING_UP,,1
True,Spot Grid,0,False,0.8,0,,2,1,3216,804.81000000000000,100,227.98508845,,11.25,56440070,0.01161095,,,,6411742,"{'type': 'ARITH', 'lowerLimit': '400.00', 'upperLimit': '900.00', 'gridCount': 100, 'triggerPrice': '635.00', 'stopLowerLimit': None, 'stopUpperLimit': None, 'baseAsset': 'BNB', 'quoteAsset': 'USDT', 'leverage': None, 'trailingUp': False, 'trailingDown': False, 'autoInitPos': None, 'stopTriggerType': None, 'pnlStopTriggerType': None, 'stopSlPnl': None, 'stopTpPnl': None, 'initialMargin': None, 'totalAdjustmentAmount': None, 'cps': False, 'trailingUpLimitPrice': None, 'trailingDownLimitPrice': None}",1,SPOT_GRID,BNBUSDT,0,,NOT_TRAILING,,1
True,Spot Grid,0,True,0.28,0,,1,1,1278,566.17000000000000,63,226.04484614,,21.43,44739678,0.04510909,,,,7441380,"{'type': 'ARITH', 'lowerLimit': '39.97', 'upperLimit': '132.58', 'gridCount': 63, 'triggerPrice': None, 'stopLowerLimit': None, 'stopUpperLimit': None, 'baseAsset': 'LTC', 'quoteAsset': 'USDT', 'leverage': None, 'trailingUp': False, 'trailingDown': False, 'autoInitPos': None, 'stopTriggerType': None, 'pnlStopTriggerType': None, 'stopSlPnl': None, 'stopTpPnl': None, 'initialMargin': None, 'totalAdjustmentAmount': None, 'cps': True, 'trailingUpLimitPrice': None, 'trailingDownLimitPrice': None}",1,SPOT_GRID,LTCUSDT,0,,NOT_TRAILING,,1
True,Spot Grid,0,False,2.3,0,,1,1,8671,1288.37847200000000,170,224.57140317,,17.28,46691613,0.01470232,,,,7289001,"{'type': 'ARITH', 'lowerLimit': '62000.00', 'upperLimit': '108000.00', 'gridCount': 170, 'triggerPrice': None, 'stopLowerLimit': None, 'stopUpperLimit': None, 'baseAsset': 'BTC', 'quoteAsset': 'FDUSD', 'leverage': None, 'trailingUp': False, 'trailingDown': False, 'autoInitPos': None, 'stopTriggerType': None, 'pnlStopTriggerType': None, 'stopSlPnl': None, 'stopTpPnl': None, 'initialMargin': None, 'totalAdjustmentAmount': None, 'cps': False, 'trailingUpLimitPrice': None, 'trailingDownLimitPrice': None}",1,SPOT_GRID,BTCFDUSD,0,,NOT_TRAILING,,1
True,Spot Grid,0,True,3.88,0,,4,1,16083,688.61866400000000,109,223.04105375,,22.39,58993431,0.01994409,,,,5910986,"{'type': 'ARITH', 'lowerLimit': '80001.00', 'upperLimit': '102488.00', 'gridCount': 109, 'triggerPrice': None, 'stopLowerLimit': None, 'stopUpperLimit': None, 'baseAsset': 'BTC', 'quoteAsset': 'FDUSD', 'leverage': None, 'trailingUp': False, 'trailingDown': False, 'autoInitPos': None, 'stopTriggerType': None, 'pnlStopTriggerType': None, 'stopSlPnl': None, 'stopTpPnl': None, 'initialMargin': None, 'totalAdjustmentAmount': None, 'cps': True, 'trailingUpLimitPrice': None, 'trailingDownLimitPrice': None}",1,SPOT_GRID,BTCFDUSD,0,,NOT_TRAILING,,1
True,Spot Grid,0,True,0.59,0,,1,1,4905,553.76500000000000,88,221.00892625,,13.28,57729043,0.07684190,,,,6182642,"{'type': 'ARITH', 'lowerLimit': '12.000', 'upperLimit': '30.000', 'gridCount': 88, 'triggerPrice': None, 'stopLowerLimit': None, 'stopUpperLimit': None, 'baseAsset': 'LINK', 'quoteAsset': 'USDT', 'leverage': None, 'trailingUp': False, 'trailingDown': False, 'autoInitPos': None, 'stopTriggerType': None, 'pnlStopTriggerType': None, 'stopSlPnl': None, 'stopTpPnl': None, 'initialMargin': None, 'totalAdjustmentAmount': None, 'cps': True, 'trailingUpLimitPrice': None, 'trailingDownLimitPrice': None}",1,SPOT_GRID,LINKUSDT,0,,NOT_TRAILING,,1
True,Spot Grid,0,True,1.1,0,,5,1,8987,785.49161600000000,170,220.19927452,,20.40,77098898,0.02248803,,,,4325048,"{'type': 'GEO', 'lowerLimit': '0.1507', 'upperLimit': '0.3856', 'gridCount': 170, 'triggerPrice': None, 'stopLowerLimit': '0.1197', 'stopUpperLimit': '0.5000', 'baseAsset': 'BNB', 'quoteAsset': 'ETH', 'leverage': None, 'trailingUp': True, 'trailingDown': False, 'autoInitPos': None, 'stopTriggerType': None, 'pnlStopTriggerType': None, 'stopSlPnl': None, 'stopTpPnl': None, 'initialMargin': None, 'totalAdjustmentAmount': None, 'cps': True, 'trailingUpLimitPrice': None, 'trailingDownLimitPrice': None}",1,SPOT_GRID,BNBETH,0,,TRAILING_UP,,1
True,Spot Grid,0,True,0.44,0,,1,1,2986,787.04000000000000,88,217.28359159,,24.41,59771199,0.01859587,,,,5731138,"{'type': 'ARITH', 'lowerLimit': '1500.00', 'upperLimit': '4500.00', 'gridCount': 88, 'triggerPrice': None, 'stopLowerLimit': None, 'stopUpperLimit': None, 'baseAsset': 'ETH', 'quoteAsset': 'USDT', 'leverage': None, 'trailingUp': False, 'trailingDown': False, 'autoInitPos': None, 'stopTriggerType': None, 'pnlStopTriggerType': None, 'stopSlPnl': None, 'stopTpPnl': None, 'initialMargin': None, 'totalAdjustmentAmount': None, 'cps': True, 'trailingUpLimitPrice': None, 'trailingDownLimitPrice': None}",1,SPOT_GRID,ETHUSDT,0,,NOT_TRAILING,,1
True,Spot Grid,0,False,0.4,0,,4,1,2432,1028.13000000000000,120,210.73701121,,12.38,38351425,0.03886048,,,,7993011,"{'type': 'GEO', 'lowerLimit': '40.00', 'upperLimit': '160.00', 'gridCount': 120, 'triggerPrice': None, 'stopLowerLimit': None, 'stopUpperLimit': None, 'baseAsset': 'LTC', 'quoteAsset': 'USDT', 'leverage': None, 'trailingUp': False, 'trailingDown': False, 'autoInitPos': None, 'stopTriggerType': None, 'pnlStopTriggerType': None, 'stopSlPnl': None, 'stopTpPnl': None, 'initialMargin': None, 'totalAdjustmentAmount': None, 'cps': False, 'trailingUpLimitPrice': None, 'trailingDownLimitPrice': None}",1,SPOT_GRID,LTCUSDT,0,,NOT_TRAILING,,1
True,Spot Grid,0,False,1.32,0,,2,1,6217,991.20640000000000,115,205.48777341,,20.56,66710038,0.02233806,,,,5186116,"{'type': 'GEO', 'lowerLimit': '67232.44', 'upperLimit': '126061.34', 'gridCount': 115, 'triggerPrice': None, 'stopLowerLimit': None, 'stopUpperLimit': None, 'baseAsset': 'BTC', 'quoteAsset': 'FDUSD', 'leverage': None, 'trailingUp': True, 'trailingDown': False, 'autoInitPos': None, 'stopTriggerType': None, 'pnlStopTriggerType': None, 'stopSlPnl': None, 'stopTpPnl': None, 'initialMargin': None, 'totalAdjustmentAmount': None, 'cps': False, 'trailingUpLimitPrice': None, 'trailingDownLimitPrice': None}",1,SPOT_GRID,BTCFDUSD,0,,TRAILING_UP,,1
True,Spot Grid,0,True,1.14,0,,2,1,2130,1825.62170000000000,170,199.98853643,,11.73,32861278,0.02506124,,,,8527587,"{'type': 'GEO', 'lowerLimit': '0.008000', 'upperLimit': '0.020000', 'gridCount': 170, 'triggerPrice': None, 'stopLowerLimit': None, 'stopUpperLimit': None, 'baseAsset': 'BNB', 'quoteAsset': 'BTC', 'leverage': None, 'trailingUp': False, 'trailingDown': False, 'autoInitPos': None, 'stopTriggerType': None, 'pnlStopTriggerType': None, 'stopSlPnl': None, 'stopTpPnl': None, 'initialMargin': None, 'totalAdjustmentAmount': None, 'cps': True, 'trailingUpLimitPrice': None, 'trailingDownLimitPrice': None}",1,SPOT_GRID,BNBBTC,0,,NOT_TRAILING,,1
True,Spot Grid,0,False,0.5,0,,3,1,1849,362.60000000000000,50,199.09548562,,47.40,49842413,0.04010410,,,,7076468,"{'type': 'ARITH', 'lowerLimit': '50.00', 'upperLimit': '100.00', 'gridCount': 50, 'triggerPrice': None, 'stopLowerLimit': None, 'stopUpperLimit': None, 'baseAsset': 'LTC', 'quoteAsset': 'USDT', 'leverage': None, 'trailingUp': False, 'trailingDown': False, 'autoInitPos': None, 'stopTriggerType': None, 'pnlStopTriggerType': None, 'stopSlPnl': None, 'stopTpPnl': None, 'initialMargin': None, 'totalAdjustmentAmount': None, 'cps': False, 'trailingUpLimitPrice': None, 'trailingDownLimitPrice': None}",1,SPOT_GRID,LTCUSDT,0,,NOT_TRAILING,,1
True,Spot Grid,0,True,1.96,0,,4,1,12290,399.15000000000000,65,197.39419404,,44.66,87574518,0.02123388,,,,2699312,"{'type': 'ARITH', 'lowerLimit': '102.83', 'upperLimit': '136.98', 'gridCount': 65, 'triggerPrice': None, 'stopLowerLimit': None, 'stopUpperLimit': None, 'baseAsset': 'SOL', 'quoteAsset': 'USDT', 'leverage': None, 'trailingUp': False, 'trailingDown': False, 'autoInitPos': None, 'stopTriggerType': None, 'pnlStopTriggerType': None, 'stopSlPnl': None, 'stopTpPnl': None, 'initialMargin': None, 'totalAdjustmentAmount': None, 'cps': True, 'trailingUpLimitPrice': None, 'trailingDownLimitPrice': None}",1,SPOT_GRID,SOLUSDT,0,,NOT_TRAILING,,1
True,Spot Grid,0,True,0.24,0,,1,1,870,286.63275357000000,60,197.27693041,,14.62,82873893,0.05822141,,,,3194420,"{'type': 'GEO', 'lowerLimit': '0.002778', 'upperLimit': '0.010000', 'gridCount': 60, 'triggerPrice': None, 'stopLowerLimit': None, 'stopUpperLimit': None, 'baseAsset': 'LINK', 'quoteAsset': 'ETH', 'leverage': None, 'trailingUp': False, 'trailingDown': False, 'autoInitPos': None, 'stopTriggerType': None, 'pnlStopTriggerType': None, 'stopSlPnl': None, 'stopTpPnl': None, 'initialMargin': None, 'totalAdjustmentAmount': None, 'cps': True, 'trailingUpLimitPrice': None, 'trailingDownLimitPrice': None}",1,SPOT_GRID,LINKETH,0,,NOT_TRAILING,,1
True,Spot Grid,0,False,1.98,0,,2,1,6199,561.54287200000000,88,197.25449606,,19.74,58662447,0.02288483,,,,5989286,"{'type': 'GEO', 'lowerLimit': '83000.00', 'upperLimit': '120000.00', 'gridCount': 88, 'triggerPrice': None, 'stopLowerLimit': None, 'stopUpperLimit': None, 'baseAsset': 'BTC', 'quoteAsset': 'FDUSD', 'leverage': None, 'trailingUp': False, 'trailingDown': False, 'autoInitPos': None, 'stopTriggerType': None, 'pnlStopTriggerType': None, 'stopSlPnl': None, 'stopTpPnl': None, 'initialMargin': None, 'totalAdjustmentAmount': None, 'cps': False, 'trailingUpLimitPrice': None, 'trailingDownLimitPrice': None}",1,SPOT_GRID,BTCFDUSD,0,,NOT_TRAILING,,1
True,Spot Grid,0,True,0.19,0,,1,1,612,202.75781932800000,30,196.70157417,,43.05,43399316,0.13241488,,,,7582144,"{'type': 'ARITH', 'lowerLimit': '0.1900', 'upperLimit': '0.5000', 'gridCount': 30, 'triggerPrice': None, 'stopLowerLimit': None, 'stopUpperLimit': None, 'baseAsset': 'ENA', 'quoteAsset': 'USDC', 'leverage': None, 'trailingUp': False, 'trailingDown': False, 'autoInitPos': None, 'stopTriggerType': None, 'pnlStopTriggerType': None, 'stopSlPnl': None, 'stopTpPnl': None, 'initialMargin': None, 'totalAdjustmentAmount': None, 'cps': True, 'trailingUpLimitPrice': None, 'trailingDownLimitPrice': None}",1,SPOT_GRID,ENAUSDC,0,,NOT_TRAILING,,1
True,Spot Grid,0,True,1.74,0,,2,1,14137,969.82000000000000,135,195.38730239,,17.65,59896019,0.01204838,,,,5698687,"{'type': 'ARITH', 'lowerLimit': '1800.00', 'upperLimit': '3200.00', 'gridCount': 135, 'triggerPrice': None, 'stopLowerLimit': None, 'stopUpperLimit': None, 'baseAsset': 'ETH', 'quoteAsset': 'USDT', 'leverage': None, 'trailingUp': False, 'trailingDown': False, 'autoInitPos': None, 'stopTriggerType': None, 'pnlStopTriggerType': None, 'stopSlPnl': None, 'stopTpPnl': None, 'initialMargin': None, 'totalAdjustmentAmount': None, 'cps': True, 'trailingUpLimitPrice': None, 'trailingDownLimitPrice': None}",1,SPOT_GRID,ETHUSDT,0,,NOT_TRAILING,,1
True,Spot Grid,2,True,0.32,0,,2,1,7138,291.05777179210550,170,193.63956309,,9.68,47620314,0.07461212,,,,7226946,"{'type': 'GEO', 'lowerLimit': '0.00000257', 'upperLimit': '0.00001631', 'gridCount': 170, 'triggerPrice': None, 'stopLowerLimit': None, 'stopUpperLimit': '0.00005000', 'baseAsset': 'PEPE', 'quoteAsset': 'USDC', 'leverage': None, 'trailingUp': True, 'trailingDown': False, 'autoInitPos': None, 'stopTriggerType': None, 'pnlStopTriggerType': None, 'stopSlPnl': None, 'stopTpPnl': None, 'initialMargin': None, 'totalAdjustmentAmount': None, 'cps': True, 'trailingUpLimitPrice': None, 'trailingDownLimitPrice': None}",1,SPOT_GRID,PEPEUSDC,0,,TRAILING_UP,,1
True,Spot Grid,0,False,0.56,0,,1,1,4720,1007.11000000000000,130,191.50651721,,13.11,81448851,0.02146468,,,,3510243,"{'type': 'ARITH', 'lowerLimit': '1800.00', 'upperLimit': '6000.00', 'gridCount': 130, 'triggerPrice': None, 'stopLowerLimit': None, 'stopUpperLimit': None, 'baseAsset': 'ETH', 'quoteAsset': 'USDT', 'leverage': None, 'trailingUp': False, 'trailingDown': False, 'autoInitPos': None, 'stopTriggerType': None, 'pnlStopTriggerType': None, 'stopSlPnl': None, 'stopTpPnl': None, 'initialMargin': None, 'totalAdjustmentAmount': None, 'cps': False, 'trailingUpLimitPrice': None, 'trailingDownLimitPrice': None}",1,SPOT_GRID,ETHUSDT,0,,NOT_TRAILING,,1
True,Spot Grid,0,True,2.15,0,,2,1,6840,416.36610000000000,69,191.24329919,,43.96,58695672,0.03066174,,,,5981760,"{'type': 'ARITH', 'lowerLimit': '1.3499', 'upperLimit': '1.7845', 'gridCount': 69, 'triggerPrice': None, 'stopLowerLimit': None, 'stopUpperLimit': None, 'baseAsset': 'XRP', 'quoteAsset': 'USDT', 'leverage': None, 'trailingUp': False, 'trailingDown': False, 'autoInitPos': None, 'stopTriggerType': None, 'pnlStopTriggerType': None, 'stopSlPnl': None, 'stopTpPnl': None, 'initialMargin': None, 'totalAdjustmentAmount': None, 'cps': True, 'trailingUpLimitPrice': None, 'trailingDownLimitPrice': None}",1,SPOT_GRID,XRPUSDT,0,,NOT_TRAILING,,1
True,Spot Grid,0,True,0.56,0,,2,1,3677,1017.35138160000000,118,190.51466553,,18.67,47699881,0.03206070,,,,7221761,"{'type': 'GEO', 'lowerLimit': '80.77', 'upperLimit': '252.42', 'gridCount': 118, 'triggerPrice': None, 'stopLowerLimit': None, 'stopUpperLimit': None, 'baseAsset': 'SOL', 'quoteAsset': 'USDC', 'leverage': None, 'trailingUp': True, 'trailingDown': False, 'autoInitPos': None, 'stopTriggerType': None, 'pnlStopTriggerType': None, 'stopSlPnl': None, 'stopTpPnl': None, 'initialMargin': None, 'totalAdjustmentAmount': None, 'cps': True, 'trailingUpLimitPrice': None, 'trailingDownLimitPrice': None}",1,SPOT_GRID,SOLUSDC,0,,TRAILING_UP,,1
True,Spot Grid,0,True,1.57,0,,4,1,7123,434.58000000000000,66,190.14023926,,34.28,80580552,0.00470113,,,,3798567,"{'type': 'ARITH', 'lowerLimit': '561.10', 'upperLimit': '797.20', 'gridCount': 66, 'triggerPrice': None, 'stopLowerLimit': None, 'stopUpperLimit': None, 'baseAsset': 'BNB', 'quoteAsset': 'USDT', 'leverage': None, 'trailingUp': False, 'trailingDown': False, 'autoInitPos': None, 'stopTriggerType': None, 'pnlStopTriggerType': None, 'stopSlPnl': None, 'stopTpPnl': None, 'initialMargin': None, 'totalAdjustmentAmount': None, 'cps': True, 'trailingUpLimitPrice': None, 'trailingDownLimitPrice': None}",1,SPOT_GRID,BNBUSDT,0,,NOT_TRAILING,,1
True,Spot Grid,1,False,0.16,0,,1,1,1663,186.05606000000000,84,183.83043279,,85.50,70986394,0.03711468,,,,4910439,"{'type': 'GEO', 'lowerLimit': '0.04000', 'upperLimit': '0.25000', 'gridCount': 84, 'triggerPrice': '0.10000', 'stopLowerLimit': None, 'stopUpperLimit': None, 'baseAsset': 'DOGE', 'quoteAsset': 'USDT', 'leverage': None, 'trailingUp': False, 'trailingDown': False, 'autoInitPos': None, 'stopTriggerType': None, 'pnlStopTriggerType': None, 'stopSlPnl': None, 'stopTpPnl': None, 'initialMargin': None, 'totalAdjustmentAmount': None, 'cps': False, 'trailingUpLimitPrice': None, 'trailingDownLimitPrice': None}",1,SPOT_GRID,DOGEUSDT,0,,NOT_TRAILING,,1
True,Spot Grid,0,True,0.5,0,,1,1,1464,235.25000000000000,40,182.54815858,,32.21,78394693,0.02312812,,,,4174304,"{'type': 'GEO', 'lowerLimit': '2500.00', 'upperLimit': '4500.00', 'gridCount': 40, 'triggerPrice': None, 'stopLowerLimit': None, 'stopUpperLimit': None, 'baseAsset': 'ETH', 'quoteAsset': 'USDT', 'leverage': None, 'trailingUp': False, 'trailingDown': False, 'autoInitPos': None, 'stopTriggerType': None, 'pnlStopTriggerType': None, 'stopSlPnl': None, 'stopTpPnl': None, 'initialMargin': None, 'totalAdjustmentAmount': None, 'cps': True, 'trailingUpLimitPrice': None, 'trailingDownLimitPrice': None}",1,SPOT_GRID,ETHUSDT,0,,NOT_TRAILING,,1
True,Spot Grid,0,False,1.12,0,,3,1,930,229.33602250000000,65,181.57405957,,6.73,34599991,0.06745079,,,,8368030,"{'type': 'ARITH', 'lowerLimit': '0.004300', 'upperLimit': '0.006800', 'gridCount': 65, 'triggerPrice': None, 'stopLowerLimit': None, 'stopUpperLimit': None, 'baseAsset': 'LINK', 'quoteAsset': 'ETH', 'leverage': None, 'trailingUp': False, 'trailingDown': False, 'autoInitPos': None, 'stopTriggerType': None, 'pnlStopTriggerType': None, 'stopSlPnl': None, 'stopTpPnl': None, 'initialMargin': None, 'totalAdjustmentAmount': None, 'cps': False, 'trailingUpLimitPrice': None, 'trailingDownLimitPrice': None}",1,SPOT_GRID,LINKETH,0,,NOT_TRAILING,,1
True,Spot Grid,2,False,0.47,0,,2,1,1343,858.41589367500000,62,178.74257024,,20.73,57906208,0.03314078,,,,6136599,"{'type': 'ARITH', 'lowerLimit': '0.0002620', 'upperLimit': '0.0006120', 'gridCount': 62, 'triggerPrice': None, 'stopLowerLimit': None, 'stopUpperLimit': None, 'baseAsset': 'TRX', 'quoteAsset': 'BNB', 'leverage': None, 'trailingUp': True, 'trailingDown': False, 'autoInitPos': None, 'stopTriggerType': None, 'pnlStopTriggerType': None, 'stopSlPnl': None, 'stopTpPnl': None, 'initialMargin': None, 'totalAdjustmentAmount': None, 'cps': False, 'trailingUpLimitPrice': None, 'trailingDownLimitPrice': None}",1,SPOT_GRID,TRXBNB,0,,TRAILING_UP,,1
True,Spot Grid,0,True,0.6,0,,1,1,2192,1009.83000000000000,120,177.06237526,,8.65,59613457,0.01876942,,,,5776016,"{'type': 'ARITH', 'lowerLimit': '50000.00', 'upperLimit': '150000.00', 'gridCount': 120, 'triggerPrice': None, 'stopLowerLimit': None, 'stopUpperLimit': None, 'baseAsset': 'BTC', 'quoteAsset': 'USDT', 'leverage': None, 'trailingUp': False, 'trailingDown': False, 'autoInitPos': None, 'stopTriggerType': None, 'pnlStopTriggerType': None, 'stopSlPnl': None, 'stopTpPnl': None, 'initialMargin': None, 'totalAdjustmentAmount': None, 'cps': True, 'trailingUpLimitPrice': None, 'trailingDownLimitPrice': None}",1,SPOT_GRID,BTCUSDT,0,,NOT_TRAILING,,1
True,Spot Grid,0,False,1.98,0,,1,1,575,106.06508000000000,15,176.15521442,,17.62,47946038,0.00349968,,,,7208730,"{'type': 'ARITH', 'lowerLimit': '79000.00', 'upperLimit': '85000.00', 'gridCount': 15, 'triggerPrice': None, 'stopLowerLimit': None, 'stopUpperLimit': None, 'baseAsset': 'BTC', 'quoteAsset': 'FDUSD', 'leverage': None, 'trailingUp': False, 'trailingDown': False, 'autoInitPos': None, 'stopTriggerType': None, 'pnlStopTriggerType': None, 'stopSlPnl': None, 'stopTpPnl': None, 'initialMargin': None, 'totalAdjustmentAmount': None, 'cps': False, 'trailingUpLimitPrice': None, 'trailingDownLimitPrice': None}",1,SPOT_GRID,BTCFDUSD,0,,NOT_TRAILING,,1
True,Spot Grid,0,False,0.7,0,,1,1,3902,411.18000000000000,63,171.06834460,,34.21,81004655,0.02014216,,,,3667551,"{'type': 'ARITH', 'lowerLimit': '2200.00', 'upperLimit': '4200.00', 'gridCount': 63, 'triggerPrice': None, 'stopLowerLimit': None, 'stopUpperLimit': None, 'baseAsset': 'ETH', 'quoteAsset': 'USDT', 'leverage': None, 'trailingUp': False, 'trailingDown': False, 'autoInitPos': None, 'stopTriggerType': None, 'pnlStopTriggerType': None, 'stopSlPnl': None, 'stopTpPnl': None, 'initialMargin': None, 'totalAdjustmentAmount': None, 'cps': False, 'trailingUpLimitPrice': None, 'trailingDownLimitPrice': None}",1,SPOT_GRID,ETHUSDT,0,,NOT_TRAILING,,1
True,Spot Grid,0,True,0.65,0,,1,1,2444,991.40480000000000,115,170.52553614,,17.15,35006703,0.02012678,,,,8335207,"{'type': 'GEO', 'lowerLimit': '1800.00', 'upperLimit': '5000.00', 'gridCount': 115, 'triggerPrice': None, 'stopLowerLimit': None, 'stopUpperLimit': None, 'baseAsset': 'ETH', 'quoteAsset': 'FDUSD', 'leverage': None, 'trailingUp': True, 'trailingDown': False, 'autoInitPos': None, 'stopTriggerType': None, 'pnlStopTriggerType': None, 'stopSlPnl': None, 'stopTpPnl': None, 'initialMargin': None, 'totalAdjustmentAmount': None, 'cps': True, 'trailingUpLimitPrice': None, 'trailingDownLimitPrice': None}",1,SPOT_GRID,ETHFDUSD,0,,TRAILING_UP,,1
True,Spot Grid,1,False,0.65,0,,2,1,2820,694.48780000000000,150,167.81155214,,12.44,43599713,0.01709286,,,,7563139,"{'type': 'ARITH', 'lowerLimit': '0.1200', 'upperLimit': '0.4000', 'gridCount': 150, 'triggerPrice': None, 'stopLowerLimit': None, 'stopUpperLimit': None, 'baseAsset': 'BNB', 'quoteAsset': 'ETH', 'leverage': None, 'trailingUp': True, 'trailingDown': False, 'autoInitPos': None, 'stopTriggerType': None, 'pnlStopTriggerType': None, 'stopSlPnl': None, 'stopTpPnl': None, 'initialMargin': None, 'totalAdjustmentAmount': None, 'cps': False, 'trailingUpLimitPrice': None, 'trailingDownLimitPrice': None}",1,SPOT_GRID,BNBETH,0,,TRAILING_UP,,1
True,Spot Grid,0,False,0.59,0,,1,1,4808,553.79900000000000,88,167.78286818,,11.18,57465645,0.07422082,,,,6244960,"{'type': 'ARITH', 'lowerLimit': '12.000', 'upperLimit': '30.000', 'gridCount': 88, 'triggerPrice': None, 'stopLowerLimit': None, 'stopUpperLimit': None, 'baseAsset': 'LINK', 'quoteAsset': 'USDT', 'leverage': None, 'trailingUp': False, 'trailingDown': False, 'autoInitPos': None, 'stopTriggerType': None, 'pnlStopTriggerType': None, 'stopSlPnl': None, 'stopTpPnl': None, 'initialMargin': None, 'totalAdjustmentAmount': None, 'cps': False, 'trailingUpLimitPrice': None, 'trailingDownLimitPrice': None}",1,SPOT_GRID,LINKUSDT,0,,NOT_TRAILING,,1
True,Spot Grid,0,False,0.61,0,,3,1,1938,1728.04262400000000,120,167.21980415,,9.34,71157682,0.01360846,,0.02317900,,4901320,"{'type': 'GEO', 'lowerLimit': '0.005000', 'upperLimit': '0.015000', 'gridCount': 120, 'triggerPrice': None, 'stopLowerLimit': None, 'stopUpperLimit': None, 'baseAsset': 'BNB', 'quoteAsset': 'BTC', 'leverage': None, 'trailingUp': False, 'trailingDown': False, 'autoInitPos': None, 'stopTriggerType': None, 'pnlStopTriggerType': None, 'stopSlPnl': None, 'stopTpPnl': '0.02317900', 'initialMargin': None, 'totalAdjustmentAmount': None, 'cps': False, 'trailingUpLimitPrice': None, 'trailingDownLimitPrice': None}",1,SPOT_GRID,BNBBTC,0,,NOT_TRAILING,,1
True,Spot Grid,0,True,0.5,0,,2,1,5216,1455.29096440000000,170,166.92918995,,9.93,47617401,0.02769664,,,,7227144,"{'type': 'GEO', 'lowerLimit': '57.35', 'upperLimit': '252.52', 'gridCount': 170, 'triggerPrice': None, 'stopLowerLimit': None, 'stopUpperLimit': '500.00', 'baseAsset': 'SOL', 'quoteAsset': 'USDC', 'leverage': None, 'trailingUp': True, 'trailingDown': False, 'autoInitPos': None, 'stopTriggerType': None, 'pnlStopTriggerType': None, 'stopSlPnl': None, 'stopTpPnl': None, 'initialMargin': None, 'totalAdjustmentAmount': None, 'cps': True, 'trailingUpLimitPrice': None, 'trailingDownLimitPrice': None}",1,SPOT_GRID,SOLUSDC,0,,TRAILING_UP,,1
True,Spot Grid,0,True,0.59,0,,1,1,4970,553.90100000000000,88,164.07716441,,16.40,57822095,0.07676533,,,,6157073,"{'type': 'ARITH', 'lowerLimit': '12.000', 'upperLimit': '30.000', 'gridCount': 88, 'triggerPrice': None, 'stopLowerLimit': None, 'stopUpperLimit': None, 'baseAsset': 'LINK', 'quoteAsset': 'USDT', 'leverage': None, 'trailingUp': False, 'trailingDown': False, 'autoInitPos': None, 'stopTriggerType': None, 'pnlStopTriggerType': None, 'stopSlPnl': None, 'stopTpPnl': None, 'initialMargin': None, 'totalAdjustmentAmount': None, 'cps': True, 'trailingUpLimitPrice': None, 'trailingDownLimitPrice': None}",1,SPOT_GRID,LINKUSDT,0,,NOT_TRAILING,,1
True,Spot Grid,0,True,0.6,0,,3,1,1434,690.40896000000000,120,163.68203971,,16.74,32887943,0.00415717,,,,8525389,"{'type': 'ARITH', 'lowerLimit': '0.1000', 'upperLimit': '0.3000', 'gridCount': 120, 'triggerPrice': None, 'stopLowerLimit': None, 'stopUpperLimit': None, 'baseAsset': 'BNB', 'quoteAsset': 'ETH', 'leverage': None, 'trailingUp': False, 'trailingDown': False, 'autoInitPos': None, 'stopTriggerType': None, 'pnlStopTriggerType': None, 'stopSlPnl': None, 'stopTpPnl': None, 'initialMargin': None, 'totalAdjustmentAmount': None, 'cps': True, 'trailingUpLimitPrice': None, 'trailingDownLimitPrice': None}",1,SPOT_GRID,BNBETH,0,,NOT_TRAILING,,1
True,Spot Grid,1,True,2.03,0,,4,1,5444,306.20000000000000,50,163.21429119,,32.64,86923188,0.00982958,,,,2781592,"{'type': 'ARITH', 'lowerLimit': '100.87', 'upperLimit': '125.72', 'gridCount': 50, 'triggerPrice': None, 'stopLowerLimit': None, 'stopUpperLimit': None, 'baseAsset': 'SOL', 'quoteAsset': 'USDT', 'leverage': None, 'trailingUp': False, 'trailingDown': False, 'autoInitPos': None, 'stopTriggerType': None, 'pnlStopTriggerType': None, 'stopSlPnl': None, 'stopTpPnl': None, 'initialMargin': None, 'totalAdjustmentAmount': None, 'cps': True, 'trailingUpLimitPrice': None, 'trailingDownLimitPrice': None}",1,SPOT_GRID,SOLUSDT,0,,NOT_TRAILING,,1
True,Spot Grid,0,False,1.0,0,,1,1,9918,1042.70000000000000,150,161.35696655,,10.11,74220691,0.02003475,,,,4646407,"{'type': 'ARITH', 'lowerLimit': '2000.00', 'upperLimit': '5000.00', 'gridCount': 150, 'triggerPrice': None, 'stopLowerLimit': None, 'stopUpperLimit': None, 'baseAsset': 'ETH', 'quoteAsset': 'USDT', 'leverage': None, 'trailingUp': False, 'trailingDown': False, 'autoInitPos': None, 'stopTriggerType': None, 'pnlStopTriggerType': None, 'stopSlPnl': None, 'stopTpPnl': None, 'initialMargin': None, 'totalAdjustmentAmount': None, 'cps': False, 'trailingUpLimitPrice': None, 'trailingDownLimitPrice': None}",1,SPOT_GRID,ETHUSDT,0,,NOT_TRAILING,,1
True,Spot Grid,0,True,1.45,0,,2,1,3159,473.81745392100000,48,158.80759721,,18.63,50293624,0.02829758,,,,7037470,"{'type': 'GEO', 'lowerLimit': '0.0013500', 'upperLimit': '0.0018000', 'gridCount': 48, 'triggerPrice': None, 'stopLowerLimit': None, 'stopUpperLimit': None, 'baseAsset': 'SOL', 'quoteAsset': 'BTC', 'leverage': None, 'trailingUp': False, 'trailingDown': False, 'autoInitPos': None, 'stopTriggerType': None, 'pnlStopTriggerType': None, 'stopSlPnl': None, 'stopTpPnl': None, 'initialMargin': None, 'totalAdjustmentAmount': None, 'cps': True, 'trailingUpLimitPrice': None, 'trailingDownLimitPrice': None}",1,SPOT_GRID,SOLBTC,0,,NOT_TRAILING,,1
True,Spot Grid,0,True,0.59,0,,1,1,4948,553.93500000000000,88,158.43583051,,15.84,57796129,0.07725722,,,,6165090,"{'type': 'ARITH', 'lowerLimit': '12.000', 'upperLimit': '30.000', 'gridCount': 88, 'triggerPrice': None, 'stopLowerLimit': None, 'stopUpperLimit': None, 'baseAsset': 'LINK', 'quoteAsset': 'USDT', 'leverage': None, 'trailingUp': False, 'trailingDown': False, 'autoInitPos': None, 'stopTriggerType': None, 'pnlStopTriggerType': None, 'stopSlPnl': None, 'stopTpPnl': None, 'initialMargin': None, 'totalAdjustmentAmount': None, 'cps': True, 'trailingUpLimitPrice': None, 'trailingDownLimitPrice': None}",1,SPOT_GRID,LINKUSDT,0,,NOT_TRAILING,,1
True,Spot Grid,0,True,0.58,0,,1,1,3699,849.44000000000000,107,158.11390325,,3.57,58729820,0.02059108,,,,5975238,"{'type': 'ARITH', 'lowerLimit': '1774.51', 'upperLimit': '5051.42', 'gridCount': 107, 'triggerPrice': None, 'stopLowerLimit': None, 'stopUpperLimit': None, 'baseAsset': 'ETH', 'quoteAsset': 'USDT', 'leverage': None, 'trailingUp': False, 'trailingDown': False, 'autoInitPos': None, 'stopTriggerType': None, 'pnlStopTriggerType': None, 'stopSlPnl': None, 'stopTpPnl': None, 'initialMargin': None, 'totalAdjustmentAmount': None, 'cps': True, 'trailingUpLimitPrice': None, 'trailingDownLimitPrice': None}",1,SPOT_GRID,ETHUSDT,0,,NOT_TRAILING,,1
True,Spot Grid,0,True,1.44,0,,1,1,701,120.52000000000000,18,156.13202992,,15.61,49967366,0.01455799,,,,7066434,"{'type': 'ARITH', 'lowerLimit': '80000.00', 'upperLimit': '90000.00', 'gridCount': 18, 'triggerPrice': None, 'stopLowerLimit': None, 'stopUpperLimit': None, 'baseAsset': 'BTC', 'quoteAsset': 'USDT', 'leverage': None, 'trailingUp': False, 'trailingDown': False, 'autoInitPos': None, 'stopTriggerType': None, 'pnlStopTriggerType': None, 'stopSlPnl': None, 'stopTpPnl': None, 'initialMargin': None, 'totalAdjustmentAmount': None, 'cps': True, 'trailingUpLimitPrice': None, 'trailingDownLimitPrice': None}",1,SPOT_GRID,BTCUSDT,0,,NOT_TRAILING,,1
True,Spot Grid,0,True,0.91,0,,1,1,4426,865.69000000000000,100,154.06579031,,17.11,60131771,0.02755854,,,,5663252,"{'type': 'GEO', 'lowerLimit': '2500.00', 'upperLimit': '5260.00', 'gridCount': 100, 'triggerPrice': None, 'stopLowerLimit': None, 'stopUpperLimit': None, 'baseAsset': 'ETH', 'quoteAsset': 'USDT', 'leverage': None, 'trailingUp': True, 'trailingDown': False, 'autoInitPos': None, 'stopTriggerType': None, 'pnlStopTriggerType': None, 'stopSlPnl': None, 'stopTpPnl': None, 'initialMargin': None, 'totalAdjustmentAmount': None, 'cps': True, 'trailingUpLimitPrice': None, 'trailingDownLimitPrice': None}",1,SPOT_GRID,ETHUSDT,0,,TRAILING_UP,,1
True,Spot Grid,1,False,0.39,0,,2,1,1193,235.11000000000000,40,153.13134521,,40.15,52579266,0.05414695,,,,6849441,"{'type': 'ARITH', 'lowerLimit': '67.00', 'upperLimit': '137.00', 'gridCount': 40, 'triggerPrice': None, 'stopLowerLimit': None, 'stopUpperLimit': None, 'baseAsset': 'LTC', 'quoteAsset': 'USDT', 'leverage': None, 'trailingUp': False, 'trailingDown': False, 'autoInitPos': None, 'stopTriggerType': None, 'pnlStopTriggerType': None, 'stopSlPnl': None, 'stopTpPnl': None, 'initialMargin': None, 'totalAdjustmentAmount': None, 'cps': False, 'trailingUpLimitPrice': None, 'trailingDownLimitPrice': None}",1,SPOT_GRID,LTCUSDT,0,,NOT_TRAILING,,1
True,Spot Grid,0,True,0.44,0,,1,1,2798,786.44000000000000,88,151.15977266,,15.91,57518049,0.01758945,,,,6233962,"{'type': 'ARITH', 'lowerLimit': '1500.00', 'upperLimit': '4500.00', 'gridCount': 88, 'triggerPrice': None, 'stopLowerLimit': None, 'stopUpperLimit': None, 'baseAsset': 'ETH', 'quoteAsset': 'USDT', 'leverage': None, 'trailingUp': False, 'trailingDown': False, 'autoInitPos': None, 'stopTriggerType': None, 'pnlStopTriggerType': None, 'stopSlPnl': None, 'stopTpPnl': None, 'initialMargin': None, 'totalAdjustmentAmount': None, 'cps': True, 'trailingUpLimitPrice': None, 'trailingDownLimitPrice': None}",1,SPOT_GRID,ETHUSDT,0,,NOT_TRAILING,,1
True,Spot Grid,0,False,0.67,0,,1,1,1595,546.51147400000000,100,151.04389673,,34.05,35486755,0.01833100,,,,8292107,"{'type': 'ARITH', 'lowerLimit': '0.1400', 'upperLimit': '0.3500', 'gridCount': 100, 'triggerPrice': None, 'stopLowerLimit': None, 'stopUpperLimit': None, 'baseAsset': 'BNB', 'quoteAsset': 'ETH', 'leverage': None, 'trailingUp': False, 'trailingDown': False, 'autoInitPos': None, 'stopTriggerType': None, 'pnlStopTriggerType': None, 'stopSlPnl': None, 'stopTpPnl': None, 'initialMargin': None, 'totalAdjustmentAmount': None, 'cps': False, 'trailingUpLimitPrice': None, 'trailingDownLimitPrice': None}",1,SPOT_GRID,BNBETH,0,,NOT_TRAILING,,1
True,Spot Grid,0,True,0.61,0,,1,1,449,143.99000000000000,25,149.64629632,,14.96,54371928,0.02531400,,,,6629302,"{'type': 'GEO', 'lowerLimit': '84090.66', 'upperLimit': '118888.00', 'gridCount': 25, 'triggerPrice': None, 'stopLowerLimit': None, 'stopUpperLimit': None, 'baseAsset': 'BTC', 'quoteAsset': 'USDT', 'leverage': None, 'trailingUp': False, 'trailingDown': False, 'autoInitPos': None, 'stopTriggerType': None, 'pnlStopTriggerType': None, 'stopSlPnl': None, 'stopTpPnl': None, 'initialMargin': None, 'totalAdjustmentAmount': None, 'cps': True, 'trailingUpLimitPrice': None, 'trailingDownLimitPrice': None}",1,SPOT_GRID,BTCUSDT,0,,NOT_TRAILING,,1
True,Spot Grid,0,True,0.63,0,,1,1,3937,846.71000000000000,110,149.33170307,,14.93,58535292,0.02074065,,,,6012275,"{'type': 'ARITH', 'lowerLimit': '1822.06', 'upperLimit': '5052.14', 'gridCount': 110, 'triggerPrice': None, 'stopLowerLimit': None, 'stopUpperLimit': None, 'baseAsset': 'ETH', 'quoteAsset': 'USDT', 'leverage': None, 'trailingUp': False, 'trailingDown': False, 'autoInitPos': None, 'stopTriggerType': None, 'pnlStopTriggerType': None, 'stopSlPnl': None, 'stopTpPnl': None, 'initialMargin': None, 'totalAdjustmentAmount': None, 'cps': True, 'trailingUpLimitPrice': None, 'trailingDownLimitPrice': None}",1,SPOT_GRID,ETHUSDT,0,,NOT_TRAILING,,1
True,Spot Grid,2,False,1.34,0,,5,1,820,97.69934345000000,30,147.34625086,,13.28,39388524,0.05936176,,,,7876506,"{'type': 'ARITH', 'lowerLimit': '0.004900', 'upperLimit': '0.006000', 'gridCount': 30, 'triggerPrice': None, 'stopLowerLimit': None, 'stopUpperLimit': None, 'baseAsset': 'LINK', 'quoteAsset': 'ETH', 'leverage': None, 'trailingUp': False, 'trailingDown': False, 'autoInitPos': None, 'stopTriggerType': None, 'pnlStopTriggerType': None, 'stopSlPnl': None, 'stopTpPnl': None, 'initialMargin': None, 'totalAdjustmentAmount': None, 'cps': False, 'trailingUpLimitPrice': None, 'trailingDownLimitPrice': None}",1,SPOT_GRID,LINKETH,0,,NOT_TRAILING,,1
True,Spot Grid,0,True,0.9,0,,1,1,2252,400.04000000000000,52,145.33020477,,10.24,58558526,0.00292010,,,,6009033,"{'type': 'ARITH', 'lowerLimit': '498.91', 'upperLimit': '790.08', 'gridCount': 52, 'triggerPrice': None, 'stopLowerLimit': None, 'stopUpperLimit': None, 'baseAsset': 'BNB', 'quoteAsset': 'USDT', 'leverage': None, 'trailingUp': False, 'trailingDown': False, 'autoInitPos': None, 'stopTriggerType': None, 'pnlStopTriggerType': None, 'stopSlPnl': None, 'stopTpPnl': None, 'initialMargin': None, 'totalAdjustmentAmount': None, 'cps': True, 'trailingUpLimitPrice': None, 'trailingDownLimitPrice': None}",1,SPOT_GRID,BNBUSDT,0,,NOT_TRAILING,,1
True,Spot Grid,0,True,0.6,0,,3,1,1402,690.24512000000000,120,143.49244860,,10.63,32259912,0.00397554,,,,8575121,"{'type': 'ARITH', 'lowerLimit': '0.1000', 'upperLimit': '0.3000', 'gridCount': 120, 'triggerPrice': None, 'stopLowerLimit': None, 'stopUpperLimit': None, 'baseAsset': 'BNB', 'quoteAsset': 'ETH', 'leverage': None, 'trailingUp': False, 'trailingDown': False, 'autoInitPos': None, 'stopTriggerType': None, 'pnlStopTriggerType': None, 'stopSlPnl': None, 'stopTpPnl': None, 'initialMargin': None, 'totalAdjustmentAmount': None, 'cps': True, 'trailingUpLimitPrice': None, 'trailingDownLimitPrice': None}",1,SPOT_GRID,BNBETH,0,,NOT_TRAILING,,1
True,Spot Grid,0,False,0.2,0,,1,1,509,261.92000000000000,30,142.35216214,,47.45,52576079,0.03658798,,,,6849960,"{'type': 'ARITH', 'lowerLimit': '40.00', 'upperLimit': '100.00', 'gridCount': 30, 'triggerPrice': None, 'stopLowerLimit': None, 'stopUpperLimit': None, 'baseAsset': 'LTC', 'quoteAsset': 'USDT', 'leverage': None, 'trailingUp': False, 'trailingDown': False, 'autoInitPos': None, 'stopTriggerType': None, 'pnlStopTriggerType': None, 'stopSlPnl': None, 'stopTpPnl': None, 'initialMargin': None, 'totalAdjustmentAmount': None, 'cps': False, 'trailingUpLimitPrice': None, 'trailingDownLimitPrice': None}",1,SPOT_GRID,LTCUSDT,0,,NOT_TRAILING,,1
True,Spot Grid,0,False,1.08,0,,1,1,6129,1455.16000000000000,170,141.79290019,,9.73,59534251,0.01576674,,,,5799628,"{'type': 'GEO', 'lowerLimit': '58000.00', 'upperLimit': '150000.00', 'gridCount': 170, 'triggerPrice': None, 'stopLowerLimit': None, 'stopUpperLimit': None, 'baseAsset': 'BTC', 'quoteAsset': 'USDT', 'leverage': None, 'trailingUp': True, 'trailingDown': False, 'autoInitPos': None, 'stopTriggerType': None, 'pnlStopTriggerType': None, 'stopSlPnl': None, 'stopTpPnl': None, 'initialMargin': None, 'totalAdjustmentAmount': None, 'cps': False, 'trailingUpLimitPrice': None, 'trailingDownLimitPrice': None}",1,SPOT_GRID,BTCUSDT,0,,TRAILING_UP,,1
True,Spot Grid,1,False,0.35,0,,1,1,815,145.26000000000000,25,140.97851571,,46.99,54852174,0.05374362,,,,6590233,"{'type': 'ARITH', 'lowerLimit': '70.00', 'upperLimit': '120.00', 'gridCount': 25, 'triggerPrice': None, 'stopLowerLimit': None, 'stopUpperLimit': None, 'baseAsset': 'LTC', 'quoteAsset': 'USDT', 'leverage': None, 'trailingUp': False, 'trailingDown': False, 'autoInitPos': None, 'stopTriggerType': None, 'pnlStopTriggerType': None, 'stopSlPnl': None, 'stopTpPnl': None, 'initialMargin': None, 'totalAdjustmentAmount': None, 'cps': False, 'trailingUpLimitPrice': None, 'trailingDownLimitPrice': None}",1,SPOT_GRID,LTCUSDT,0,,NOT_TRAILING,,1
True,Spot Grid,0,True,1.14,0,,2,1,2132,1827.71855676000000,170,140.46433240,,7.92,32736669,0.02409598,,,,8538445,"{'type': 'GEO', 'lowerLimit': '0.008000', 'upperLimit': '0.020000', 'gridCount': 170, 'triggerPrice': None, 'stopLowerLimit': None, 'stopUpperLimit': None, 'baseAsset': 'BNB', 'quoteAsset': 'BTC', 'leverage': None, 'trailingUp': False, 'trailingDown': False, 'autoInitPos': None, 'stopTriggerType': None, 'pnlStopTriggerType': None, 'stopSlPnl': None, 'stopTpPnl': None, 'initialMargin': None, 'totalAdjustmentAmount': None, 'cps': True, 'trailingUpLimitPrice': None, 'trailingDownLimitPrice': None}",1,SPOT_GRID,BNBBTC,0,,NOT_TRAILING,,1
True,Spot Grid,0,True,0.65,0,,1,1,3365,865.69000000000000,100,140.43330808,,14.04,53910128,0.02633976,,,,6683656,"{'type': 'ARITH', 'lowerLimit': '1950.00', 'upperLimit': '4950.00', 'gridCount': 100, 'triggerPrice': None, 'stopLowerLimit': None, 'stopUpperLimit': None, 'baseAsset': 'ETH', 'quoteAsset': 'USDT', 'leverage': None, 'trailingUp': True, 'trailingDown': False, 'autoInitPos': None, 'stopTriggerType': None, 'pnlStopTriggerType': None, 'stopSlPnl': None, 'stopTpPnl': None, 'initialMargin': None, 'totalAdjustmentAmount': None, 'cps': True, 'trailingUpLimitPrice': None, 'trailingDownLimitPrice': None}",1,SPOT_GRID,ETHUSDT,0,,TRAILING_UP,,1
True,Spot Grid,0,True,1.4,0,,1,1,4802,708.34000000000000,100,138.88013422,,6.94,57039556,0.01797051,,,,6327463,"{'type': 'ARITH', 'lowerLimit': '70000.00', 'upperLimit': '120000.00', 'gridCount': 100, 'triggerPrice': None, 'stopLowerLimit': None, 'stopUpperLimit': None, 'baseAsset': 'BTC', 'quoteAsset': 'USDT', 'leverage': None, 'trailingUp': False, 'trailingDown': False, 'autoInitPos': None, 'stopTriggerType': None, 'pnlStopTriggerType': None, 'stopSlPnl': None, 'stopTpPnl': None, 'initialMargin': None, 'totalAdjustmentAmount': None, 'cps': True, 'trailingUpLimitPrice': None, 'trailingDownLimitPrice': None}",1,SPOT_GRID,BTCUSDT,0,,NOT_TRAILING,,1
True,Spot Grid,0,False,0.49,0,,1,1,7171,260.52262000000000,170,138.21249888,,13.82,48152502,0.03078890,,,,7194635,"{'type': 'GEO', 'lowerLimit': '0.06434', 'upperLimit': '0.28780', 'gridCount': 170, 'triggerPrice': None, 'stopLowerLimit': None, 'stopUpperLimit': None, 'baseAsset': 'DOGE', 'quoteAsset': 'USDT', 'leverage': None, 'trailingUp': False, 'trailingDown': False, 'autoInitPos': None, 'stopTriggerType': None, 'pnlStopTriggerType': None, 'stopSlPnl': None, 'stopTpPnl': None, 'initialMargin': None, 'totalAdjustmentAmount': None, 'cps': False, 'trailingUpLimitPrice': None, 'trailingDownLimitPrice': None}",1,SPOT_GRID,DOGEUSDT,0,,NOT_TRAILING,,1
True,Spot Grid,0,False,0.76,0,,16,1,3506,350.00200000000000,61,137.96639999,,27.32,75168194,0.11723719,,,,4518361,"{'type': 'GEO', 'lowerLimit': '4.600', 'upperLimit': '8.300', 'gridCount': 61, 'triggerPrice': None, 'stopLowerLimit': None, 'stopUpperLimit': None, 'baseAsset': 'NEAR', 'quoteAsset': 'USDT', 'leverage': None, 'trailingUp': False, 'trailingDown': False, 'autoInitPos': None, 'stopTriggerType': None, 'pnlStopTriggerType': None, 'stopSlPnl': None, 'stopTpPnl': None, 'initialMargin': None, 'totalAdjustmentAmount': None, 'cps': False, 'trailingUpLimitPrice': None, 'trailingDownLimitPrice': None}",1,SPOT_GRID,NEARUSDT,0,,NOT_TRAILING,,1
True,Spot Grid,0,True,0.71,0,,1,1,1399,428.03000000000000,60,135.72160811,,9.24,57760068,0.01796593,,,,6173733,"{'type': 'GEO', 'lowerLimit': '70000.00', 'upperLimit': '130000.00', 'gridCount': 60, 'triggerPrice': None, 'stopLowerLimit': None, 'stopUpperLimit': None, 'baseAsset': 'BTC', 'quoteAsset': 'USDT', 'leverage': None, 'trailingUp': False, 'trailingDown': False, 'autoInitPos': None, 'stopTriggerType': None, 'pnlStopTriggerType': None, 'stopSlPnl': None, 'stopTpPnl': None, 'initialMargin': None, 'totalAdjustmentAmount': None, 'cps': True, 'trailingUpLimitPrice': None, 'trailingDownLimitPrice': None}",1,SPOT_GRID,BTCUSDT,0,,NOT_TRAILING,,1
True,Spot Grid,0,True,0.93,0,,2,1,3250,467.39876500000000,100,135.16426150,,13.72,50051634,0.02340609,,,,7060129,"{'type': 'ARITH', 'lowerLimit': '0.1860', 'upperLimit': '0.3860', 'gridCount': 100, 'triggerPrice': None, 'stopLowerLimit': None, 'stopUpperLimit': '0.4000', 'baseAsset': 'BNB', 'quoteAsset': 'ETH', 'leverage': None, 'trailingUp': True, 'trailingDown': False, 'autoInitPos': None, 'stopTriggerType': None, 'pnlStopTriggerType': None, 'stopSlPnl': None, 'stopTpPnl': None, 'initialMargin': None, 'totalAdjustmentAmount': None, 'cps': True, 'trailingUpLimitPrice': None, 'trailingDownLimitPrice': None}",1,SPOT_GRID,BNBETH,0,,TRAILING_UP,,1
True,Spot Grid,0,False,1.07,0,,1,1,2583,1002.68020800000000,130,134.87509106,,2.96,34517599,0.01048039,,,,8373314,"{'type': 'GEO', 'lowerLimit': '50000.00', 'upperLimit': '111000.00', 'gridCount': 130, 'triggerPrice': None, 'stopLowerLimit': None, 'stopUpperLimit': None, 'baseAsset': 'BTC', 'quoteAsset': 'USDC', 'leverage': None, 'trailingUp': False, 'trailingDown': False, 'autoInitPos': None, 'stopTriggerType': None, 'pnlStopTriggerType': None, 'stopSlPnl': None, 'stopTpPnl': None, 'initialMargin': None, 'totalAdjustmentAmount': None, 'cps': False, 'trailingUpLimitPrice': None, 'trailingDownLimitPrice': None}",1,SPOT_GRID,BTCUSDC,0,,NOT_TRAILING,,1
True,Spot Grid,0,False,1.14,0,,2,1,2134,1825.83407034000000,170,134.08988408,,7.86,32809912,0.02506055,,,,8532272,"{'type': 'GEO', 'lowerLimit': '0.008000', 'upperLimit': '0.020000', 'gridCount': 170, 'triggerPrice': None, 'stopLowerLimit': None, 'stopUpperLimit': None, 'baseAsset': 'BNB', 'quoteAsset': 'BTC', 'leverage': None, 'trailingUp': False, 'trailingDown': False, 'autoInitPos': None, 'stopTriggerType': None, 'pnlStopTriggerType': None, 'stopSlPnl': None, 'stopTpPnl': None, 'initialMargin': None, 'totalAdjustmentAmount': None, 'cps': False, 'trailingUpLimitPrice': None, 'trailingDownLimitPrice': None}",1,SPOT_GRID,BNBBTC,0,,NOT_TRAILING,,1
True,Spot Grid,0,True,0.5,0,,1,1,1273,844.91000000000000,88,133.59252912,,13.35,48413596,0.01554436,,,,7173737,"{'type': 'ARITH', 'lowerLimit': '44580.15', 'upperLimit': '123896.62', 'gridCount': 88, 'triggerPrice': None, 'stopLowerLimit': None, 'stopUpperLimit': None, 'baseAsset': 'BTC', 'quoteAsset': 'USDT', 'leverage': None, 'trailingUp': False, 'trailingDown': False, 'autoInitPos': None, 'stopTriggerType': None, 'pnlStopTriggerType': None, 'stopSlPnl': None, 'stopTpPnl': None, 'initialMargin': None, 'totalAdjustmentAmount': None, 'cps': True, 'trailingUpLimitPrice': None, 'trailingDownLimitPrice': None}",1,SPOT_GRID,BTCUSDT,0,,NOT_TRAILING,,1
True,Spot Grid,0,True,3.61,0,,14,1,7997,580.84495200000000,100,132.91832508,,4.94,37799037,0.02199839,,,,8074932,"{'type': 'ARITH', 'lowerLimit': '721.00', 'upperLimit': '921.00', 'gridCount': 100, 'triggerPrice': None, 'stopLowerLimit': None, 'stopUpperLimit': None, 'baseAsset': 'BNB', 'quoteAsset': 'FDUSD', 'leverage': None, 'trailingUp': False, 'trailingDown': False, 'autoInitPos': None, 'stopTriggerType': None, 'pnlStopTriggerType': None, 'stopSlPnl': None, 'stopTpPnl': None, 'initialMargin': None, 'totalAdjustmentAmount': None, 'cps': True, 'trailingUpLimitPrice': None, 'trailingDownLimitPrice': None}",1,SPOT_GRID,BNBFDUSD,0,,NOT_TRAILING,,1
True,Spot Grid,0,False,0.8,0,,1,1,3350,331.52983500000000,60,131.04731790,,13.10,52535486,0.03418911,,,,6854790,"{'type': 'ARITH', 'lowerLimit': '120.00', 'upperLimit': '210.00', 'gridCount': 60, 'triggerPrice': None, 'stopLowerLimit': None, 'stopUpperLimit': None, 'baseAsset': 'SOL', 'quoteAsset': 'USDC', 'leverage': None, 'trailingUp': False, 'trailingDown': False, 'autoInitPos': None, 'stopTriggerType': None, 'pnlStopTriggerType': None, 'stopSlPnl': None, 'stopTpPnl': None, 'initialMargin': None, 'totalAdjustmentAmount': None, 'cps': False, 'trailingUpLimitPrice': None, 'trailingDownLimitPrice': None}",1,SPOT_GRID,SOLUSDC,0,,NOT_TRAILING,,1
True,Spot Grid,1,True,0.63,0,,1,1,4230,992.07936000000000,115,130.86146506,,13.08,58756966,0.02570247,,,,5967159,"{'type': 'ARITH', 'lowerLimit': '1780.52', 'upperLimit': '5064.16', 'gridCount': 115, 'triggerPrice': None, 'stopLowerLimit': None, 'stopUpperLimit': None, 'baseAsset': 'ETH', 'quoteAsset': 'USDC', 'leverage': None, 'trailingUp': True, 'trailingDown': False, 'autoInitPos': None, 'stopTriggerType': None, 'pnlStopTriggerType': None, 'stopSlPnl': None, 'stopTpPnl': None, 'initialMargin': None, 'totalAdjustmentAmount': None, 'cps': True, 'trailingUpLimitPrice': None, 'trailingDownLimitPrice': None}",1,SPOT_GRID,ETHUSDC,0,,TRAILING_UP,,1
True,Spot Grid,0,False,0.84,0,,2,1,4511,785.15382400000000,170,129.88934818,,16.53,56861253,0.01338470,,,,6352785,"{'type': 'GEO', 'lowerLimit': '0.1270', 'upperLimit': '0.3861', 'gridCount': 170, 'triggerPrice': None, 'stopLowerLimit': None, 'stopUpperLimit': None, 'baseAsset': 'BNB', 'quoteAsset': 'ETH', 'leverage': None, 'trailingUp': True, 'trailingDown': False, 'autoInitPos': None, 'stopTriggerType': None, 'pnlStopTriggerType': None, 'stopSlPnl': None, 'stopTpPnl': None, 'initialMargin': None, 'totalAdjustmentAmount': None, 'cps': False, 'trailingUpLimitPrice': None, 'trailingDownLimitPrice': None}",1,SPOT_GRID,BNBETH,0,,TRAILING_UP,,1
True,Spot Grid,0,False,0.46,0,,1,1,2469,1934.94000000000000,163,128.28436336,,4.27,55810882,0.01734422,,,,6487105,"{'type': 'ARITH', 'lowerLimit': '34199.54', 'upperLimit': '156466.63', 'gridCount': 163, 'triggerPrice': None, 'stopLowerLimit': None, 'stopUpperLimit': None, 'baseAsset': 'BTC', 'quoteAsset': 'USDT', 'leverage': None, 'trailingUp': False, 'trailingDown': False, 'autoInitPos': None, 'stopTriggerType': None, 'pnlStopTriggerType': None, 'stopSlPnl': None, 'stopTpPnl': None, 'initialMargin': None, 'totalAdjustmentAmount': None, 'cps': False, 'trailingUpLimitPrice': None, 'trailingDownLimitPrice': None}",1,SPOT_GRID,BTCUSDT,0,,NOT_TRAILING,,1
True,Spot Grid,0,True,0.92,0,,1,1,4240,940.69000000000000,113,127.89863070,,12.78,58533779,0.01581762,,,,6012407,"{'type': 'ARITH', 'lowerLimit': '54330.99', 'upperLimit': '121174.11', 'gridCount': 113, 'triggerPrice': None, 'stopLowerLimit': None, 'stopUpperLimit': None, 'baseAsset': 'BTC', 'quoteAsset': 'USDT', 'leverage': None, 'trailingUp': False, 'trailingDown': False, 'autoInitPos': None, 'stopTriggerType': None, 'pnlStopTriggerType': None, 'stopSlPnl': None, 'stopTpPnl': None, 'initialMargin': None, 'totalAdjustmentAmount': None, 'cps': True, 'trailingUpLimitPrice': None, 'trailingDownLimitPrice': None}",1,SPOT_GRID,BTCUSDT,0,,NOT_TRAILING,,1
True,Spot Grid,0,True,0.59,0,,1,1,4948,554.07100000000000,88,126.89976791,,15.86,57800744,0.07680171,,,,6163689,"{'type': 'ARITH', 'lowerLimit': '12.000', 'upperLimit': '30.000', 'gridCount': 88, 'triggerPrice': None, 'stopLowerLimit': None, 'stopUpperLimit': None, 'baseAsset': 'LINK', 'quoteAsset': 'USDT', 'leverage': None, 'trailingUp': False, 'trailingDown': False, 'autoInitPos': None, 'stopTriggerType': None, 'pnlStopTriggerType': None, 'stopSlPnl': None, 'stopTpPnl': None, 'initialMargin': None, 'totalAdjustmentAmount': None, 'cps': True, 'trailingUpLimitPrice': None, 'trailingDownLimitPrice': None}",1,SPOT_GRID,LINKUSDT,0,,NOT_TRAILING,,1
True,Spot Grid,0,True,0.59,0,,1,1,4909,555.05800000000000,88,125.60024492,,15.87,57754412,0.07692670,,,,6175179,"{'type': 'ARITH', 'lowerLimit': '12.000', 'upperLimit': '30.000', 'gridCount': 88, 'triggerPrice': None, 'stopLowerLimit': None, 'stopUpperLimit': None, 'baseAsset': 'LINK', 'quoteAsset': 'USDT', 'leverage': None, 'trailingUp': False, 'trailingDown': False, 'autoInitPos': None, 'stopTriggerType': None, 'pnlStopTriggerType': None, 'stopSlPnl': None, 'stopTpPnl': None, 'initialMargin': None, 'totalAdjustmentAmount': None, 'cps': True, 'trailingUpLimitPrice': None, 'trailingDownLimitPrice': None}",1,SPOT_GRID,LINKUSDT,0,,NOT_TRAILING,,1
True,Spot Grid,0,True,1.08,0,,1,1,4612,825.22000000000000,107,124.43708751,,12.44,58975402,0.01664647,,,,5913480,"{'type': 'ARITH', 'lowerLimit': '60857.93', 'upperLimit': '121215.71', 'gridCount': 107, 'triggerPrice': None, 'stopLowerLimit': None, 'stopUpperLimit': None, 'baseAsset': 'BTC', 'quoteAsset': 'USDT', 'leverage': None, 'trailingUp': False, 'trailingDown': False, 'autoInitPos': None, 'stopTriggerType': None, 'pnlStopTriggerType': None, 'stopSlPnl': None, 'stopTpPnl': None, 'initialMargin': None, 'totalAdjustmentAmount': None, 'cps': True, 'trailingUpLimitPrice': None, 'trailingDownLimitPrice': None}",1,SPOT_GRID,BTCUSDT,0,,NOT_TRAILING,,1
True,Spot Grid,0,False,0.58,0,,1,1,2260,444.64000000000000,50,124.34099929,,27.66,75425513,0.03671164,,,,4485659,"{'type': 'GEO', 'lowerLimit': '2639.38', 'upperLimit': '4934.55', 'gridCount': 50, 'triggerPrice': None, 'stopLowerLimit': None, 'stopUpperLimit': None, 'baseAsset': 'ETH', 'quoteAsset': 'USDT', 'leverage': None, 'trailingUp': True, 'trailingDown': False, 'autoInitPos': None, 'stopTriggerType': None, 'pnlStopTriggerType': None, 'stopSlPnl': None, 'stopTpPnl': None, 'initialMargin': None, 'totalAdjustmentAmount': None, 'cps': False, 'trailingUpLimitPrice': None, 'trailingDownLimitPrice': None}",1,SPOT_GRID,ETHUSDT,0,,TRAILING_UP,,1
True,Spot Grid,0,True,0.6,0,,3,1,1523,690.29632000000000,120,124.05001126,,14.51,32774503,0.00424470,,,,8534784,"{'type': 'ARITH', 'lowerLimit': '0.1000', 'upperLimit': '0.3000', 'gridCount': 120, 'triggerPrice': None, 'stopLowerLimit': None, 'stopUpperLimit': None, 'baseAsset': 'BNB', 'quoteAsset': 'ETH', 'leverage': None, 'trailingUp': False, 'trailingDown': False, 'autoInitPos': None, 'stopTriggerType': None, 'pnlStopTriggerType': None, 'stopSlPnl': None, 'stopTpPnl': None, 'initialMargin': None, 'totalAdjustmentAmount': None, 'cps': True, 'trailingUpLimitPrice': None, 'trailingDownLimitPrice': None}",1,SPOT_GRID,BNBETH,0,,NOT_TRAILING,,1
True,Spot Grid,0,False,0.31,0,,1,1,1120,865.69000000000000,100,123.95080550,,6.19,36900837,0.01770539,,,,8156517,"{'type': 'GEO', 'lowerLimit': '1500.00', 'upperLimit': '6500.00', 'gridCount': 100, 'triggerPrice': None, 'stopLowerLimit': None, 'stopUpperLimit': None, 'baseAsset': 'ETH', 'quoteAsset': 'USDT', 'leverage': None, 'trailingUp': True, 'trailingDown': False, 'autoInitPos': None, 'stopTriggerType': None, 'pnlStopTriggerType': None, 'stopSlPnl': None, 'stopTpPnl': None, 'initialMargin': None, 'totalAdjustmentAmount': None, 'cps': False, 'trailingUpLimitPrice': None, 'trailingDownLimitPrice': None}",1,SPOT_GRID,ETHUSDT,0,,TRAILING_UP,,1
True,Spot Grid,0,True,0.95,0,,1,1,3319,192.20000000000000,34,123.34180484,,55.06,72744063,0.03913102,,,,4802273,"{'type': 'ARITH', 'lowerLimit': '120.25', 'upperLimit': '163.42', 'gridCount': 34, 'triggerPrice': None, 'stopLowerLimit': None, 'stopUpperLimit': None, 'baseAsset': 'SOL', 'quoteAsset': 'USDT', 'leverage': None, 'trailingUp': False, 'trailingDown': False, 'autoInitPos': None, 'stopTriggerType': None, 'pnlStopTriggerType': None, 'stopSlPnl': None, 'stopTpPnl': None, 'initialMargin': None, 'totalAdjustmentAmount': None, 'cps': True, 'trailingUpLimitPrice': None, 'trailingDownLimitPrice': None}",1,SPOT_GRID,SOLUSDT,0,,NOT_TRAILING,,1
True,Spot Grid,0,False,0.6,0,,3,1,1522,690.29632000000000,120,121.72370587,,15.04,32861358,0.00421806,,,,8527580,"{'type': 'ARITH', 'lowerLimit': '0.1000', 'upperLimit': '0.3000', 'gridCount': 120, 'triggerPrice': None, 'stopLowerLimit': None, 'stopUpperLimit': None, 'baseAsset': 'BNB', 'quoteAsset': 'ETH', 'leverage': None, 'trailingUp': False, 'trailingDown': False, 'autoInitPos': None, 'stopTriggerType': None, 'pnlStopTriggerType': None, 'stopSlPnl': None, 'stopTpPnl': None, 'initialMargin': None, 'totalAdjustmentAmount': None, 'cps': False, 'trailingUpLimitPrice': None, 'trailingDownLimitPrice': None}",1,SPOT_GRID,BNBETH,0,,NOT_TRAILING,,1
True,Spot Grid,0,True,2.12,0,,1,1,1325,131.86100000000000,23,121.35161466,,9.86,32940651,0.08933953,,,,8518476,"{'type': 'ARITH', 'lowerLimit': '9.058', 'upperLimit': '10.041', 'gridCount': 23, 'triggerPrice': None, 'stopLowerLimit': None, 'stopUpperLimit': None, 'baseAsset': 'UNI', 'quoteAsset': 'USDT', 'leverage': None, 'trailingUp': False, 'trailingDown': False, 'autoInitPos': None, 'stopTriggerType': None, 'pnlStopTriggerType': None, 'stopSlPnl': None, 'stopTpPnl': None, 'initialMargin': None, 'totalAdjustmentAmount': None, 'cps': True, 'trailingUpLimitPrice': None, 'trailingDownLimitPrice': None}",1,SPOT_GRID,UNIUSDT,0,,NOT_TRAILING,,1
True,Spot Grid,0,False,3.5,0,,5,1,23118,615.78000000000000,100,121.15960676,,12.11,67522560,0.00097550,,,,5136239,"{'type': 'ARITH', 'lowerLimit': '2100.00', 'upperLimit': '2700.00', 'gridCount': 100, 'triggerPrice': None, 'stopLowerLimit': None, 'stopUpperLimit': None, 'baseAsset': 'ETH', 'quoteAsset': 'USDT', 'leverage': None, 'trailingUp': False, 'trailingDown': False, 'autoInitPos': None, 'stopTriggerType': None, 'pnlStopTriggerType': None, 'stopSlPnl': None, 'stopTpPnl': None, 'initialMargin': None, 'totalAdjustmentAmount': None, 'cps': False, 'trailingUpLimitPrice': None, 'trailingDownLimitPrice': None}",1,SPOT_GRID,ETHUSDT,0,,NOT_TRAILING,,1
True,Spot Grid,0,True,2.06,0,,6,1,3874,523.76711732000000,49,120.60046422,,18.78,72910663,0.01247159,,,,4790905,"{'type': 'ARITH', 'lowerLimit': '0.008094', 'upperLimit': '0.010027', 'gridCount': 49, 'triggerPrice': None, 'stopLowerLimit': None, 'stopUpperLimit': None, 'baseAsset': 'BNB', 'quoteAsset': 'BTC', 'leverage': None, 'trailingUp': False, 'trailingDown': False, 'autoInitPos': None, 'stopTriggerType': None, 'pnlStopTriggerType': None, 'stopSlPnl': None, 'stopTpPnl': None, 'initialMargin': None, 'totalAdjustmentAmount': None, 'cps': True, 'trailingUpLimitPrice': None, 'trailingDownLimitPrice': None}",1,SPOT_GRID,BNBBTC,0,,NOT_TRAILING,,1
True,Spot Grid,0,False,0.81,0,,1,1,3888,1161.46000000000000,129,118.89710462,,5.94,57761098,0.01543460,,,,6173375,"{'type': 'ARITH', 'lowerLimit': '49023.99', 'upperLimit': '127968.78', 'gridCount': 129, 'triggerPrice': None, 'stopLowerLimit': None, 'stopUpperLimit': None, 'baseAsset': 'BTC', 'quoteAsset': 'USDT', 'leverage': None, 'trailingUp': False, 'trailingDown': False, 'autoInitPos': None, 'stopTriggerType': None, 'pnlStopTriggerType': None, 'stopSlPnl': None, 'stopTpPnl': None, 'initialMargin': None, 'totalAdjustmentAmount': None, 'cps': False, 'trailingUpLimitPrice': None, 'trailingDownLimitPrice': None}",1,SPOT_GRID,BTCUSDT,0,,NOT_TRAILING,,1
True,Spot Grid,0,False,1.36,0,,1,1,5213,1453.99587200000000,170,118.76204585,,8.16,33211112,0.02222410,,,,8492080,"{'type': 'ARITH', 'lowerLimit': '2109.06', 'upperLimit': '4759.06', 'gridCount': 170, 'triggerPrice': None, 'stopLowerLimit': None, 'stopUpperLimit': None, 'baseAsset': 'ETH', 'quoteAsset': 'FDUSD', 'leverage': None, 'trailingUp': True, 'trailingDown': False, 'autoInitPos': None, 'stopTriggerType': None, 'pnlStopTriggerType': None, 'stopSlPnl': None, 'stopTpPnl': None, 'initialMargin': None, 'totalAdjustmentAmount': None, 'cps': False, 'trailingUpLimitPrice': None, 'trailingDownLimitPrice': None}",1,SPOT_GRID,ETHFDUSD,0,,TRAILING_UP,,1
True,Spot Grid,0,True,0.59,0,,1,1,4835,553.73100000000000,88,116.12918328,,14.49,57528818,0.07604210,,,,6230915,"{'type': 'ARITH', 'lowerLimit': '12.000', 'upperLimit': '30.000', 'gridCount': 88, 'triggerPrice': None, 'stopLowerLimit': None, 'stopUpperLimit': None, 'baseAsset': 'LINK', 'quoteAsset': 'USDT', 'leverage': None, 'trailingUp': False, 'trailingDown': False, 'autoInitPos': None, 'stopTriggerType': None, 'pnlStopTriggerType': None, 'stopSlPnl': None, 'stopTpPnl': None, 'initialMargin': None, 'totalAdjustmentAmount': None, 'cps': True, 'trailingUpLimitPrice': None, 'trailingDownLimitPrice': None}",1,SPOT_GRID,LINKUSDT,0,,NOT_TRAILING,,1
True,Spot Grid,0,False,0.72,0,,1,1,1987,702.93000000000000,100,114.71809724,,1.01,59572005,0.02088065,,,,5788547,"{'type': 'ARITH', 'lowerLimit': '62500.00', 'upperLimit': '150000.00', 'gridCount': 100, 'triggerPrice': None, 'stopLowerLimit': None, 'stopUpperLimit': None, 'baseAsset': 'BTC', 'quoteAsset': 'USDT', 'leverage': None, 'trailingUp': False, 'trailingDown': False, 'autoInitPos': None, 'stopTriggerType': None, 'pnlStopTriggerType': None, 'stopSlPnl': None, 'stopTpPnl': None, 'initialMargin': None, 'totalAdjustmentAmount': None, 'cps': False, 'trailingUpLimitPrice': None, 'trailingDownLimitPrice': None}",1,SPOT_GRID,BTCUSDT,0,,NOT_TRAILING,,1
True,Spot Grid,0,True,0.34,0,,1,1,3194,1000.43000000000000,116,112.49162707,,11.23,56273762,0.03176334,,,,6434484,"{'type': 'GEO', 'lowerLimit': '65.67', 'upperLimit': '295.61', 'gridCount': 116, 'triggerPrice': None, 'stopLowerLimit': None, 'stopUpperLimit': '320.00', 'baseAsset': 'SOL', 'quoteAsset': 'USDT', 'leverage': None, 'trailingUp': True, 'trailingDown': False, 'autoInitPos': None, 'stopTriggerType': None, 'pnlStopTriggerType': None, 'stopSlPnl': None, 'stopTpPnl': None, 'initialMargin': None, 'totalAdjustmentAmount': None, 'cps': True, 'trailingUpLimitPrice': None, 'trailingDownLimitPrice': None}",1,SPOT_GRID,SOLUSDT,0,,TRAILING_UP,,1
True,Spot Grid,0,True,0.9,0,,1,1,1967,185.26000000000000,31,111.53601462,,36.44,77896652,0.02596327,,,,4231147,"{'type': 'ARITH', 'lowerLimit': '2631.32', 'upperLimit': '3544.81', 'gridCount': 31, 'triggerPrice': None, 'stopLowerLimit': None, 'stopUpperLimit': None, 'baseAsset': 'ETH', 'quoteAsset': 'USDT', 'leverage': None, 'trailingUp': False, 'trailingDown': False, 'autoInitPos': None, 'stopTriggerType': None, 'pnlStopTriggerType': None, 'stopSlPnl': None, 'stopTpPnl': None, 'initialMargin': None, 'totalAdjustmentAmount': None, 'cps': True, 'trailingUpLimitPrice': None, 'trailingDownLimitPrice': None}",1,SPOT_GRID,ETHUSDT,0,,NOT_TRAILING,,1
True,Spot Grid,0,False,0.45,0,,1,1,1028,865.69000000000000,100,110.93254903,,1.10,39105544,0.01406860,,,,7894089,"{'type': 'ARITH', 'lowerLimit': '40000.00', 'upperLimit': '130000.00', 'gridCount': 100, 'triggerPrice': None, 'stopLowerLimit': None, 'stopUpperLimit': None, 'baseAsset': 'BTC', 'quoteAsset': 'USDT', 'leverage': None, 'trailingUp': True, 'trailingDown': False, 'autoInitPos': None, 'stopTriggerType': None, 'pnlStopTriggerType': None, 'stopSlPnl': None, 'stopTpPnl': None, 'initialMargin': None, 'totalAdjustmentAmount': None, 'cps': False, 'trailingUpLimitPrice': None, 'trailingDownLimitPrice': None}",1,SPOT_GRID,BTCUSDT,0,,TRAILING_UP,,1
True,Spot Grid,0,False,0.47,0,,1,1,4299,785.04031103300000,170,110.92863700,,14.12,52587447,0.05081793,,,,6848034,"{'type': 'GEO', 'lowerLimit': '0.00003890', 'upperLimit': '0.00018000', 'gridCount': 170, 'triggerPrice': None, 'stopLowerLimit': None, 'stopUpperLimit': None, 'baseAsset': 'XLM', 'quoteAsset': 'ETH', 'leverage': None, 'trailingUp': True, 'trailingDown': False, 'autoInitPos': None, 'stopTriggerType': None, 'pnlStopTriggerType': None, 'stopSlPnl': None, 'stopTpPnl': None, 'initialMargin': None, 'totalAdjustmentAmount': None, 'cps': False, 'trailingUpLimitPrice': None, 'trailingDownLimitPrice': None}",1,SPOT_GRID,XLMETH,0,,TRAILING_UP,,1
True,Spot Grid,1,True,0.83,0,,3,1,697,128.28000000000000,20,110.87724184,,55.43,67254839,0.01304602,,,,5149778,"{'type': 'ARITH', 'lowerLimit': '58.00', 'upperLimit': '72.00', 'gridCount': 20, 'triggerPrice': None, 'stopLowerLimit': None, 'stopUpperLimit': None, 'baseAsset': 'LTC', 'quoteAsset': 'USDT', 'leverage': None, 'trailingUp': False, 'trailingDown': False, 'autoInitPos': None, 'stopTriggerType': None, 'pnlStopTriggerType': None, 'stopSlPnl': None, 'stopTpPnl': None, 'initialMargin': None, 'totalAdjustmentAmount': None, 'cps': True, 'trailingUpLimitPrice': None, 'trailingDownLimitPrice': None}",1,SPOT_GRID,LTCUSDT,0,,NOT_TRAILING,,1
True,Spot Grid,0,True,0.8,0,,1,1,1174,1033.03026240000000,80,110.78333941,,8.20,38026550,0.01217384,,,,8042675,"{'type': 'ARITH', 'lowerLimit': '0.02000', 'upperLimit': '0.04000', 'gridCount': 80, 'triggerPrice': None, 'stopLowerLimit': None, 'stopUpperLimit': None, 'baseAsset': 'ETH', 'quoteAsset': 'BTC', 'leverage': None, 'trailingUp': False, 'trailingDown': False, 'autoInitPos': None, 'stopTriggerType': None, 'pnlStopTriggerType': None, 'stopSlPnl': None, 'stopTpPnl': None, 'initialMargin': None, 'totalAdjustmentAmount': None, 'cps': True, 'trailingUpLimitPrice': None, 'trailingDownLimitPrice': None}",1,SPOT_GRID,ETHBTC,0,,NOT_TRAILING,,1
True,Spot Grid,0,False,2.96,0,,9,1,3460,458.12100259000000,46,110.73903923,,8.59,63753308,0.01022497,,,,5375475,"{'type': 'ARITH', 'lowerLimit': '0.008339', 'upperLimit': '0.009636', 'gridCount': 46, 'triggerPrice': None, 'stopLowerLimit': None, 'stopUpperLimit': None, 'baseAsset': 'BNB', 'quoteAsset': 'BTC', 'leverage': None, 'trailingUp': False, 'trailingDown': False, 'autoInitPos': None, 'stopTriggerType': None, 'pnlStopTriggerType': None, 'stopSlPnl': None, 'stopTpPnl': None, 'initialMargin': None, 'totalAdjustmentAmount': None, 'cps': False, 'trailingUpLimitPrice': None, 'trailingDownLimitPrice': None}",1,SPOT_GRID,BNBBTC,0,,NOT_TRAILING,,1
True,Spot Grid,0,False,0.48,0,,5,1,3504,1285.27000000000000,150,110.68137826,,3.64,38026115,0.03665484,,,,8042792,"{'type': 'GEO', 'lowerLimit': '40.00', 'upperLimit': '165.00', 'gridCount': 150, 'triggerPrice': None, 'stopLowerLimit': None, 'stopUpperLimit': None, 'baseAsset': 'LTC', 'quoteAsset': 'USDT', 'leverage': None, 'trailingUp': False, 'trailingDown': False, 'autoInitPos': None, 'stopTriggerType': None, 'pnlStopTriggerType': None, 'stopSlPnl': None, 'stopTpPnl': None, 'initialMargin': None, 'totalAdjustmentAmount': None, 'cps': False, 'trailingUpLimitPrice': None, 'trailingDownLimitPrice': None}",1,SPOT_GRID,LTCUSDT,0,,NOT_TRAILING,,1
True,Spot Grid,0,True,0.59,0,,1,1,4804,554.13900000000000,88,109.45257923,,10.94,57464046,0.07360805,,,,6245402,"{'type': 'ARITH', 'lowerLimit': '12.000', 'upperLimit': '30.000', 'gridCount': 88, 'triggerPrice': None, 'stopLowerLimit': None, 'stopUpperLimit': None, 'baseAsset': 'LINK', 'quoteAsset': 'USDT', 'leverage': None, 'trailingUp': False, 'trailingDown': False, 'autoInitPos': None, 'stopTriggerType': None, 'pnlStopTriggerType': None, 'stopSlPnl': None, 'stopTpPnl': None, 'initialMargin': None, 'totalAdjustmentAmount': None, 'cps': True, 'trailingUpLimitPrice': None, 'trailingDownLimitPrice': None}",1,SPOT_GRID,LINKUSDT,0,,NOT_TRAILING,,1
True,Spot Grid,0,True,0.64,0,,1,1,403,719.29526490000000,55,109.19926569,,13.80,33780303,0.00606697,,,,8427561,"{'type': 'GEO', 'lowerLimit': '0.005400', 'upperLimit': '0.010114', 'gridCount': 55, 'triggerPrice': None, 'stopLowerLimit': None, 'stopUpperLimit': None, 'baseAsset': 'BNB', 'quoteAsset': 'BTC', 'leverage': None, 'trailingUp': False, 'trailingDown': False, 'autoInitPos': None, 'stopTriggerType': None, 'pnlStopTriggerType': None, 'stopSlPnl': None, 'stopTpPnl': None, 'initialMargin': None, 'totalAdjustmentAmount': None, 'cps': True, 'trailingUpLimitPrice': None, 'trailingDownLimitPrice': None}",1,SPOT_GRID,BNBBTC,0,,NOT_TRAILING,,1
True,Spot Grid,0,True,0.59,0,,1,1,1727,225.86000000000000,35,109.17480950,,34.14,70643616,0.02853691,,,,4931547,"{'type': 'ARITH', 'lowerLimit': '100.00', 'upperLimit': '160.00', 'gridCount': 35, 'triggerPrice': None, 'stopLowerLimit': None, 'stopUpperLimit': None, 'baseAsset': 'SOL', 'quoteAsset': 'USDT', 'leverage': None, 'trailingUp': False, 'trailingDown': False, 'autoInitPos': None, 'stopTriggerType': None, 'pnlStopTriggerType': None, 'stopSlPnl': None, 'stopTpPnl': None, 'initialMargin': None, 'totalAdjustmentAmount': None, 'cps': True, 'trailingUpLimitPrice': None, 'trailingDownLimitPrice': None}",1,SPOT_GRID,SOLUSDT,0,,NOT_TRAILING,,1
True,Spot Grid,0,True,0.94,0,,2,1,1770,469.19352708000000,40,108.46431513,,21.47,80610562,0.00838704,,,,3791560,"{'type': 'ARITH', 'lowerLimit': '0.007000', 'upperLimit': '0.010000', 'gridCount': 40, 'triggerPrice': None, 'stopLowerLimit': None, 'stopUpperLimit': None, 'baseAsset': 'BNB', 'quoteAsset': 'BTC', 'leverage': None, 'trailingUp': False, 'trailingDown': False, 'autoInitPos': None, 'stopTriggerType': None, 'pnlStopTriggerType': None, 'stopSlPnl': None, 'stopTpPnl': None, 'initialMargin': None, 'totalAdjustmentAmount': None, 'cps': True, 'trailingUpLimitPrice': None, 'trailingDownLimitPrice': None}",1,SPOT_GRID,BNBBTC,0,,NOT_TRAILING,,1
True,Spot Grid,0,True,1.72,0,,2,1,9503,546.74000000000000,100,107.52175609,,11.10,49882914,0.03808008,,,,7073181,"{'type': 'ARITH', 'lowerLimit': '120.00', 'upperLimit': '190.00', 'gridCount': 100, 'triggerPrice': None, 'stopLowerLimit': None, 'stopUpperLimit': None, 'baseAsset': 'SOL', 'quoteAsset': 'USDT', 'leverage': None, 'trailingUp': False, 'trailingDown': False, 'autoInitPos': None, 'stopTriggerType': None, 'pnlStopTriggerType': None, 'stopSlPnl': None, 'stopTpPnl': None, 'initialMargin': None, 'totalAdjustmentAmount': None, 'cps': True, 'trailingUpLimitPrice': None, 'trailingDownLimitPrice': None}",1,SPOT_GRID,SOLUSDT,0,,NOT_TRAILING,,1
True,Spot Grid,0,True,0.48,0,,1,1,1226,874.56000000000000,91,105.51422733,,11.99,48713891,0.01618639,,,,7154037,"{'type': 'ARITH', 'lowerLimit': '43689.46', 'upperLimit': '127271.72', 'gridCount': 91, 'triggerPrice': None, 'stopLowerLimit': None, 'stopUpperLimit': None, 'baseAsset': 'BTC', 'quoteAsset': 'USDT', 'leverage': None, 'trailingUp': False, 'trailingDown': False, 'autoInitPos': None, 'stopTriggerType': None, 'pnlStopTriggerType': None, 'stopSlPnl': None, 'stopTpPnl': None, 'initialMargin': None, 'totalAdjustmentAmount': None, 'cps': True, 'trailingUpLimitPrice': None, 'trailingDownLimitPrice': None}",1,SPOT_GRID,BTCUSDT,0,,NOT_TRAILING,,1
True,Spot Grid,0,True,0.09,0,,1,1,141,318.34546560000000,35,104.37930867,,4.74,34018521,0.03889618,,,,8408135,"{'type': 'GEO', 'lowerLimit': '36.00', 'upperLimit': '180.00', 'gridCount': 35, 'triggerPrice': None, 'stopLowerLimit': '22.00', 'stopUpperLimit': None, 'baseAsset': 'LTC', 'quoteAsset': 'USDC', 'leverage': None, 'trailingUp': True, 'trailingDown': False, 'autoInitPos': None, 'stopTriggerType': None, 'pnlStopTriggerType': None, 'stopSlPnl': None, 'stopTpPnl': None, 'initialMargin': None, 'totalAdjustmentAmount': None, 'cps': True, 'trailingUpLimitPrice': None, 'trailingDownLimitPrice': None}",1,SPOT_GRID,LTCUSDC,0,,TRAILING_UP,,1
True,Spot Grid,27,True,0.49,0,,1,1,2142,72.07587560880000,59,103.72820738,,34.57,46296060,0.04069358,,,,7318670,"{'type': 'GEO', 'lowerLimit': '0.09000', 'upperLimit': '0.20000', 'gridCount': 59, 'triggerPrice': None, 'stopLowerLimit': None, 'stopUpperLimit': None, 'baseAsset': 'DOGE', 'quoteAsset': 'USDC', 'leverage': None, 'trailingUp': False, 'trailingDown': False, 'autoInitPos': None, 'stopTriggerType': None, 'pnlStopTriggerType': None, 'stopSlPnl': None, 'stopTpPnl': None, 'initialMargin': None, 'totalAdjustmentAmount': None, 'cps': True, 'trailingUpLimitPrice': None, 'trailingDownLimitPrice': None}",1,SPOT_GRID,DOGEUSDC,0,,NOT_TRAILING,,1
True,Spot Grid,0,True,0.78,0,,1,1,2845,769.70000000000000,101,102.49338618,,12.65,58501743,0.01752426,,,,6017272,"{'type': 'ARITH', 'lowerLimit': '55772.78', 'upperLimit': '128715.17', 'gridCount': 101, 'triggerPrice': None, 'stopLowerLimit': None, 'stopUpperLimit': None, 'baseAsset': 'BTC', 'quoteAsset': 'USDT', 'leverage': None, 'trailingUp': False, 'trailingDown': False, 'autoInitPos': None, 'stopTriggerType': None, 'pnlStopTriggerType': None, 'stopSlPnl': None, 'stopTpPnl': None, 'initialMargin': None, 'totalAdjustmentAmount': None, 'cps': True, 'trailingUpLimitPrice': None, 'trailingDownLimitPrice': None}",1,SPOT_GRID,BTCUSDT,0,,NOT_TRAILING,,1
True,Spot Grid,1,False,0.21,0,,2,1,472,93.44190000000000,14,101.67497014,,77.62,80277721,0.12548845,,,,3856072,"{'type': 'ARITH', 'lowerLimit': '1.8000', 'upperLimit': '3.0000', 'gridCount': 14, 'triggerPrice': None, 'stopLowerLimit': None, 'stopUpperLimit': None, 'baseAsset': 'RAY', 'quoteAsset': 'USDT', 'leverage': None, 'trailingUp': False, 'trailingDown': False, 'autoInitPos': None, 'stopTriggerType': None, 'pnlStopTriggerType': None, 'stopSlPnl': None, 'stopTpPnl': None, 'initialMargin': None, 'totalAdjustmentAmount': None, 'cps': False, 'trailingUpLimitPrice': None, 'trailingDownLimitPrice': None}",1,SPOT_GRID,RAYUSDT,0,,NOT_TRAILING,,1
True,Spot Grid,0,False,0.79,0,,3,1,1270,827.66310400000000,98,101.09078901,,10.11,36026254,0.00730126,,,,8243259,"{'type': 'GEO', 'lowerLimit': '400.00', 'upperLimit': '900.00', 'gridCount': 98, 'triggerPrice': None, 'stopLowerLimit': None, 'stopUpperLimit': None, 'baseAsset': 'BNB', 'quoteAsset': 'FDUSD', 'leverage': None, 'trailingUp': False, 'trailingDown': False, 'autoInitPos': None, 'stopTriggerType': None, 'pnlStopTriggerType': None, 'stopSlPnl': None, 'stopTpPnl': None, 'initialMargin': None, 'totalAdjustmentAmount': None, 'cps': False, 'trailingUpLimitPrice': None, 'trailingDownLimitPrice': None}",1,SPOT_GRID,BNBFDUSD,0,,NOT_TRAILING,,1
True,Spot Grid,0,False,0.88,0,,1,1,2189,677.19000000000000,88,100.89172389,,13.52,49163936,0.01788264,,,,7122202,"{'type': 'ARITH', 'lowerLimit': '60000.00', 'upperLimit': '120000.00', 'gridCount': 88, 'triggerPrice': None, 'stopLowerLimit': None, 'stopUpperLimit': None, 'baseAsset': 'BTC', 'quoteAsset': 'USDT', 'leverage': None, 'trailingUp': False, 'trailingDown': False, 'autoInitPos': None, 'stopTriggerType': None, 'pnlStopTriggerType': None, 'stopSlPnl': None, 'stopTpPnl': None, 'initialMargin': None, 'totalAdjustmentAmount': None, 'cps': False, 'trailingUpLimitPrice': None, 'trailingDownLimitPrice': None}",1,SPOT_GRID,BTCUSDT,0,,NOT_TRAILING,,1
True,Spot Grid,0,False,2.73,0,,4,1,17405,1249.21000000000000,170,99.41758017,,4.96,59710469,0.00959180,,,,5749728,"{'type': 'ARITH', 'lowerLimit': '60190.39', 'upperLimit': '97692.85', 'gridCount': 170, 'triggerPrice': None, 'stopLowerLimit': None, 'stopUpperLimit': None, 'baseAsset': 'BTC', 'quoteAsset': 'USDT', 'leverage': None, 'trailingUp': False, 'trailingDown': False, 'autoInitPos': None, 'stopTriggerType': None, 'pnlStopTriggerType': None, 'stopSlPnl': None, 'stopTpPnl': None, 'initialMargin': None, 'totalAdjustmentAmount': None, 'cps': False, 'trailingUpLimitPrice': None, 'trailingDownLimitPrice': None}",1,SPOT_GRID,BTCUSDT,0,,NOT_TRAILING,,1
True,Spot Grid,0,False,1.23,0,,5,1,1890,457.43659200000000,68,98.81768350,,9.88,35987437,0.00967217,,,,8248451,"{'type': 'GEO', 'lowerLimit': '560.00', 'upperLimit': '870.00', 'gridCount': 68, 'triggerPrice': None, 'stopLowerLimit': None, 'stopUpperLimit': None, 'baseAsset': 'BNB', 'quoteAsset': 'USDC', 'leverage': None, 'trailingUp': False, 'trailingDown': False, 'autoInitPos': None, 'stopTriggerType': None, 'pnlStopTriggerType': None, 'stopSlPnl': None, 'stopTpPnl': None, 'initialMargin': None, 'totalAdjustmentAmount': None, 'cps': False, 'trailingUpLimitPrice': None, 'trailingDownLimitPrice': None}",1,SPOT_GRID,BNBUSDC,0,,NOT_TRAILING,,1
True,Spot Grid,0,True,1.1,0,,1,1,4609,847.53000000000000,109,98.73316571,,9.87,58918925,0.01620253,,,,5925919,"{'type': 'ARITH', 'lowerLimit': '62367.68', 'upperLimit': '124222.80', 'gridCount': 109, 'triggerPrice': None, 'stopLowerLimit': None, 'stopUpperLimit': None, 'baseAsset': 'BTC', 'quoteAsset': 'USDT', 'leverage': None, 'trailingUp': False, 'trailingDown': False, 'autoInitPos': None, 'stopTriggerType': None, 'pnlStopTriggerType': None, 'stopSlPnl': None, 'stopTpPnl': None, 'initialMargin': None, 'totalAdjustmentAmount': None, 'cps': True, 'trailingUpLimitPrice': None, 'trailingDownLimitPrice': None}",1,SPOT_GRID,BTCUSDT,0,,NOT_TRAILING,,1
True,Spot Grid,0,False,0.98,0,,4,1,5413,483.10600000000000,85,98.14479972,,16.35,45338807,0.04949534,,,,7399775,"{'type': 'ARITH', 'lowerLimit': '0.800', 'upperLimit': '1.500', 'gridCount': 85, 'triggerPrice': None, 'stopLowerLimit': None, 'stopUpperLimit': '2.000', 'baseAsset': 'NEXO', 'quoteAsset': 'USDT', 'leverage': None, 'trailingUp': False, 'trailingDown': False, 'autoInitPos': None, 'stopTriggerType': None, 'pnlStopTriggerType': None, 'stopSlPnl': None, 'stopTpPnl': None, 'initialMargin': None, 'totalAdjustmentAmount': None, 'cps': False, 'trailingUpLimitPrice': None, 'trailingDownLimitPrice': None}",1,SPOT_GRID,NEXOUSDT,0,,NOT_TRAILING,,1
True,Spot Grid,0,True,1.54,0,,1,1,1485,308.77000000000000,48,96.90996168,,6.98,49868432,0.02101552,,,,7074286,"{'type': 'ARITH', 'lowerLimit': '80000.00', 'upperLimit': '105000.00', 'gridCount': 48, 'triggerPrice': None, 'stopLowerLimit': None, 'stopUpperLimit': None, 'baseAsset': 'BTC', 'quoteAsset': 'USDT', 'leverage': None, 'trailingUp': False, 'trailingDown': False, 'autoInitPos': None, 'stopTriggerType': None, 'pnlStopTriggerType': None, 'stopSlPnl': None, 'stopTpPnl': None, 'initialMargin': None, 'totalAdjustmentAmount': None, 'cps': True, 'trailingUpLimitPrice': None, 'trailingDownLimitPrice': None}",1,SPOT_GRID,BTCUSDT,0,,NOT_TRAILING,,1
True,Spot Grid,1,False,0.68,0,,3,1,822,505.66422099600000,45,95.93600215,,18.22,46937182,0.01686433,,,,7271702,"{'type': 'ARITH', 'lowerLimit': '0.0003000', 'upperLimit': '0.0005000', 'gridCount': 45, 'triggerPrice': None, 'stopLowerLimit': None, 'stopUpperLimit': None, 'baseAsset': 'TRX', 'quoteAsset': 'BNB', 'leverage': None, 'trailingUp': False, 'trailingDown': False, 'autoInitPos': None, 'stopTriggerType': None, 'pnlStopTriggerType': None, 'stopSlPnl': None, 'stopTpPnl': None, 'initialMargin': None, 'totalAdjustmentAmount': None, 'cps': False, 'trailingUpLimitPrice': None, 'trailingDownLimitPrice': None}",1,SPOT_GRID,TRXBNB,0,,NOT_TRAILING,,1
True,Spot Grid,0,True,0.57,0,,5,1,1372,486.73700000000000,55,95.64240300,,19.12,62762884,0.14072481,,,,5444628,"{'type': 'ARITH', 'lowerLimit': '4.300', 'upperLimit': '8.450', 'gridCount': 55, 'triggerPrice': '5.000', 'stopLowerLimit': None, 'stopUpperLimit': None, 'baseAsset': 'NEAR', 'quoteAsset': 'USDT', 'leverage': None, 'trailingUp': True, 'trailingDown': False, 'autoInitPos': None, 'stopTriggerType': None, 'pnlStopTriggerType': None, 'stopSlPnl': None, 'stopTpPnl': None, 'initialMargin': None, 'totalAdjustmentAmount': None, 'cps': True, 'trailingUpLimitPrice': None, 'trailingDownLimitPrice': None}",1,SPOT_GRID,NEARUSDT,0,,TRAILING_UP,,1
True,Spot Grid,0,False,0.39,0,,1,1,3445,785.04597320000000,170,95.49915011,,12.15,56862615,0.04323540,,,,6352562,"{'type': 'GEO', 'lowerLimit': '0.02957', 'upperLimit': '0.16000', 'gridCount': 170, 'triggerPrice': None, 'stopLowerLimit': None, 'stopUpperLimit': None, 'baseAsset': 'AAVE', 'quoteAsset': 'ETH', 'leverage': None, 'trailingUp': True, 'trailingDown': False, 'autoInitPos': None, 'stopTriggerType': None, 'pnlStopTriggerType': None, 'stopSlPnl': None, 'stopTpPnl': None, 'initialMargin': None, 'totalAdjustmentAmount': None, 'cps': False, 'trailingUpLimitPrice': None, 'trailingDownLimitPrice': None}",1,SPOT_GRID,AAVEETH,0,,TRAILING_UP,,1
True,Spot Grid,0,False,0.11,0,,1,1,348,370.22000000000000,40,94.43626501,,9.36,53414340,0.03649540,,,,6763017,"{'type': 'GEO', 'lowerLimit': '38.00', 'upperLimit': '187.00', 'gridCount': 40, 'triggerPrice': None, 'stopLowerLimit': None, 'stopUpperLimit': None, 'baseAsset': 'LTC', 'quoteAsset': 'USDT', 'leverage': None, 'trailingUp': False, 'trailingDown': False, 'autoInitPos': None, 'stopTriggerType': None, 'pnlStopTriggerType': None, 'stopSlPnl': None, 'stopTpPnl': None, 'initialMargin': None, 'totalAdjustmentAmount': None, 'cps': False, 'trailingUpLimitPrice': None, 'trailingDownLimitPrice': None}",1,SPOT_GRID,LTCUSDT,0,,NOT_TRAILING,,1
True,Spot Grid,0,True,1.3,0,,1,1,1924,473.20000000000000,70,92.46865242,,9.24,45926981,0.01072681,,,,7342402,"{'type': 'GEO', 'lowerLimit': '65000.00', 'upperLimit': '100000.00', 'gridCount': 70, 'triggerPrice': None, 'stopLowerLimit': None, 'stopUpperLimit': None, 'baseAsset': 'BTC', 'quoteAsset': 'USDT', 'leverage': None, 'trailingUp': False, 'trailingDown': False, 'autoInitPos': None, 'stopTriggerType': None, 'pnlStopTriggerType': None, 'stopSlPnl': None, 'stopTpPnl': None, 'initialMargin': None, 'totalAdjustmentAmount': None, 'cps': True, 'trailingUpLimitPrice': None, 'trailingDownLimitPrice': None}",1,SPOT_GRID,BTCUSDT,0,,NOT_TRAILING,,1
True,Spot Grid,0,False,0.42,0,,1,1,1418,444.64000000000000,50,92.31392839,,18.46,80310138,0.03104439,,,,3851260,"{'type': 'GEO', 'lowerLimit': '2500.00', 'upperLimit': '5500.00', 'gridCount': 50, 'triggerPrice': None, 'stopLowerLimit': None, 'stopUpperLimit': None, 'baseAsset': 'ETH', 'quoteAsset': 'USDT', 'leverage': None, 'trailingUp': True, 'trailingDown': False, 'autoInitPos': None, 'stopTriggerType': None, 'pnlStopTriggerType': None, 'stopSlPnl': None, 'stopTpPnl': None, 'initialMargin': None, 'totalAdjustmentAmount': None, 'cps': False, 'trailingUpLimitPrice': None, 'trailingDownLimitPrice': None}",1,SPOT_GRID,ETHUSDT,0,,TRAILING_UP,,1
True,Spot Grid,0,False,0.54,0,,1,1,1942,482.57000000000000,80,92.08439639,,4.60,58189783,0.02249127,,,,6073763,"{'type': 'GEO', 'lowerLimit': '2400.00', 'upperLimit': '6000.00', 'gridCount': 80, 'triggerPrice': None, 'stopLowerLimit': None, 'stopUpperLimit': None, 'baseAsset': 'ETH', 'quoteAsset': 'USDT', 'leverage': None, 'trailingUp': False, 'trailingDown': False, 'autoInitPos': None, 'stopTriggerType': None, 'pnlStopTriggerType': None, 'stopSlPnl': None, 'stopTpPnl': None, 'initialMargin': None, 'totalAdjustmentAmount': None, 'cps': False, 'trailingUpLimitPrice': None, 'trailingDownLimitPrice': None}",1,SPOT_GRID,ETHUSDT,0,,NOT_TRAILING,,1
True,Spot Grid,0,True,0.13,0,,1,1,245,224.31330000000000,30,92.04300684,,35.88,40345126,0.12633670,,,,7813551,"{'type': 'GEO', 'lowerLimit': '1.5000', 'upperLimit': '5.0000', 'gridCount': 30, 'triggerPrice': None, 'stopLowerLimit': None, 'stopUpperLimit': None, 'baseAsset': 'RAY', 'quoteAsset': 'USDT', 'leverage': None, 'trailingUp': False, 'trailingDown': False, 'autoInitPos': None, 'stopTriggerType': None, 'pnlStopTriggerType': None, 'stopSlPnl': None, 'stopTpPnl': None, 'initialMargin': None, 'totalAdjustmentAmount': None, 'cps': True, 'trailingUpLimitPrice': None, 'trailingDownLimitPrice': None}",1,SPOT_GRID,RAYUSDT,0,,NOT_TRAILING,,1
True,Spot Grid,0,True,0.71,0,,1,1,756,215.61000000000000,30,91.88983298,,20.42,59193945,0.01384692,,,,5870072,"{'type': 'ARITH', 'lowerLimit': '70000.00', 'upperLimit': '100000.00', 'gridCount': 30, 'triggerPrice': None, 'stopLowerLimit': None, 'stopUpperLimit': None, 'baseAsset': 'BTC', 'quoteAsset': 'USDT', 'leverage': None, 'trailingUp': False, 'trailingDown': False, 'autoInitPos': None, 'stopTriggerType': None, 'pnlStopTriggerType': None, 'stopSlPnl': None, 'stopTpPnl': None, 'initialMargin': None, 'totalAdjustmentAmount': None, 'cps': True, 'trailingUpLimitPrice': None, 'trailingDownLimitPrice': None}",1,SPOT_GRID,BTCUSDT,0,,NOT_TRAILING,,1
True,Spot Grid,0,True,0.74,0,,1,1,2483,470.71000000000000,70,91.30082909,,16.60,53230444,0.02068896,,,,6783404,"{'type': 'ARITH', 'lowerLimit': '2100.00', 'upperLimit': '4100.00', 'gridCount': 70, 'triggerPrice': None, 'stopLowerLimit': None, 'stopUpperLimit': None, 'baseAsset': 'ETH', 'quoteAsset': 'USDT', 'leverage': None, 'trailingUp': False, 'trailingDown': False, 'autoInitPos': None, 'stopTriggerType': None, 'pnlStopTriggerType': None, 'stopSlPnl': None, 'stopTpPnl': None, 'initialMargin': None, 'totalAdjustmentAmount': None, 'cps': True, 'trailingUpLimitPrice': None, 'trailingDownLimitPrice': None}",1,SPOT_GRID,ETHUSDT,0,,NOT_TRAILING,,1
True,Spot Grid,0,False,0.7,0,,14,1,659,378.52850000000000,70,90.21656331,,5.88,32328852,0.09979296,,,,8568561,"{'type': 'GEO', 'lowerLimit': '0.1580', 'upperLimit': '0.3160', 'gridCount': 70, 'triggerPrice': '0.1580', 'stopLowerLimit': None, 'stopUpperLimit': None, 'baseAsset': 'MINA', 'quoteAsset': 'USDT', 'leverage': None, 'trailingUp': False, 'trailingDown': False, 'autoInitPos': None, 'stopTriggerType': None, 'pnlStopTriggerType': None, 'stopSlPnl': None, 'stopTpPnl': None, 'initialMargin': None, 'totalAdjustmentAmount': None, 'cps': False, 'trailingUpLimitPrice': None, 'trailingDownLimitPrice': None}",1,SPOT_GRID,MINAUSDT,0,,NOT_TRAILING,,1
True,Spot Grid,0,False,0.6,0,,1,1,1366,1007.16905594000000,76,88.74150638,,2.53,70510283,0.01266362,,,,4939926,"{'type': 'GEO', 'lowerLimit': '0.005600', 'upperLimit': '0.012800', 'gridCount': 76, 'triggerPrice': None, 'stopLowerLimit': None, 'stopUpperLimit': None, 'baseAsset': 'BNB', 'quoteAsset': 'BTC', 'leverage': None, 'trailingUp': False, 'trailingDown': False, 'autoInitPos': None, 'stopTriggerType': None, 'pnlStopTriggerType': None, 'stopSlPnl': None, 'stopTpPnl': None, 'initialMargin': None, 'totalAdjustmentAmount': None, 'cps': False, 'trailingUpLimitPrice': None, 'trailingDownLimitPrice': None}",1,SPOT_GRID,BNBBTC,0,,NOT_TRAILING,,1
True,Spot Grid,8,True,1.1,0,,3,1,2605,130.27263158000000,22,88.42490246,,65.17,47129503,0.03879796,,,,7258662,"{'type': 'ARITH', 'lowerLimit': '0.00005000', 'upperLimit': '0.00006000', 'gridCount': 22, 'triggerPrice': None, 'stopLowerLimit': None, 'stopUpperLimit': None, 'baseAsset': 'LUNC', 'quoteAsset': 'USDT', 'leverage': None, 'trailingUp': False, 'trailingDown': False, 'autoInitPos': None, 'stopTriggerType': None, 'pnlStopTriggerType': None, 'stopSlPnl': None, 'stopTpPnl': None, 'initialMargin': None, 'totalAdjustmentAmount': None, 'cps': True, 'trailingUpLimitPrice': None, 'trailingDownLimitPrice': None}",1,SPOT_GRID,LUNCUSDT,0,,NOT_TRAILING,,1
True,Spot Grid,0,True,0.86,0,,1,1,3032,865.69000000000000,100,88.41447445,,8.84,58828021,0.01992430,,,,5947308,"{'type': 'ARITH', 'lowerLimit': '60000.00', 'upperLimit': '130000.00', 'gridCount': 100, 'triggerPrice': None, 'stopLowerLimit': None, 'stopUpperLimit': None, 'baseAsset': 'BTC', 'quoteAsset': 'USDT', 'leverage': None, 'trailingUp': True, 'trailingDown': False, 'autoInitPos': None, 'stopTriggerType': None, 'pnlStopTriggerType': None, 'stopSlPnl': None, 'stopTpPnl': None, 'initialMargin': None, 'totalAdjustmentAmount': None, 'cps': True, 'trailingUpLimitPrice': None, 'trailingDownLimitPrice': None}",1,SPOT_GRID,BTCUSDT,0,,TRAILING_UP,,1
True,Spot Grid,0,True,0.63,0,,3,1,1319,253.59000000000000,45,87.59617141,,29.00,38987910,0.05657111,,,,7905769,"{'type': 'GEO', 'lowerLimit': '70.00', 'upperLimit': '120.00', 'gridCount': 45, 'triggerPrice': None, 'stopLowerLimit': None, 'stopUpperLimit': None, 'baseAsset': 'LTC', 'quoteAsset': 'USDT', 'leverage': None, 'trailingUp': False, 'trailingDown': False, 'autoInitPos': None, 'stopTriggerType': None, 'pnlStopTriggerType': None, 'stopSlPnl': None, 'stopTpPnl': None, 'initialMargin': None, 'totalAdjustmentAmount': None, 'cps': True, 'trailingUpLimitPrice': None, 'trailingDownLimitPrice': None}",1,SPOT_GRID,LTCUSDT,0,,NOT_TRAILING,,1
True,Spot Grid,1,True,3.28,0,,1,1,2766,444.66717052800000,50,86.18727724,,8.61,42208279,0.01912137,,500.00000000,,7691493,"{'type': 'ARITH', 'lowerLimit': '0.3270', 'upperLimit': '0.3770', 'gridCount': 50, 'triggerPrice': None, 'stopLowerLimit': None, 'stopUpperLimit': None, 'baseAsset': 'TRX', 'quoteAsset': 'USDC', 'leverage': None, 'trailingUp': True, 'trailingDown': False, 'autoInitPos': None, 'stopTriggerType': None, 'pnlStopTriggerType': None, 'stopSlPnl': None, 'stopTpPnl': '500.00000000', 'initialMargin': None, 'totalAdjustmentAmount': None, 'cps': True, 'trailingUpLimitPrice': None, 'trailingDownLimitPrice': None}",1,SPOT_GRID,TRXUSDC,0,,TRAILING_UP,,1
True,Spot Grid,0,False,1.3,0,,1,1,3406,236.17000000000000,40,84.32542627,,33.73,75389223,0.02597047,,,,4488633,"{'type': 'ARITH', 'lowerLimit': '2600.00', 'upperLimit': '3400.00', 'gridCount': 40, 'triggerPrice': None, 'stopLowerLimit': None, 'stopUpperLimit': None, 'baseAsset': 'ETH', 'quoteAsset': 'USDT', 'leverage': None, 'trailingUp': False, 'trailingDown': False, 'autoInitPos': None, 'stopTriggerType': None, 'pnlStopTriggerType': None, 'stopSlPnl': None, 'stopTpPnl': None, 'initialMargin': None, 'totalAdjustmentAmount': None, 'cps': False, 'trailingUpLimitPrice': None, 'trailingDownLimitPrice': None}",1,SPOT_GRID,ETHUSDT,0,,NOT_TRAILING,,1
True,Spot Grid,0,True,0.79,0,,11,1,1365,157.79744000000000,26,84.23209268,,11.51,40670277,0.07701322,,,,7793540,"{'type': 'ARITH', 'lowerLimit': '0.03180', 'upperLimit': '0.04240', 'gridCount': 26, 'triggerPrice': None, 'stopLowerLimit': None, 'stopUpperLimit': '0.60000', 'baseAsset': 'HUMA', 'quoteAsset': 'USDT', 'leverage': None, 'trailingUp': False, 'trailingDown': False, 'autoInitPos': None, 'stopTriggerType': None, 'pnlStopTriggerType': None, 'stopSlPnl': None, 'stopTpPnl': None, 'initialMargin': None, 'totalAdjustmentAmount': None, 'cps': True, 'trailingUpLimitPrice': None, 'trailingDownLimitPrice': None}",1,SPOT_GRID,HUMAUSDT,0,,NOT_TRAILING,,1
True,Spot Grid,4,False,0.31,0,,1,1,677,312.63813490000000,50,83.80538716,,0.20,48549531,0.03905794,,,,7165784,"{'type': 'GEO', 'lowerLimit': '105.00', 'upperLimit': '280.00', 'gridCount': 50, 'triggerPrice': None, 'stopLowerLimit': None, 'stopUpperLimit': None, 'baseAsset': 'SOL', 'quoteAsset': 'USDC', 'leverage': None, 'trailingUp': False, 'trailingDown': False, 'autoInitPos': None, 'stopTriggerType': None, 'pnlStopTriggerType': None, 'stopSlPnl': None, 'stopTpPnl': None, 'initialMargin': None, 'totalAdjustmentAmount': None, 'cps': False, 'trailingUpLimitPrice': None, 'trailingDownLimitPrice': None}",1,SPOT_GRID,SOLUSDC,0,,NOT_TRAILING,,1
True,Spot Grid,0,True,0.4,0,,1,1,1437,1244.64000000000000,145,82.04095062,,1.64,52663917,0.01496561,,,,6840232,"{'type': 'ARITH', 'lowerLimit': '36330.12', 'upperLimit': '169455.42', 'gridCount': 145, 'triggerPrice': '100000.00', 'stopLowerLimit': None, 'stopUpperLimit': None, 'baseAsset': 'BTC', 'quoteAsset': 'USDT', 'leverage': None, 'trailingUp': True, 'trailingDown': False, 'autoInitPos': None, 'stopTriggerType': None, 'pnlStopTriggerType': None, 'stopSlPnl': None, 'stopTpPnl': None, 'initialMargin': None, 'totalAdjustmentAmount': None, 'cps': True, 'trailingUpLimitPrice': None, 'trailingDownLimitPrice': None}",1,SPOT_GRID,BTCUSDT,0,,TRAILING_UP,,1
True,Spot Grid,0,False,0.42,0,,1,1,504,378.28000000000000,50,82.02626035,,8.20,32265592,0.01594614,,,,8574749,"{'type': 'GEO', 'lowerLimit': '500.00', 'upperLimit': '1100.00', 'gridCount': 50, 'triggerPrice': None, 'stopLowerLimit': None, 'stopUpperLimit': None, 'baseAsset': 'BNB', 'quoteAsset': 'USDT', 'leverage': None, 'trailingUp': False, 'trailingDown': False, 'autoInitPos': None, 'stopTriggerType': None, 'pnlStopTriggerType': None, 'stopSlPnl': None, 'stopTpPnl': None, 'initialMargin': None, 'totalAdjustmentAmount': None, 'cps': False, 'trailingUpLimitPrice': None, 'trailingDownLimitPrice': None}",1,SPOT_GRID,BNBUSDT,0,,NOT_TRAILING,,1
True,Spot Grid,0,False,0.83,0,,1,1,868,377.27000000000000,42,81.83253832,,3.65,52587857,0.02632427,,,,6847983,"{'type': 'ARITH', 'lowerLimit': '83391.79', 'upperLimit': '125828.43', 'gridCount': 42, 'triggerPrice': None, 'stopLowerLimit': None, 'stopUpperLimit': '180000.00', 'baseAsset': 'BTC', 'quoteAsset': 'USDT', 'leverage': None, 'trailingUp': True, 'trailingDown': False, 'autoInitPos': None, 'stopTriggerType': None, 'pnlStopTriggerType': None, 'stopSlPnl': None, 'stopTpPnl': None, 'initialMargin': None, 'totalAdjustmentAmount': None, 'cps': False, 'trailingUpLimitPrice': None, 'trailingDownLimitPrice': None}",1,SPOT_GRID,BTCUSDT,0,,TRAILING_UP,,1
True,Spot Grid,0,True,0.7,0,,1,1,809,356.79000000000000,50,80.93622871,,12.45,47504563,0.01789043,,,,7235354,"{'type': 'GEO', 'lowerLimit': '70000.00', 'upperLimit': '120000.00', 'gridCount': 50, 'triggerPrice': None, 'stopLowerLimit': None, 'stopUpperLimit': None, 'baseAsset': 'BTC', 'quoteAsset': 'USDT', 'leverage': None, 'trailingUp': False, 'trailingDown': False, 'autoInitPos': None, 'stopTriggerType': None, 'pnlStopTriggerType': None, 'stopSlPnl': None, 'stopTpPnl': None, 'initialMargin': None, 'totalAdjustmentAmount': None, 'cps': True, 'trailingUpLimitPrice': None, 'trailingDownLimitPrice': None}",1,SPOT_GRID,BTCUSDT,0,,NOT_TRAILING,,1
True,Spot Grid,0,False,0.81,0,,1,1,1529,542.77212003000000,50,80.84511606,,9.35,57717554,0.02108484,,,,6186641,"{'type': 'ARITH', 'lowerLimit': '0.0003200', 'upperLimit': '0.0005200', 'gridCount': 50, 'triggerPrice': None, 'stopLowerLimit': None, 'stopUpperLimit': None, 'baseAsset': 'TRX', 'quoteAsset': 'BNB', 'leverage': None, 'trailingUp': False, 'trailingDown': False, 'autoInitPos': None, 'stopTriggerType': None, 'pnlStopTriggerType': None, 'stopSlPnl': None, 'stopTpPnl': None, 'initialMargin': None, 'totalAdjustmentAmount': None, 'cps': False, 'trailingUpLimitPrice': None, 'trailingDownLimitPrice': None}",1,SPOT_GRID,TRXBNB,0,,NOT_TRAILING,,1
True,Spot Grid,0,False,2.08,0,,2,1,5598,495.14000000000000,90,80.80085699,,13.85,51093960,0.02999586,,,,6972907,"{'type': 'ARITH', 'lowerLimit': '2650.00', 'upperLimit': '3800.00', 'gridCount': 90, 'triggerPrice': None, 'stopLowerLimit': None, 'stopUpperLimit': None, 'baseAsset': 'ETH', 'quoteAsset': 'USDT', 'leverage': None, 'trailingUp': False, 'trailingDown': False, 'autoInitPos': None, 'stopTriggerType': None, 'pnlStopTriggerType': None, 'stopSlPnl': None, 'stopTpPnl': None, 'initialMargin': None, 'totalAdjustmentAmount': None, 'cps': False, 'trailingUpLimitPrice': None, 'trailingDownLimitPrice': None}",1,SPOT_GRID,ETHUSDT,0,,NOT_TRAILING,,1
True,Spot Grid,0,True,1.08,0,,2,1,2963,351.75462110000000,61,80.74152035,,21.59,47926680,0.03944369,,,,7209818,"{'type': 'ARITH', 'lowerLimit': '115.00', 'upperLimit': '180.00', 'gridCount': 61, 'triggerPrice': None, 'stopLowerLimit': None, 'stopUpperLimit': None, 'baseAsset': 'SOL', 'quoteAsset': 'USDC', 'leverage': None, 'trailingUp': False, 'trailingDown': False, 'autoInitPos': None, 'stopTriggerType': None, 'pnlStopTriggerType': None, 'stopSlPnl': None, 'stopTpPnl': None, 'initialMargin': None, 'totalAdjustmentAmount': None, 'cps': True, 'trailingUpLimitPrice': None, 'trailingDownLimitPrice': None}",1,SPOT_GRID,SOLUSDC,0,,NOT_TRAILING,,1
True,Spot Grid,0,True,1.3,0,,1,1,6657,1328.96959650000000,155,80.43496675,,5.74,55918294,0.01706580,,,,6476407,"{'type': 'GEO', 'lowerLimit': '57361.00', 'upperLimit': '126194.38', 'gridCount': 155, 'triggerPrice': None, 'stopLowerLimit': None, 'stopUpperLimit': '300000.00', 'baseAsset': 'BTC', 'quoteAsset': 'USDC', 'leverage': None, 'trailingUp': True, 'trailingDown': False, 'autoInitPos': None, 'stopTriggerType': None, 'pnlStopTriggerType': None, 'stopSlPnl': None, 'stopTpPnl': None, 'initialMargin': None, 'totalAdjustmentAmount': None, 'cps': True, 'trailingUpLimitPrice': None, 'trailingDownLimitPrice': None}",1,SPOT_GRID,BTCUSDC,0,,TRAILING_UP,,1
True,Spot Grid,0,True,1.51,0,,1,1,6736,879.22000000000000,126,80.33652606,,8.46,58906830,0.01752445,,,,5929143,"{'type': 'GEO', 'lowerLimit': '68000.00', 'upperLimit': '125000.00', 'gridCount': 126, 'triggerPrice': None, 'stopLowerLimit': None, 'stopUpperLimit': None, 'baseAsset': 'BTC', 'quoteAsset': 'USDT', 'leverage': None, 'trailingUp': False, 'trailingDown': False, 'autoInitPos': None, 'stopTriggerType': None, 'pnlStopTriggerType': None, 'stopSlPnl': None, 'stopTpPnl': None, 'initialMargin': None, 'totalAdjustmentAmount': None, 'cps': True, 'trailingUpLimitPrice': None, 'trailingDownLimitPrice': None}",1,SPOT_GRID,BTCUSDT,0,,NOT_TRAILING,,1
True,Spot Grid,0,False,0.6,0,,3,1,1511,690.44224000000000,120,80.11345604,,11.89,32673989,0.00420956,,,,8543742,"{'type': 'ARITH', 'lowerLimit': '0.1000', 'upperLimit': '0.3000', 'gridCount': 120, 'triggerPrice': None, 'stopLowerLimit': None, 'stopUpperLimit': None, 'baseAsset': 'BNB', 'quoteAsset': 'ETH', 'leverage': None, 'trailingUp': False, 'trailingDown': False, 'autoInitPos': None, 'stopTriggerType': None, 'pnlStopTriggerType': None, 'stopSlPnl': None, 'stopTpPnl': None, 'initialMargin': None, 'totalAdjustmentAmount': None, 'cps': False, 'trailingUpLimitPrice': None, 'trailingDownLimitPrice': None}",1,SPOT_GRID,BNBETH,0,,NOT_TRAILING,,1
True,Spot Grid,0,True,0.8,0,,1,1,1006,259.38000000000000,40,79.94801089,,7.99,56784424,0.02155571,,,,6364688,"{'type': 'ARITH', 'lowerLimit': '80000.00', 'upperLimit': '120000.00', 'gridCount': 40, 'triggerPrice': None, 'stopLowerLimit': None, 'stopUpperLimit': None, 'baseAsset': 'BTC', 'quoteAsset': 'USDT', 'leverage': None, 'trailingUp': False, 'trailingDown': False, 'autoInitPos': None, 'stopTriggerType': None, 'pnlStopTriggerType': None, 'stopSlPnl': None, 'stopTpPnl': None, 'initialMargin': None, 'totalAdjustmentAmount': None, 'cps': True, 'trailingUpLimitPrice': None, 'trailingDownLimitPrice': None}",1,SPOT_GRID,BTCUSDT,0,,NOT_TRAILING,,1
True,Spot Grid,1,False,0.54,0,,1,1,6050,1030.93885510000000,170,79.93709883,,5.92,64793846,0.02506318,,,,5299703,"{'type': 'ARITH', 'lowerLimit': '0.01878', 'upperLimit': '0.07800', 'gridCount': 170, 'triggerPrice': None, 'stopLowerLimit': None, 'stopUpperLimit': None, 'baseAsset': 'SOL', 'quoteAsset': 'ETH', 'leverage': None, 'trailingUp': False, 'trailingDown': False, 'autoInitPos': None, 'stopTriggerType': None, 'pnlStopTriggerType': None, 'stopSlPnl': None, 'stopTpPnl': None, 'initialMargin': None, 'totalAdjustmentAmount': None, 'cps': False, 'trailingUpLimitPrice': None, 'trailingDownLimitPrice': None}",1,SPOT_GRID,SOLETH,0,,NOT_TRAILING,,1
True,Spot Grid,0,True,0.6,0,,3,1,1497,691.19232000000000,120,79.39065552,,12.11,32548876,0.00433236,,,,8554840,"{'type': 'ARITH', 'lowerLimit': '0.1000', 'upperLimit': '0.3000', 'gridCount': 120, 'triggerPrice': None, 'stopLowerLimit': None, 'stopUpperLimit': None, 'baseAsset': 'BNB', 'quoteAsset': 'ETH', 'leverage': None, 'trailingUp': False, 'trailingDown': False, 'autoInitPos': None, 'stopTriggerType': None, 'pnlStopTriggerType': None, 'stopSlPnl': None, 'stopTpPnl': None, 'initialMargin': None, 'totalAdjustmentAmount': None, 'cps': True, 'trailingUpLimitPrice': None, 'trailingDownLimitPrice': None}",1,SPOT_GRID,BNBETH,0,,NOT_TRAILING,,1
True,Spot Grid,0,False,1.0,0,,3,1,2568,316.44000000000000,50,78.98008033,,23.43,50275659,0.02615069,,,,7038785,"{'type': 'ARITH', 'lowerLimit': '100.00', 'upperLimit': '150.00', 'gridCount': 50, 'triggerPrice': None, 'stopLowerLimit': None, 'stopUpperLimit': None, 'baseAsset': 'SOL', 'quoteAsset': 'USDT', 'leverage': None, 'trailingUp': False, 'trailingDown': False, 'autoInitPos': None, 'stopTriggerType': None, 'pnlStopTriggerType': None, 'stopSlPnl': None, 'stopTpPnl': None, 'initialMargin': None, 'totalAdjustmentAmount': None, 'cps': False, 'trailingUpLimitPrice': None, 'trailingDownLimitPrice': None}",1,SPOT_GRID,SOLUSDT,0,,NOT_TRAILING,,1
True,Spot Grid,0,True,0.6,0,,3,1,1489,690.52672000000000,120,78.47225037,,11.18,32680984,0.00400819,,,,8543128,"{'type': 'ARITH', 'lowerLimit': '0.1000', 'upperLimit': '0.3000', 'gridCount': 120, 'triggerPrice': None, 'stopLowerLimit': None, 'stopUpperLimit': None, 'baseAsset': 'BNB', 'quoteAsset': 'ETH', 'leverage': None, 'trailingUp': False, 'trailingDown': False, 'autoInitPos': None, 'stopTriggerType': None, 'pnlStopTriggerType': None, 'stopSlPnl': None, 'stopTpPnl': None, 'initialMargin': None, 'totalAdjustmentAmount': None, 'cps': True, 'trailingUpLimitPrice': None, 'trailingDownLimitPrice': None}",1,SPOT_GRID,BNBETH,0,,NOT_TRAILING,,1
True,Spot Grid,0,True,0.6,0,,3,1,1512,690.55744000000000,120,77.98007019,,11.56,32696647,0.00419808,,,,8541597,"{'type': 'ARITH', 'lowerLimit': '0.1000', 'upperLimit': '0.3000', 'gridCount': 120, 'triggerPrice': None, 'stopLowerLimit': None, 'stopUpperLimit': None, 'baseAsset': 'BNB', 'quoteAsset': 'ETH', 'leverage': None, 'trailingUp': False, 'trailingDown': False, 'autoInitPos': None, 'stopTriggerType': None, 'pnlStopTriggerType': None, 'stopSlPnl': None, 'stopTpPnl': None, 'initialMargin': None, 'totalAdjustmentAmount': None, 'cps': True, 'trailingUpLimitPrice': None, 'trailingDownLimitPrice': None}",1,SPOT_GRID,BNBETH,0,,NOT_TRAILING,,1
True,Spot Grid,0,True,0.19,0,,1,1,166,70.21631890000000,10,77.85692998,,58.14,49826665,0.06818932,,,,7077512,"{'type': 'ARITH', 'lowerLimit': '12.150', 'upperLimit': '18.810', 'gridCount': 10, 'triggerPrice': None, 'stopLowerLimit': None, 'stopUpperLimit': None, 'baseAsset': 'LINK', 'quoteAsset': 'USDC', 'leverage': None, 'trailingUp': False, 'trailingDown': False, 'autoInitPos': None, 'stopTriggerType': None, 'pnlStopTriggerType': None, 'stopSlPnl': None, 'stopTpPnl': None, 'initialMargin': None, 'totalAdjustmentAmount': None, 'cps': True, 'trailingUpLimitPrice': None, 'trailingDownLimitPrice': None}",1,SPOT_GRID,LINKUSDC,0,,NOT_TRAILING,,1
True,Spot Grid,0,True,1.07,0,,1,1,975,528.76086200000000,50,77.27966679,,3.84,36341897,0.01663718,,,,8206464,"{'type': 'ARITH', 'lowerLimit': '0.02720', 'upperLimit': '0.04000', 'gridCount': 50, 'triggerPrice': None, 'stopLowerLimit': None, 'stopUpperLimit': None, 'baseAsset': 'ETH', 'quoteAsset': 'BTC', 'leverage': None, 'trailingUp': False, 'trailingDown': False, 'autoInitPos': None, 'stopTriggerType': None, 'pnlStopTriggerType': None, 'stopSlPnl': None, 'stopTpPnl': None, 'initialMargin': None, 'totalAdjustmentAmount': None, 'cps': True, 'trailingUpLimitPrice': None, 'trailingDownLimitPrice': None}",1,SPOT_GRID,ETHBTC,0,,NOT_TRAILING,,1
True,Spot Grid,0,True,0.6,0,,3,1,1470,690.24768000000000,120,76.78803469,,11.38,32272483,0.00422463,,,,8574392,"{'type': 'ARITH', 'lowerLimit': '0.1000', 'upperLimit': '0.3000', 'gridCount': 120, 'triggerPrice': None, 'stopLowerLimit': None, 'stopUpperLimit': None, 'baseAsset': 'BNB', 'quoteAsset': 'ETH', 'leverage': None, 'trailingUp': False, 'trailingDown': False, 'autoInitPos': None, 'stopTriggerType': None, 'pnlStopTriggerType': None, 'stopSlPnl': None, 'stopTpPnl': None, 'initialMargin': None, 'totalAdjustmentAmount': None, 'cps': True, 'trailingUpLimitPrice': None, 'trailingDownLimitPrice': None}",1,SPOT_GRID,BNBETH,0,,NOT_TRAILING,,1
True,Spot Grid,0,True,1.46,0,,1,1,8703,1310.03000000000000,170,76.70275286,,5.11,58709644,0.01697803,,,,5979225,"{'type': 'ARITH', 'lowerLimit': '60000.00', 'upperLimit': '130000.00', 'gridCount': 170, 'triggerPrice': None, 'stopLowerLimit': None, 'stopUpperLimit': None, 'baseAsset': 'BTC', 'quoteAsset': 'USDT', 'leverage': None, 'trailingUp': False, 'trailingDown': False, 'autoInitPos': None, 'stopTriggerType': None, 'pnlStopTriggerType': None, 'stopSlPnl': None, 'stopTpPnl': None, 'initialMargin': None, 'totalAdjustmentAmount': None, 'cps': True, 'trailingUpLimitPrice': None, 'trailingDownLimitPrice': None}",1,SPOT_GRID,BTCUSDT,0,,NOT_TRAILING,,1
True,Spot Grid,1,True,0.28,0,,1,1,1678,40.19324011000000,35,76.53362092,,76.53,81189757,0.06289835,,,,3607536,"{'type': 'GEO', 'lowerLimit': '0.00000412', 'upperLimit': '0.00000940', 'gridCount': 35, 'triggerPrice': None, 'stopLowerLimit': None, 'stopUpperLimit': None, 'baseAsset': 'PEPE', 'quoteAsset': 'USDT', 'leverage': None, 'trailingUp': False, 'trailingDown': False, 'autoInitPos': None, 'stopTriggerType': None, 'pnlStopTriggerType': None, 'stopSlPnl': None, 'stopTpPnl': None, 'initialMargin': None, 'totalAdjustmentAmount': None, 'cps': True, 'trailingUpLimitPrice': None, 'trailingDownLimitPrice': None}",1,SPOT_GRID,PEPEUSDT,0,,NOT_TRAILING,,1
True,Spot Grid,4,False,0.81,0,,2,1,629,194.72606380000000,40,75.79896980,,9.42,34105940,0.03273739,,,,8401714,"{'type': 'GEO', 'lowerLimit': '0.04000', 'upperLimit': '0.06000', 'gridCount': 40, 'triggerPrice': '0.04707', 'stopLowerLimit': None, 'stopUpperLimit': None, 'baseAsset': 'SOL', 'quoteAsset': 'ETH', 'leverage': None, 'trailingUp': True, 'trailingDown': False, 'autoInitPos': None, 'stopTriggerType': None, 'pnlStopTriggerType': None, 'stopSlPnl': None, 'stopTpPnl': None, 'initialMargin': None, 'totalAdjustmentAmount': None, 'cps': False, 'trailingUpLimitPrice': None, 'trailingDownLimitPrice': None}",1,SPOT_GRID,SOLETH,0,,TRAILING_UP,,1
True,Spot Grid,0,False,1.3,0,,1,1,3610,406.26000000000000,70,75.71632141,,7.97,54047295,0.02531520,,,,6665359,"{'type': 'ARITH', 'lowerLimit': '2600.00', 'upperLimit': '4000.00', 'gridCount': 70, 'triggerPrice': None, 'stopLowerLimit': None, 'stopUpperLimit': None, 'baseAsset': 'ETH', 'quoteAsset': 'USDT', 'leverage': None, 'trailingUp': False, 'trailingDown': False, 'autoInitPos': None, 'stopTriggerType': None, 'pnlStopTriggerType': None, 'stopSlPnl': None, 'stopTpPnl': None, 'initialMargin': None, 'totalAdjustmentAmount': None, 'cps': False, 'trailingUpLimitPrice': None, 'trailingDownLimitPrice': None}",1,SPOT_GRID,ETHUSDT,0,,NOT_TRAILING,,1
True,Spot Grid,0,True,1.95,0,,1,1,1039,205.07000000000000,34,75.28669071,,9.84,39543031,0.01066108,,,,7867542,"{'type': 'ARITH', 'lowerLimit': '2420.77', 'upperLimit': '2843.54', 'gridCount': 34, 'triggerPrice': None, 'stopLowerLimit': None, 'stopUpperLimit': None, 'baseAsset': 'ETH', 'quoteAsset': 'USDT', 'leverage': None, 'trailingUp': False, 'trailingDown': False, 'autoInitPos': None, 'stopTriggerType': None, 'pnlStopTriggerType': None, 'stopSlPnl': None, 'stopTpPnl': None, 'initialMargin': None, 'totalAdjustmentAmount': None, 'cps': True, 'trailingUpLimitPrice': None, 'trailingDownLimitPrice': None}",1,SPOT_GRID,ETHUSDT,0,,NOT_TRAILING,,1
True,Spot Grid,0,False,0.5,0,,2,1,191,292.79200000000000,50,74.70034620,,18.67,52661260,0.14172866,,,,6840692,"{'type': 'ARITH', 'lowerLimit': '4.000', 'upperLimit': '8.000', 'gridCount': 50, 'triggerPrice': '4.145', 'stopLowerLimit': None, 'stopUpperLimit': None, 'baseAsset': 'NEAR', 'quoteAsset': 'USDT', 'leverage': None, 'trailingUp': False, 'trailingDown': False, 'autoInitPos': None, 'stopTriggerType': None, 'pnlStopTriggerType': None, 'stopSlPnl': None, 'stopTpPnl': None, 'initialMargin': None, 'totalAdjustmentAmount': None, 'cps': False, 'trailingUpLimitPrice': None, 'trailingDownLimitPrice': None}",1,SPOT_GRID,NEARUSDT,0,,NOT_TRAILING,,1
True,Spot Grid,0,True,0.8,0,,1,1,3346,613.06000000000000,70,72.77817401,,11.83,73359720,0.03324099,,,,4753391,"{'type': 'ARITH', 'lowerLimit': '2627.05', 'upperLimit': '4927.05', 'gridCount': 70, 'triggerPrice': None, 'stopLowerLimit': None, 'stopUpperLimit': None, 'baseAsset': 'ETH', 'quoteAsset': 'USDT', 'leverage': None, 'trailingUp': True, 'trailingDown': False, 'autoInitPos': None, 'stopTriggerType': None, 'pnlStopTriggerType': None, 'stopSlPnl': None, 'stopTpPnl': None, 'initialMargin': None, 'totalAdjustmentAmount': None, 'cps': True, 'trailingUpLimitPrice': None, 'trailingDownLimitPrice': None}",1,SPOT_GRID,ETHUSDT,0,,TRAILING_UP,,1
True,Spot Grid,0,True,1.66,0,,1,1,2367,636.59825550000000,61,72.03412877,,10.94,38026626,0.01455233,,,,8042661,"{'type': 'ARITH', 'lowerLimit': '0.02718', 'upperLimit': '0.03719', 'gridCount': 61, 'triggerPrice': None, 'stopLowerLimit': None, 'stopUpperLimit': None, 'baseAsset': 'ETH', 'quoteAsset': 'BTC', 'leverage': None, 'trailingUp': False, 'trailingDown': False, 'autoInitPos': None, 'stopTriggerType': None, 'pnlStopTriggerType': None, 'stopSlPnl': None, 'stopTpPnl': None, 'initialMargin': None, 'totalAdjustmentAmount': None, 'cps': True, 'trailingUpLimitPrice': None, 'trailingDownLimitPrice': None}",1,SPOT_GRID,ETHBTC,0,,NOT_TRAILING,,1
True,Spot Grid,0,True,1.0,0,,1,1,2998,865.69000000000000,100,70.54475558,,7.05,50685506,0.01781899,,,,7006446,"{'type': 'GEO', 'lowerLimit': '62850.50', 'upperLimit': '125701.19', 'gridCount': 100, 'triggerPrice': None, 'stopLowerLimit': None, 'stopUpperLimit': None, 'baseAsset': 'BTC', 'quoteAsset': 'USDT', 'leverage': None, 'trailingUp': True, 'trailingDown': False, 'autoInitPos': None, 'stopTriggerType': None, 'pnlStopTriggerType': None, 'stopSlPnl': None, 'stopTpPnl': None, 'initialMargin': None, 'totalAdjustmentAmount': None, 'cps': True, 'trailingUpLimitPrice': None, 'trailingDownLimitPrice': None}",1,SPOT_GRID,BTCUSDT,0,,TRAILING_UP,,1
True,Spot Grid,0,True,1.14,0,,1,1,4176,333.34000000000000,60,70.13423281,,17.10,74398195,0.02554347,,,,4620585,"{'type': 'GEO', 'lowerLimit': '2674.00', 'upperLimit': '4093.00', 'gridCount': 60, 'triggerPrice': None, 'stopLowerLimit': None, 'stopUpperLimit': None, 'baseAsset': 'ETH', 'quoteAsset': 'USDT', 'leverage': None, 'trailingUp': False, 'trailingDown': False, 'autoInitPos': None, 'stopTriggerType': None, 'pnlStopTriggerType': None, 'stopSlPnl': None, 'stopTpPnl': None, 'initialMargin': None, 'totalAdjustmentAmount': None, 'cps': True, 'trailingUpLimitPrice': None, 'trailingDownLimitPrice': None}",1,SPOT_GRID,ETHUSDT,0,,NOT_TRAILING,,1
True,Spot Grid,0,False,1.01,0,,3,1,1791,481.93000000000000,67,70.03229323,,4.33,37133647,0.01924896,,,,8139938,"{'type': 'ARITH', 'lowerLimit': '600.00', 'upperLimit': '1000.00', 'gridCount': 67, 'triggerPrice': None, 'stopLowerLimit': None, 'stopUpperLimit': None, 'baseAsset': 'BNB', 'quoteAsset': 'USDT', 'leverage': None, 'trailingUp': False, 'trailingDown': False, 'autoInitPos': None, 'stopTriggerType': None, 'pnlStopTriggerType': None, 'stopSlPnl': None, 'stopTpPnl': None, 'initialMargin': None, 'totalAdjustmentAmount': None, 'cps': False, 'trailingUpLimitPrice': None, 'trailingDownLimitPrice': None}",1,SPOT_GRID,BNBUSDT,0,,NOT_TRAILING,,1
True,Spot Grid,0,True,2.73,0,,4,1,17449,1249.09000000000000,170,69.63589668,,5.48,59733980,0.01036978,,,,5741735,"{'type': 'ARITH', 'lowerLimit': '60190.39', 'upperLimit': '97692.85', 'gridCount': 170, 'triggerPrice': None, 'stopLowerLimit': None, 'stopUpperLimit': None, 'baseAsset': 'BTC', 'quoteAsset': 'USDT', 'leverage': None, 'trailingUp': False, 'trailingDown': False, 'autoInitPos': None, 'stopTriggerType': None, 'pnlStopTriggerType': None, 'stopSlPnl': None, 'stopTpPnl': None, 'initialMargin': None, 'totalAdjustmentAmount': None, 'cps': True, 'trailingUpLimitPrice': None, 'trailingDownLimitPrice': None}",1,SPOT_GRID,BTCUSDT,0,,NOT_TRAILING,,1
True,Spot Grid,0,True,2.04,0,,2,1,5512,406.31000000000000,68,68.06750439,,16.38,52187757,0.01964516,,,,6884882,"{'type': 'ARITH', 'lowerLimit': '2400.00', 'upperLimit': '3200.00', 'gridCount': 68, 'triggerPrice': None, 'stopLowerLimit': None, 'stopUpperLimit': None, 'baseAsset': 'ETH', 'quoteAsset': 'USDT', 'leverage': None, 'trailingUp': False, 'trailingDown': False, 'autoInitPos': None, 'stopTriggerType': None, 'pnlStopTriggerType': None, 'stopSlPnl': None, 'stopTpPnl': None, 'initialMargin': None, 'totalAdjustmentAmount': None, 'cps': True, 'trailingUpLimitPrice': None, 'trailingDownLimitPrice': None}",1,SPOT_GRID,ETHUSDT,0,,NOT_TRAILING,,1
True,Spot Grid,0,True,0.6,0,,3,1,1483,690.40896000000000,120,67.71150206,,10.04,32317772,0.00417413,,,,8571092,"{'type': 'ARITH', 'lowerLimit': '0.1000', 'upperLimit': '0.3000', 'gridCount': 120, 'triggerPrice': None, 'stopLowerLimit': None, 'stopUpperLimit': None, 'baseAsset': 'BNB', 'quoteAsset': 'ETH', 'leverage': None, 'trailingUp': False, 'trailingDown': False, 'autoInitPos': None, 'stopTriggerType': None, 'pnlStopTriggerType': None, 'stopSlPnl': None, 'stopTpPnl': None, 'initialMargin': None, 'totalAdjustmentAmount': None, 'cps': True, 'trailingUpLimitPrice': None, 'trailingDownLimitPrice': None}",1,SPOT_GRID,BNBETH,0,,NOT_TRAILING,,1
True,Spot Grid,0,True,1.49,0,,1,1,4597,1263.16000000000000,170,67.51087575,,3.98,50661488,0.02124451,,,,6958623,"{'type': 'ARITH', 'lowerLimit': '70000.00', 'upperLimit': '150000.00', 'gridCount': 170, 'triggerPrice': '90000.00', 'stopLowerLimit': None, 'stopUpperLimit': None, 'baseAsset': 'BTC', 'quoteAsset': 'USDT', 'leverage': None, 'trailingUp': False, 'trailingDown': False, 'autoInitPos': None, 'stopTriggerType': None, 'pnlStopTriggerType': None, 'stopSlPnl': None, 'stopTpPnl': None, 'initialMargin': None, 'totalAdjustmentAmount': None, 'cps': True, 'trailingUpLimitPrice': None, 'trailingDownLimitPrice': None}",1,SPOT_GRID,BTCUSDT,0,,NOT_TRAILING,,1
True,Spot Grid,0,True,2.02,0,,5,1,7090,70.42358000000000,58,67.17775053,,21.12,66278812,0.04244193,,,,5219213,"{'type': 'ARITH', 'lowerLimit': '0.08827', 'upperLimit': '0.11367', 'gridCount': 58, 'triggerPrice': None, 'stopLowerLimit': None, 'stopUpperLimit': None, 'baseAsset': 'DOGE', 'quoteAsset': 'USDT', 'leverage': None, 'trailingUp': False, 'trailingDown': False, 'autoInitPos': None, 'stopTriggerType': None, 'pnlStopTriggerType': None, 'stopSlPnl': None, 'stopTpPnl': None, 'initialMargin': None, 'totalAdjustmentAmount': None, 'cps': True, 'trailingUpLimitPrice': None, 'trailingDownLimitPrice': None}",1,SPOT_GRID,DOGEUSDT,0,,NOT_TRAILING,,1
True,Spot Grid,0,True,2.98,0,,2,1,7699,1188.57642600000000,170,65.59354507,,3.28,40308072,0.01594787,,,,7815992,"{'type': 'ARITH', 'lowerLimit': '70000.00', 'upperLimit': '110000.00', 'gridCount': 170, 'triggerPrice': None, 'stopLowerLimit': None, 'stopUpperLimit': None, 'baseAsset': 'BTC', 'quoteAsset': 'FDUSD', 'leverage': None, 'trailingUp': False, 'trailingDown': False, 'autoInitPos': None, 'stopTriggerType': None, 'pnlStopTriggerType': None, 'stopSlPnl': None, 'stopTpPnl': None, 'initialMargin': None, 'totalAdjustmentAmount': None, 'cps': True, 'trailingUpLimitPrice': None, 'trailingDownLimitPrice': None}",1,SPOT_GRID,BTCFDUSD,0,,NOT_TRAILING,,1
True,Spot Grid,0,True,0.88,0,,2,1,1431,414.70385070000000,100,64.97989939,,3.54,33792561,0.02427707,,,,8425515,"{'type': 'ARITH', 'lowerLimit': '0.02900', 'upperLimit': '0.06200', 'gridCount': 100, 'triggerPrice': None, 'stopLowerLimit': None, 'stopUpperLimit': None, 'baseAsset': 'SOL', 'quoteAsset': 'ETH', 'leverage': None, 'trailingUp': False, 'trailingDown': False, 'autoInitPos': None, 'stopTriggerType': None, 'pnlStopTriggerType': None, 'stopSlPnl': None, 'stopTpPnl': None, 'initialMargin': None, 'totalAdjustmentAmount': None, 'cps': True, 'trailingUpLimitPrice': None, 'trailingDownLimitPrice': None}",1,SPOT_GRID,SOLETH,0,,NOT_TRAILING,,1
True,Spot Grid,0,True,0.81,0,,1,1,1301,1333.41302150000000,99,64.19115877,,4.67,36474463,0.01399689,,,,8190263,"{'type': 'ARITH', 'lowerLimit': '0.01932', 'upperLimit': '0.04308', 'gridCount': 99, 'triggerPrice': None, 'stopLowerLimit': None, 'stopUpperLimit': None, 'baseAsset': 'ETH', 'quoteAsset': 'BTC', 'leverage': None, 'trailingUp': False, 'trailingDown': False, 'autoInitPos': None, 'stopTriggerType': None, 'pnlStopTriggerType': None, 'stopSlPnl': None, 'stopTpPnl': None, 'initialMargin': None, 'totalAdjustmentAmount': None, 'cps': True, 'trailingUpLimitPrice': None, 'trailingDownLimitPrice': None}",1,SPOT_GRID,ETHBTC,0,,NOT_TRAILING,,1
True,Spot Grid,14,True,0.6,0,,1,1,756,63.14000000000000,10,63.62495296,,81.57,81372588,0.04139397,,,,3540326,"{'type': 'ARITH', 'lowerLimit': '120.00', 'upperLimit': '140.00', 'gridCount': 10, 'triggerPrice': None, 'stopLowerLimit': None, 'stopUpperLimit': None, 'baseAsset': 'SOL', 'quoteAsset': 'USDT', 'leverage': None, 'trailingUp': False, 'trailingDown': False, 'autoInitPos': None, 'stopTriggerType': None, 'pnlStopTriggerType': None, 'stopSlPnl': None, 'stopTpPnl': None, 'initialMargin': None, 'totalAdjustmentAmount': None, 'cps': True, 'trailingUpLimitPrice': None, 'trailingDownLimitPrice': None}",1,SPOT_GRID,SOLUSDT,0,,NOT_TRAILING,,1
True,Spot Grid,2,True,2.21,0,,2,1,2691,103.68713100200000,17,63.24895305,,55.10,58558863,0.00872928,,,,6008982,"{'type': 'ARITH', 'lowerLimit': '1.4123', 'upperLimit': '1.5211', 'gridCount': 17, 'triggerPrice': None, 'stopLowerLimit': None, 'stopUpperLimit': None, 'baseAsset': 'XRP', 'quoteAsset': 'USDC', 'leverage': None, 'trailingUp': False, 'trailingDown': False, 'autoInitPos': None, 'stopTriggerType': None, 'pnlStopTriggerType': None, 'stopSlPnl': None, 'stopTpPnl': None, 'initialMargin': None, 'totalAdjustmentAmount': None, 'cps': True, 'trailingUpLimitPrice': None, 'trailingDownLimitPrice': None}",1,SPOT_GRID,XRPUSDC,0,,NOT_TRAILING,,1
True,Spot Grid,0,True,2.25,0,,1,1,1050,305.65390000000000,52,60.92879495,,4.06,34560692,0.01228825,,,,8370761,"{'type': 'ARITH', 'lowerLimit': '0.3035', 'upperLimit': '0.3737', 'gridCount': 52, 'triggerPrice': None, 'stopLowerLimit': None, 'stopUpperLimit': None, 'baseAsset': 'TRX', 'quoteAsset': 'USDT', 'leverage': None, 'trailingUp': False, 'trailingDown': False, 'autoInitPos': None, 'stopTriggerType': None, 'pnlStopTriggerType': None, 'stopSlPnl': None, 'stopTpPnl': None, 'initialMargin': None, 'totalAdjustmentAmount': None, 'cps': True, 'trailingUpLimitPrice': None, 'trailingDownLimitPrice': None}",1,SPOT_GRID,TRXUSDT,0,,NOT_TRAILING,,1
True,Spot Grid,0,False,1.8,0,,1,1,1100,180.69000000000000,30,59.91346010,,14.97,41350123,0.00767768,,,,7753760,"{'type': 'ARITH', 'lowerLimit': '2400.00', 'upperLimit': '2800.00', 'gridCount': 30, 'triggerPrice': None, 'stopLowerLimit': None, 'stopUpperLimit': None, 'baseAsset': 'ETH', 'quoteAsset': 'USDT', 'leverage': None, 'trailingUp': False, 'trailingDown': False, 'autoInitPos': None, 'stopTriggerType': None, 'pnlStopTriggerType': None, 'stopSlPnl': None, 'stopTpPnl': None, 'initialMargin': None, 'totalAdjustmentAmount': None, 'cps': False, 'trailingUpLimitPrice': None, 'trailingDownLimitPrice': None}",1,SPOT_GRID,ETHUSDT,0,,NOT_TRAILING,,1
True,Spot Grid,0,False,2.07,0,,8,1,2112,263.66000000000000,44,59.84200145,,7.37,37407651,0.02831654,,,,8116569,"{'type': 'ARITH', 'lowerLimit': '754.78', 'upperLimit': '915.84', 'gridCount': 44, 'triggerPrice': None, 'stopLowerLimit': None, 'stopUpperLimit': None, 'baseAsset': 'BNB', 'quoteAsset': 'USDT', 'leverage': None, 'trailingUp': False, 'trailingDown': False, 'autoInitPos': None, 'stopTriggerType': None, 'pnlStopTriggerType': None, 'stopSlPnl': None, 'stopTpPnl': None, 'initialMargin': None, 'totalAdjustmentAmount': None, 'cps': False, 'trailingUpLimitPrice': None, 'trailingDownLimitPrice': None}",1,SPOT_GRID,BNBUSDT,0,,NOT_TRAILING,,1
True,Spot Grid,0,True,0.71,0,,1,1,4780,1413.06000000000000,165,59.39731748,,3.32,37714986,0.02010221,,,,8084110,"{'type': 'ARITH', 'lowerLimit': '1500.00', 'upperLimit': '5000.00', 'gridCount': 165, 'triggerPrice': None, 'stopLowerLimit': None, 'stopUpperLimit': None, 'baseAsset': 'ETH', 'quoteAsset': 'USDT', 'leverage': None, 'trailingUp': True, 'trailingDown': False, 'autoInitPos': None, 'stopTriggerType': None, 'pnlStopTriggerType': None, 'stopSlPnl': None, 'stopTpPnl': None, 'initialMargin': None, 'totalAdjustmentAmount': None, 'cps': True, 'trailingUpLimitPrice': None, 'trailingDownLimitPrice': None}",1,SPOT_GRID,ETHUSDT,0,,TRAILING_UP,,1
True,Spot Grid,0,True,0.61,0,,1,1,1080,384.48000000000000,50,59.08768972,,14.41,55284166,0.01452677,,,,6537262,"{'type': 'ARITH', 'lowerLimit': '60000.00', 'upperLimit': '110000.00', 'gridCount': 50, 'triggerPrice': None, 'stopLowerLimit': None, 'stopUpperLimit': None, 'baseAsset': 'BTC', 'quoteAsset': 'USDT', 'leverage': None, 'trailingUp': False, 'trailingDown': False, 'autoInitPos': None, 'stopTriggerType': None, 'pnlStopTriggerType': None, 'stopSlPnl': None, 'stopTpPnl': None, 'initialMargin': None, 'totalAdjustmentAmount': None, 'cps': True, 'trailingUpLimitPrice': None, 'trailingDownLimitPrice': None}",1,SPOT_GRID,BTCUSDT,0,,NOT_TRAILING,,1
True,Spot Grid,2,False,1.13,0,,1,1,17356,1453.99377368000000,170,58.23977481,,0.36,57890449,0.04735545,,,,6141173,"{'type': 'ARITH', 'lowerLimit': '1.4599', 'upperLimit': '3.6579', 'gridCount': 170, 'triggerPrice': None, 'stopLowerLimit': None, 'stopUpperLimit': None, 'baseAsset': 'XRP', 'quoteAsset': 'FDUSD', 'leverage': None, 'trailingUp': True, 'trailingDown': False, 'autoInitPos': None, 'stopTriggerType': None, 'pnlStopTriggerType': None, 'stopSlPnl': None, 'stopTpPnl': None, 'initialMargin': None, 'totalAdjustmentAmount': None, 'cps': False, 'trailingUpLimitPrice': None, 'trailingDownLimitPrice': None}",1,SPOT_GRID,XRPFDUSD,0,,TRAILING_UP,,1
True,Spot Grid,0,False,1.39,0,,5,1,2910,240.25547700000000,50,58.22114704,,16.11,37986102,0.03940849,,,,8050341,"{'type': 'GEO', 'lowerLimit': '0.2738', 'upperLimit': '0.3725', 'gridCount': 50, 'triggerPrice': None, 'stopLowerLimit': None, 'stopUpperLimit': None, 'baseAsset': 'BNB', 'quoteAsset': 'ETH', 'leverage': None, 'trailingUp': True, 'trailingDown': False, 'autoInitPos': None, 'stopTriggerType': None, 'pnlStopTriggerType': None, 'stopSlPnl': None, 'stopTpPnl': None, 'initialMargin': None, 'totalAdjustmentAmount': None, 'cps': False, 'trailingUpLimitPrice': None, 'trailingDownLimitPrice': None}",1,SPOT_GRID,BNBETH,0,,TRAILING_UP,,1
True,Spot Grid,0,True,0.71,0,,1,1,1408,428.13000000000000,60,57.59254882,,11.51,57818677,0.01703253,,,,6158133,"{'type': 'GEO', 'lowerLimit': '70000.00', 'upperLimit': '130000.00', 'gridCount': 60, 'triggerPrice': None, 'stopLowerLimit': None, 'stopUpperLimit': None, 'baseAsset': 'BTC', 'quoteAsset': 'USDT', 'leverage': None, 'trailingUp': False, 'trailingDown': False, 'autoInitPos': None, 'stopTriggerType': None, 'pnlStopTriggerType': None, 'stopSlPnl': None, 'stopTpPnl': None, 'initialMargin': None, 'totalAdjustmentAmount': None, 'cps': True, 'trailingUpLimitPrice': None, 'trailingDownLimitPrice': None}",1,SPOT_GRID,BTCUSDT,0,,NOT_TRAILING,,1
True,Spot Grid,0,True,0.54,0,,2,1,1317,2500.41054272000000,160,57.56602200,,1.84,73547376,0.01922545,,,,4731356,"{'type': 'ARITH', 'lowerLimit': '0.005000', 'upperLimit': '0.020000', 'gridCount': 160, 'triggerPrice': None, 'stopLowerLimit': None, 'stopUpperLimit': '0.020005', 'baseAsset': 'BNB', 'quoteAsset': 'BTC', 'leverage': None, 'trailingUp': False, 'trailingDown': False, 'autoInitPos': None, 'stopTriggerType': None, 'pnlStopTriggerType': None, 'stopSlPnl': None, 'stopTpPnl': None, 'initialMargin': None, 'totalAdjustmentAmount': None, 'cps': True, 'trailingUpLimitPrice': None, 'trailingDownLimitPrice': None}",1,SPOT_GRID,BNBBTC,0,,NOT_TRAILING,,1
True,Spot Grid,0,True,1.37,0,,1,1,377,79.30000000000000,13,57.56329344,,11.51,48292779,0.02262148,,,,7183619,"{'type': 'ARITH', 'lowerLimit': '83900.00', 'upperLimit': '91900.00', 'gridCount': 13, 'triggerPrice': None, 'stopLowerLimit': None, 'stopUpperLimit': None, 'baseAsset': 'BTC', 'quoteAsset': 'USDT', 'leverage': None, 'trailingUp': False, 'trailingDown': False, 'autoInitPos': None, 'stopTriggerType': None, 'pnlStopTriggerType': None, 'stopSlPnl': None, 'stopTpPnl': None, 'initialMargin': None, 'totalAdjustmentAmount': None, 'cps': True, 'trailingUpLimitPrice': None, 'trailingDownLimitPrice': None}",1,SPOT_GRID,BTCUSDT,0,,NOT_TRAILING,,1
True,Spot Grid,0,True,1.45,0,,1,1,1795,358.32564600000000,49,57.53715020,,10.22,50488944,0.01925589,,,,7022039,"{'type': 'ARITH', 'lowerLimit': '69461.22', 'upperLimit': '92971.29', 'gridCount': 49, 'triggerPrice': None, 'stopLowerLimit': None, 'stopUpperLimit': None, 'baseAsset': 'BTC', 'quoteAsset': 'EUR', 'leverage': None, 'trailingUp': False, 'trailingDown': False, 'autoInitPos': None, 'stopTriggerType': None, 'pnlStopTriggerType': None, 'stopSlPnl': None, 'stopTpPnl': None, 'initialMargin': None, 'totalAdjustmentAmount': None, 'cps': True, 'trailingUpLimitPrice': None, 'trailingDownLimitPrice': None}",1,SPOT_GRID,BTCEUR,0,,NOT_TRAILING,,1
True,Spot Grid,0,True,0.75,0,,1,1,928,271.43111200000000,75,56.90065034,,7.55,34496131,0.02945333,,,,8374643,"{'type': 'GEO', 'lowerLimit': '0.03500', 'upperLimit': '0.07000', 'gridCount': 75, 'triggerPrice': None, 'stopLowerLimit': None, 'stopUpperLimit': None, 'baseAsset': 'SOL', 'quoteAsset': 'ETH', 'leverage': None, 'trailingUp': False, 'trailingDown': False, 'autoInitPos': None, 'stopTriggerType': None, 'pnlStopTriggerType': None, 'stopSlPnl': None, 'stopTpPnl': None, 'initialMargin': None, 'totalAdjustmentAmount': None, 'cps': True, 'trailingUpLimitPrice': None, 'trailingDownLimitPrice': None}",1,SPOT_GRID,SOLETH,0,,NOT_TRAILING,,1
True,Spot Grid,0,True,2.09,0,,2,1,4053,220.34000000000000,36,56.56228401,,25.59,67555503,0.01725861,,,,5134421,"{'type': 'ARITH', 'lowerLimit': '2499.97', 'upperLimit': '2930.60', 'gridCount': 36, 'triggerPrice': None, 'stopLowerLimit': None, 'stopUpperLimit': None, 'baseAsset': 'ETH', 'quoteAsset': 'USDT', 'leverage': None, 'trailingUp': False, 'trailingDown': False, 'autoInitPos': None, 'stopTriggerType': None, 'pnlStopTriggerType': None, 'stopSlPnl': None, 'stopTpPnl': None, 'initialMargin': None, 'totalAdjustmentAmount': None, 'cps': True, 'trailingUpLimitPrice': None, 'trailingDownLimitPrice': None}",1,SPOT_GRID,ETHUSDT,0,,NOT_TRAILING,,1
True,Spot Grid,0,False,0.67,0,,2,1,3402,558.23313850000000,120,56.37972962,,10.09,54321418,0.05891795,,,,6633901,"{'type': 'GEO', 'lowerLimit': '0.05000', 'upperLimit': '0.14000', 'gridCount': 120, 'triggerPrice': None, 'stopLowerLimit': None, 'stopUpperLimit': None, 'baseAsset': 'AAVE', 'quoteAsset': 'ETH', 'leverage': None, 'trailingUp': True, 'trailingDown': False, 'autoInitPos': None, 'stopTriggerType': None, 'pnlStopTriggerType': None, 'stopSlPnl': None, 'stopTpPnl': None, 'initialMargin': None, 'totalAdjustmentAmount': None, 'cps': False, 'trailingUpLimitPrice': None, 'trailingDownLimitPrice': None}",1,SPOT_GRID,AAVEETH,0,,TRAILING_UP,,1
True,Spot Grid,0,True,1.05,0,,4,1,1758,498.03000000000000,70,56.16799930,,9.36,34850079,0.01657996,,,,8347979,"{'type': 'GEO', 'lowerLimit': '600.00', 'upperLimit': '1000.00', 'gridCount': 70, 'triggerPrice': None, 'stopLowerLimit': None, 'stopUpperLimit': None, 'baseAsset': 'BNB', 'quoteAsset': 'USDT', 'leverage': None, 'trailingUp': False, 'trailingDown': False, 'autoInitPos': None, 'stopTriggerType': None, 'pnlStopTriggerType': None, 'stopSlPnl': None, 'stopTpPnl': None, 'initialMargin': None, 'totalAdjustmentAmount': None, 'cps': True, 'trailingUpLimitPrice': None, 'trailingDownLimitPrice': None}",1,SPOT_GRID,BNBUSDT,0,,NOT_TRAILING,,1
True,Spot Grid,0,False,1.6,0,,3,1,2228,251.66000000000000,40,56.03519703,,22.87,57090677,0.00728923,,,,6320458,"{'type': 'ARITH', 'lowerLimit': '640.00', 'upperLimit': '800.00', 'gridCount': 40, 'triggerPrice': None, 'stopLowerLimit': None, 'stopUpperLimit': None, 'baseAsset': 'BNB', 'quoteAsset': 'USDT', 'leverage': None, 'trailingUp': False, 'trailingDown': False, 'autoInitPos': None, 'stopTriggerType': None, 'pnlStopTriggerType': None, 'stopSlPnl': None, 'stopTpPnl': None, 'initialMargin': None, 'totalAdjustmentAmount': None, 'cps': False, 'trailingUpLimitPrice': None, 'trailingDownLimitPrice': None}",1,SPOT_GRID,BNBUSDT,0,,NOT_TRAILING,,1
True,Spot Grid,2,True,0.65,0,,1,1,2481,1068.54251000000000,110,56.01770786,,4.97,59273902,0.02247323,,,,5855095,"{'type': 'ARITH', 'lowerLimit': '2000.00', 'upperLimit': '5400.00', 'gridCount': 110, 'triggerPrice': None, 'stopLowerLimit': None, 'stopUpperLimit': None, 'baseAsset': 'ETH', 'quoteAsset': 'EUR', 'leverage': None, 'trailingUp': True, 'trailingDown': False, 'autoInitPos': None, 'stopTriggerType': None, 'pnlStopTriggerType': None, 'stopSlPnl': None, 'stopTpPnl': None, 'initialMargin': None, 'totalAdjustmentAmount': None, 'cps': True, 'trailingUpLimitPrice': None, 'trailingDownLimitPrice': None}",1,SPOT_GRID,ETHEUR,0,,TRAILING_UP,,1
True,Spot Grid,0,True,0.66,0,,1,1,761,220.85246760000000,55,55.80277884,,10.22,34621505,0.01977735,,,,8366775,"{'type': 'ARITH', 'lowerLimit': '0.03000', 'upperLimit': '0.05500', 'gridCount': 55, 'triggerPrice': None, 'stopLowerLimit': None, 'stopUpperLimit': None, 'baseAsset': 'SOL', 'quoteAsset': 'ETH', 'leverage': None, 'trailingUp': False, 'trailingDown': False, 'autoInitPos': None, 'stopTriggerType': None, 'pnlStopTriggerType': None, 'stopSlPnl': None, 'stopTpPnl': None, 'initialMargin': None, 'totalAdjustmentAmount': None, 'cps': True, 'trailingUpLimitPrice': None, 'trailingDownLimitPrice': None}",1,SPOT_GRID,SOLETH,0,,NOT_TRAILING,,1
True,Spot Grid,1,True,2.08,0,,4,1,5759,50.87268000000000,42,55.62543617,,35.98,65862506,0.03071989,,,,5238521,"{'type': 'ARITH', 'lowerLimit': '0.08612', 'upperLimit': '0.10353', 'gridCount': 42, 'triggerPrice': None, 'stopLowerLimit': None, 'stopUpperLimit': None, 'baseAsset': 'DOGE', 'quoteAsset': 'USDT', 'leverage': None, 'trailingUp': False, 'trailingDown': False, 'autoInitPos': None, 'stopTriggerType': None, 'pnlStopTriggerType': None, 'stopSlPnl': None, 'stopTpPnl': None, 'initialMargin': None, 'totalAdjustmentAmount': None, 'cps': True, 'trailingUpLimitPrice': None, 'trailingDownLimitPrice': None}",1,SPOT_GRID,DOGEUSDT,0,,NOT_TRAILING,,1
True,Spot Grid,0,True,0.78,0,,1,1,1583,601.32000000000000,78,54.26644443,,8.14,45736753,0.01598319,,,,7361329,"{'type': 'ARITH', 'lowerLimit': '60000.00', 'upperLimit': '120000.00', 'gridCount': 78, 'triggerPrice': None, 'stopLowerLimit': None, 'stopUpperLimit': None, 'baseAsset': 'BTC', 'quoteAsset': 'USDT', 'leverage': None, 'trailingUp': False, 'trailingDown': False, 'autoInitPos': None, 'stopTriggerType': None, 'pnlStopTriggerType': None, 'stopSlPnl': None, 'stopTpPnl': None, 'initialMargin': None, 'totalAdjustmentAmount': None, 'cps': True, 'trailingUpLimitPrice': None, 'trailingDownLimitPrice': None}",1,SPOT_GRID,BTCUSDT,0,,NOT_TRAILING,,1
True,Spot Grid,0,True,1.28,0,,1,1,1991,1655.12531430000000,170,54.25536791,,2.54,36789298,0.02563513,,,,8165177,"{'type': 'GEO', 'lowerLimit': '0.03020', 'upperLimit': '0.07060', 'gridCount': 170, 'triggerPrice': None, 'stopLowerLimit': None, 'stopUpperLimit': None, 'baseAsset': 'ETH', 'quoteAsset': 'BTC', 'leverage': None, 'trailingUp': False, 'trailingDown': False, 'autoInitPos': None, 'stopTriggerType': None, 'pnlStopTriggerType': None, 'stopSlPnl': None, 'stopTpPnl': None, 'initialMargin': None, 'totalAdjustmentAmount': None, 'cps': True, 'trailingUpLimitPrice': None, 'trailingDownLimitPrice': None}",1,SPOT_GRID,ETHBTC,0,,NOT_TRAILING,,1
True,Spot Grid,0,True,1.8,0,,1,1,2729,592.94383680000000,60,54.16733117,,5.18,55721277,0.01982029,,,,6496047,"{'type': 'GEO', 'lowerLimit': '0.03000', 'upperLimit': '0.04000', 'gridCount': 60, 'triggerPrice': None, 'stopLowerLimit': None, 'stopUpperLimit': None, 'baseAsset': 'ETH', 'quoteAsset': 'BTC', 'leverage': None, 'trailingUp': False, 'trailingDown': False, 'autoInitPos': None, 'stopTriggerType': None, 'pnlStopTriggerType': None, 'stopSlPnl': None, 'stopTpPnl': None, 'initialMargin': None, 'totalAdjustmentAmount': None, 'cps': True, 'trailingUpLimitPrice': None, 'trailingDownLimitPrice': None}",1,SPOT_GRID,ETHBTC,0,,NOT_TRAILING,,1
True,Spot Grid,0,False,0.32,0,,2,1,3063,785.37805419700000,170,53.66814173,,6.83,52567552,0.04783108,,,,6850973,"{'type': 'GEO', 'lowerLimit': '0.00004076', 'upperLimit': '0.00026400', 'gridCount': 170, 'triggerPrice': None, 'stopLowerLimit': None, 'stopUpperLimit': None, 'baseAsset': 'XLM', 'quoteAsset': 'ETH', 'leverage': None, 'trailingUp': True, 'trailingDown': False, 'autoInitPos': None, 'stopTriggerType': None, 'pnlStopTriggerType': None, 'stopSlPnl': None, 'stopTpPnl': None, 'initialMargin': None, 'totalAdjustmentAmount': None, 'cps': False, 'trailingUpLimitPrice': None, 'trailingDownLimitPrice': None}",1,SPOT_GRID,XLMETH,0,,TRAILING_UP,,1
True,Spot Grid,0,False,0.41,0,,1,1,1202,412.01000000000000,58,53.25504509,,10.65,44388213,0.03050819,,,,7470067,"{'type': 'ARITH', 'lowerLimit': '90.00', 'upperLimit': '220.00', 'gridCount': 58, 'triggerPrice': None, 'stopLowerLimit': None, 'stopUpperLimit': '270.00', 'baseAsset': 'SOL', 'quoteAsset': 'USDT', 'leverage': None, 'trailingUp': False, 'trailingDown': False, 'autoInitPos': None, 'stopTriggerType': None, 'pnlStopTriggerType': None, 'stopSlPnl': None, 'stopTpPnl': None, 'initialMargin': None, 'totalAdjustmentAmount': None, 'cps': False, 'trailingUpLimitPrice': None, 'trailingDownLimitPrice': None}",1,SPOT_GRID,SOLUSDT,0,,NOT_TRAILING,,1
True,Spot Grid,0,True,0.7,0,,1,1,1177,359.11000000000000,50,53.14852843,,10.62,57154903,0.01823074,,,,6306928,"{'type': 'ARITH', 'lowerLimit': '70000.00', 'upperLimit': '120000.00', 'gridCount': 50, 'triggerPrice': None, 'stopLowerLimit': None, 'stopUpperLimit': None, 'baseAsset': 'BTC', 'quoteAsset': 'USDT', 'leverage': None, 'trailingUp': False, 'trailingDown': False, 'autoInitPos': None, 'stopTriggerType': None, 'pnlStopTriggerType': None, 'stopSlPnl': None, 'stopTpPnl': None, 'initialMargin': None, 'totalAdjustmentAmount': None, 'cps': True, 'trailingUpLimitPrice': None, 'trailingDownLimitPrice': None}",1,SPOT_GRID,BTCUSDT,0,,NOT_TRAILING,,1
True,Spot Grid,0,True,0.61,0,,3,1,1089,353.68722070000000,75,52.99381124,,13.97,34727523,0.03572473,,,,8358874,"{'type': 'ARITH', 'lowerLimit': '0.002651', 'upperLimit': '0.005939', 'gridCount': 75, 'triggerPrice': None, 'stopLowerLimit': None, 'stopUpperLimit': None, 'baseAsset': 'LINK', 'quoteAsset': 'ETH', 'leverage': None, 'trailingUp': True, 'trailingDown': False, 'autoInitPos': None, 'stopTriggerType': None, 'pnlStopTriggerType': None, 'stopSlPnl': None, 'stopTpPnl': None, 'initialMargin': None, 'totalAdjustmentAmount': None, 'cps': True, 'trailingUpLimitPrice': None, 'trailingDownLimitPrice': None}",1,SPOT_GRID,LINKETH,0,,TRAILING_UP,,1
True,Spot Grid,0,True,0.91,0,,1,1,3956,514.04000000000000,89,52.82666789,,6.63,74148584,0.02250766,,,,4656243,"{'type': 'ARITH', 'lowerLimit': '2560.44', 'upperLimit': '5069.02', 'gridCount': 89, 'triggerPrice': None, 'stopLowerLimit': None, 'stopUpperLimit': None, 'baseAsset': 'ETH', 'quoteAsset': 'USDT', 'leverage': None, 'trailingUp': False, 'trailingDown': False, 'autoInitPos': None, 'stopTriggerType': None, 'pnlStopTriggerType': None, 'stopSlPnl': None, 'stopTpPnl': None, 'initialMargin': None, 'totalAdjustmentAmount': None, 'cps': True, 'trailingUpLimitPrice': None, 'trailingDownLimitPrice': None}",1,SPOT_GRID,ETHUSDT,0,,NOT_TRAILING,,1
True,Spot Grid,1,True,0.68,0,,1,1,854,194.93000000000000,30,52.24226563,,26.12,59626638,0.02058059,,,,5768348,"{'type': 'ARITH', 'lowerLimit': '76172.16', 'upperLimit': '110000.00', 'gridCount': 30, 'triggerPrice': None, 'stopLowerLimit': None, 'stopUpperLimit': None, 'baseAsset': 'BTC', 'quoteAsset': 'USDT', 'leverage': None, 'trailingUp': False, 'trailingDown': False, 'autoInitPos': None, 'stopTriggerType': None, 'pnlStopTriggerType': None, 'stopSlPnl': None, 'stopTpPnl': None, 'initialMargin': None, 'totalAdjustmentAmount': None, 'cps': True, 'trailingUpLimitPrice': None, 'trailingDownLimitPrice': None}",1,SPOT_GRID,BTCUSDT,0,,NOT_TRAILING,,1
True,Spot Grid,0,False,0.3,0,,1,1,1084,579.36850000000000,66,51.25485432,,6.33,42563031,0.03584282,,,,7554407,"{'type': 'ARITH', 'lowerLimit': '1.1493', 'upperLimit': '3.6963', 'gridCount': 66, 'triggerPrice': '2.1450', 'stopLowerLimit': None, 'stopUpperLimit': '10.0000', 'baseAsset': 'XRP', 'quoteAsset': 'USDT', 'leverage': None, 'trailingUp': True, 'trailingDown': False, 'autoInitPos': None, 'stopTriggerType': None, 'pnlStopTriggerType': None, 'stopSlPnl': None, 'stopTpPnl': None, 'initialMargin': None, 'totalAdjustmentAmount': None, 'cps': False, 'trailingUpLimitPrice': None, 'trailingDownLimitPrice': None}",1,SPOT_GRID,XRPUSDT,0,,TRAILING_UP,,1
True,Spot Grid,0,True,1.99,0,,2,1,2931,364.99000000000000,59,51.17507486,,10.23,49705123,0.01205913,,,,7085959,"{'type': 'ARITH', 'lowerLimit': '73165.76', 'upperLimit': '94911.36', 'gridCount': 59, 'triggerPrice': None, 'stopLowerLimit': None, 'stopUpperLimit': None, 'baseAsset': 'BTC', 'quoteAsset': 'USDT', 'leverage': None, 'trailingUp': False, 'trailingDown': False, 'autoInitPos': None, 'stopTriggerType': None, 'pnlStopTriggerType': None, 'stopSlPnl': None, 'stopTpPnl': None, 'initialMargin': None, 'totalAdjustmentAmount': None, 'cps': True, 'trailingUpLimitPrice': None, 'trailingDownLimitPrice': None}",1,SPOT_GRID,BTCUSDT,0,,NOT_TRAILING,,1
True,Spot Grid,6,False,0.39,0,,1,1,590,126.77921000000000,25,51.15003896,,38.61,75745782,0.03642770,,,,4459914,"{'type': 'GEO', 'lowerLimit': '0.2329', 'upperLimit': '0.3836', 'gridCount': 25, 'triggerPrice': None, 'stopLowerLimit': None, 'stopUpperLimit': None, 'baseAsset': 'BNB', 'quoteAsset': 'ETH', 'leverage': None, 'trailingUp': True, 'trailingDown': False, 'autoInitPos': None, 'stopTriggerType': None, 'pnlStopTriggerType': None, 'stopSlPnl': None, 'stopTpPnl': None, 'initialMargin': None, 'totalAdjustmentAmount': None, 'cps': False, 'trailingUpLimitPrice': None, 'trailingDownLimitPrice': None}",1,SPOT_GRID,BNBETH,0,,TRAILING_UP,,1
True,Spot Grid,0,True,1.15,0,,1,1,2461,453.59000000000000,71,50.79298581,,10.15,58985113,0.02323571,,,,5912270,"{'type': 'ARITH', 'lowerLimit': '79596.62', 'upperLimit': '128790.76', 'gridCount': 71, 'triggerPrice': None, 'stopLowerLimit': None, 'stopUpperLimit': None, 'baseAsset': 'BTC', 'quoteAsset': 'USDT', 'leverage': None, 'trailingUp': False, 'trailingDown': False, 'autoInitPos': None, 'stopTriggerType': None, 'pnlStopTriggerType': None, 'stopSlPnl': None, 'stopTpPnl': None, 'initialMargin': None, 'totalAdjustmentAmount': None, 'cps': True, 'trailingUpLimitPrice': None, 'trailingDownLimitPrice': None}",1,SPOT_GRID,BTCUSDT,0,,NOT_TRAILING,,1
True,Spot Grid,0,False,0.76,0,,2,1,8365,926.44620000000000,150,50.24026387,,3.58,51150231,0.02921722,,,,6969164,"{'type': 'GEO', 'lowerLimit': '1.3000', 'upperLimit': '3.9000', 'gridCount': 150, 'triggerPrice': None, 'stopLowerLimit': '0.1000', 'stopUpperLimit': '3.9010', 'baseAsset': 'XRP', 'quoteAsset': 'USDT', 'leverage': None, 'trailingUp': False, 'trailingDown': False, 'autoInitPos': None, 'stopTriggerType': None, 'pnlStopTriggerType': None, 'stopSlPnl': None, 'stopTpPnl': None, 'initialMargin': None, 'totalAdjustmentAmount': None, 'cps': False, 'trailingUpLimitPrice': None, 'trailingDownLimitPrice': None}",1,SPOT_GRID,XRPUSDT,0,,NOT_TRAILING,,1
True,Spot Grid,0,False,0.52,0,,1,1,868,207.11000000000000,35,49.85078419,,18.55,56330628,0.02258651,,,,6429198,"{'type': 'GEO', 'lowerLimit': '2501.00', 'upperLimit': '4199.00', 'gridCount': 35, 'triggerPrice': None, 'stopLowerLimit': None, 'stopUpperLimit': None, 'baseAsset': 'ETH', 'quoteAsset': 'USDT', 'leverage': None, 'trailingUp': False, 'trailingDown': False, 'autoInitPos': None, 'stopTriggerType': None, 'pnlStopTriggerType': None, 'stopSlPnl': None, 'stopTpPnl': None, 'initialMargin': None, 'totalAdjustmentAmount': None, 'cps': False, 'trailingUpLimitPrice': None, 'trailingDownLimitPrice': None}",1,SPOT_GRID,ETHUSDT,0,,NOT_TRAILING,,1
True,Spot Grid,0,False,0.85,0,,1,1,1628,495.16000000000000,56,49.23473905,,9.84,59616426,0.02224054,,,,5774358,"{'type': 'ARITH', 'lowerLimit': '75357.10', 'upperLimit': '125357.10', 'gridCount': 56, 'triggerPrice': None, 'stopLowerLimit': None, 'stopUpperLimit': None, 'baseAsset': 'BTC', 'quoteAsset': 'USDT', 'leverage': None, 'trailingUp': True, 'trailingDown': False, 'autoInitPos': None, 'stopTriggerType': None, 'pnlStopTriggerType': None, 'stopSlPnl': None, 'stopTpPnl': None, 'initialMargin': None, 'totalAdjustmentAmount': None, 'cps': False, 'trailingUpLimitPrice': None, 'trailingDownLimitPrice': None}",1,SPOT_GRID,BTCUSDT,0,,TRAILING_UP,,1
True,Spot Grid,0,True,0.71,0,,2,1,1004,250.56004320000000,43,48.21051438,,4.82,41582990,0.03561819,,,,7732079,"{'type': 'ARITH', 'lowerLimit': '115.00', 'upperLimit': '185.00', 'gridCount': 43, 'triggerPrice': None, 'stopLowerLimit': None, 'stopUpperLimit': None, 'baseAsset': 'SOL', 'quoteAsset': 'USDC', 'leverage': None, 'trailingUp': False, 'trailingDown': False, 'autoInitPos': None, 'stopTriggerType': None, 'pnlStopTriggerType': None, 'stopSlPnl': None, 'stopTpPnl': None, 'initialMargin': None, 'totalAdjustmentAmount': None, 'cps': True, 'trailingUpLimitPrice': None, 'trailingDownLimitPrice': None}",1,SPOT_GRID,SOLUSDC,0,,NOT_TRAILING,,1
True,Spot Grid,0,True,1.05,0,,4,1,1753,498.05000000000000,70,47.91407348,,9.21,34759692,0.01735328,,,,8355452,"{'type': 'GEO', 'lowerLimit': '600.00', 'upperLimit': '1000.00', 'gridCount': 70, 'triggerPrice': None, 'stopLowerLimit': None, 'stopUpperLimit': None, 'baseAsset': 'BNB', 'quoteAsset': 'USDT', 'leverage': None, 'trailingUp': False, 'trailingDown': False, 'autoInitPos': None, 'stopTriggerType': None, 'pnlStopTriggerType': None, 'stopSlPnl': None, 'stopTpPnl': None, 'initialMargin': None, 'totalAdjustmentAmount': None, 'cps': True, 'trailingUpLimitPrice': None, 'trailingDownLimitPrice': None}",1,SPOT_GRID,BNBUSDT,0,,NOT_TRAILING,,1
True,Spot Grid,0,True,0.67,0,,28,1,1157,325.17419800000000,48,47.86534119,,13.67,33001274,0.08281272,,,,8511417,"{'type': 'GEO', 'lowerLimit': '0.004800', 'upperLimit': '0.008280', 'gridCount': 48, 'triggerPrice': None, 'stopLowerLimit': None, 'stopUpperLimit': None, 'baseAsset': 'PUMP', 'quoteAsset': 'USDT', 'leverage': None, 'trailingUp': False, 'trailingDown': False, 'autoInitPos': None, 'stopTriggerType': None, 'pnlStopTriggerType': None, 'stopSlPnl': None, 'stopTpPnl': None, 'initialMargin': None, 'totalAdjustmentAmount': None, 'cps': True, 'trailingUpLimitPrice': None, 'trailingDownLimitPrice': None}",1,SPOT_GRID,PUMPUSDT,0,,NOT_TRAILING,,1
True,Spot Grid,0,True,0.24,0,,1,1,774,256.55700000000000,38,47.77121158,,12.63,80670303,0.09599571,,,,3775884,"{'type': 'ARITH', 'lowerLimit': '3.850', 'upperLimit': '10.000', 'gridCount': 38, 'triggerPrice': None, 'stopLowerLimit': None, 'stopUpperLimit': None, 'baseAsset': 'NEAR', 'quoteAsset': 'USDT', 'leverage': None, 'trailingUp': False, 'trailingDown': False, 'autoInitPos': None, 'stopTriggerType': None, 'pnlStopTriggerType': None, 'stopSlPnl': None, 'stopTpPnl': None, 'initialMargin': None, 'totalAdjustmentAmount': None, 'cps': True, 'trailingUpLimitPrice': None, 'trailingDownLimitPrice': None}",1,SPOT_GRID,NEARUSDT,0,,NOT_TRAILING,,1
True,Spot Grid,0,False,0.27,0,,1,1,2594,786.14379947400000,170,47.66085347,,6.06,52567393,0.04732944,,,,6850990,"{'type': 'GEO', 'lowerLimit': '0.00004076', 'upperLimit': '0.00030280', 'gridCount': 170, 'triggerPrice': None, 'stopLowerLimit': None, 'stopUpperLimit': None, 'baseAsset': 'XLM', 'quoteAsset': 'ETH', 'leverage': None, 'trailingUp': True, 'trailingDown': False, 'autoInitPos': None, 'stopTriggerType': None, 'pnlStopTriggerType': None, 'stopSlPnl': None, 'stopTpPnl': None, 'initialMargin': None, 'totalAdjustmentAmount': None, 'cps': False, 'trailingUpLimitPrice': None, 'trailingDownLimitPrice': None}",1,SPOT_GRID,XLMETH,0,,TRAILING_UP,,1
True,Spot Grid,0,True,1.56,0,,1,1,4746,697.27000000000000,80,47.34501857,,2.36,59769642,0.02816468,,,,5731630,"{'type': 'GEO', 'lowerLimit': '82945.61', 'upperLimit': '125675.30', 'gridCount': 80, 'triggerPrice': None, 'stopLowerLimit': None, 'stopUpperLimit': None, 'baseAsset': 'BTC', 'quoteAsset': 'USDT', 'leverage': None, 'trailingUp': True, 'trailingDown': False, 'autoInitPos': None, 'stopTriggerType': None, 'pnlStopTriggerType': None, 'stopSlPnl': None, 'stopTpPnl': None, 'initialMargin': None, 'totalAdjustmentAmount': None, 'cps': True, 'trailingUpLimitPrice': None, 'trailingDownLimitPrice': None}",1,SPOT_GRID,BTCUSDT,0,,TRAILING_UP,,1
True,Spot Grid,0,False,0.43,0,,2,1,2624,613.06000000000000,70,46.49842883,,7.57,66626488,0.04297978,,,,5195255,"{'type': 'GEO', 'lowerLimit': '111.91', 'upperLimit': '295.33', 'gridCount': 70, 'triggerPrice': None, 'stopLowerLimit': None, 'stopUpperLimit': None, 'baseAsset': 'SOL', 'quoteAsset': 'USDT', 'leverage': None, 'trailingUp': True, 'trailingDown': False, 'autoInitPos': None, 'stopTriggerType': None, 'pnlStopTriggerType': None, 'stopSlPnl': None, 'stopTpPnl': None, 'initialMargin': None, 'totalAdjustmentAmount': None, 'cps': False, 'trailingUpLimitPrice': None, 'trailingDownLimitPrice': None}",1,SPOT_GRID,SOLUSDT,0,,TRAILING_UP,,1
True,Spot Grid,0,True,0.71,0,,1,1,1399,427.97000000000000,60,45.93092976,,9.18,57716754,0.01740211,,,,6186923,"{'type': 'GEO', 'lowerLimit': '70000.00', 'upperLimit': '130000.00', 'gridCount': 60, 'triggerPrice': None, 'stopLowerLimit': None, 'stopUpperLimit': None, 'baseAsset': 'BTC', 'quoteAsset': 'USDT', 'leverage': None, 'trailingUp': False, 'trailingDown': False, 'autoInitPos': None, 'stopTriggerType': None, 'pnlStopTriggerType': None, 'stopSlPnl': None, 'stopTpPnl': None, 'initialMargin': None, 'totalAdjustmentAmount': None, 'cps': True, 'trailingUpLimitPrice': None, 'trailingDownLimitPrice': None}",1,SPOT_GRID,BTCUSDT,0,,NOT_TRAILING,,1
True,Spot Grid,0,True,0.88,0,,2,1,1400,414.61749650000000,100,45.67041343,,1.69,33520500,0.02398668,,,,8453732,"{'type': 'ARITH', 'lowerLimit': '0.02900', 'upperLimit': '0.06200', 'gridCount': 100, 'triggerPrice': None, 'stopLowerLimit': None, 'stopUpperLimit': None, 'baseAsset': 'SOL', 'quoteAsset': 'ETH', 'leverage': None, 'trailingUp': False, 'trailingDown': False, 'autoInitPos': None, 'stopTriggerType': None, 'pnlStopTriggerType': None, 'stopSlPnl': None, 'stopTpPnl': None, 'initialMargin': None, 'totalAdjustmentAmount': None, 'cps': True, 'trailingUpLimitPrice': None, 'trailingDownLimitPrice': None}",1,SPOT_GRID,SOLETH,0,,NOT_TRAILING,,1
True,Spot Grid,1,False,0.14,0,,1,1,152,147.02600000000000,20,45.53169590,,16.37,35688789,0.08283943,,,,8276862,"{'type': 'ARITH', 'lowerLimit': '1.350', 'upperLimit': '3.350', 'gridCount': 20, 'triggerPrice': None, 'stopLowerLimit': None, 'stopUpperLimit': None, 'baseAsset': 'ORCA', 'quoteAsset': 'USDT', 'leverage': None, 'trailingUp': False, 'trailingDown': False, 'autoInitPos': None, 'stopTriggerType': None, 'pnlStopTriggerType': None, 'stopSlPnl': None, 'stopTpPnl': None, 'initialMargin': None, 'totalAdjustmentAmount': None, 'cps': False, 'trailingUpLimitPrice': None, 'trailingDownLimitPrice': None}",1,SPOT_GRID,ORCAUSDT,0,,NOT_TRAILING,,1
True,Spot Grid,0,True,1.09,0,,1,1,2318,304.23000000000000,52,45.15879380,,12.90,54660828,0.02526396,,,,6606823,"{'type': 'ARITH', 'lowerLimit': '2598.33', 'upperLimit': '3845.04', 'gridCount': 52, 'triggerPrice': None, 'stopLowerLimit': None, 'stopUpperLimit': None, 'baseAsset': 'ETH', 'quoteAsset': 'USDT', 'leverage': None, 'trailingUp': False, 'trailingDown': False, 'autoInitPos': None, 'stopTriggerType': None, 'pnlStopTriggerType': None, 'stopSlPnl': None, 'stopTpPnl': None, 'initialMargin': None, 'totalAdjustmentAmount': None, 'cps': True, 'trailingUpLimitPrice': None, 'trailingDownLimitPrice': None}",1,SPOT_GRID,ETHUSDT,0,,NOT_TRAILING,,1
True,Spot Grid,0,False,2.7,0,,3,1,4916,311.52000000000000,54,44.71659874,,11.17,51706604,0.01869056,,,,6923613,"{'type': 'ARITH', 'lowerLimit': '2500.00', 'upperLimit': '3000.00', 'gridCount': 54, 'triggerPrice': None, 'stopLowerLimit': None, 'stopUpperLimit': None, 'baseAsset': 'ETH', 'quoteAsset': 'USDT', 'leverage': None, 'trailingUp': False, 'trailingDown': False, 'autoInitPos': None, 'stopTriggerType': None, 'pnlStopTriggerType': None, 'stopSlPnl': None, 'stopTpPnl': None, 'initialMargin': None, 'totalAdjustmentAmount': None, 'cps': False, 'trailingUpLimitPrice': None, 'trailingDownLimitPrice': None}",1,SPOT_GRID,ETHUSDT,0,,NOT_TRAILING,,1
True,Spot Grid,0,True,1.23,0,,2,1,788,249.63943536000000,23,44.27447542,,17.48,67382438,0.00744311,,,,5143778,"{'type': 'ARITH', 'lowerLimit': '0.008000', 'upperLimit': '0.009500', 'gridCount': 23, 'triggerPrice': None, 'stopLowerLimit': None, 'stopUpperLimit': None, 'baseAsset': 'BNB', 'quoteAsset': 'BTC', 'leverage': None, 'trailingUp': False, 'trailingDown': False, 'autoInitPos': None, 'stopTriggerType': None, 'pnlStopTriggerType': None, 'stopSlPnl': None, 'stopTpPnl': None, 'initialMargin': None, 'totalAdjustmentAmount': None, 'cps': True, 'trailingUpLimitPrice': None, 'trailingDownLimitPrice': None}",1,SPOT_GRID,BNBBTC,0,,NOT_TRAILING,,1
True,Spot Grid,5,True,0.42,0,,1,1,1151,663.28725264000000,62,43.99688142,,5.16,57189409,0.06142897,,,,6300000,"{'type': 'ARITH', 'lowerLimit': '0.001800', 'upperLimit': '0.004500', 'gridCount': 62, 'triggerPrice': None, 'stopLowerLimit': None, 'stopUpperLimit': None, 'baseAsset': 'AAVE', 'quoteAsset': 'BTC', 'leverage': None, 'trailingUp': False, 'trailingDown': False, 'autoInitPos': None, 'stopTriggerType': None, 'pnlStopTriggerType': None, 'stopSlPnl': None, 'stopTpPnl': None, 'initialMargin': None, 'totalAdjustmentAmount': None, 'cps': True, 'trailingUpLimitPrice': None, 'trailingDownLimitPrice': None}",1,SPOT_GRID,AAVEBTC,0,,NOT_TRAILING,,1
True,Spot Grid,0,True,0.41,0,,1,1,2014,1036.15000000000000,105,43.81278327,,3.50,37614833,0.01804645,,,,8093468,"{'type': 'ARITH', 'lowerLimit': '1347.28', 'upperLimit': '4799.01', 'gridCount': 105, 'triggerPrice': None, 'stopLowerLimit': None, 'stopUpperLimit': None, 'baseAsset': 'ETH', 'quoteAsset': 'USDT', 'leverage': None, 'trailingUp': False, 'trailingDown': False, 'autoInitPos': None, 'stopTriggerType': None, 'pnlStopTriggerType': None, 'stopSlPnl': None, 'stopTpPnl': None, 'initialMargin': None, 'totalAdjustmentAmount': None, 'cps': True, 'trailingUpLimitPrice': None, 'trailingDownLimitPrice': None}",1,SPOT_GRID,ETHUSDT,0,,NOT_TRAILING,,1
True,Spot Grid,0,True,0.19,0,,1,1,166,70.21331863000000,10,43.23066923,,54.03,49826814,0.06816530,,,,7077501,"{'type': 'ARITH', 'lowerLimit': '12.150', 'upperLimit': '18.810', 'gridCount': 10, 'triggerPrice': None, 'stopLowerLimit': None, 'stopUpperLimit': None, 'baseAsset': 'LINK', 'quoteAsset': 'USDC', 'leverage': None, 'trailingUp': False, 'trailingDown': False, 'autoInitPos': None, 'stopTriggerType': None, 'pnlStopTriggerType': None, 'stopSlPnl': None, 'stopTpPnl': None, 'initialMargin': None, 'totalAdjustmentAmount': None, 'cps': True, 'trailingUpLimitPrice': None, 'trailingDownLimitPrice': None}",1,SPOT_GRID,LINKUSDC,0,,NOT_TRAILING,,1
True,Spot Grid,0,True,1.34,0,,1,1,1634,286.95000000000000,46,43.18470828,,14.39,50329827,0.01424654,,,,7034848,"{'type': 'ARITH', 'lowerLimit': '72453.91', 'upperLimit': '97513.01', 'gridCount': 46, 'triggerPrice': None, 'stopLowerLimit': None, 'stopUpperLimit': None, 'baseAsset': 'BTC', 'quoteAsset': 'USDT', 'leverage': None, 'trailingUp': False, 'trailingDown': False, 'autoInitPos': None, 'stopTriggerType': None, 'pnlStopTriggerType': None, 'stopSlPnl': None, 'stopTpPnl': None, 'initialMargin': None, 'totalAdjustmentAmount': None, 'cps': True, 'trailingUpLimitPrice': None, 'trailingDownLimitPrice': None}",1,SPOT_GRID,BTCUSDT,0,,NOT_TRAILING,,1
True,Spot Grid,0,True,1.28,0,,1,1,1969,1655.24189430000000,170,42.65563914,,1.66,36573515,0.02533551,,,,8179703,"{'type': 'GEO', 'lowerLimit': '0.03020', 'upperLimit': '0.07060', 'gridCount': 170, 'triggerPrice': None, 'stopLowerLimit': None, 'stopUpperLimit': None, 'baseAsset': 'ETH', 'quoteAsset': 'BTC', 'leverage': None, 'trailingUp': False, 'trailingDown': False, 'autoInitPos': None, 'stopTriggerType': None, 'pnlStopTriggerType': None, 'stopSlPnl': None, 'stopTpPnl': None, 'initialMargin': None, 'totalAdjustmentAmount': None, 'cps': True, 'trailingUpLimitPrice': None, 'trailingDownLimitPrice': None}",1,SPOT_GRID,ETHBTC,0,,NOT_TRAILING,,1
True,Spot Grid,0,False,1.32,0,,22,1,957,120.34400000000000,20,42.48631220,,10.71,54597887,0.05863513,,,,6612051,"{'type': 'ARITH', 'lowerLimit': '4.600', 'upperLimit': '5.300', 'gridCount': 20, 'triggerPrice': None, 'stopLowerLimit': None, 'stopUpperLimit': None, 'baseAsset': 'NEAR', 'quoteAsset': 'USDT', 'leverage': None, 'trailingUp': False, 'trailingDown': False, 'autoInitPos': None, 'stopTriggerType': None, 'pnlStopTriggerType': None, 'stopSlPnl': None, 'stopTpPnl': None, 'initialMargin': None, 'totalAdjustmentAmount': None, 'cps': False, 'trailingUpLimitPrice': None, 'trailingDownLimitPrice': None}",1,SPOT_GRID,NEARUSDT,0,,NOT_TRAILING,,1
True,Spot Grid,1,False,1.85,0,,1,1,3890,1447.03919710000000,81,42.28259459,,2.91,44155733,0.02407559,,,,7503505,"{'type': 'GEO', 'lowerLimit': '0.02997', 'upperLimit': '0.04315', 'gridCount': 81, 'triggerPrice': None, 'stopLowerLimit': None, 'stopUpperLimit': None, 'baseAsset': 'ETH', 'quoteAsset': 'BTC', 'leverage': None, 'trailingUp': True, 'trailingDown': False, 'autoInitPos': None, 'stopTriggerType': None, 'pnlStopTriggerType': None, 'stopSlPnl': None, 'stopTpPnl': None, 'initialMargin': None, 'totalAdjustmentAmount': None, 'cps': False, 'trailingUpLimitPrice': None, 'trailingDownLimitPrice': None}",1,SPOT_GRID,ETHBTC,0,,TRAILING_UP,,1
True,Spot Grid,0,True,0.72,0,,3,1,6121,865.68500000000000,100,41.99589807,,4.19,57429619,0.12296986,,,,6253329,"{'type': 'ARITH', 'lowerLimit': '12.900', 'upperLimit': '30.900', 'gridCount': 100, 'triggerPrice': None, 'stopLowerLimit': None, 'stopUpperLimit': None, 'baseAsset': 'LINK', 'quoteAsset': 'USDT', 'leverage': None, 'trailingUp': True, 'trailingDown': False, 'autoInitPos': None, 'stopTriggerType': None, 'pnlStopTriggerType': None, 'stopSlPnl': None, 'stopTpPnl': None, 'initialMargin': None, 'totalAdjustmentAmount': None, 'cps': True, 'trailingUpLimitPrice': None, 'trailingDownLimitPrice': None}",1,SPOT_GRID,LINKUSDT,0,,TRAILING_UP,,1
True,Spot Grid,0,False,1.78,0,,1,1,1965,362.18780500000000,37,41.73373585,,10.80,56220387,0.01956404,,,,6440580,"{'type': 'ARITH', 'lowerLimit': '0.03043', 'upperLimit': '0.03677', 'gridCount': 37, 'triggerPrice': None, 'stopLowerLimit': None, 'stopUpperLimit': None, 'baseAsset': 'ETH', 'quoteAsset': 'BTC', 'leverage': None, 'trailingUp': False, 'trailingDown': False, 'autoInitPos': None, 'stopTriggerType': None, 'pnlStopTriggerType': None, 'stopSlPnl': None, 'stopTpPnl': None, 'initialMargin': None, 'totalAdjustmentAmount': None, 'cps': False, 'trailingUpLimitPrice': None, 'trailingDownLimitPrice': None}",1,SPOT_GRID,ETHBTC,0,,NOT_TRAILING,,1
True,Spot Grid,0,False,1.46,0,,1,1,4032,597.12000000000000,94,39.32214724,,5.90,58675455,0.02264417,,,,5986314,"{'type': 'ARITH', 'lowerLimit': '79000.00', 'upperLimit': '130000.00', 'gridCount': 94, 'triggerPrice': None, 'stopLowerLimit': None, 'stopUpperLimit': None, 'baseAsset': 'BTC', 'quoteAsset': 'USDT', 'leverage': None, 'trailingUp': False, 'trailingDown': False, 'autoInitPos': None, 'stopTriggerType': None, 'pnlStopTriggerType': None, 'stopSlPnl': None, 'stopTpPnl': None, 'initialMargin': None, 'totalAdjustmentAmount': None, 'cps': False, 'trailingUpLimitPrice': None, 'trailingDownLimitPrice': None}",1,SPOT_GRID,BTCUSDT,0,,NOT_TRAILING,,1
True,Spot Grid,0,False,1.8,0,,1,1,2732,592.52926950000000,60,39.30539274,,5.49,55689937,0.01995519,,,,6499168,"{'type': 'GEO', 'lowerLimit': '0.03000', 'upperLimit': '0.04000', 'gridCount': 60, 'triggerPrice': None, 'stopLowerLimit': None, 'stopUpperLimit': None, 'baseAsset': 'ETH', 'quoteAsset': 'BTC', 'leverage': None, 'trailingUp': False, 'trailingDown': False, 'autoInitPos': None, 'stopTriggerType': None, 'pnlStopTriggerType': None, 'stopSlPnl': None, 'stopTpPnl': None, 'initialMargin': None, 'totalAdjustmentAmount': None, 'cps': False, 'trailingUpLimitPrice': None, 'trailingDownLimitPrice': None}",1,SPOT_GRID,ETHBTC,0,,NOT_TRAILING,,1
True,Spot Grid,0,True,1.05,0,,2,1,3925,502.75796220000000,120,39.25324023,,4.67,62094614,0.02131467,,,,5505970,"{'type': 'ARITH', 'lowerLimit': '0.02800', 'upperLimit': '0.06000', 'gridCount': 120, 'triggerPrice': None, 'stopLowerLimit': None, 'stopUpperLimit': None, 'baseAsset': 'SOL', 'quoteAsset': 'ETH', 'leverage': None, 'trailingUp': False, 'trailingDown': False, 'autoInitPos': None, 'stopTriggerType': None, 'pnlStopTriggerType': None, 'stopSlPnl': None, 'stopTpPnl': None, 'initialMargin': None, 'totalAdjustmentAmount': None, 'cps': True, 'trailingUpLimitPrice': None, 'trailingDownLimitPrice': None}",1,SPOT_GRID,SOLETH,0,,NOT_TRAILING,,1
True,Spot Grid,0,False,1.0,0,,1,1,1246,240.34190400000000,50,39.03325147,,12.78,32557557,0.02955954,,,,8554283,"{'type': 'GEO', 'lowerLimit': '0.2474', 'upperLimit': '0.3720', 'gridCount': 50, 'triggerPrice': None, 'stopLowerLimit': '0.2473', 'stopUpperLimit': None, 'baseAsset': 'BNB', 'quoteAsset': 'ETH', 'leverage': None, 'trailingUp': True, 'trailingDown': False, 'autoInitPos': None, 'stopTriggerType': None, 'pnlStopTriggerType': None, 'stopSlPnl': None, 'stopTpPnl': None, 'initialMargin': None, 'totalAdjustmentAmount': None, 'cps': False, 'trailingUpLimitPrice': None, 'trailingDownLimitPrice': None}",1,SPOT_GRID,BNBETH,0,,TRAILING_UP,,1
True,Spot Grid,0,False,0.33,0,,1,1,3106,1971.32485852480000,170,38.99950371,,0.72,58294077,0.11322492,,,,6052605,"{'type': 'GEO', 'lowerLimit': '0.00002233', 'upperLimit': '0.00014000', 'gridCount': 170, 'triggerPrice': None, 'stopLowerLimit': None, 'stopUpperLimit': None, 'baseAsset': 'CAKE', 'quoteAsset': 'BTC', 'leverage': None, 'trailingUp': False, 'trailingDown': False, 'autoInitPos': None, 'stopTriggerType': None, 'pnlStopTriggerType': None, 'stopSlPnl': None, 'stopTpPnl': None, 'initialMargin': None, 'totalAdjustmentAmount': None, 'cps': False, 'trailingUpLimitPrice': None, 'trailingDownLimitPrice': None}",1,SPOT_GRID,CAKEBTC,0,,NOT_TRAILING,,1
True,Spot Grid,0,False,0.64,0,,1,1,774,138.91000000000000,23,38.50106650,,25.49,59544429,0.02248691,,,,5796619,"{'type': 'ARITH', 'lowerLimit': '2500.00', 'upperLimit': '3400.00', 'gridCount': 23, 'triggerPrice': None, 'stopLowerLimit': None, 'stopUpperLimit': None, 'baseAsset': 'ETH', 'quoteAsset': 'USDT', 'leverage': None, 'trailingUp': False, 'trailingDown': False, 'autoInitPos': None, 'stopTriggerType': None, 'pnlStopTriggerType': None, 'stopSlPnl': None, 'stopTpPnl': None, 'initialMargin': None, 'totalAdjustmentAmount': None, 'cps': False, 'trailingUpLimitPrice': None, 'trailingDownLimitPrice': None}",1,SPOT_GRID,ETHUSDT,0,,NOT_TRAILING,,1
True,Spot Grid,0,True,2.91,0,,2,1,1277,296.70550000000000,51,38.42052998,,1.10,32591766,0.01088639,,,,8551084,"{'type': 'ARITH', 'lowerLimit': '0.3079', 'upperLimit': '0.3619', 'gridCount': 51, 'triggerPrice': None, 'stopLowerLimit': None, 'stopUpperLimit': None, 'baseAsset': 'TRX', 'quoteAsset': 'USDT', 'leverage': None, 'trailingUp': False, 'trailingDown': False, 'autoInitPos': None, 'stopTriggerType': None, 'pnlStopTriggerType': None, 'stopSlPnl': None, 'stopTpPnl': None, 'initialMargin': None, 'totalAdjustmentAmount': None, 'cps': True, 'trailingUpLimitPrice': None, 'trailingDownLimitPrice': None}",1,SPOT_GRID,TRXUSDT,0,,NOT_TRAILING,,1
True,Spot Grid,0,True,1.18,0,,6,1,4822,1454.28690400000000,170,38.30007237,,2.61,34740339,0.01957840,,,,8357407,"{'type': 'GEO', 'lowerLimit': '563.93', 'upperLimit': '1378.81', 'gridCount': 170, 'triggerPrice': None, 'stopLowerLimit': None, 'stopUpperLimit': None, 'baseAsset': 'BNB', 'quoteAsset': 'FDUSD', 'leverage': None, 'trailingUp': True, 'trailingDown': False, 'autoInitPos': None, 'stopTriggerType': None, 'pnlStopTriggerType': None, 'stopSlPnl': None, 'stopTpPnl': None, 'initialMargin': None, 'totalAdjustmentAmount': None, 'cps': True, 'trailingUpLimitPrice': None, 'trailingDownLimitPrice': None}",1,SPOT_GRID,BNBFDUSD,0,,TRAILING_UP,,1
True,Spot Grid,0,False,0.76,0,,2,1,6417,1020.75000000000000,155,37.84819115,,2.00,50805028,0.03047074,,,,6997558,"{'type': 'GEO', 'lowerLimit': '98.00', 'upperLimit': '298.00', 'gridCount': 155, 'triggerPrice': None, 'stopLowerLimit': '5.00', 'stopUpperLimit': '299.00', 'baseAsset': 'SOL', 'quoteAsset': 'USDT', 'leverage': None, 'trailingUp': False, 'trailingDown': False, 'autoInitPos': None, 'stopTriggerType': None, 'pnlStopTriggerType': None, 'stopSlPnl': None, 'stopTpPnl': None, 'initialMargin': None, 'totalAdjustmentAmount': None, 'cps': False, 'trailingUpLimitPrice': None, 'trailingDownLimitPrice': None}",1,SPOT_GRID,SOLUSDT,0,,NOT_TRAILING,,1
True,Spot Grid,2,True,2.12,0,,1,1,2507,204.38839330000000,32,37.47338646,,17.84,59786113,0.01147147,,,,5725987,"{'type': 'ARITH', 'lowerLimit': '77648.56', 'upperLimit': '89409.97', 'gridCount': 32, 'triggerPrice': None, 'stopLowerLimit': None, 'stopUpperLimit': None, 'baseAsset': 'BTC', 'quoteAsset': 'USDC', 'leverage': None, 'trailingUp': False, 'trailingDown': False, 'autoInitPos': None, 'stopTriggerType': None, 'pnlStopTriggerType': None, 'stopSlPnl': None, 'stopTpPnl': None, 'initialMargin': None, 'totalAdjustmentAmount': None, 'cps': True, 'trailingUpLimitPrice': None, 'trailingDownLimitPrice': None}",1,SPOT_GRID,BTCUSDC,0,,NOT_TRAILING,,1
True,Spot Grid,0,False,1.42,0,,1,1,1350,150.02000000000000,25,37.42419339,,5.94,52530539,0.02037241,,,,6855651,"{'type': 'ARITH', 'lowerLimit': '2550.00', 'upperLimit': '3000.00', 'gridCount': 25, 'triggerPrice': None, 'stopLowerLimit': None, 'stopUpperLimit': None, 'baseAsset': 'ETH', 'quoteAsset': 'USDT', 'leverage': None, 'trailingUp': False, 'trailingDown': False, 'autoInitPos': None, 'stopTriggerType': None, 'pnlStopTriggerType': None, 'stopSlPnl': None, 'stopTpPnl': None, 'initialMargin': None, 'totalAdjustmentAmount': None, 'cps': False, 'trailingUpLimitPrice': None, 'trailingDownLimitPrice': None}",1,SPOT_GRID,ETHUSDT,0,,NOT_TRAILING,,1
True,Spot Grid,0,True,0.4,0,,1,1,644,259.90000000000000,40,36.97578982,,12.32,40743857,0.03236845,,,,7789140,"{'type': 'ARITH', 'lowerLimit': '100.00', 'upperLimit': '200.00', 'gridCount': 40, 'triggerPrice': None, 'stopLowerLimit': None, 'stopUpperLimit': None, 'baseAsset': 'SOL', 'quoteAsset': 'USDT', 'leverage': None, 'trailingUp': False, 'trailingDown': False, 'autoInitPos': None, 'stopTriggerType': None, 'pnlStopTriggerType': None, 'stopSlPnl': None, 'stopTpPnl': None, 'initialMargin': None, 'totalAdjustmentAmount': None, 'cps': True, 'trailingUpLimitPrice': None, 'trailingDownLimitPrice': None}",1,SPOT_GRID,SOLUSDT,0,,NOT_TRAILING,,1
True,Spot Grid,0,True,2.17,0,,7,1,1400,200.89224720000000,21,36.77101831,,15.57,47051593,0.00216120,,,,7264787,"{'type': 'ARITH', 'lowerLimit': '0.0003934', 'upperLimit': '0.0004316', 'gridCount': 21, 'triggerPrice': None, 'stopLowerLimit': None, 'stopUpperLimit': None, 'baseAsset': 'TRX', 'quoteAsset': 'BNB', 'leverage': None, 'trailingUp': False, 'trailingDown': False, 'autoInitPos': None, 'stopTriggerType': None, 'pnlStopTriggerType': None, 'stopSlPnl': None, 'stopTpPnl': None, 'initialMargin': None, 'totalAdjustmentAmount': None, 'cps': True, 'trailingUpLimitPrice': None, 'trailingDownLimitPrice': None}",1,SPOT_GRID,TRXBNB,0,,NOT_TRAILING,,1
True,Spot Grid,0,True,1.05,0,,2,1,3890,502.85490060000000,120,36.57843173,,4.52,61619897,0.02126530,,,,5545263,"{'type': 'ARITH', 'lowerLimit': '0.02800', 'upperLimit': '0.06000', 'gridCount': 120, 'triggerPrice': None, 'stopLowerLimit': None, 'stopUpperLimit': None, 'baseAsset': 'SOL', 'quoteAsset': 'ETH', 'leverage': None, 'trailingUp': False, 'trailingDown': False, 'autoInitPos': None, 'stopTriggerType': None, 'pnlStopTriggerType': None, 'stopSlPnl': None, 'stopTpPnl': None, 'initialMargin': None, 'totalAdjustmentAmount': None, 'cps': True, 'trailingUpLimitPrice': None, 'trailingDownLimitPrice': None}",1,SPOT_GRID,SOLETH,0,,NOT_TRAILING,,1
True,Spot Grid,0,False,0.6,0,,1,1,512,196.94000000000000,30,36.06680793,,5.88,53772109,0.02108652,,,,6705745,"{'type': 'ARITH', 'lowerLimit': '80000.00', 'upperLimit': '120000.00', 'gridCount': 30, 'triggerPrice': None, 'stopLowerLimit': None, 'stopUpperLimit': None, 'baseAsset': 'BTC', 'quoteAsset': 'USDT', 'leverage': None, 'trailingUp': False, 'trailingDown': False, 'autoInitPos': None, 'stopTriggerType': None, 'pnlStopTriggerType': None, 'stopSlPnl': None, 'stopTpPnl': None, 'initialMargin': None, 'totalAdjustmentAmount': None, 'cps': False, 'trailingUpLimitPrice': None, 'trailingDownLimitPrice': None}",1,SPOT_GRID,BTCUSDT,0,,NOT_TRAILING,,1
True,Spot Grid,0,False,2.38,0,,16,1,4275,528.84300000000000,60,35.95349476,,5.99,33539885,0.10993196,,,,8451182,"{'type': 'ARITH', 'lowerLimit': '8.720', 'upperLimit': '10.920', 'gridCount': 60, 'triggerPrice': None, 'stopLowerLimit': None, 'stopUpperLimit': None, 'baseAsset': 'UNI', 'quoteAsset': 'USDT', 'leverage': None, 'trailingUp': True, 'trailingDown': False, 'autoInitPos': None, 'stopTriggerType': None, 'pnlStopTriggerType': None, 'stopSlPnl': None, 'stopTpPnl': None, 'initialMargin': None, 'totalAdjustmentAmount': None, 'cps': False, 'trailingUpLimitPrice': None, 'trailingDownLimitPrice': None}",1,SPOT_GRID,UNIUSDT,0,,TRAILING_UP,,1
True,Spot Grid,0,True,2.58,0,,1,1,2203,334.96773360000000,35,35.73457890,,8.03,37184660,0.02353684,,,,8135278,"{'type': 'ARITH', 'lowerLimit': '0.03147', 'upperLimit': '0.03575', 'gridCount': 35, 'triggerPrice': None, 'stopLowerLimit': None, 'stopUpperLimit': None, 'baseAsset': 'ETH', 'quoteAsset': 'BTC', 'leverage': None, 'trailingUp': False, 'trailingDown': False, 'autoInitPos': None, 'stopTriggerType': None, 'pnlStopTriggerType': None, 'stopSlPnl': None, 'stopTpPnl': None, 'initialMargin': None, 'totalAdjustmentAmount': None, 'cps': True, 'trailingUpLimitPrice': None, 'trailingDownLimitPrice': None}",1,SPOT_GRID,ETHBTC,0,,NOT_TRAILING,,1
True,Spot Grid,0,False,2.04,0,,3,1,2111,213.36000000000000,33,35.48083383,,16.64,57589005,0.00649322,,,,6215982,"{'type': 'GEO', 'lowerLimit': '680.00', 'upperLimit': '790.00', 'gridCount': 33, 'triggerPrice': None, 'stopLowerLimit': None, 'stopUpperLimit': None, 'baseAsset': 'BNB', 'quoteAsset': 'USDT', 'leverage': None, 'trailingUp': False, 'trailingDown': False, 'autoInitPos': None, 'stopTriggerType': None, 'pnlStopTriggerType': None, 'stopSlPnl': None, 'stopTpPnl': None, 'initialMargin': None, 'totalAdjustmentAmount': None, 'cps': False, 'trailingUpLimitPrice': None, 'trailingDownLimitPrice': None}",1,SPOT_GRID,BNBUSDT,0,,NOT_TRAILING,,1
True,Spot Grid,0,False,0.47,0,,1,1,3479,940.72681600000000,109,35.41737655,,3.54,54464336,0.03527434,,,,6622284,"{'type': 'GEO', 'lowerLimit': '88.67', 'upperLimit': '295.98', 'gridCount': 109, 'triggerPrice': None, 'stopLowerLimit': None, 'stopUpperLimit': None, 'baseAsset': 'SOL', 'quoteAsset': 'FDUSD', 'leverage': None, 'trailingUp': True, 'trailingDown': False, 'autoInitPos': None, 'stopTriggerType': None, 'pnlStopTriggerType': None, 'stopSlPnl': None, 'stopTpPnl': None, 'initialMargin': None, 'totalAdjustmentAmount': None, 'cps': False, 'trailingUpLimitPrice': None, 'trailingDownLimitPrice': None}",1,SPOT_GRID,SOLFDUSD,0,,TRAILING_UP,,1
True,Spot Grid,0,True,0.88,0,,2,1,1421,414.70385070000000,100,35.35827755,,2.62,33730553,0.02414547,,,,8432033,"{'type': 'ARITH', 'lowerLimit': '0.02900', 'upperLimit': '0.06200', 'gridCount': 100, 'triggerPrice': None, 'stopLowerLimit': None, 'stopUpperLimit': None, 'baseAsset': 'SOL', 'quoteAsset': 'ETH', 'leverage': None, 'trailingUp': False, 'trailingDown': False, 'autoInitPos': None, 'stopTriggerType': None, 'pnlStopTriggerType': None, 'stopSlPnl': None, 'stopTpPnl': None, 'initialMargin': None, 'totalAdjustmentAmount': None, 'cps': True, 'trailingUpLimitPrice': None, 'trailingDownLimitPrice': None}",1,SPOT_GRID,SOLETH,0,,NOT_TRAILING,,1
True,Spot Grid,0,True,1.8,0,,1,1,1011,173.33386560000000,30,35.35482449,,14.43,40877816,0.00796926,,,,7781135,"{'type': 'ARITH', 'lowerLimit': '2400.00', 'upperLimit': '2800.00', 'gridCount': 30, 'triggerPrice': '2480.00', 'stopLowerLimit': None, 'stopUpperLimit': None, 'baseAsset': 'ETH', 'quoteAsset': 'USDC', 'leverage': None, 'trailingUp': False, 'trailingDown': False, 'autoInitPos': None, 'stopTriggerType': None, 'pnlStopTriggerType': None, 'stopSlPnl': None, 'stopTpPnl': None, 'initialMargin': None, 'totalAdjustmentAmount': None, 'cps': True, 'trailingUpLimitPrice': None, 'trailingDownLimitPrice': None}",1,SPOT_GRID,ETHUSDC,0,,NOT_TRAILING,,1
True,Spot Grid,0,False,1.14,0,,2,1,1363,326.91000000000000,50,35.21404648,,10.48,38684771,0.01246153,,,,7945781,"{'type': 'ARITH', 'lowerLimit': '2112.89', 'upperLimit': '3040.18', 'gridCount': 50, 'triggerPrice': None, 'stopLowerLimit': None, 'stopUpperLimit': None, 'baseAsset': 'ETH', 'quoteAsset': 'USDT', 'leverage': None, 'trailingUp': False, 'trailingDown': False, 'autoInitPos': None, 'stopTriggerType': None, 'pnlStopTriggerType': None, 'stopSlPnl': None, 'stopTpPnl': None, 'initialMargin': None, 'totalAdjustmentAmount': None, 'cps': False, 'trailingUpLimitPrice': None, 'trailingDownLimitPrice': None}",1,SPOT_GRID,ETHUSDT,0,,NOT_TRAILING,,1
True,Spot Grid,0,True,2.12,0,,1,1,2544,208.21000000000000,32,34.90737501,,15.86,59769368,0.01690503,,,,5731710,"{'type': 'ARITH', 'lowerLimit': '80669.66', 'upperLimit': '92861.93', 'gridCount': 32, 'triggerPrice': None, 'stopLowerLimit': None, 'stopUpperLimit': None, 'baseAsset': 'BTC', 'quoteAsset': 'USDT', 'leverage': None, 'trailingUp': False, 'trailingDown': False, 'autoInitPos': None, 'stopTriggerType': None, 'pnlStopTriggerType': None, 'stopSlPnl': None, 'stopTpPnl': None, 'initialMargin': None, 'totalAdjustmentAmount': None, 'cps': True, 'trailingUpLimitPrice': None, 'trailingDownLimitPrice': None}",1,SPOT_GRID,BTCUSDT,0,,NOT_TRAILING,,1
True,Spot Grid,0,True,1.0,0,,1,1,2375,865.69000000000000,100,34.55573012,,3.45,43979987,0.01645947,,,,7526961,"{'type': 'GEO', 'lowerLimit': '62982.97', 'upperLimit': '125965.98', 'gridCount': 100, 'triggerPrice': None, 'stopLowerLimit': None, 'stopUpperLimit': None, 'baseAsset': 'BTC', 'quoteAsset': 'USDT', 'leverage': None, 'trailingUp': True, 'trailingDown': False, 'autoInitPos': None, 'stopTriggerType': None, 'pnlStopTriggerType': None, 'stopSlPnl': None, 'stopTpPnl': None, 'initialMargin': None, 'totalAdjustmentAmount': None, 'cps': True, 'trailingUpLimitPrice': None, 'trailingDownLimitPrice': None}",1,SPOT_GRID,BTCUSDT,0,,TRAILING_UP,,1
True,Spot Grid,0,False,1.34,0,,1,1,1745,321.47000000000000,50,34.42733068,,9.83,50674493,0.02186229,,,,7007249,"{'type': 'ARITH', 'lowerLimit': '80000.00', 'upperLimit': '110000.00', 'gridCount': 50, 'triggerPrice': None, 'stopLowerLimit': None, 'stopUpperLimit': None, 'baseAsset': 'BTC', 'quoteAsset': 'USDT', 'leverage': None, 'trailingUp': False, 'trailingDown': False, 'autoInitPos': None, 'stopTriggerType': None, 'pnlStopTriggerType': None, 'stopSlPnl': None, 'stopTpPnl': None, 'initialMargin': None, 'totalAdjustmentAmount': None, 'cps': False, 'trailingUpLimitPrice': None, 'trailingDownLimitPrice': None}",1,SPOT_GRID,BTCUSDT,0,,NOT_TRAILING,,1
True,Spot Grid,0,True,2.09,0,,2,1,4789,45.53798000000000,38,34.39236578,,34.39,65452818,0.02135542,,,,5260619,"{'type': 'ARITH', 'lowerLimit': '0.08432', 'upperLimit': '0.09967', 'gridCount': 38, 'triggerPrice': None, 'stopLowerLimit': None, 'stopUpperLimit': None, 'baseAsset': 'DOGE', 'quoteAsset': 'USDT', 'leverage': None, 'trailingUp': False, 'trailingDown': False, 'autoInitPos': None, 'stopTriggerType': None, 'pnlStopTriggerType': None, 'stopSlPnl': None, 'stopTpPnl': None, 'initialMargin': None, 'totalAdjustmentAmount': None, 'cps': True, 'trailingUpLimitPrice': None, 'trailingDownLimitPrice': None}",1,SPOT_GRID,DOGEUSDT,0,,NOT_TRAILING,,1
True,Spot Grid,0,False,1.45,0,,1,1,872,301.47370000000000,33,34.21959097,,11.33,57448321,0.01556569,,,,6249545,"{'type': 'ARITH', 'lowerLimit': '0.3073', 'upperLimit': '0.3773', 'gridCount': 33, 'triggerPrice': None, 'stopLowerLimit': None, 'stopUpperLimit': None, 'baseAsset': 'TRX', 'quoteAsset': 'USDT', 'leverage': None, 'trailingUp': True, 'trailingDown': False, 'autoInitPos': None, 'stopTriggerType': None, 'pnlStopTriggerType': None, 'stopSlPnl': None, 'stopTpPnl': None, 'initialMargin': None, 'totalAdjustmentAmount': None, 'cps': False, 'trailingUpLimitPrice': None, 'trailingDownLimitPrice': None}",1,SPOT_GRID,TRXUSDT,0,,TRAILING_UP,,1
True,Spot Grid,1,True,1.35,0,,4,1,529,100.26384480000000,30,33.86818138,,8.37,34421969,0.03097951,,,,8379338,"{'type': 'ARITH', 'lowerLimit': '0.004680', 'upperLimit': '0.005720', 'gridCount': 30, 'triggerPrice': None, 'stopLowerLimit': None, 'stopUpperLimit': None, 'baseAsset': 'LINK', 'quoteAsset': 'ETH', 'leverage': None, 'trailingUp': False, 'trailingDown': False, 'autoInitPos': None, 'stopTriggerType': None, 'pnlStopTriggerType': None, 'stopSlPnl': None, 'stopTpPnl': None, 'initialMargin': None, 'totalAdjustmentAmount': None, 'cps': True, 'trailingUpLimitPrice': None, 'trailingDownLimitPrice': None}",1,SPOT_GRID,LINKETH,0,,NOT_TRAILING,,1
True,Spot Grid,0,False,0.86,0,,2,1,1902,467.46635200000000,100,33.31204873,,5.88,32596119,0.01583845,,,,8550653,"{'type': 'ARITH', 'lowerLimit': '0.1720', 'upperLimit': '0.3720', 'gridCount': 100, 'triggerPrice': None, 'stopLowerLimit': None, 'stopUpperLimit': None, 'baseAsset': 'BNB', 'quoteAsset': 'ETH', 'leverage': None, 'trailingUp': True, 'trailingDown': False, 'autoInitPos': None, 'stopTriggerType': None, 'pnlStopTriggerType': None, 'stopSlPnl': None, 'stopTpPnl': None, 'initialMargin': None, 'totalAdjustmentAmount': None, 'cps': False, 'trailingUpLimitPrice': None, 'trailingDownLimitPrice': None}",1,SPOT_GRID,BNBETH,0,,TRAILING_UP,,1
True,Spot Grid,0,True,3.07,0,,8,1,2733,192.53638340000000,18,33.30688798,,17.33,72550143,0.01367112,,,,4814435,"{'type': 'ARITH', 'lowerLimit': '0.008884', 'upperLimit': '0.009405', 'gridCount': 18, 'triggerPrice': None, 'stopLowerLimit': None, 'stopUpperLimit': None, 'baseAsset': 'BNB', 'quoteAsset': 'BTC', 'leverage': None, 'trailingUp': False, 'trailingDown': False, 'autoInitPos': None, 'stopTriggerType': None, 'pnlStopTriggerType': None, 'stopSlPnl': None, 'stopTpPnl': None, 'initialMargin': None, 'totalAdjustmentAmount': None, 'cps': True, 'trailingUpLimitPrice': None, 'trailingDownLimitPrice': None}",1,SPOT_GRID,BNBBTC,0,,NOT_TRAILING,,1
True,Spot Grid,0,True,0.61,0,,1,1,443,143.92000000000000,25,33.23279140,,10.96,54268967,0.02297200,,,,6638321,"{'type': 'GEO', 'lowerLimit': '84090.66', 'upperLimit': '118888.00', 'gridCount': 25, 'triggerPrice': None, 'stopLowerLimit': None, 'stopUpperLimit': None, 'baseAsset': 'BTC', 'quoteAsset': 'USDT', 'leverage': None, 'trailingUp': False, 'trailingDown': False, 'autoInitPos': None, 'stopTriggerType': None, 'pnlStopTriggerType': None, 'stopSlPnl': None, 'stopTpPnl': None, 'initialMargin': None, 'totalAdjustmentAmount': None, 'cps': True, 'trailingUpLimitPrice': None, 'trailingDownLimitPrice': None}",1,SPOT_GRID,BTCUSDT,0,,NOT_TRAILING,,1
True,Spot Grid,0,False,0.4,0,,4,1,2574,786.14946960000000,170,33.14997545,,4.22,52573212,0.03433759,,,,6850301,"{'type': 'GEO', 'lowerLimit': '0.01178', 'upperLimit': '0.06280', 'gridCount': 170, 'triggerPrice': None, 'stopLowerLimit': None, 'stopUpperLimit': None, 'baseAsset': 'LTC', 'quoteAsset': 'ETH', 'leverage': None, 'trailingUp': True, 'trailingDown': False, 'autoInitPos': None, 'stopTriggerType': None, 'pnlStopTriggerType': None, 'stopSlPnl': None, 'stopTpPnl': None, 'initialMargin': None, 'totalAdjustmentAmount': None, 'cps': False, 'trailingUpLimitPrice': None, 'trailingDownLimitPrice': None}",1,SPOT_GRID,LTCETH,0,,TRAILING_UP,,1
True,Spot Grid,0,False,0.85,0,,4,1,3645,1455.16000000000000,170,33.00056030,,2.20,33925916,0.01651043,,,,8414324,"{'type': 'GEO', 'lowerLimit': '458.05', 'upperLimit': '1374.32', 'gridCount': 170, 'triggerPrice': None, 'stopLowerLimit': None, 'stopUpperLimit': None, 'baseAsset': 'BNB', 'quoteAsset': 'USDT', 'leverage': None, 'trailingUp': True, 'trailingDown': False, 'autoInitPos': None, 'stopTriggerType': None, 'pnlStopTriggerType': None, 'stopSlPnl': None, 'stopTpPnl': None, 'initialMargin': None, 'totalAdjustmentAmount': None, 'cps': False, 'trailingUpLimitPrice': None, 'trailingDownLimitPrice': None}",1,SPOT_GRID,BNBUSDT,0,,TRAILING_UP,,1
True,Spot Grid,0,True,1.07,0,,2,1,2442,785.23231560000000,170,32.92942670,,3.74,34345925,0.02326288,,,,8384648,"{'type': 'ARITH', 'lowerLimit': '0.02700', 'upperLimit': '0.07000', 'gridCount': 170, 'triggerPrice': None, 'stopLowerLimit': None, 'stopUpperLimit': None, 'baseAsset': 'SOL', 'quoteAsset': 'ETH', 'leverage': None, 'trailingUp': True, 'trailingDown': False, 'autoInitPos': None, 'stopTriggerType': None, 'pnlStopTriggerType': None, 'stopSlPnl': None, 'stopTpPnl': None, 'initialMargin': None, 'totalAdjustmentAmount': None, 'cps': True, 'trailingUpLimitPrice': None, 'trailingDownLimitPrice': None}",1,SPOT_GRID,SOLETH,0,,TRAILING_UP,,1
True,Spot Grid,0,True,0.45,0,,1,1,423,170.54364240000000,30,32.69279692,,3.26,38634292,0.03730539,,,,7953144,"{'type': 'GEO', 'lowerLimit': '120.00', 'upperLimit': '200.00', 'gridCount': 30, 'triggerPrice': None, 'stopLowerLimit': None, 'stopUpperLimit': None, 'baseAsset': 'SOL', 'quoteAsset': 'USDC', 'leverage': None, 'trailingUp': False, 'trailingDown': False, 'autoInitPos': None, 'stopTriggerType': None, 'pnlStopTriggerType': None, 'stopSlPnl': None, 'stopTpPnl': None, 'initialMargin': None, 'totalAdjustmentAmount': None, 'cps': True, 'trailingUpLimitPrice': None, 'trailingDownLimitPrice': None}",1,SPOT_GRID,SOLUSDC,0,,NOT_TRAILING,,1
True,Spot Grid,0,True,1.29,0,,1,1,1132,170.92000000000000,30,32.67148814,,11.10,55379472,0.02269123,,,,6525619,"{'type': 'ARITH', 'lowerLimit': '84380.02', 'upperLimit': '104124.40', 'gridCount': 30, 'triggerPrice': None, 'stopLowerLimit': None, 'stopUpperLimit': None, 'baseAsset': 'BTC', 'quoteAsset': 'USDT', 'leverage': None, 'trailingUp': False, 'trailingDown': False, 'autoInitPos': None, 'stopTriggerType': None, 'pnlStopTriggerType': None, 'stopSlPnl': None, 'stopTpPnl': None, 'initialMargin': None, 'totalAdjustmentAmount': None, 'cps': True, 'trailingUpLimitPrice': None, 'trailingDownLimitPrice': None}",1,SPOT_GRID,BTCUSDT,0,,NOT_TRAILING,,1
True,Spot Grid,0,True,2.02,0,,4,1,7164,70.36144000000000,58,32.63013979,,29.40,66271706,0.03970719,,,,5219692,"{'type': 'ARITH', 'lowerLimit': '0.08781', 'upperLimit': '0.11308', 'gridCount': 58, 'triggerPrice': None, 'stopLowerLimit': None, 'stopUpperLimit': None, 'baseAsset': 'DOGE', 'quoteAsset': 'USDT', 'leverage': None, 'trailingUp': False, 'trailingDown': False, 'autoInitPos': None, 'stopTriggerType': None, 'pnlStopTriggerType': None, 'stopSlPnl': None, 'stopTpPnl': None, 'initialMargin': None, 'totalAdjustmentAmount': None, 'cps': True, 'trailingUpLimitPrice': None, 'trailingDownLimitPrice': None}",1,SPOT_GRID,DOGEUSDT,0,,NOT_TRAILING,,1
True,Spot Grid,0,True,1.63,0,,1,1,1394,316.62000000000000,49,32.43305795,,3.24,45718853,0.02439303,,,,7363692,"{'type': 'ARITH', 'lowerLimit': '83083.94', 'upperLimit': '108116.85', 'gridCount': 49, 'triggerPrice': None, 'stopLowerLimit': None, 'stopUpperLimit': None, 'baseAsset': 'BTC', 'quoteAsset': 'USDT', 'leverage': None, 'trailingUp': False, 'trailingDown': False, 'autoInitPos': None, 'stopTriggerType': None, 'pnlStopTriggerType': None, 'stopSlPnl': None, 'stopTpPnl': None, 'initialMargin': None, 'totalAdjustmentAmount': None, 'cps': True, 'trailingUpLimitPrice': None, 'trailingDownLimitPrice': None}",1,SPOT_GRID,BTCUSDT,0,,NOT_TRAILING,,1
True,Spot Grid,0,False,0.85,0,,2,1,1985,351.59360800000000,88,32.11214907,,7.93,48778006,0.02202595,,,,7148943,"{'type': 'GEO', 'lowerLimit': '0.2200', 'upperLimit': '0.4500', 'gridCount': 88, 'triggerPrice': None, 'stopLowerLimit': None, 'stopUpperLimit': None, 'baseAsset': 'BNB', 'quoteAsset': 'ETH', 'leverage': None, 'trailingUp': False, 'trailingDown': False, 'autoInitPos': None, 'stopTriggerType': None, 'pnlStopTriggerType': None, 'stopSlPnl': None, 'stopTpPnl': None, 'initialMargin': None, 'totalAdjustmentAmount': None, 'cps': False, 'trailingUpLimitPrice': None, 'trailingDownLimitPrice': None}",1,SPOT_GRID,BNBETH,0,,NOT_TRAILING,,1
True,Spot Grid,0,False,0.61,0,,1,1,2925,1455.16000000000000,170,31.91930221,,1.67,56986825,0.01575219,,,,6336764,"{'type': 'ARITH', 'lowerLimit': '42515.77', 'upperLimit': '161182.94', 'gridCount': 170, 'triggerPrice': None, 'stopLowerLimit': None, 'stopUpperLimit': None, 'baseAsset': 'BTC', 'quoteAsset': 'USDT', 'leverage': None, 'trailingUp': True, 'trailingDown': False, 'autoInitPos': None, 'stopTriggerType': None, 'pnlStopTriggerType': None, 'stopSlPnl': None, 'stopTpPnl': None, 'initialMargin': None, 'totalAdjustmentAmount': None, 'cps': False, 'trailingUpLimitPrice': None, 'trailingDownLimitPrice': None}",1,SPOT_GRID,BTCUSDT,0,,TRAILING_UP,,1
True,Spot Grid,2,True,0.51,0,,1,1,815,25.02984500000000,20,31.46582425,,61.30,37236611,0.06385905,,,,8131268,"{'type': 'GEO', 'lowerLimit': '0.006630', 'upperLimit': '0.009260', 'gridCount': 20, 'triggerPrice': None, 'stopLowerLimit': '0.000100', 'stopUpperLimit': None, 'baseAsset': 'BANANAS31', 'quoteAsset': 'USDT', 'leverage': None, 'trailingUp': False, 'trailingDown': False, 'autoInitPos': None, 'stopTriggerType': None, 'pnlStopTriggerType': None, 'stopSlPnl': None, 'stopTpPnl': None, 'initialMargin': None, 'totalAdjustmentAmount': None, 'cps': True, 'trailingUpLimitPrice': None, 'trailingDownLimitPrice': None}",1,SPOT_GRID,BANANAS31USDT,0,,NOT_TRAILING,,1
True,Spot Grid,0,False,0.61,0,,1,1,2140,363.89910960000000,66,31.35803347,,6.27,50193983,0.03473517,,,,7045711,"{'type': 'GEO', 'lowerLimit': '120.00', 'upperLimit': '250.00', 'gridCount': 66, 'triggerPrice': None, 'stopLowerLimit': None, 'stopUpperLimit': None, 'baseAsset': 'SOL', 'quoteAsset': 'USDC', 'leverage': None, 'trailingUp': False, 'trailingDown': False, 'autoInitPos': None, 'stopTriggerType': None, 'pnlStopTriggerType': None, 'stopSlPnl': None, 'stopTpPnl': None, 'initialMargin': None, 'totalAdjustmentAmount': None, 'cps': False, 'trailingUpLimitPrice': None, 'trailingDownLimitPrice': None}",1,SPOT_GRID,SOLUSDC,0,,NOT_TRAILING,,1
True,Spot Grid,0,True,2.09,0,,1,1,1270,275.70088513800000,27,31.18833259,,11.08,41342998,0.00454651,,,,7754352,"{'type': 'ARITH', 'lowerLimit': '0.0012768', 'upperLimit': '0.0014421', 'gridCount': 27, 'triggerPrice': None, 'stopLowerLimit': None, 'stopUpperLimit': None, 'baseAsset': 'SOL', 'quoteAsset': 'BTC', 'leverage': None, 'trailingUp': False, 'trailingDown': False, 'autoInitPos': None, 'stopTriggerType': None, 'pnlStopTriggerType': None, 'stopSlPnl': None, 'stopTpPnl': None, 'initialMargin': None, 'totalAdjustmentAmount': None, 'cps': True, 'trailingUpLimitPrice': None, 'trailingDownLimitPrice': None}",1,SPOT_GRID,SOLBTC,0,,NOT_TRAILING,,1
True,Spot Grid,0,True,0.65,0,,2,1,513,233.42000000000000,35,30.93958544,,11.89,36385066,0.02040203,,,,8201468,"{'type': 'ARITH', 'lowerLimit': '650.00', 'upperLimit': '1000.00', 'gridCount': 35, 'triggerPrice': None, 'stopLowerLimit': None, 'stopUpperLimit': None, 'baseAsset': 'BNB', 'quoteAsset': 'USDT', 'leverage': None, 'trailingUp': False, 'trailingDown': False, 'autoInitPos': None, 'stopTriggerType': None, 'pnlStopTriggerType': None, 'stopSlPnl': None, 'stopTpPnl': None, 'initialMargin': None, 'totalAdjustmentAmount': None, 'cps': True, 'trailingUpLimitPrice': None, 'trailingDownLimitPrice': None}",1,SPOT_GRID,BNBUSDT,0,,NOT_TRAILING,,1
True,Spot Grid,0,True,1.07,0,,2,1,2460,785.04888480000000,170,30.82346673,,3.91,34539138,0.02334480,,,,8372116,"{'type': 'ARITH', 'lowerLimit': '0.02700', 'upperLimit': '0.07000', 'gridCount': 170, 'triggerPrice': None, 'stopLowerLimit': None, 'stopUpperLimit': None, 'baseAsset': 'SOL', 'quoteAsset': 'ETH', 'leverage': None, 'trailingUp': True, 'trailingDown': False, 'autoInitPos': None, 'stopTriggerType': None, 'pnlStopTriggerType': None, 'stopSlPnl': None, 'stopTpPnl': None, 'initialMargin': None, 'totalAdjustmentAmount': None, 'cps': True, 'trailingUpLimitPrice': None, 'trailingDownLimitPrice': None}",1,SPOT_GRID,SOLETH,0,,TRAILING_UP,,1
True,Spot Grid,0,True,0.19,0,,1,1,1289,104.29312000000000,80,30.79420979,,20.80,46941570,0.03999608,,,,7271466,"{'type': 'GEO', 'lowerLimit': '0.08000', 'upperLimit': '0.42000', 'gridCount': 80, 'triggerPrice': None, 'stopLowerLimit': None, 'stopUpperLimit': None, 'baseAsset': 'DOGE', 'quoteAsset': 'USDT', 'leverage': None, 'trailingUp': False, 'trailingDown': False, 'autoInitPos': None, 'stopTriggerType': None, 'pnlStopTriggerType': None, 'stopSlPnl': None, 'stopTpPnl': None, 'initialMargin': None, 'totalAdjustmentAmount': None, 'cps': True, 'trailingUpLimitPrice': None, 'trailingDownLimitPrice': None}",1,SPOT_GRID,DOGEUSDT,0,,NOT_TRAILING,,1
True,Spot Grid,1,True,0.51,0,,1,1,818,25.02984500000000,20,30.60650851,,61.07,37236398,0.06267487,,,,8131287,"{'type': 'GEO', 'lowerLimit': '0.006630', 'upperLimit': '0.009260', 'gridCount': 20, 'triggerPrice': None, 'stopLowerLimit': '0.000100', 'stopUpperLimit': None, 'baseAsset': 'BANANAS31', 'quoteAsset': 'USDT', 'leverage': None, 'trailingUp': False, 'trailingDown': False, 'autoInitPos': None, 'stopTriggerType': None, 'pnlStopTriggerType': None, 'stopSlPnl': None, 'stopTpPnl': None, 'initialMargin': None, 'totalAdjustmentAmount': None, 'cps': True, 'trailingUpLimitPrice': None, 'trailingDownLimitPrice': None}",1,SPOT_GRID,BANANAS31USDT,0,,NOT_TRAILING,,1
True,Spot Grid,2,False,0.24,0,,1,1,110,141.02000000000000,20,30.35480280,,3.03,32303179,0.02513205,,,,8572516,"{'type': 'ARITH', 'lowerLimit': '700.00', 'upperLimit': '1300.00', 'gridCount': 20, 'triggerPrice': None, 'stopLowerLimit': None, 'stopUpperLimit': None, 'baseAsset': 'BNB', 'quoteAsset': 'USDT', 'leverage': None, 'trailingUp': False, 'trailingDown': False, 'autoInitPos': None, 'stopTriggerType': None, 'pnlStopTriggerType': None, 'stopSlPnl': None, 'stopTpPnl': None, 'initialMargin': None, 'totalAdjustmentAmount': None, 'cps': False, 'trailingUpLimitPrice': None, 'trailingDownLimitPrice': None}",1,SPOT_GRID,BNBUSDT,0,,NOT_TRAILING,,1
True,Spot Grid,0,True,2.39,0,,10,1,3160,450.63604800000000,70,28.00381338,,5.60,37855918,0.01423836,,,,8068128,"{'type': 'ARITH', 'lowerLimit': '664.49', 'upperLimit': '859.32', 'gridCount': 70, 'triggerPrice': None, 'stopLowerLimit': None, 'stopUpperLimit': None, 'baseAsset': 'BNB', 'quoteAsset': 'USDC', 'leverage': None, 'trailingUp': False, 'trailingDown': False, 'autoInitPos': None, 'stopTriggerType': None, 'pnlStopTriggerType': None, 'stopSlPnl': None, 'stopTpPnl': None, 'initialMargin': None, 'totalAdjustmentAmount': None, 'cps': True, 'trailingUpLimitPrice': None, 'trailingDownLimitPrice': None}",1,SPOT_GRID,BNBUSDC,0,,NOT_TRAILING,,1
True,Spot Grid,0,False,2.14,0,,2,1,1774,233.81000000000000,36,27.33444406,,9.11,49700050,0.01765232,,,,7086269,"{'type': 'ARITH', 'lowerLimit': '81270.50', 'upperLimit': '95000.00', 'gridCount': 36, 'triggerPrice': None, 'stopLowerLimit': None, 'stopUpperLimit': None, 'baseAsset': 'BTC', 'quoteAsset': 'USDT', 'leverage': None, 'trailingUp': False, 'trailingDown': False, 'autoInitPos': None, 'stopTriggerType': None, 'pnlStopTriggerType': None, 'stopSlPnl': None, 'stopTpPnl': None, 'initialMargin': None, 'totalAdjustmentAmount': None, 'cps': False, 'trailingUpLimitPrice': None, 'trailingDownLimitPrice': None}",1,SPOT_GRID,BTCUSDT,0,,NOT_TRAILING,,1
True,Spot Grid,0,False,0.64,0,,1,1,1867,557.39458800000000,80,27.30514963,,2.93,38325682,0.02022420,,,,7997783,"{'type': 'ARITH', 'lowerLimit': '2000.00', 'upperLimit': '4500.00', 'gridCount': 80, 'triggerPrice': None, 'stopLowerLimit': None, 'stopUpperLimit': None, 'baseAsset': 'ETH', 'quoteAsset': 'USDC', 'leverage': None, 'trailingUp': False, 'trailingDown': False, 'autoInitPos': None, 'stopTriggerType': None, 'pnlStopTriggerType': None, 'stopSlPnl': None, 'stopTpPnl': None, 'initialMargin': None, 'totalAdjustmentAmount': None, 'cps': False, 'trailingUpLimitPrice': None, 'trailingDownLimitPrice': None}",1,SPOT_GRID,ETHUSDC,0,,NOT_TRAILING,,1
True,Spot Grid,0,False,0.44,0,,1,1,2962,566.15000000000000,88,27.30306071,,2.73,59861078,0.02814045,,,,5709599,"{'type': 'ARITH', 'lowerLimit': '100.00', 'upperLimit': '300.00', 'gridCount': 88, 'triggerPrice': None, 'stopLowerLimit': None, 'stopUpperLimit': None, 'baseAsset': 'SOL', 'quoteAsset': 'USDT', 'leverage': None, 'trailingUp': False, 'trailingDown': False, 'autoInitPos': None, 'stopTriggerType': None, 'pnlStopTriggerType': None, 'stopSlPnl': None, 'stopTpPnl': None, 'initialMargin': None, 'totalAdjustmentAmount': None, 'cps': False, 'trailingUpLimitPrice': None, 'trailingDownLimitPrice': None}",1,SPOT_GRID,SOLUSDT,0,,NOT_TRAILING,,1
True,Spot Grid,0,True,1.07,0,,2,1,2485,785.36624920000000,170,27.20851820,,3.36,34726649,0.02347171,,,,8358942,"{'type': 'ARITH', 'lowerLimit': '0.02700', 'upperLimit': '0.07000', 'gridCount': 170, 'triggerPrice': None, 'stopLowerLimit': None, 'stopUpperLimit': None, 'baseAsset': 'SOL', 'quoteAsset': 'ETH', 'leverage': None, 'trailingUp': True, 'trailingDown': False, 'autoInitPos': None, 'stopTriggerType': None, 'pnlStopTriggerType': None, 'stopSlPnl': None, 'stopTpPnl': None, 'initialMargin': None, 'totalAdjustmentAmount': None, 'cps': True, 'trailingUpLimitPrice': None, 'trailingDownLimitPrice': None}",1,SPOT_GRID,SOLETH,0,,TRAILING_UP,,1
True,Spot Grid,0,True,1.32,0,,1,1,4838,1034.11000000000000,120,27.14449900,,2.46,54354134,0.01973536,,,,6630949,"{'type': 'ARITH', 'lowerLimit': '66000.00', 'upperLimit': '126000.00', 'gridCount': 120, 'triggerPrice': None, 'stopLowerLimit': None, 'stopUpperLimit': None, 'baseAsset': 'BTC', 'quoteAsset': 'USDT', 'leverage': None, 'trailingUp': True, 'trailingDown': False, 'autoInitPos': None, 'stopTriggerType': None, 'pnlStopTriggerType': None, 'stopSlPnl': None, 'stopTpPnl': None, 'initialMargin': None, 'totalAdjustmentAmount': None, 'cps': True, 'trailingUpLimitPrice': None, 'trailingDownLimitPrice': None}",1,SPOT_GRID,BTCUSDT,0,,TRAILING_UP,,1
True,Spot Grid,0,True,2.71,0,,2,1,2647,274.11918700000000,44,26.97573384,,8.99,47429450,0.00837124,,,,7240745,"{'type': 'ARITH', 'lowerLimit': '75920.40', 'upperLimit': '88261.14', 'gridCount': 44, 'triggerPrice': None, 'stopLowerLimit': None, 'stopUpperLimit': None, 'baseAsset': 'BTC', 'quoteAsset': 'USDC', 'leverage': None, 'trailingUp': False, 'trailingDown': False, 'autoInitPos': None, 'stopTriggerType': None, 'pnlStopTriggerType': None, 'stopSlPnl': None, 'stopTpPnl': None, 'initialMargin': None, 'totalAdjustmentAmount': None, 'cps': True, 'trailingUpLimitPrice': None, 'trailingDownLimitPrice': None}",1,SPOT_GRID,BTCUSDC,0,,NOT_TRAILING,,1
True,Spot Grid,0,False,0.48,0,,1,1,837,329.17000000000000,50,26.71939391,,6.67,38235275,0.02086572,,,,8012670,"{'type': 'ARITH', 'lowerLimit': '2200.00', 'upperLimit': '4500.00', 'gridCount': 50, 'triggerPrice': None, 'stopLowerLimit': None, 'stopUpperLimit': None, 'baseAsset': 'ETH', 'quoteAsset': 'USDT', 'leverage': None, 'trailingUp': False, 'trailingDown': False, 'autoInitPos': None, 'stopTriggerType': None, 'pnlStopTriggerType': None, 'stopSlPnl': None, 'stopTpPnl': None, 'initialMargin': None, 'totalAdjustmentAmount': None, 'cps': False, 'trailingUpLimitPrice': None, 'trailingDownLimitPrice': None}",1,SPOT_GRID,ETHUSDT,0,,NOT_TRAILING,,1
True,Spot Grid,0,True,1.06,0,,3,1,1701,412.68000000000000,70,26.64742442,,1.48,33016218,0.02603567,,,,8510030,"{'type': 'ARITH', 'lowerLimit': '722.00', 'upperLimit': '1200.00', 'gridCount': 70, 'triggerPrice': None, 'stopLowerLimit': None, 'stopUpperLimit': None, 'baseAsset': 'BNB', 'quoteAsset': 'USDT', 'leverage': None, 'trailingUp': False, 'trailingDown': False, 'autoInitPos': None, 'stopTriggerType': None, 'pnlStopTriggerType': None, 'stopSlPnl': None, 'stopTpPnl': None, 'initialMargin': None, 'totalAdjustmentAmount': None, 'cps': True, 'trailingUpLimitPrice': None, 'trailingDownLimitPrice': None}",1,SPOT_GRID,BNBUSDT,0,,NOT_TRAILING,,1
True,Spot Grid,0,True,1.57,0,,1,1,2176,510.70362630000000,48,26.64690006,,3.92,53571591,0.00626158,,,,6742351,"{'type': 'ARITH', 'lowerLimit': '0.02573', 'upperLimit': '0.03363', 'gridCount': 48, 'triggerPrice': None, 'stopLowerLimit': None, 'stopUpperLimit': None, 'baseAsset': 'ETH', 'quoteAsset': 'BTC', 'leverage': None, 'trailingUp': False, 'trailingDown': False, 'autoInitPos': None, 'stopTriggerType': None, 'pnlStopTriggerType': None, 'stopSlPnl': None, 'stopTpPnl': None, 'initialMargin': None, 'totalAdjustmentAmount': None, 'cps': True, 'trailingUpLimitPrice': None, 'trailingDownLimitPrice': None}",1,SPOT_GRID,ETHBTC,0,,NOT_TRAILING,,1
True,Spot Grid,0,True,0.51,0,,1,1,699,25.04017600000000,20,26.39650714,,52.79,36012491,0.06452624,,,,8245093,"{'type': 'GEO', 'lowerLimit': '0.006630', 'upperLimit': '0.009260', 'gridCount': 20, 'triggerPrice': None, 'stopLowerLimit': '0.000100', 'stopUpperLimit': None, 'baseAsset': 'BANANAS31', 'quoteAsset': 'USDT', 'leverage': None, 'trailingUp': False, 'trailingDown': False, 'autoInitPos': None, 'stopTriggerType': None, 'pnlStopTriggerType': None, 'stopSlPnl': None, 'stopTpPnl': None, 'initialMargin': None, 'totalAdjustmentAmount': None, 'cps': True, 'trailingUpLimitPrice': None, 'trailingDownLimitPrice': None}",1,SPOT_GRID,BANANAS31USDT,0,,NOT_TRAILING,,1
True,Spot Grid,0,False,1.07,0,,2,1,2481,785.61955840000000,170,26.34323225,,2.33,34684434,0.02354242,,,,8361865,"{'type': 'ARITH', 'lowerLimit': '0.02700', 'upperLimit': '0.07000', 'gridCount': 170, 'triggerPrice': None, 'stopLowerLimit': None, 'stopUpperLimit': '0.07100', 'baseAsset': 'SOL', 'quoteAsset': 'ETH', 'leverage': None, 'trailingUp': True, 'trailingDown': False, 'autoInitPos': None, 'stopTriggerType': None, 'pnlStopTriggerType': None, 'stopSlPnl': None, 'stopTpPnl': None, 'initialMargin': None, 'totalAdjustmentAmount': None, 'cps': False, 'trailingUpLimitPrice': None, 'trailingDownLimitPrice': None}",1,SPOT_GRID,SOLETH,0,,TRAILING_UP,,1
True,Spot Grid,0,False,0.79,0,,1,1,1046,562.53000000000000,64,26.33932609,,4.38,45998372,0.01890412,,,,7335166,"{'type': 'ARITH', 'lowerLimit': '69252.90', 'upperLimit': '125664.29', 'gridCount': 64, 'triggerPrice': '85000.00', 'stopLowerLimit': None, 'stopUpperLimit': None, 'baseAsset': 'BTC', 'quoteAsset': 'USDT', 'leverage': None, 'trailingUp': True, 'trailingDown': False, 'autoInitPos': None, 'stopTriggerType': None, 'pnlStopTriggerType': None, 'stopSlPnl': None, 'stopTpPnl': None, 'initialMargin': None, 'totalAdjustmentAmount': None, 'cps': False, 'trailingUpLimitPrice': None, 'trailingDownLimitPrice': None}",1,SPOT_GRID,BTCUSDT,0,,TRAILING_UP,,1
True,Spot Grid,0,True,4.69,0,,3,1,3215,287.76960000000000,48,25.75032440,,8.53,35607472,0.03058939,,,,8283721,"{'type': 'GEO', 'lowerLimit': '791.00', 'upperLimit': '872.00', 'gridCount': 48, 'triggerPrice': None, 'stopLowerLimit': None, 'stopUpperLimit': None, 'baseAsset': 'BNB', 'quoteAsset': 'FDUSD', 'leverage': None, 'trailingUp': False, 'trailingDown': False, 'autoInitPos': None, 'stopTriggerType': None, 'pnlStopTriggerType': None, 'stopSlPnl': None, 'stopTpPnl': None, 'initialMargin': None, 'totalAdjustmentAmount': None, 'cps': True, 'trailingUpLimitPrice': None, 'trailingDownLimitPrice': None}",1,SPOT_GRID,BNBFDUSD,0,,NOT_TRAILING,,1
True,Spot Grid,0,True,2.19,0,,1,1,1814,98.99000000000000,16,25.26399029,,24.38,63678830,0.01147311,,,,5383810,"{'type': 'ARITH', 'lowerLimit': '2580.51', 'upperLimit': '2769.08', 'gridCount': 16, 'triggerPrice': None, 'stopLowerLimit': None, 'stopUpperLimit': None, 'baseAsset': 'ETH', 'quoteAsset': 'USDT', 'leverage': None, 'trailingUp': False, 'trailingDown': False, 'autoInitPos': None, 'stopTriggerType': None, 'pnlStopTriggerType': None, 'stopSlPnl': None, 'stopTpPnl': None, 'initialMargin': None, 'totalAdjustmentAmount': None, 'cps': True, 'trailingUpLimitPrice': None, 'trailingDownLimitPrice': None}",1,SPOT_GRID,ETHUSDT,0,,NOT_TRAILING,,1
True,Spot Grid,0,False,0.84,0,,1,1,1369,146.40800400000000,40,25.12153193,,18.11,63231071,0.00646173,,,,5418359,"{'type': 'GEO', 'lowerLimit': '0.2030', 'upperLimit': '0.3000', 'gridCount': 40, 'triggerPrice': None, 'stopLowerLimit': None, 'stopUpperLimit': None, 'baseAsset': 'BNB', 'quoteAsset': 'ETH', 'leverage': None, 'trailingUp': False, 'trailingDown': False, 'autoInitPos': None, 'stopTriggerType': None, 'pnlStopTriggerType': None, 'stopSlPnl': None, 'stopTpPnl': None, 'initialMargin': None, 'totalAdjustmentAmount': None, 'cps': False, 'trailingUpLimitPrice': None, 'trailingDownLimitPrice': None}",1,SPOT_GRID,BNBETH,0,,NOT_TRAILING,,1
True,Spot Grid,0,True,1.51,0,,3,1,548,135.47000000000000,20,25.03423576,,12.51,38272860,0.00951577,,,,8008540,"{'type': 'ARITH', 'lowerLimit': '701.20', 'upperLimit': '794.43', 'gridCount': 20, 'triggerPrice': None, 'stopLowerLimit': None, 'stopUpperLimit': None, 'baseAsset': 'BNB', 'quoteAsset': 'USDT', 'leverage': None, 'trailingUp': False, 'trailingDown': False, 'autoInitPos': None, 'stopTriggerType': None, 'pnlStopTriggerType': None, 'stopSlPnl': None, 'stopTpPnl': None, 'initialMargin': None, 'totalAdjustmentAmount': None, 'cps': True, 'trailingUpLimitPrice': None, 'trailingDownLimitPrice': None}",1,SPOT_GRID,BNBUSDT,0,,NOT_TRAILING,,1
True,Spot Grid,0,False,2.79,0,,2,1,5420,765.00620000000000,80,24.40073082,,2.95,55918425,0.02210317,,,,6476391,"{'type': 'ARITH', 'lowerLimit': '0.03082', 'upperLimit': '0.03966', 'gridCount': 80, 'triggerPrice': None, 'stopLowerLimit': None, 'stopUpperLimit': None, 'baseAsset': 'ETH', 'quoteAsset': 'BTC', 'leverage': None, 'trailingUp': False, 'trailingDown': False, 'autoInitPos': None, 'stopTriggerType': None, 'pnlStopTriggerType': None, 'stopSlPnl': None, 'stopTpPnl': None, 'initialMargin': None, 'totalAdjustmentAmount': None, 'cps': False, 'trailingUpLimitPrice': None, 'trailingDownLimitPrice': None}",1,SPOT_GRID,ETHBTC,0,,NOT_TRAILING,,1
True,Spot Grid,1,True,1.5,0,,1,1,2362,979.59166980000000,100,23.61784709,,1.51,59542974,0.02315909,,,,5797058,"{'type': 'ARITH', 'lowerLimit': '0.03000', 'upperLimit': '0.05000', 'gridCount': 100, 'triggerPrice': None, 'stopLowerLimit': None, 'stopUpperLimit': None, 'baseAsset': 'ETH', 'quoteAsset': 'BTC', 'leverage': None, 'trailingUp': False, 'trailingDown': False, 'autoInitPos': None, 'stopTriggerType': None, 'pnlStopTriggerType': None, 'stopSlPnl': None, 'stopTpPnl': None, 'initialMargin': None, 'totalAdjustmentAmount': None, 'cps': True, 'trailingUpLimitPrice': None, 'trailingDownLimitPrice': None}",1,SPOT_GRID,ETHBTC,0,,NOT_TRAILING,,1
True,Spot Grid,0,False,0.54,0,,1,1,804,289.16556800000000,65,23.59157855,,7.28,42773806,0.01887028,,,,7648272,"{'type': 'GEO', 'lowerLimit': '0.1800', 'upperLimit': '0.4000', 'gridCount': 65, 'triggerPrice': None, 'stopLowerLimit': None, 'stopUpperLimit': None, 'baseAsset': 'BNB', 'quoteAsset': 'ETH', 'leverage': None, 'trailingUp': False, 'trailingDown': False, 'autoInitPos': None, 'stopTriggerType': None, 'pnlStopTriggerType': None, 'stopSlPnl': None, 'stopTpPnl': None, 'initialMargin': None, 'totalAdjustmentAmount': None, 'cps': False, 'trailingUpLimitPrice': None, 'trailingDownLimitPrice': None}",1,SPOT_GRID,BNBETH,0,,NOT_TRAILING,,1
True,Spot Grid,0,False,1.53,0,,1,1,3399,865.69000000000000,100,23.50134026,,2.35,49903714,0.02176587,,,,7071681,"{'type': 'ARITH', 'lowerLimit': '76000.00', 'upperLimit': '126000.00', 'gridCount': 100, 'triggerPrice': None, 'stopLowerLimit': None, 'stopUpperLimit': None, 'baseAsset': 'BTC', 'quoteAsset': 'USDT', 'leverage': None, 'trailingUp': True, 'trailingDown': False, 'autoInitPos': None, 'stopTriggerType': None, 'pnlStopTriggerType': None, 'stopSlPnl': None, 'stopTpPnl': None, 'initialMargin': None, 'totalAdjustmentAmount': None, 'cps': False, 'trailingUpLimitPrice': None, 'trailingDownLimitPrice': None}",1,SPOT_GRID,BTCUSDT,0,,TRAILING_UP,,1
True,Spot Grid,0,False,1.26,0,,3,1,894,260.42083200000000,40,23.35546980,,8.81,37402329,0.01516925,,,,8117144,"{'type': 'GEO', 'lowerLimit': '660.00', 'upperLimit': '870.00', 'gridCount': 40, 'triggerPrice': None, 'stopLowerLimit': None, 'stopUpperLimit': None, 'baseAsset': 'BNB', 'quoteAsset': 'USDC', 'leverage': None, 'trailingUp': False, 'trailingDown': False, 'autoInitPos': None, 'stopTriggerType': None, 'pnlStopTriggerType': None, 'stopSlPnl': None, 'stopTpPnl': None, 'initialMargin': None, 'totalAdjustmentAmount': None, 'cps': False, 'trailingUpLimitPrice': None, 'trailingDownLimitPrice': None}",1,SPOT_GRID,BNBUSDC,0,,NOT_TRAILING,,1
True,Spot Grid,0,True,2.71,0,,3,1,2715,274.10192640000000,44,23.06091618,,7.92,47541757,0.00859935,,,,7232317,"{'type': 'ARITH', 'lowerLimit': '75920.40', 'upperLimit': '88261.14', 'gridCount': 44, 'triggerPrice': None, 'stopLowerLimit': None, 'stopUpperLimit': None, 'baseAsset': 'BTC', 'quoteAsset': 'USDC', 'leverage': None, 'trailingUp': False, 'trailingDown': False, 'autoInitPos': None, 'stopTriggerType': None, 'pnlStopTriggerType': None, 'stopSlPnl': None, 'stopTpPnl': None, 'initialMargin': None, 'totalAdjustmentAmount': None, 'cps': True, 'trailingUpLimitPrice': None, 'trailingDownLimitPrice': None}",1,SPOT_GRID,BTCUSDC,0,,NOT_TRAILING,,1
True,Spot Grid,0,True,0.5,0,,2,1,1251,865.69000000000000,100,22.89319861,,2.21,32004309,0.01733244,,,,8592204,"{'type': 'GEO', 'lowerLimit': '500.00', 'upperLimit': '1500.00', 'gridCount': 100, 'triggerPrice': None, 'stopLowerLimit': None, 'stopUpperLimit': '10000.02', 'baseAsset': 'BNB', 'quoteAsset': 'USDT', 'leverage': None, 'trailingUp': True, 'trailingDown': False, 'autoInitPos': None, 'stopTriggerType': None, 'pnlStopTriggerType': None, 'stopSlPnl': None, 'stopTpPnl': None, 'initialMargin': None, 'totalAdjustmentAmount': None, 'cps': True, 'trailingUpLimitPrice': None, 'trailingDownLimitPrice': None}",1,SPOT_GRID,BNBUSDT,0,,TRAILING_UP,,1
True,Spot Grid,0,True,0.22,0,,3,1,328,638.31580000000000,73,22.71654774,,3.53,37250192,0.06032784,,,,8130004,"{'type': 'GEO', 'lowerLimit': '0.1500', 'upperLimit': '0.6600', 'gridCount': 73, 'triggerPrice': None, 'stopLowerLimit': None, 'stopUpperLimit': '0.7620', 'baseAsset': 'MINA', 'quoteAsset': 'USDT', 'leverage': None, 'trailingUp': True, 'trailingDown': False, 'autoInitPos': None, 'stopTriggerType': None, 'pnlStopTriggerType': None, 'stopSlPnl': None, 'stopTpPnl': None, 'initialMargin': None, 'totalAdjustmentAmount': None, 'cps': True, 'trailingUpLimitPrice': None, 'trailingDownLimitPrice': None}",1,SPOT_GRID,MINAUSDT,0,,TRAILING_UP,,1
True,Spot Grid,0,True,2.39,0,,2,1,8927,984.78000000000000,150,22.54285858,,1.88,38715080,0.01762135,,,,7941788,"{'type': 'ARITH', 'lowerLimit': '2123.00', 'upperLimit': '3456.00', 'gridCount': 150, 'triggerPrice': None, 'stopLowerLimit': None, 'stopUpperLimit': None, 'baseAsset': 'ETH', 'quoteAsset': 'USDT', 'leverage': None, 'trailingUp': False, 'trailingDown': False, 'autoInitPos': None, 'stopTriggerType': None, 'pnlStopTriggerType': None, 'stopSlPnl': None, 'stopTpPnl': None, 'initialMargin': None, 'totalAdjustmentAmount': None, 'cps': True, 'trailingUpLimitPrice': None, 'trailingDownLimitPrice': None}",1,SPOT_GRID,ETHUSDT,0,,NOT_TRAILING,,1
True,Spot Grid,0,True,0.96,0,,1,1,853,291.51000000000000,46,22.39552316,,6.99,45630901,0.01793568,,,,7372028,"{'type': 'ARITH', 'lowerLimit': '73600.00', 'upperLimit': '109000.00', 'gridCount': 46, 'triggerPrice': None, 'stopLowerLimit': None, 'stopUpperLimit': None, 'baseAsset': 'BTC', 'quoteAsset': 'USDT', 'leverage': None, 'trailingUp': False, 'trailingDown': False, 'autoInitPos': None, 'stopTriggerType': None, 'pnlStopTriggerType': None, 'stopSlPnl': None, 'stopTpPnl': None, 'initialMargin': None, 'totalAdjustmentAmount': None, 'cps': True, 'trailingUpLimitPrice': None, 'trailingDownLimitPrice': None}",1,SPOT_GRID,BTCUSDT,0,,NOT_TRAILING,,1
True,Spot Grid,0,True,1.4,0,,1,1,3788,697.33275430000000,80,22.39467724,,1.11,57708383,0.02547757,,,,6189463,"{'type': 'GEO', 'lowerLimit': '80165.18', 'upperLimit': '125973.92', 'gridCount': 80, 'triggerPrice': None, 'stopLowerLimit': None, 'stopUpperLimit': None, 'baseAsset': 'BTC', 'quoteAsset': 'USDC', 'leverage': None, 'trailingUp': True, 'trailingDown': False, 'autoInitPos': None, 'stopTriggerType': None, 'pnlStopTriggerType': None, 'stopSlPnl': None, 'stopTpPnl': None, 'initialMargin': None, 'totalAdjustmentAmount': None, 'cps': True, 'trailingUpLimitPrice': None, 'trailingDownLimitPrice': None}",1,SPOT_GRID,BTCUSDC,0,,TRAILING_UP,,1
True,Spot Grid,8,False,0.1,0,,1,1,110,21.55790000000000,10,22.37109079,,102.73,44289681,0.13507572,,,,7485365,"{'type': 'GEO', 'lowerLimit': '0.04290', 'upperLimit': '0.08600', 'gridCount': 10, 'triggerPrice': None, 'stopLowerLimit': None, 'stopUpperLimit': '0.20000', 'baseAsset': 'MUBARAK', 'quoteAsset': 'USDT', 'leverage': None, 'trailingUp': True, 'trailingDown': False, 'autoInitPos': None, 'stopTriggerType': None, 'pnlStopTriggerType': None, 'stopSlPnl': None, 'stopTpPnl': None, 'initialMargin': None, 'totalAdjustmentAmount': None, 'cps': False, 'trailingUpLimitPrice': None, 'trailingDownLimitPrice': None}",1,SPOT_GRID,MUBARAKUSDT,0,,TRAILING_UP,,1
True,Spot Grid,0,True,0.88,0,,1,1,1103,377.75000000000000,60,22.35768463,,4.47,44873979,0.01824798,,,,7433772,"{'type': 'ARITH', 'lowerLimit': '71946.70', 'upperLimit': '121021.88', 'gridCount': 60, 'triggerPrice': None, 'stopLowerLimit': None, 'stopUpperLimit': None, 'baseAsset': 'BTC', 'quoteAsset': 'USDT', 'leverage': None, 'trailingUp': False, 'trailingDown': False, 'autoInitPos': None, 'stopTriggerType': None, 'pnlStopTriggerType': None, 'stopSlPnl': None, 'stopTpPnl': None, 'initialMargin': None, 'totalAdjustmentAmount': None, 'cps': True, 'trailingUpLimitPrice': None, 'trailingDownLimitPrice': None}",1,SPOT_GRID,BTCUSDT,0,,NOT_TRAILING,,1
True,Spot Grid,0,True,0.61,0,,1,1,444,143.94000000000000,25,22.34135775,,11.17,54287141,0.02203472,,,,6636333,"{'type': 'GEO', 'lowerLimit': '84090.66', 'upperLimit': '118888.00', 'gridCount': 25, 'triggerPrice': None, 'stopLowerLimit': None, 'stopUpperLimit': None, 'baseAsset': 'BTC', 'quoteAsset': 'USDT', 'leverage': None, 'trailingUp': False, 'trailingDown': False, 'autoInitPos': None, 'stopTriggerType': None, 'pnlStopTriggerType': None, 'stopSlPnl': None, 'stopTpPnl': None, 'initialMargin': None, 'totalAdjustmentAmount': None, 'cps': True, 'trailingUpLimitPrice': None, 'trailingDownLimitPrice': None}",1,SPOT_GRID,BTCUSDT,0,,NOT_TRAILING,,1
True,Spot Grid,0,False,2.25,0,,2,1,1141,191.99000000000000,30,21.91750107,,7.30,46486755,0.00321175,,,,7304993,"{'type': 'GEO', 'lowerLimit': '75000.00', 'upperLimit': '85000.00', 'gridCount': 30, 'triggerPrice': None, 'stopLowerLimit': None, 'stopUpperLimit': None, 'baseAsset': 'BTC', 'quoteAsset': 'USDT', 'leverage': None, 'trailingUp': False, 'trailingDown': False, 'autoInitPos': None, 'stopTriggerType': None, 'pnlStopTriggerType': None, 'stopSlPnl': None, 'stopTpPnl': None, 'initialMargin': None, 'totalAdjustmentAmount': None, 'cps': False, 'trailingUpLimitPrice': None, 'trailingDownLimitPrice': None}",1,SPOT_GRID,BTCUSDT,0,,NOT_TRAILING,,1
True,Spot Grid,0,False,0.32,0,,1,1,599,323.12000000000000,50,21.80092092,,3.66,43383370,0.03047286,,,,7583587,"{'type': 'GEO', 'lowerLimit': '100.00', 'upperLimit': '260.00', 'gridCount': 50, 'triggerPrice': None, 'stopLowerLimit': None, 'stopUpperLimit': None, 'baseAsset': 'SOL', 'quoteAsset': 'USDT', 'leverage': None, 'trailingUp': False, 'trailingDown': False, 'autoInitPos': None, 'stopTriggerType': None, 'pnlStopTriggerType': None, 'stopSlPnl': None, 'stopTpPnl': None, 'initialMargin': None, 'totalAdjustmentAmount': None, 'cps': False, 'trailingUpLimitPrice': None, 'trailingDownLimitPrice': None}",1,SPOT_GRID,SOLUSDT,0,,NOT_TRAILING,,1
True,Spot Grid,0,True,0.83,0,,2,1,968,271.92000000000000,45,21.41189054,,7.11,40613158,0.03391656,,,,7796156,"{'type': 'ARITH', 'lowerLimit': '110.95', 'upperLimit': '171.49', 'gridCount': 45, 'triggerPrice': None, 'stopLowerLimit': None, 'stopUpperLimit': None, 'baseAsset': 'SOL', 'quoteAsset': 'USDT', 'leverage': None, 'trailingUp': False, 'trailingDown': False, 'autoInitPos': None, 'stopTriggerType': None, 'pnlStopTriggerType': None, 'stopSlPnl': None, 'stopTpPnl': None, 'initialMargin': None, 'totalAdjustmentAmount': None, 'cps': True, 'trailingUpLimitPrice': None, 'trailingDownLimitPrice': None}",1,SPOT_GRID,SOLUSDT,0,,NOT_TRAILING,,1
True,Spot Grid,4,False,0.96,0,,3,1,2698,380.44651900000000,96,21.36842758,,0.99,48325386,0.02262846,,,,7180054,"{'type': 'ARITH', 'lowerLimit': '0.2000', 'upperLimit': '0.4000', 'gridCount': 96, 'triggerPrice': '0.3000', 'stopLowerLimit': None, 'stopUpperLimit': None, 'baseAsset': 'BNB', 'quoteAsset': 'ETH', 'leverage': None, 'trailingUp': False, 'trailingDown': False, 'autoInitPos': None, 'stopTriggerType': None, 'pnlStopTriggerType': None, 'stopSlPnl': None, 'stopTpPnl': None, 'initialMargin': None, 'totalAdjustmentAmount': None, 'cps': False, 'trailingUpLimitPrice': None, 'trailingDownLimitPrice': None}",1,SPOT_GRID,BNBETH,0,,NOT_TRAILING,,1
True,Spot Grid,0,False,0.62,0,,1,1,3043,1355.26000000000000,141,21.25177787,,1.38,56688178,0.01562561,,,,6379844,"{'type': 'ARITH', 'lowerLimit': '41862.64', 'upperLimit': '137097.03', 'gridCount': 141, 'triggerPrice': None, 'stopLowerLimit': None, 'stopUpperLimit': None, 'baseAsset': 'BTC', 'quoteAsset': 'USDT', 'leverage': None, 'trailingUp': False, 'trailingDown': False, 'autoInitPos': None, 'stopTriggerType': None, 'pnlStopTriggerType': None, 'stopSlPnl': None, 'stopTpPnl': None, 'initialMargin': None, 'totalAdjustmentAmount': None, 'cps': False, 'trailingUpLimitPrice': None, 'trailingDownLimitPrice': None}",1,SPOT_GRID,BTCUSDT,0,,NOT_TRAILING,,1
True,Spot Grid,0,True,0.57,0,,3,1,1915,785.49161600000000,170,21.23330408,,1.50,45546507,0.01897484,,,,7380512,"{'type': 'ARITH', 'lowerLimit': '0.1338', 'upperLimit': '0.5338', 'gridCount': 170, 'triggerPrice': None, 'stopLowerLimit': None, 'stopUpperLimit': None, 'baseAsset': 'BNB', 'quoteAsset': 'ETH', 'leverage': None, 'trailingUp': True, 'trailingDown': False, 'autoInitPos': None, 'stopTriggerType': None, 'pnlStopTriggerType': None, 'stopSlPnl': None, 'stopTpPnl': None, 'initialMargin': None, 'totalAdjustmentAmount': None, 'cps': True, 'trailingUpLimitPrice': None, 'trailingDownLimitPrice': None}",1,SPOT_GRID,BNBETH,0,,TRAILING_UP,,1
True,Spot Grid,0,False,0.43,0,,4,1,2792,786.12326520000000,170,21.21947941,,2.70,52568186,0.03646003,,,,6850873,"{'type': 'GEO', 'lowerLimit': '0.01206', 'upperLimit': '0.06000', 'gridCount': 170, 'triggerPrice': None, 'stopLowerLimit': None, 'stopUpperLimit': None, 'baseAsset': 'LTC', 'quoteAsset': 'ETH', 'leverage': None, 'trailingUp': True, 'trailingDown': False, 'autoInitPos': None, 'stopTriggerType': None, 'pnlStopTriggerType': None, 'stopSlPnl': None, 'stopTpPnl': None, 'initialMargin': None, 'totalAdjustmentAmount': None, 'cps': False, 'trailingUpLimitPrice': None, 'trailingDownLimitPrice': None}",1,SPOT_GRID,LTCETH,0,,TRAILING_UP,,1
True,Spot Grid,0,True,0.93,0,,4,1,2259,974.37987200000000,113,21.02599248,,0.52,33283132,0.02131570,,,,8484919,"{'type': 'GEO', 'lowerLimit': '616.67', 'upperLimit': '1370.94', 'gridCount': 113, 'triggerPrice': None, 'stopLowerLimit': None, 'stopUpperLimit': None, 'baseAsset': 'BNB', 'quoteAsset': 'FDUSD', 'leverage': None, 'trailingUp': True, 'trailingDown': False, 'autoInitPos': None, 'stopTriggerType': None, 'pnlStopTriggerType': None, 'stopSlPnl': None, 'stopTpPnl': None, 'initialMargin': None, 'totalAdjustmentAmount': None, 'cps': True, 'trailingUpLimitPrice': None, 'trailingDownLimitPrice': None}",1,SPOT_GRID,BNBFDUSD,0,,TRAILING_UP,,1
True,Spot Grid,0,False,0.47,0,,4,1,280,195.57673000000000,31,20.99554237,,10.39,36006256,0.07319586,,,,8245808,"{'type': 'ARITH', 'lowerLimit': '0.03000', 'upperLimit': '0.05000', 'gridCount': 31, 'triggerPrice': None, 'stopLowerLimit': None, 'stopUpperLimit': None, 'baseAsset': 'HUMA', 'quoteAsset': 'USDT', 'leverage': None, 'trailingUp': False, 'trailingDown': False, 'autoInitPos': None, 'stopTriggerType': None, 'pnlStopTriggerType': None, 'stopSlPnl': None, 'stopTpPnl': None, 'initialMargin': None, 'totalAdjustmentAmount': None, 'cps': False, 'trailingUpLimitPrice': None, 'trailingDownLimitPrice': None}",1,SPOT_GRID,HUMAUSDT,0,,NOT_TRAILING,,1
True,Spot Grid,0,True,0.65,0,,1,1,275,139.14000000000000,20,20.72168438,,10.36,36037805,0.02091510,,,,8241245,"{'type': 'ARITH', 'lowerLimit': '700.00', 'upperLimit': '915.55', 'gridCount': 20, 'triggerPrice': None, 'stopLowerLimit': None, 'stopUpperLimit': None, 'baseAsset': 'BNB', 'quoteAsset': 'USDT', 'leverage': None, 'trailingUp': False, 'trailingDown': False, 'autoInitPos': None, 'stopTriggerType': None, 'pnlStopTriggerType': None, 'stopSlPnl': None, 'stopTpPnl': None, 'initialMargin': None, 'totalAdjustmentAmount': None, 'cps': True, 'trailingUpLimitPrice': None, 'trailingDownLimitPrice': None}",1,SPOT_GRID,BNBUSDT,0,,NOT_TRAILING,,1
True,Spot Grid,0,False,1.28,0,,1,1,3756,1033.28271200000000,120,20.51433086,,1.59,37242097,0.02519366,,,,8130717,"{'type': 'ARITH', 'lowerLimit': '2560.00', 'upperLimit': '4960.00', 'gridCount': 120, 'triggerPrice': None, 'stopLowerLimit': None, 'stopUpperLimit': None, 'baseAsset': 'ETH', 'quoteAsset': 'FDUSD', 'leverage': None, 'trailingUp': True, 'trailingDown': False, 'autoInitPos': None, 'stopTriggerType': None, 'pnlStopTriggerType': None, 'stopSlPnl': None, 'stopTpPnl': None, 'initialMargin': None, 'totalAdjustmentAmount': None, 'cps': False, 'trailingUpLimitPrice': None, 'trailingDownLimitPrice': None}",1,SPOT_GRID,ETHFDUSD,0,,TRAILING_UP,,1
True,Spot Grid,0,True,1.54,0,,5,1,798,210.20000000000000,31,19.90308328,,3.85,37217281,0.01952875,,,,8133053,"{'type': 'ARITH', 'lowerLimit': '713.58', 'upperLimit': '857.87', 'gridCount': 31, 'triggerPrice': None, 'stopLowerLimit': None, 'stopUpperLimit': None, 'baseAsset': 'BNB', 'quoteAsset': 'USDT', 'leverage': None, 'trailingUp': False, 'trailingDown': False, 'autoInitPos': None, 'stopTriggerType': None, 'pnlStopTriggerType': None, 'stopSlPnl': None, 'stopTpPnl': None, 'initialMargin': None, 'totalAdjustmentAmount': None, 'cps': True, 'trailingUpLimitPrice': None, 'trailingDownLimitPrice': None}",1,SPOT_GRID,BNBUSDT,0,,NOT_TRAILING,,1
True,Spot Grid,0,True,0.73,0,,1,1,346,105.85000000000000,16,19.60181874,,16.33,49943859,0.01035354,,,,7068569,"{'type': 'ARITH', 'lowerLimit': '75000.00', 'upperLimit': '91580.00', 'gridCount': 16, 'triggerPrice': None, 'stopLowerLimit': None, 'stopUpperLimit': None, 'baseAsset': 'BTC', 'quoteAsset': 'USDT', 'leverage': None, 'trailingUp': False, 'trailingDown': False, 'autoInitPos': None, 'stopTriggerType': None, 'pnlStopTriggerType': None, 'stopSlPnl': None, 'stopTpPnl': None, 'initialMargin': None, 'totalAdjustmentAmount': None, 'cps': True, 'trailingUpLimitPrice': None, 'trailingDownLimitPrice': None}",1,SPOT_GRID,BTCUSDT,0,,NOT_TRAILING,,1
True,Spot Grid,0,False,0.52,0,,3,1,2350,785.37832394000000,170,18.67270321,,2.37,52568397,0.05086760,,,,6850852,"{'type': 'GEO', 'lowerLimit': '0.002314', 'upperLimit': '0.010000', 'gridCount': 170, 'triggerPrice': None, 'stopLowerLimit': None, 'stopUpperLimit': None, 'baseAsset': 'LINK', 'quoteAsset': 'ETH', 'leverage': None, 'trailingUp': True, 'trailingDown': False, 'autoInitPos': None, 'stopTriggerType': None, 'pnlStopTriggerType': None, 'stopSlPnl': None, 'stopTpPnl': None, 'initialMargin': None, 'totalAdjustmentAmount': None, 'cps': False, 'trailingUpLimitPrice': None, 'trailingDownLimitPrice': None}",1,SPOT_GRID,LINKETH,0,,TRAILING_UP,,1
True,Spot Grid,0,False,0.88,0,,2,1,1436,415.20855690000000,100,18.58669495,,4.30,33832361,0.02450420,,,,8421675,"{'type': 'ARITH', 'lowerLimit': '0.02900', 'upperLimit': '0.06200', 'gridCount': 100, 'triggerPrice': None, 'stopLowerLimit': None, 'stopUpperLimit': None, 'baseAsset': 'SOL', 'quoteAsset': 'ETH', 'leverage': None, 'trailingUp': False, 'trailingDown': False, 'autoInitPos': None, 'stopTriggerType': None, 'pnlStopTriggerType': None, 'stopSlPnl': None, 'stopTpPnl': None, 'initialMargin': None, 'totalAdjustmentAmount': None, 'cps': False, 'trailingUpLimitPrice': None, 'trailingDownLimitPrice': None}",1,SPOT_GRID,SOLETH,0,,NOT_TRAILING,,1
True,Spot Grid,0,True,1.07,0,,2,1,2431,785.04888480000000,170,18.35483395,,2.26,34280302,0.02340747,,,,8389788,"{'type': 'ARITH', 'lowerLimit': '0.02700', 'upperLimit': '0.07000', 'gridCount': 170, 'triggerPrice': None, 'stopLowerLimit': None, 'stopUpperLimit': None, 'baseAsset': 'SOL', 'quoteAsset': 'ETH', 'leverage': None, 'trailingUp': True, 'trailingDown': False, 'autoInitPos': None, 'stopTriggerType': None, 'pnlStopTriggerType': None, 'stopSlPnl': None, 'stopTpPnl': None, 'initialMargin': None, 'totalAdjustmentAmount': None, 'cps': True, 'trailingUpLimitPrice': None, 'trailingDownLimitPrice': None}",1,SPOT_GRID,SOLETH,0,,TRAILING_UP,,1
True,Spot Grid,0,True,0.05,0,,1,1,63,188.42643600000000,20,18.28606734,,8.87,32703517,0.08775033,,,,8541020,"{'type': 'GEO', 'lowerLimit': '0.003500', 'upperLimit': '0.018000', 'gridCount': 20, 'triggerPrice': None, 'stopLowerLimit': None, 'stopUpperLimit': None, 'baseAsset': 'PUMP', 'quoteAsset': 'USDT', 'leverage': None, 'trailingUp': False, 'trailingDown': False, 'autoInitPos': None, 'stopTriggerType': None, 'pnlStopTriggerType': None, 'stopSlPnl': None, 'stopTpPnl': None, 'initialMargin': None, 'totalAdjustmentAmount': None, 'cps': True, 'trailingUpLimitPrice': None, 'trailingDownLimitPrice': None}",1,SPOT_GRID,PUMPUSDT,0,,NOT_TRAILING,,1
True,Spot Grid,0,True,0.87,0,,1,1,1554,1675.98799650000000,120,18.11010214,,0.65,36411870,0.01431727,,,,8197277,"{'type': 'ARITH', 'lowerLimit': '0.01877', 'upperLimit': '0.04480', 'gridCount': 120, 'triggerPrice': None, 'stopLowerLimit': None, 'stopUpperLimit': None, 'baseAsset': 'ETH', 'quoteAsset': 'BTC', 'leverage': None, 'trailingUp': False, 'trailingDown': False, 'autoInitPos': None, 'stopTriggerType': None, 'pnlStopTriggerType': None, 'stopSlPnl': None, 'stopTpPnl': None, 'initialMargin': None, 'totalAdjustmentAmount': None, 'cps': True, 'trailingUpLimitPrice': None, 'trailingDownLimitPrice': None}",1,SPOT_GRID,ETHBTC,0,,NOT_TRAILING,,1
True,Spot Grid,0,False,4.2,0,,7,1,11608,409.51000000000000,70,17.74285773,,3.54,51460687,0.00763605,,,,6946798,"{'type': 'ARITH', 'lowerLimit': '2400.00', 'upperLimit': '2800.00', 'gridCount': 70, 'triggerPrice': None, 'stopLowerLimit': None, 'stopUpperLimit': None, 'baseAsset': 'ETH', 'quoteAsset': 'USDT', 'leverage': None, 'trailingUp': False, 'trailingDown': False, 'autoInitPos': None, 'stopTriggerType': None, 'pnlStopTriggerType': None, 'stopSlPnl': None, 'stopTpPnl': None, 'initialMargin': None, 'totalAdjustmentAmount': None, 'cps': False, 'trailingUpLimitPrice': None, 'trailingDownLimitPrice': None}",1,SPOT_GRID,ETHUSDT,0,,NOT_TRAILING,,1
True,Spot Grid,0,True,1.2,0,,2,1,474,63.08000000000000,10,17.64619306,,23.21,48903654,0.03662804,,,,7140461,"{'type': 'ARITH', 'lowerLimit': '120.00', 'upperLimit': '130.00', 'gridCount': 10, 'triggerPrice': None, 'stopLowerLimit': None, 'stopUpperLimit': None, 'baseAsset': 'SOL', 'quoteAsset': 'USDT', 'leverage': None, 'trailingUp': False, 'trailingDown': False, 'autoInitPos': None, 'stopTriggerType': None, 'pnlStopTriggerType': None, 'stopSlPnl': None, 'stopTpPnl': None, 'initialMargin': None, 'totalAdjustmentAmount': None, 'cps': True, 'trailingUpLimitPrice': None, 'trailingDownLimitPrice': None}",1,SPOT_GRID,SOLUSDT,0,,NOT_TRAILING,,1
True,Spot Grid,0,True,2.26,0,,1,1,872,106.30000000000000,18,17.18406157,,8.92,49665719,0.02400110,190.00000000,300.00000000,,7088598,"{'type': 'ARITH', 'lowerLimit': '84805.73', 'upperLimit': '91561.73', 'gridCount': 18, 'triggerPrice': None, 'stopLowerLimit': None, 'stopUpperLimit': None, 'baseAsset': 'BTC', 'quoteAsset': 'USDT', 'leverage': None, 'trailingUp': False, 'trailingDown': False, 'autoInitPos': None, 'stopTriggerType': None, 'pnlStopTriggerType': None, 'stopSlPnl': '190.00000000', 'stopTpPnl': '300.00000000', 'initialMargin': None, 'totalAdjustmentAmount': None, 'cps': True, 'trailingUpLimitPrice': None, 'trailingDownLimitPrice': None}",1,SPOT_GRID,BTCUSDT,0,,NOT_TRAILING,,1
True,Spot Grid,0,False,0.14,0,,1,1,586,255.92400000000000,42,17.15425808,,3.11,44530367,0.05799841,,,,7453725,"{'type': 'ARITH', 'lowerLimit': '0.2210', 'upperLimit': '0.9000', 'gridCount': 42, 'triggerPrice': None, 'stopLowerLimit': None, 'stopUpperLimit': '1.2000', 'baseAsset': 'FET', 'quoteAsset': 'USDT', 'leverage': None, 'trailingUp': False, 'trailingDown': False, 'autoInitPos': None, 'stopTriggerType': None, 'pnlStopTriggerType': None, 'stopSlPnl': None, 'stopTpPnl': None, 'initialMargin': None, 'totalAdjustmentAmount': None, 'cps': False, 'trailingUpLimitPrice': None, 'trailingDownLimitPrice': None}",1,SPOT_GRID,FETUSDT,0,,NOT_TRAILING,,1
True,Spot Grid,0,True,1.52,0,,15,1,1629,267.04600000000000,46,16.39338300,,3.27,56034994,0.12038986,,,,6463419,"{'type': 'ARITH', 'lowerLimit': '4.828', 'upperLimit': '6.298', 'gridCount': 46, 'triggerPrice': None, 'stopLowerLimit': None, 'stopUpperLimit': None, 'baseAsset': 'NEAR', 'quoteAsset': 'USDT', 'leverage': None, 'trailingUp': False, 'trailingDown': False, 'autoInitPos': None, 'stopTriggerType': None, 'pnlStopTriggerType': None, 'stopSlPnl': None, 'stopTpPnl': None, 'initialMargin': None, 'totalAdjustmentAmount': None, 'cps': True, 'trailingUpLimitPrice': None, 'trailingDownLimitPrice': None}",1,SPOT_GRID,NEARUSDT,0,,NOT_TRAILING,,1
True,Spot Grid,0,True,0.46,0,,1,1,1147,0.00000000000000,104,16.30692638,,3.43,48298615,0.01627603,,,,7183012,"{'type': 'ARITH', 'lowerLimit': '235083', 'upperLimit': '776440', 'gridCount': 104, 'triggerPrice': None, 'stopLowerLimit': None, 'stopUpperLimit': None, 'baseAsset': 'BTC', 'quoteAsset': 'BRL', 'leverage': None, 'trailingUp': False, 'trailingDown': False, 'autoInitPos': None, 'stopTriggerType': None, 'pnlStopTriggerType': None, 'stopSlPnl': None, 'stopTpPnl': None, 'initialMargin': None, 'totalAdjustmentAmount': None, 'cps': True, 'trailingUpLimitPrice': None, 'trailingDownLimitPrice': None}",1,SPOT_GRID,BTCBRL,0,,NOT_TRAILING,,1
True,Spot Grid,0,True,1.6,0,,1,1,762,99.30000000000000,16,16.09372046,,16.09,51598370,0.01697296,,,,6932943,"{'type': 'ARITH', 'lowerLimit': '2580.16', 'upperLimit': '2838.50', 'gridCount': 16, 'triggerPrice': None, 'stopLowerLimit': None, 'stopUpperLimit': None, 'baseAsset': 'ETH', 'quoteAsset': 'USDT', 'leverage': None, 'trailingUp': False, 'trailingDown': False, 'autoInitPos': None, 'stopTriggerType': None, 'pnlStopTriggerType': None, 'stopSlPnl': None, 'stopTpPnl': None, 'initialMargin': None, 'totalAdjustmentAmount': None, 'cps': True, 'trailingUpLimitPrice': None, 'trailingDownLimitPrice': None}",1,SPOT_GRID,ETHUSDT,0,,NOT_TRAILING,,1
True,Spot Grid,0,True,2.67,0,,1,1,1562,169.69000000000000,26,15.62567853,,9.19,49079056,0.01353129,,,,7128784,"{'type': 'ARITH', 'lowerLimit': '80384.11', 'upperLimit': '88230.07', 'gridCount': 26, 'triggerPrice': None, 'stopLowerLimit': None, 'stopUpperLimit': None, 'baseAsset': 'BTC', 'quoteAsset': 'USDT', 'leverage': None, 'trailingUp': False, 'trailingDown': False, 'autoInitPos': None, 'stopTriggerType': None, 'pnlStopTriggerType': None, 'stopSlPnl': None, 'stopTpPnl': None, 'initialMargin': None, 'totalAdjustmentAmount': None, 'cps': True, 'trailingUpLimitPrice': None, 'trailingDownLimitPrice': None}",1,SPOT_GRID,BTCUSDT,0,,NOT_TRAILING,,1
True,Spot Grid,0,False,1.29,0,,1,1,2340,613.06000000000000,70,15.49726687,,1.54,50572555,0.02517373,,,,7015286,"{'type': 'GEO', 'lowerLimit': '81725.32', 'upperLimit': '126090.55', 'gridCount': 70, 'triggerPrice': '88500.00', 'stopLowerLimit': None, 'stopUpperLimit': None, 'baseAsset': 'BTC', 'quoteAsset': 'USDT', 'leverage': None, 'trailingUp': True, 'trailingDown': False, 'autoInitPos': None, 'stopTriggerType': None, 'pnlStopTriggerType': None, 'stopSlPnl': None, 'stopTpPnl': None, 'initialMargin': None, 'totalAdjustmentAmount': None, 'cps': False, 'trailingUpLimitPrice': None, 'trailingDownLimitPrice': None}",1,SPOT_GRID,BTCUSDT,0,,TRAILING_UP,,1
True,Spot Grid,0,False,1.56,0,,1,1,4736,697.27000000000000,80,15.44457326,,2.20,59757901,0.02650361,,,,5735038,"{'type': 'GEO', 'lowerLimit': '82945.61', 'upperLimit': '125675.30', 'gridCount': 80, 'triggerPrice': None, 'stopLowerLimit': None, 'stopUpperLimit': None, 'baseAsset': 'BTC', 'quoteAsset': 'USDT', 'leverage': None, 'trailingUp': True, 'trailingDown': False, 'autoInitPos': None, 'stopTriggerType': None, 'pnlStopTriggerType': None, 'stopSlPnl': None, 'stopTpPnl': None, 'initialMargin': None, 'totalAdjustmentAmount': None, 'cps': False, 'trailingUpLimitPrice': None, 'trailingDownLimitPrice': None}",1,SPOT_GRID,BTCUSDT,0,,TRAILING_UP,,1
True,Spot Grid,0,True,0.51,0,,1,1,854,25.01951300000000,20,15.36129377,,51.20,37351748,0.05896930,,,,8121381,"{'type': 'GEO', 'lowerLimit': '0.006630', 'upperLimit': '0.009260', 'gridCount': 20, 'triggerPrice': None, 'stopLowerLimit': '0.000100', 'stopUpperLimit': None, 'baseAsset': 'BANANAS31', 'quoteAsset': 'USDT', 'leverage': None, 'trailingUp': False, 'trailingDown': False, 'autoInitPos': None, 'stopTriggerType': None, 'pnlStopTriggerType': None, 'stopSlPnl': None, 'stopTpPnl': None, 'initialMargin': None, 'totalAdjustmentAmount': None, 'cps': True, 'trailingUpLimitPrice': None, 'trailingDownLimitPrice': None}",1,SPOT_GRID,BANANAS31USDT,0,,NOT_TRAILING,,1
True,Spot Grid,1,True,0.33,0,,6,1,406,267.74800000000000,49,15.06354850,,5.02,36274558,0.10554925,,,,8213350,"{'type': 'GEO', 'lowerLimit': '2.000', 'upperLimit': '5.000', 'gridCount': 49, 'triggerPrice': None, 'stopLowerLimit': None, 'stopUpperLimit': None, 'baseAsset': 'ZRO', 'quoteAsset': 'USDT', 'leverage': None, 'trailingUp': False, 'trailingDown': False, 'autoInitPos': None, 'stopTriggerType': None, 'pnlStopTriggerType': None, 'stopSlPnl': None, 'stopTpPnl': None, 'initialMargin': None, 'totalAdjustmentAmount': None, 'cps': True, 'trailingUpLimitPrice': None, 'trailingDownLimitPrice': None}",1,SPOT_GRID,ZROUSDT,0,,NOT_TRAILING,,1
True,Spot Grid,0,False,1.28,0,,2,1,1766,376.78783520000000,80,14.87213702,,1.10,33096149,0.03298523,,,,8502620,"{'type': 'GEO', 'lowerLimit': '0.04000', 'upperLimit': '0.06500', 'gridCount': 80, 'triggerPrice': None, 'stopLowerLimit': None, 'stopUpperLimit': None, 'baseAsset': 'SOL', 'quoteAsset': 'ETH', 'leverage': None, 'trailingUp': True, 'trailingDown': False, 'autoInitPos': None, 'stopTriggerType': None, 'pnlStopTriggerType': None, 'stopSlPnl': None, 'stopTpPnl': None, 'initialMargin': None, 'totalAdjustmentAmount': None, 'cps': False, 'trailingUpLimitPrice': None, 'trailingDownLimitPrice': None}",1,SPOT_GRID,SOLETH,0,,TRAILING_UP,,1
True,Spot Grid,0,False,1.65,0,,1,1,6667,1171.68000000000000,165,14.86225604,,0.99,55141455,0.02018624,,,,6556095,"{'type': 'ARITH', 'lowerLimit': '70000.00', 'upperLimit': '140000.00', 'gridCount': 165, 'triggerPrice': None, 'stopLowerLimit': None, 'stopUpperLimit': None, 'baseAsset': 'BTC', 'quoteAsset': 'USDT', 'leverage': None, 'trailingUp': False, 'trailingDown': False, 'autoInitPos': None, 'stopTriggerType': None, 'pnlStopTriggerType': None, 'stopSlPnl': None, 'stopTpPnl': None, 'initialMargin': None, 'totalAdjustmentAmount': None, 'cps': False, 'trailingUpLimitPrice': None, 'trailingDownLimitPrice': None}",1,SPOT_GRID,BTCUSDT,0,,NOT_TRAILING,,1
True,Spot Grid,0,True,0.51,0,,1,1,712,25.01951300000000,20,14.75231156,,50.87,36191580,0.06442097,,,,8222218,"{'type': 'GEO', 'lowerLimit': '0.006630', 'upperLimit': '0.009260', 'gridCount': 20, 'triggerPrice': None, 'stopLowerLimit': '0.000100', 'stopUpperLimit': None, 'baseAsset': 'BANANAS31', 'quoteAsset': 'USDT', 'leverage': None, 'trailingUp': False, 'trailingDown': False, 'autoInitPos': None, 'stopTriggerType': None, 'pnlStopTriggerType': None, 'stopSlPnl': None, 'stopTpPnl': None, 'initialMargin': None, 'totalAdjustmentAmount': None, 'cps': True, 'trailingUpLimitPrice': None, 'trailingDownLimitPrice': None}",1,SPOT_GRID,BANANAS31USDT,0,,NOT_TRAILING,,1
True,Spot Grid,0,True,1.2,0,,2,1,475,63.10000000000000,10,14.62158095,,22.49,48910820,0.03659184,,,,7139882,"{'type': 'ARITH', 'lowerLimit': '120.00', 'upperLimit': '130.00', 'gridCount': 10, 'triggerPrice': None, 'stopLowerLimit': None, 'stopUpperLimit': None, 'baseAsset': 'SOL', 'quoteAsset': 'USDT', 'leverage': None, 'trailingUp': False, 'trailingDown': False, 'autoInitPos': None, 'stopTriggerType': None, 'pnlStopTriggerType': None, 'stopSlPnl': None, 'stopTpPnl': None, 'initialMargin': None, 'totalAdjustmentAmount': None, 'cps': True, 'trailingUpLimitPrice': None, 'trailingDownLimitPrice': None}",1,SPOT_GRID,SOLUSDT,0,,NOT_TRAILING,,1
True,Spot Grid,0,True,1.56,0,,3,1,2485,40.92024000000000,33,14.48800481,,28.91,65255310,0.00543582,,,,5270602,"{'type': 'ARITH', 'lowerLimit': '0.07830', 'upperLimit': '0.09487', 'gridCount': 33, 'triggerPrice': None, 'stopLowerLimit': None, 'stopUpperLimit': None, 'baseAsset': 'DOGE', 'quoteAsset': 'USDT', 'leverage': None, 'trailingUp': False, 'trailingDown': False, 'autoInitPos': None, 'stopTriggerType': None, 'pnlStopTriggerType': None, 'stopSlPnl': None, 'stopTpPnl': None, 'initialMargin': None, 'totalAdjustmentAmount': None, 'cps': True, 'trailingUpLimitPrice': None, 'trailingDownLimitPrice': None}",1,SPOT_GRID,DOGEUSDT,0,,NOT_TRAILING,,1
True,Spot Grid,0,False,2.44,0,,1,1,1123,289.97079580800000,50,14.28870763,,3.46,33177090,0.01357384,,,,8495839,"{'type': 'ARITH', 'lowerLimit': '0.3120', 'upperLimit': '0.3760', 'gridCount': 50, 'triggerPrice': None, 'stopLowerLimit': None, 'stopUpperLimit': None, 'baseAsset': 'TRX', 'quoteAsset': 'USDC', 'leverage': None, 'trailingUp': False, 'trailingDown': False, 'autoInitPos': None, 'stopTriggerType': None, 'pnlStopTriggerType': None, 'stopSlPnl': None, 'stopTpPnl': None, 'initialMargin': None, 'totalAdjustmentAmount': None, 'cps': False, 'trailingUpLimitPrice': None, 'trailingDownLimitPrice': None}",1,SPOT_GRID,TRXUSDC,0,,NOT_TRAILING,,1
True,Spot Grid,0,False,0.71,0,,1,1,185,115.19000000000000,15,13.99030253,,11.72,46662636,0.00259534,,,,7291407,"{'type': 'ARITH', 'lowerLimit': '70000.00', 'upperLimit': '85000.00', 'gridCount': 15, 'triggerPrice': None, 'stopLowerLimit': None, 'stopUpperLimit': None, 'baseAsset': 'BTC', 'quoteAsset': 'USDT', 'leverage': None, 'trailingUp': False, 'trailingDown': False, 'autoInitPos': None, 'stopTriggerType': None, 'pnlStopTriggerType': None, 'stopSlPnl': None, 'stopTpPnl': None, 'initialMargin': None, 'totalAdjustmentAmount': None, 'cps': False, 'trailingUpLimitPrice': None, 'trailingDownLimitPrice': None}",1,SPOT_GRID,BTCUSDT,0,,NOT_TRAILING,,1
True,Spot Grid,0,True,0.73,0,,2,1,994,32.49076600000000,25,13.79934566,,38.92,35494557,0.01240896,,,,8291690,"{'type': 'GEO', 'lowerLimit': '0.005800', 'upperLimit': '0.007800', 'gridCount': 25, 'triggerPrice': None, 'stopLowerLimit': None, 'stopUpperLimit': None, 'baseAsset': 'BANANAS31', 'quoteAsset': 'USDT', 'leverage': None, 'trailingUp': False, 'trailingDown': False, 'autoInitPos': None, 'stopTriggerType': None, 'pnlStopTriggerType': None, 'stopSlPnl': None, 'stopTpPnl': None, 'initialMargin': None, 'totalAdjustmentAmount': None, 'cps': True, 'trailingUpLimitPrice': None, 'trailingDownLimitPrice': None}",1,SPOT_GRID,BANANAS31USDT,0,,NOT_TRAILING,,1
True,Spot Grid,0,False,0.87,0,,1,1,3914,891.65000000000000,130,13.67069815,,1.27,38046208,0.01879175,,,,8038996,"{'type': 'GEO', 'lowerLimit': '2000.00', 'upperLimit': '5000.00', 'gridCount': 130, 'triggerPrice': None, 'stopLowerLimit': None, 'stopUpperLimit': None, 'baseAsset': 'ETH', 'quoteAsset': 'USDT', 'leverage': None, 'trailingUp': False, 'trailingDown': False, 'autoInitPos': None, 'stopTriggerType': None, 'pnlStopTriggerType': None, 'stopSlPnl': None, 'stopTpPnl': None, 'initialMargin': None, 'totalAdjustmentAmount': None, 'cps': False, 'trailingUpLimitPrice': None, 'trailingDownLimitPrice': None}",1,SPOT_GRID,ETHUSDT,0,,NOT_TRAILING,,1
True,Spot Grid,0,False,1.15,0,,14,1,423,143.50848500000000,25,13.56252500,,1.35,32877516,0.11254456,,,,8526281,"{'type': 'ARITH', 'lowerLimit': '0.006400', 'upperLimit': '0.007800', 'gridCount': 25, 'triggerPrice': None, 'stopLowerLimit': None, 'stopUpperLimit': None, 'baseAsset': 'PUMP', 'quoteAsset': 'USDT', 'leverage': None, 'trailingUp': False, 'trailingDown': False, 'autoInitPos': None, 'stopTriggerType': None, 'pnlStopTriggerType': None, 'stopSlPnl': None, 'stopTpPnl': None, 'initialMargin': None, 'totalAdjustmentAmount': None, 'cps': False, 'trailingUpLimitPrice': None, 'trailingDownLimitPrice': None}",1,SPOT_GRID,PUMPUSDT,0,,NOT_TRAILING,,1
True,Spot Grid,0,True,2.16,0,,1,1,790,79.37555590000000,13,13.49043605,,12.26,51300922,0.01960799,,,,6959160,"{'type': 'ARITH', 'lowerLimit': '2648.69', 'upperLimit': '2808.43', 'gridCount': 13, 'triggerPrice': None, 'stopLowerLimit': None, 'stopUpperLimit': None, 'baseAsset': 'ETH', 'quoteAsset': 'USDC', 'leverage': None, 'trailingUp': False, 'trailingDown': False, 'autoInitPos': None, 'stopTriggerType': None, 'pnlStopTriggerType': None, 'stopSlPnl': None, 'stopTpPnl': None, 'initialMargin': None, 'totalAdjustmentAmount': None, 'cps': True, 'trailingUpLimitPrice': None, 'trailingDownLimitPrice': None}",1,SPOT_GRID,ETHUSDC,0,,NOT_TRAILING,,1
True,Spot Grid,1,True,0.95,0,,1,1,504,315.36402400000000,32,13.28508612,,3.86,36221165,0.02046323,,,,8218603,"{'type': 'GEO', 'lowerLimit': '0.03040', 'upperLimit': '0.04068', 'gridCount': 32, 'triggerPrice': None, 'stopLowerLimit': None, 'stopUpperLimit': None, 'baseAsset': 'ETH', 'quoteAsset': 'BTC', 'leverage': None, 'trailingUp': False, 'trailingDown': False, 'autoInitPos': None, 'stopTriggerType': None, 'pnlStopTriggerType': None, 'stopSlPnl': None, 'stopTpPnl': None, 'initialMargin': None, 'totalAdjustmentAmount': None, 'cps': True, 'trailingUpLimitPrice': None, 'trailingDownLimitPrice': None}",1,SPOT_GRID,ETHBTC,0,,NOT_TRAILING,,1
True,Spot Grid,0,True,0.48,0,,1,1,1416,528.85000000000000,60,13.16408187,,1.31,50661379,0.03946590,,,,7008099,"{'type': 'ARITH', 'lowerLimit': '111.26', 'upperLimit': '251.26', 'gridCount': 60, 'triggerPrice': None, 'stopLowerLimit': None, 'stopUpperLimit': '290.00', 'baseAsset': 'SOL', 'quoteAsset': 'USDT', 'leverage': None, 'trailingUp': True, 'trailingDown': False, 'autoInitPos': None, 'stopTriggerType': None, 'pnlStopTriggerType': None, 'stopSlPnl': None, 'stopTpPnl': None, 'initialMargin': None, 'totalAdjustmentAmount': None, 'cps': True, 'trailingUpLimitPrice': None, 'trailingDownLimitPrice': None}",1,SPOT_GRID,SOLUSDT,0,,TRAILING_UP,,1
True,Spot Grid,1,True,0.51,0,,1,1,658,25.00091600000000,20,13.08846329,,55.10,35024720,0.06907101,,,,8333367,"{'type': 'GEO', 'lowerLimit': '0.006630', 'upperLimit': '0.009260', 'gridCount': 20, 'triggerPrice': None, 'stopLowerLimit': '0.000100', 'stopUpperLimit': None, 'baseAsset': 'BANANAS31', 'quoteAsset': 'USDT', 'leverage': None, 'trailingUp': False, 'trailingDown': False, 'autoInitPos': None, 'stopTriggerType': None, 'pnlStopTriggerType': None, 'stopSlPnl': None, 'stopTpPnl': None, 'initialMargin': None, 'totalAdjustmentAmount': None, 'cps': True, 'trailingUpLimitPrice': None, 'trailingDownLimitPrice': None}",1,SPOT_GRID,BANANAS31USDT,0,,NOT_TRAILING,,1
True,Spot Grid,0,False,0.61,0,,1,1,392,143.99000000000000,25,12.81544880,,8.00,52600774,0.02384628,,,,6846755,"{'type': 'GEO', 'lowerLimit': '84090.66', 'upperLimit': '118888.00', 'gridCount': 25, 'triggerPrice': None, 'stopLowerLimit': None, 'stopUpperLimit': None, 'baseAsset': 'BTC', 'quoteAsset': 'USDT', 'leverage': None, 'trailingUp': False, 'trailingDown': False, 'autoInitPos': None, 'stopTriggerType': None, 'pnlStopTriggerType': None, 'stopSlPnl': None, 'stopTpPnl': None, 'initialMargin': None, 'totalAdjustmentAmount': None, 'cps': False, 'trailingUpLimitPrice': None, 'trailingDownLimitPrice': None}",1,SPOT_GRID,BTCUSDT,0,,NOT_TRAILING,,1
True,Spot Grid,1,True,0.51,0,,1,1,701,25.01951300000000,20,12.57800440,,49.51,35988071,0.06449275,,,,8248353,"{'type': 'GEO', 'lowerLimit': '0.006630', 'upperLimit': '0.009260', 'gridCount': 20, 'triggerPrice': None, 'stopLowerLimit': None, 'stopUpperLimit': None, 'baseAsset': 'BANANAS31', 'quoteAsset': 'USDT', 'leverage': None, 'trailingUp': False, 'trailingDown': False, 'autoInitPos': None, 'stopTriggerType': None, 'pnlStopTriggerType': None, 'stopSlPnl': None, 'stopTpPnl': None, 'initialMargin': None, 'totalAdjustmentAmount': None, 'cps': True, 'trailingUpLimitPrice': None, 'trailingDownLimitPrice': None}",1,SPOT_GRID,BANANAS31USDT,0,,NOT_TRAILING,,1
True,Spot Grid,0,True,0.88,0,,2,1,1419,414.88104830000000,100,12.32793274,,2.80,33698552,0.02420168,,,,8435871,"{'type': 'ARITH', 'lowerLimit': '0.02900', 'upperLimit': '0.06200', 'gridCount': 100, 'triggerPrice': None, 'stopLowerLimit': None, 'stopUpperLimit': None, 'baseAsset': 'SOL', 'quoteAsset': 'ETH', 'leverage': None, 'trailingUp': False, 'trailingDown': False, 'autoInitPos': None, 'stopTriggerType': None, 'pnlStopTriggerType': None, 'stopSlPnl': None, 'stopTpPnl': None, 'initialMargin': None, 'totalAdjustmentAmount': None, 'cps': True, 'trailingUpLimitPrice': None, 'trailingDownLimitPrice': None}",1,SPOT_GRID,SOLETH,0,,NOT_TRAILING,,1
True,Spot Grid,0,True,2.26,0,,1,1,878,106.38000000000000,18,12.05409919,,8.08,49737194,0.02327207,,,,7084191,"{'type': 'ARITH', 'lowerLimit': '84805.73', 'upperLimit': '91561.73', 'gridCount': 18, 'triggerPrice': None, 'stopLowerLimit': None, 'stopUpperLimit': None, 'baseAsset': 'BTC', 'quoteAsset': 'USDT', 'leverage': None, 'trailingUp': False, 'trailingDown': False, 'autoInitPos': None, 'stopTriggerType': None, 'pnlStopTriggerType': None, 'stopSlPnl': None, 'stopTpPnl': None, 'initialMargin': None, 'totalAdjustmentAmount': None, 'cps': True, 'trailingUpLimitPrice': None, 'trailingDownLimitPrice': None}",1,SPOT_GRID,BTCUSDT,0,,NOT_TRAILING,,1
True,Spot Grid,0,False,1.02,0,,1,1,298,65.22000000000000,10,11.87446400,,17.99,51189791,0.01171379,,,,6966370,"{'type': 'ARITH', 'lowerLimit': '2550.00', 'upperLimit': '2800.00', 'gridCount': 10, 'triggerPrice': None, 'stopLowerLimit': None, 'stopUpperLimit': None, 'baseAsset': 'ETH', 'quoteAsset': 'USDT', 'leverage': None, 'trailingUp': False, 'trailingDown': False, 'autoInitPos': None, 'stopTriggerType': None, 'pnlStopTriggerType': None, 'stopSlPnl': None, 'stopTpPnl': None, 'initialMargin': None, 'totalAdjustmentAmount': None, 'cps': False, 'trailingUpLimitPrice': None, 'trailingDownLimitPrice': None}",1,SPOT_GRID,ETHUSDT,0,,NOT_TRAILING,,1
True,Spot Grid,0,True,0.4,0,,1,1,367,238.58000000000000,35,11.50930712,,3.74,39012923,0.02936389,,,,7902935,"{'type': 'ARITH', 'lowerLimit': '95.00', 'upperLimit': '180.00', 'gridCount': 35, 'triggerPrice': None, 'stopLowerLimit': None, 'stopUpperLimit': None, 'baseAsset': 'SOL', 'quoteAsset': 'USDT', 'leverage': None, 'trailingUp': False, 'trailingDown': False, 'autoInitPos': None, 'stopTriggerType': None, 'pnlStopTriggerType': None, 'stopSlPnl': None, 'stopTpPnl': None, 'initialMargin': None, 'totalAdjustmentAmount': None, 'cps': True, 'trailingUpLimitPrice': None, 'trailingDownLimitPrice': None}",1,SPOT_GRID,SOLUSDT,0,,NOT_TRAILING,,1
True,Spot Grid,1,True,2.84,0,,14,1,789,67.27193650000000,21,11.34891363,,4.20,34317714,0.03399939,,,,8386465,"{'type': 'ARITH', 'lowerLimit': '0.005120', 'upperLimit': '0.005499', 'gridCount': 21, 'triggerPrice': None, 'stopLowerLimit': None, 'stopUpperLimit': None, 'baseAsset': 'LINK', 'quoteAsset': 'ETH', 'leverage': None, 'trailingUp': False, 'trailingDown': False, 'autoInitPos': None, 'stopTriggerType': None, 'pnlStopTriggerType': None, 'stopSlPnl': None, 'stopTpPnl': None, 'initialMargin': None, 'totalAdjustmentAmount': None, 'cps': True, 'trailingUpLimitPrice': None, 'trailingDownLimitPrice': None}",1,SPOT_GRID,LINKETH,0,,NOT_TRAILING,,1
True,Spot Grid,0,False,0.29,0,,2,1,1957,785.38371880000000,170,11.08987860,,1.41,52573437,0.03397766,,,,6850283,"{'type': 'GEO', 'lowerLimit': '0.01178', 'upperLimit': '0.08200', 'gridCount': 170, 'triggerPrice': None, 'stopLowerLimit': None, 'stopUpperLimit': None, 'baseAsset': 'LTC', 'quoteAsset': 'ETH', 'leverage': None, 'trailingUp': True, 'trailingDown': False, 'autoInitPos': None, 'stopTriggerType': None, 'pnlStopTriggerType': None, 'stopSlPnl': None, 'stopTpPnl': None, 'initialMargin': None, 'totalAdjustmentAmount': None, 'cps': False, 'trailingUpLimitPrice': None, 'trailingDownLimitPrice': None}",1,SPOT_GRID,LTCETH,0,,TRAILING_UP,,1
True,Spot Grid,0,True,0.81,0,,2,1,609,194.80478360000000,40,10.60697686,,5.44,33507958,0.03203414,,,,8455030,"{'type': 'GEO', 'lowerLimit': '0.04000', 'upperLimit': '0.06000', 'gridCount': 40, 'triggerPrice': None, 'stopLowerLimit': None, 'stopUpperLimit': None, 'baseAsset': 'SOL', 'quoteAsset': 'ETH', 'leverage': None, 'trailingUp': True, 'trailingDown': False, 'autoInitPos': None, 'stopTriggerType': None, 'pnlStopTriggerType': None, 'stopSlPnl': None, 'stopTpPnl': None, 'initialMargin': None, 'totalAdjustmentAmount': None, 'cps': True, 'trailingUpLimitPrice': None, 'trailingDownLimitPrice': None}",1,SPOT_GRID,SOLETH,0,,TRAILING_UP,,1
True,Spot Grid,0,True,3.2,0,,42,1,10743,951.18908904000000,160,10.06223836,,0.87,33615575,0.08231863,,,,8443717,"{'type': 'GEO', 'lowerLimit': '8.000', 'upperLimit': '12.000', 'gridCount': 160, 'triggerPrice': None, 'stopLowerLimit': None, 'stopUpperLimit': '12.001', 'baseAsset': 'UNI', 'quoteAsset': 'USDC', 'leverage': None, 'trailingUp': False, 'trailingDown': False, 'autoInitPos': None, 'stopTriggerType': None, 'pnlStopTriggerType': None, 'stopSlPnl': None, 'stopTpPnl': None, 'initialMargin': None, 'totalAdjustmentAmount': None, 'cps': True, 'trailingUpLimitPrice': None, 'trailingDownLimitPrice': None}",1,SPOT_GRID,UNIUSDC,0,,NOT_TRAILING,,1
True,Spot Grid,0,False,0.61,0,,8,1,4109,786.12035360000000,170,9.98622011,,1.27,52528714,0.04870717,,,,6856035,"{'type': 'GEO', 'lowerLimit': '0.01539', 'upperLimit': '0.05837', 'gridCount': 170, 'triggerPrice': None, 'stopLowerLimit': None, 'stopUpperLimit': None, 'baseAsset': 'LTC', 'quoteAsset': 'ETH', 'leverage': None, 'trailingUp': True, 'trailingDown': False, 'autoInitPos': None, 'stopTriggerType': None, 'pnlStopTriggerType': None, 'stopSlPnl': None, 'stopTpPnl': None, 'initialMargin': None, 'totalAdjustmentAmount': None, 'cps': False, 'trailingUpLimitPrice': None, 'trailingDownLimitPrice': None}",1,SPOT_GRID,LTCETH,0,,TRAILING_UP,,1
True,Spot Grid,0,True,0.88,0,,1,1,1115,445.04000000000000,62,9.86520182,,1.88,44397201,0.01819754,,,,7468280,"{'type': 'ARITH', 'lowerLimit': '71351.61', 'upperLimit': '121704.38', 'gridCount': 62, 'triggerPrice': None, 'stopLowerLimit': None, 'stopUpperLimit': None, 'baseAsset': 'BTC', 'quoteAsset': 'USDT', 'leverage': None, 'trailingUp': False, 'trailingDown': False, 'autoInitPos': None, 'stopTriggerType': None, 'pnlStopTriggerType': None, 'stopSlPnl': None, 'stopTpPnl': None, 'initialMargin': None, 'totalAdjustmentAmount': None, 'cps': True, 'trailingUpLimitPrice': None, 'trailingDownLimitPrice': None}",1,SPOT_GRID,BTCUSDT,0,,NOT_TRAILING,,1
True,Spot Grid,0,False,0.33,0,,1,1,40,110.36414664000000,11,9.43032116,,8.56,35329445,0.08217032,,,,8303494,"{'type': 'ARITH', 'lowerLimit': '0.003000', 'upperLimit': '0.004000', 'gridCount': 11, 'triggerPrice': None, 'stopLowerLimit': None, 'stopUpperLimit': None, 'baseAsset': 'CAKE', 'quoteAsset': 'BNB', 'leverage': None, 'trailingUp': False, 'trailingDown': False, 'autoInitPos': None, 'stopTriggerType': None, 'pnlStopTriggerType': None, 'stopSlPnl': None, 'stopTpPnl': None, 'initialMargin': None, 'totalAdjustmentAmount': None, 'cps': False, 'trailingUpLimitPrice': None, 'trailingDownLimitPrice': None}",1,SPOT_GRID,CAKEBNB,0,,NOT_TRAILING,,1
True,Spot Grid,0,True,3.16,0,,3,1,2264,228.71000000000000,35,9.28364270,,3.56,48145330,0.01969538,,,,7195350,"{'type': 'ARITH', 'lowerLimit': '83324.83', 'upperLimit': '92572.08', 'gridCount': 35, 'triggerPrice': None, 'stopLowerLimit': None, 'stopUpperLimit': None, 'baseAsset': 'BTC', 'quoteAsset': 'USDT', 'leverage': None, 'trailingUp': False, 'trailingDown': False, 'autoInitPos': None, 'stopTriggerType': None, 'pnlStopTriggerType': None, 'stopSlPnl': None, 'stopTpPnl': None, 'initialMargin': None, 'totalAdjustmentAmount': None, 'cps': True, 'trailingUpLimitPrice': None, 'trailingDownLimitPrice': None}",1,SPOT_GRID,BTCUSDT,0,,NOT_TRAILING,,1
True,Spot Grid,0,True,0.67,0,,1,1,2204,603.14000000000000,100,9.27721860,,1.15,58315369,0.02349294,,,,6049080,"{'type': 'ARITH', 'lowerLimit': '2400.00', 'upperLimit': '6000.00', 'gridCount': 100, 'triggerPrice': None, 'stopLowerLimit': None, 'stopUpperLimit': None, 'baseAsset': 'ETH', 'quoteAsset': 'USDT', 'leverage': None, 'trailingUp': False, 'trailingDown': False, 'autoInitPos': None, 'stopTriggerType': None, 'pnlStopTriggerType': None, 'stopSlPnl': None, 'stopTpPnl': None, 'initialMargin': None, 'totalAdjustmentAmount': None, 'cps': True, 'trailingUpLimitPrice': None, 'trailingDownLimitPrice': None}",1,SPOT_GRID,ETHUSDT,0,,NOT_TRAILING,,1
True,Spot Grid,0,True,2.26,0,,1,1,878,106.30000000000000,18,9.05218727,,7.50,49736160,0.02238607,,,,7084248,"{'type': 'ARITH', 'lowerLimit': '84805.73', 'upperLimit': '91561.73', 'gridCount': 18, 'triggerPrice': None, 'stopLowerLimit': None, 'stopUpperLimit': None, 'baseAsset': 'BTC', 'quoteAsset': 'USDT', 'leverage': None, 'trailingUp': False, 'trailingDown': False, 'autoInitPos': None, 'stopTriggerType': None, 'pnlStopTriggerType': None, 'stopSlPnl': None, 'stopTpPnl': None, 'initialMargin': None, 'totalAdjustmentAmount': None, 'cps': True, 'trailingUpLimitPrice': None, 'trailingDownLimitPrice': None}",1,SPOT_GRID,BTCUSDT,0,,NOT_TRAILING,,1
True,Spot Grid,0,True,0.78,0,,1,1,96,151.14364570800000,15,8.95321598,,5.69,37098038,0.00312494,,,,8142442,"{'type': 'GEO', 'lowerLimit': '0.0003600', 'upperLimit': '0.0004300', 'gridCount': 15, 'triggerPrice': None, 'stopLowerLimit': None, 'stopUpperLimit': None, 'baseAsset': 'TRX', 'quoteAsset': 'BNB', 'leverage': None, 'trailingUp': False, 'trailingDown': False, 'autoInitPos': None, 'stopTriggerType': None, 'pnlStopTriggerType': None, 'stopSlPnl': None, 'stopTpPnl': None, 'initialMargin': None, 'totalAdjustmentAmount': None, 'cps': True, 'trailingUpLimitPrice': None, 'trailingDownLimitPrice': None}",1,SPOT_GRID,TRXBNB,0,,NOT_TRAILING,,1
True,Spot Grid,0,True,3.2,0,,3,1,1628,144.05000000000000,25,8.90349021,,5.93,48364364,0.02309584,,,,7177149,"{'type': 'ARITH', 'lowerLimit': '84617.81', 'upperLimit': '91236.15', 'gridCount': 25, 'triggerPrice': None, 'stopLowerLimit': '10000.00', 'stopUpperLimit': '120000.00', 'baseAsset': 'BTC', 'quoteAsset': 'USDT', 'leverage': None, 'trailingUp': False, 'trailingDown': False, 'autoInitPos': None, 'stopTriggerType': None, 'pnlStopTriggerType': None, 'stopSlPnl': None, 'stopTpPnl': None, 'initialMargin': None, 'totalAdjustmentAmount': None, 'cps': True, 'trailingUpLimitPrice': None, 'trailingDownLimitPrice': None}",1,SPOT_GRID,BTCUSDT,0,,NOT_TRAILING,,1
True,Spot Grid,0,False,0.73,0,,1,1,138,48.83000000000000,7,8.61374678,,16.56,51144534,0.01729779,,,,6969682,"{'type': 'ARITH', 'lowerLimit': '2600.00', 'upperLimit': '2850.00', 'gridCount': 7, 'triggerPrice': None, 'stopLowerLimit': None, 'stopUpperLimit': None, 'baseAsset': 'ETH', 'quoteAsset': 'USDT', 'leverage': None, 'trailingUp': False, 'trailingDown': False, 'autoInitPos': None, 'stopTriggerType': None, 'pnlStopTriggerType': None, 'stopSlPnl': None, 'stopTpPnl': None, 'initialMargin': None, 'totalAdjustmentAmount': None, 'cps': False, 'trailingUpLimitPrice': None, 'trailingDownLimitPrice': None}",1,SPOT_GRID,ETHUSDT,0,,NOT_TRAILING,,1
True,Spot Grid,0,False,0.07,0,,1,1,17,89.99079000000000,10,8.37738841,,8.37,32801344,0.08750276,,,,8532947,"{'type': 'ARITH', 'lowerLimit': '0.004000', 'upperLimit': '0.010000', 'gridCount': 10, 'triggerPrice': None, 'stopLowerLimit': None, 'stopUpperLimit': None, 'baseAsset': 'PUMP', 'quoteAsset': 'USDT', 'leverage': None, 'trailingUp': False, 'trailingDown': False, 'autoInitPos': None, 'stopTriggerType': None, 'pnlStopTriggerType': None, 'stopSlPnl': None, 'stopTpPnl': None, 'initialMargin': None, 'totalAdjustmentAmount': None, 'cps': False, 'trailingUpLimitPrice': None, 'trailingDownLimitPrice': None}",1,SPOT_GRID,PUMPUSDT,0,,NOT_TRAILING,,1
True,Spot Grid,0,True,1.37,0,,1,1,377,79.29000000000000,13,8.29186047,,9.21,48293031,0.01955796,,,,7183590,"{'type': 'ARITH', 'lowerLimit': '83900.00', 'upperLimit': '91900.00', 'gridCount': 13, 'triggerPrice': None, 'stopLowerLimit': None, 'stopUpperLimit': None, 'baseAsset': 'BTC', 'quoteAsset': 'USDT', 'leverage': None, 'trailingUp': False, 'trailingDown': False, 'autoInitPos': None, 'stopTriggerType': None, 'pnlStopTriggerType': None, 'stopSlPnl': None, 'stopTpPnl': None, 'initialMargin': None, 'totalAdjustmentAmount': None, 'cps': True, 'trailingUpLimitPrice': None, 'trailingDownLimitPrice': None}",1,SPOT_GRID,BTCUSDT,0,,NOT_TRAILING,,1
True,Spot Grid,0,True,2.0,0,,3,1,5519,1034.19272880000000,120,8.12292413,,0.68,49896494,0.02173840,,,,7072190,"{'type': 'GEO', 'lowerLimit': '78917.59', 'upperLimit': '126268.21', 'gridCount': 120, 'triggerPrice': None, 'stopLowerLimit': None, 'stopUpperLimit': '133333.00', 'baseAsset': 'BTC', 'quoteAsset': 'USDC', 'leverage': None, 'trailingUp': True, 'trailingDown': False, 'autoInitPos': None, 'stopTriggerType': None, 'pnlStopTriggerType': None, 'stopSlPnl': None, 'stopTpPnl': None, 'initialMargin': None, 'totalAdjustmentAmount': None, 'cps': True, 'trailingUpLimitPrice': None, 'trailingDownLimitPrice': None}",1,SPOT_GRID,BTCUSDC,0,,TRAILING_UP,,1
True,Spot Grid,0,True,0.56,0,,1,1,109,86.53000000000000,12,8.04692087,,8.94,37411746,0.01820199,,,,8116081,"{'type': 'ARITH', 'lowerLimit': '700.00', 'upperLimit': '850.00', 'gridCount': 12, 'triggerPrice': None, 'stopLowerLimit': None, 'stopUpperLimit': None, 'baseAsset': 'BNB', 'quoteAsset': 'USDT', 'leverage': None, 'trailingUp': False, 'trailingDown': False, 'autoInitPos': None, 'stopTriggerType': None, 'pnlStopTriggerType': None, 'stopSlPnl': None, 'stopTpPnl': None, 'initialMargin': None, 'totalAdjustmentAmount': None, 'cps': True, 'trailingUpLimitPrice': None, 'trailingDownLimitPrice': None}",1,SPOT_GRID,BNBUSDT,0,,NOT_TRAILING,,1
True,Spot Grid,0,True,1.7,0,,3,1,9710,623.53791880000000,170,7.81158113,,0.96,61619803,0.02474048,,,,5545274,"{'type': 'GEO', 'lowerLimit': '0.03400', 'upperLimit': '0.06800', 'gridCount': 170, 'triggerPrice': None, 'stopLowerLimit': None, 'stopUpperLimit': None, 'baseAsset': 'SOL', 'quoteAsset': 'ETH', 'leverage': None, 'trailingUp': False, 'trailingDown': False, 'autoInitPos': None, 'stopTriggerType': None, 'pnlStopTriggerType': None, 'stopSlPnl': None, 'stopTpPnl': None, 'initialMargin': None, 'totalAdjustmentAmount': None, 'cps': True, 'trailingUpLimitPrice': None, 'trailingDownLimitPrice': None}",1,SPOT_GRID,SOLETH,0,,NOT_TRAILING,,1
True,Spot Grid,0,True,0.49,0,,1,1,857,469.60000000000000,59,7.78972016,,1.65,37406089,0.01985729,,,,8116730,"{'type': 'GEO', 'lowerLimit': '2200.00', 'upperLimit': '4900.00', 'gridCount': 59, 'triggerPrice': '3800.00', 'stopLowerLimit': None, 'stopUpperLimit': None, 'baseAsset': 'ETH', 'quoteAsset': 'USDT', 'leverage': None, 'trailingUp': False, 'trailingDown': False, 'autoInitPos': None, 'stopTriggerType': None, 'pnlStopTriggerType': None, 'stopSlPnl': None, 'stopTpPnl': None, 'initialMargin': None, 'totalAdjustmentAmount': None, 'cps': True, 'trailingUpLimitPrice': None, 'trailingDownLimitPrice': None}",1,SPOT_GRID,ETHUSDT,0,,NOT_TRAILING,,1
True,Spot Grid,0,True,1.07,0,,2,1,2376,785.04888480000000,170,7.45810003,,0.94,33697462,0.02307222,,,,8436019,"{'type': 'ARITH', 'lowerLimit': '0.02700', 'upperLimit': '0.07000', 'gridCount': 170, 'triggerPrice': None, 'stopLowerLimit': None, 'stopUpperLimit': None, 'baseAsset': 'SOL', 'quoteAsset': 'ETH', 'leverage': None, 'trailingUp': True, 'trailingDown': False, 'autoInitPos': None, 'stopTriggerType': None, 'pnlStopTriggerType': None, 'stopSlPnl': None, 'stopTpPnl': None, 'initialMargin': None, 'totalAdjustmentAmount': None, 'cps': True, 'trailingUpLimitPrice': None, 'trailingDownLimitPrice': None}",1,SPOT_GRID,SOLETH,0,,TRAILING_UP,,1
True,Spot Grid,0,True,1.22,0,,1,1,482,196.69573440000000,30,7.40868698,,2.46,44698689,0.02085710,,,,7443341,"{'type': 'ARITH', 'lowerLimit': '81000.00', 'upperLimit': '101000.00', 'gridCount': 30, 'triggerPrice': None, 'stopLowerLimit': None, 'stopUpperLimit': None, 'baseAsset': 'BTC', 'quoteAsset': 'USDC', 'leverage': None, 'trailingUp': False, 'trailingDown': False, 'autoInitPos': None, 'stopTriggerType': None, 'pnlStopTriggerType': None, 'stopSlPnl': None, 'stopTpPnl': None, 'initialMargin': None, 'totalAdjustmentAmount': None, 'cps': True, 'trailingUpLimitPrice': None, 'trailingDownLimitPrice': None}",1,SPOT_GRID,BTCUSDC,0,,NOT_TRAILING,,1
True,Spot Grid,0,False,0.2,0,,1,1,40,49.61504800000000,8,7.33681587,,14.70,35500092,0.02966303,,,,8291339,"{'type': 'GEO', 'lowerLimit': '0.2585', 'upperLimit': '0.3624', 'gridCount': 8, 'triggerPrice': None, 'stopLowerLimit': '0.2566', 'stopUpperLimit': None, 'baseAsset': 'BNB', 'quoteAsset': 'ETH', 'leverage': None, 'trailingUp': True, 'trailingDown': False, 'autoInitPos': None, 'stopTriggerType': None, 'pnlStopTriggerType': None, 'stopSlPnl': None, 'stopTpPnl': None, 'initialMargin': None, 'totalAdjustmentAmount': None, 'cps': False, 'trailingUpLimitPrice': None, 'trailingDownLimitPrice': None}",1,SPOT_GRID,BNBETH,0,,TRAILING_UP,,1
True,Spot Grid,3,True,3.04,0,,1,1,790,0.00000000000000,28,7.25071996,,7.62,36606306,0.00864461,,,,8177718,"{'type': 'ARITH', 'lowerLimit': '5.0852', 'upperLimit': '5.5541', 'gridCount': 28, 'triggerPrice': None, 'stopLowerLimit': None, 'stopUpperLimit': None, 'baseAsset': 'USDT', 'quoteAsset': 'BRL', 'leverage': None, 'trailingUp': False, 'trailingDown': False, 'autoInitPos': None, 'stopTriggerType': None, 'pnlStopTriggerType': None, 'stopSlPnl': None, 'stopTpPnl': None, 'initialMargin': None, 'totalAdjustmentAmount': None, 'cps': True, 'trailingUpLimitPrice': None, 'trailingDownLimitPrice': None}",1,SPOT_GRID,USDTBRL,0,,NOT_TRAILING,,1
True,Spot Grid,0,False,0.83,0,,1,1,205,134.75000000000000,20,7.24969115,,0.72,44084918,0.02244268,,,,7513162,"{'type': 'ARITH', 'lowerLimit': '83000.00', 'upperLimit': '103000.00', 'gridCount': 20, 'triggerPrice': None, 'stopLowerLimit': None, 'stopUpperLimit': None, 'baseAsset': 'BTC', 'quoteAsset': 'USDT', 'leverage': None, 'trailingUp': False, 'trailingDown': False, 'autoInitPos': None, 'stopTriggerType': None, 'pnlStopTriggerType': None, 'stopSlPnl': None, 'stopTpPnl': None, 'initialMargin': None, 'totalAdjustmentAmount': None, 'cps': False, 'trailingUpLimitPrice': None, 'trailingDownLimitPrice': None}",1,SPOT_GRID,BTCUSDT,0,,NOT_TRAILING,,1
True,Spot Grid,0,True,2.55,0,,1,1,742,90.17000000000000,15,6.90093371,,7.01,47976859,0.02350629,,,,7206655,"{'type': 'ARITH', 'lowerLimit': '85000.00', 'upperLimit': '90000.00', 'gridCount': 15, 'triggerPrice': None, 'stopLowerLimit': None, 'stopUpperLimit': None, 'baseAsset': 'BTC', 'quoteAsset': 'USDT', 'leverage': None, 'trailingUp': False, 'trailingDown': False, 'autoInitPos': None, 'stopTriggerType': None, 'pnlStopTriggerType': None, 'stopSlPnl': None, 'stopTpPnl': None, 'initialMargin': None, 'totalAdjustmentAmount': None, 'cps': True, 'trailingUpLimitPrice': None, 'trailingDownLimitPrice': None}",1,SPOT_GRID,BTCUSDT,0,,NOT_TRAILING,,1
True,Spot Grid,0,True,0.88,0,,1,1,1097,445.34000000000000,62,6.89486003,,1.37,43995096,0.01872230,,,,7524692,"{'type': 'ARITH', 'lowerLimit': '71351.61', 'upperLimit': '121704.38', 'gridCount': 62, 'triggerPrice': None, 'stopLowerLimit': None, 'stopUpperLimit': None, 'baseAsset': 'BTC', 'quoteAsset': 'USDT', 'leverage': None, 'trailingUp': False, 'trailingDown': False, 'autoInitPos': None, 'stopTriggerType': None, 'pnlStopTriggerType': None, 'stopSlPnl': None, 'stopTpPnl': None, 'initialMargin': None, 'totalAdjustmentAmount': None, 'cps': True, 'trailingUpLimitPrice': None, 'trailingDownLimitPrice': None}",1,SPOT_GRID,BTCUSDT,0,,NOT_TRAILING,,1
True,Spot Grid,0,True,0.61,0,,3,1,1561,1728.60288568000000,127,6.75230684,,0.26,36089419,0.05307800,,,,8233771,"{'type': 'ARITH', 'lowerLimit': '0.000533', 'upperLimit': '0.001648', 'gridCount': 127, 'triggerPrice': None, 'stopLowerLimit': None, 'stopUpperLimit': None, 'baseAsset': 'LTC', 'quoteAsset': 'BTC', 'leverage': None, 'trailingUp': False, 'trailingDown': False, 'autoInitPos': None, 'stopTriggerType': None, 'pnlStopTriggerType': None, 'stopSlPnl': None, 'stopTpPnl': None, 'initialMargin': None, 'totalAdjustmentAmount': None, 'cps': True, 'trailingUpLimitPrice': None, 'trailingDownLimitPrice': None}",1,SPOT_GRID,LTCBTC,0,,NOT_TRAILING,,1
True,Spot Grid,0,True,0.25,0,,1,1,35,59.64000000000000,8,6.28824000,,10.29,36332018,0.01602658,,,,8207416,"{'type': 'ARITH', 'lowerLimit': '655.70', 'upperLimit': '866.68', 'gridCount': 8, 'triggerPrice': None, 'stopLowerLimit': None, 'stopUpperLimit': None, 'baseAsset': 'BNB', 'quoteAsset': 'USDT', 'leverage': None, 'trailingUp': False, 'trailingDown': False, 'autoInitPos': None, 'stopTriggerType': None, 'pnlStopTriggerType': None, 'stopSlPnl': None, 'stopTpPnl': None, 'initialMargin': None, 'totalAdjustmentAmount': None, 'cps': True, 'trailingUpLimitPrice': None, 'trailingDownLimitPrice': None}",1,SPOT_GRID,BNBUSDT,0,,NOT_TRAILING,,1
True,Spot Grid,0,True,0.3,0,,1,1,1105,461.27400000000000,66,6.27292452,,0.92,43720023,0.03024387,,,,7554992,"{'type': 'ARITH', 'lowerLimit': '1.1497', 'upperLimit': '3.6974', 'gridCount': 66, 'triggerPrice': None, 'stopLowerLimit': None, 'stopUpperLimit': None, 'baseAsset': 'XRP', 'quoteAsset': 'USDT', 'leverage': None, 'trailingUp': False, 'trailingDown': False, 'autoInitPos': None, 'stopTriggerType': None, 'pnlStopTriggerType': None, 'stopSlPnl': None, 'stopTpPnl': None, 'initialMargin': None, 'totalAdjustmentAmount': None, 'cps': True, 'trailingUpLimitPrice': None, 'trailingDownLimitPrice': None}",1,SPOT_GRID,XRPUSDT,0,,NOT_TRAILING,,1
True,Spot Grid,0,True,0.37,0,,1,1,158,125.83132380000000,20,6.19673747,,2.06,38804970,0.03335948,,,,7933539,"{'type': 'ARITH', 'lowerLimit': '110.00', 'upperLimit': '170.00', 'gridCount': 20, 'triggerPrice': None, 'stopLowerLimit': None, 'stopUpperLimit': None, 'baseAsset': 'SOL', 'quoteAsset': 'USDC', 'leverage': None, 'trailingUp': False, 'trailingDown': False, 'autoInitPos': None, 'stopTriggerType': None, 'pnlStopTriggerType': None, 'stopSlPnl': None, 'stopTpPnl': None, 'initialMargin': None, 'totalAdjustmentAmount': None, 'cps': True, 'trailingUpLimitPrice': None, 'trailingDownLimitPrice': None}",1,SPOT_GRID,SOLUSDC,0,,NOT_TRAILING,,1
True,Spot Grid,0,True,2.24,0,,8,1,395,94.37000000000000,15,6.18106634,,5.02,36450101,0.01510034,,,,8193496,"{'type': 'ARITH', 'lowerLimit': '745.00', 'upperLimit': '795.00', 'gridCount': 15, 'triggerPrice': None, 'stopLowerLimit': None, 'stopUpperLimit': None, 'baseAsset': 'BNB', 'quoteAsset': 'USDT', 'leverage': None, 'trailingUp': False, 'trailingDown': False, 'autoInitPos': None, 'stopTriggerType': None, 'pnlStopTriggerType': None, 'stopSlPnl': None, 'stopTpPnl': None, 'initialMargin': None, 'totalAdjustmentAmount': None, 'cps': True, 'trailingUpLimitPrice': None, 'trailingDownLimitPrice': None}",1,SPOT_GRID,BNBUSDT,0,,NOT_TRAILING,,1
True,Spot Grid,1,False,0.4,0,,3,1,1825,786.14406948000000,170,6.11325849,,0.77,52568317,0.05242017,,,,6850859,"{'type': 'GEO', 'lowerLimit': '0.002314', 'upperLimit': '0.012200', 'gridCount': 170, 'triggerPrice': None, 'stopLowerLimit': None, 'stopUpperLimit': None, 'baseAsset': 'LINK', 'quoteAsset': 'ETH', 'leverage': None, 'trailingUp': True, 'trailingDown': False, 'autoInitPos': None, 'stopTriggerType': None, 'pnlStopTriggerType': None, 'stopSlPnl': None, 'stopTpPnl': None, 'initialMargin': None, 'totalAdjustmentAmount': None, 'cps': False, 'trailingUpLimitPrice': None, 'trailingDownLimitPrice': None}",1,SPOT_GRID,LINKETH,0,,TRAILING_UP,,1
True,Spot Grid,0,True,0.59,0,,1,1,74,73.17000000000000,10,5.78128400,,7.70,37142907,0.01353987,,,,8139223,"{'type': 'ARITH', 'lowerLimit': '700.00', 'upperLimit': '820.00', 'gridCount': 10, 'triggerPrice': None, 'stopLowerLimit': None, 'stopUpperLimit': None, 'baseAsset': 'BNB', 'quoteAsset': 'USDT', 'leverage': None, 'trailingUp': False, 'trailingDown': False, 'autoInitPos': None, 'stopTriggerType': None, 'pnlStopTriggerType': None, 'stopSlPnl': None, 'stopTpPnl': None, 'initialMargin': None, 'totalAdjustmentAmount': None, 'cps': True, 'trailingUpLimitPrice': None, 'trailingDownLimitPrice': None}",1,SPOT_GRID,BNBUSDT,0,,NOT_TRAILING,,1
True,Spot Grid,0,True,1.22,0,,1,1,479,196.66573200000000,30,5.29360739,,2.52,44615511,0.02054707,,,,7448213,"{'type': 'ARITH', 'lowerLimit': '81000.00', 'upperLimit': '101000.00', 'gridCount': 30, 'triggerPrice': None, 'stopLowerLimit': None, 'stopUpperLimit': None, 'baseAsset': 'BTC', 'quoteAsset': 'USDC', 'leverage': None, 'trailingUp': False, 'trailingDown': False, 'autoInitPos': None, 'stopTriggerType': None, 'pnlStopTriggerType': None, 'stopSlPnl': None, 'stopTpPnl': None, 'initialMargin': None, 'totalAdjustmentAmount': None, 'cps': True, 'trailingUpLimitPrice': None, 'trailingDownLimitPrice': None}",1,SPOT_GRID,BTCUSDC,0,,NOT_TRAILING,,1
True,Spot Grid,0,True,2.1,0,,1,1,1678,15.97963500000000,12,5.11798684,,31.51,35185955,0.01836010,,,,8318031,"{'type': 'GEO', 'lowerLimit': '0.007000', 'upperLimit': '0.007400', 'gridCount': 12, 'triggerPrice': None, 'stopLowerLimit': None, 'stopUpperLimit': None, 'baseAsset': 'BANANAS31', 'quoteAsset': 'USDT', 'leverage': None, 'trailingUp': False, 'trailingDown': False, 'autoInitPos': None, 'stopTriggerType': None, 'pnlStopTriggerType': None, 'stopSlPnl': None, 'stopTpPnl': None, 'initialMargin': None, 'totalAdjustmentAmount': None, 'cps': True, 'trailingUpLimitPrice': None, 'trailingDownLimitPrice': None}",1,SPOT_GRID,BANANAS31USDT,0,,NOT_TRAILING,,1
True,Spot Grid,0,True,1.22,0,,1,1,474,196.73573760000000,30,4.77825835,,1.91,44555191,0.02044974,,,,7452103,"{'type': 'ARITH', 'lowerLimit': '81000.00', 'upperLimit': '101000.00', 'gridCount': 30, 'triggerPrice': None, 'stopLowerLimit': None, 'stopUpperLimit': None, 'baseAsset': 'BTC', 'quoteAsset': 'USDC', 'leverage': None, 'trailingUp': False, 'trailingDown': False, 'autoInitPos': None, 'stopTriggerType': None, 'pnlStopTriggerType': None, 'stopSlPnl': None, 'stopTpPnl': None, 'initialMargin': None, 'totalAdjustmentAmount': None, 'cps': True, 'trailingUpLimitPrice': None, 'trailingDownLimitPrice': None}",1,SPOT_GRID,BTCUSDC,0,,NOT_TRAILING,,1
True,Spot Grid,0,True,1.05,0,,3,1,616,129.33703275000000,38,4.75044928,,3.66,33226749,0.04543187,,,,8490783,"{'type': 'ARITH', 'lowerLimit': '0.004400', 'upperLimit': '0.006000', 'gridCount': 38, 'triggerPrice': None, 'stopLowerLimit': None, 'stopUpperLimit': None, 'baseAsset': 'LINK', 'quoteAsset': 'ETH', 'leverage': None, 'trailingUp': False, 'trailingDown': False, 'autoInitPos': None, 'stopTriggerType': None, 'pnlStopTriggerType': None, 'stopSlPnl': None, 'stopTpPnl': None, 'initialMargin': None, 'totalAdjustmentAmount': None, 'cps': True, 'trailingUpLimitPrice': None, 'trailingDownLimitPrice': None}",1,SPOT_GRID,LINKETH,0,,NOT_TRAILING,,1
True,Spot Grid,0,True,0.88,0,,1,1,1096,445.29000000000000,62,4.70254845,,0.94,43916690,0.01867654,,,,7536465,"{'type': 'ARITH', 'lowerLimit': '71351.61', 'upperLimit': '121704.38', 'gridCount': 62, 'triggerPrice': None, 'stopLowerLimit': None, 'stopUpperLimit': None, 'baseAsset': 'BTC', 'quoteAsset': 'USDT', 'leverage': None, 'trailingUp': False, 'trailingDown': False, 'autoInitPos': None, 'stopTriggerType': None, 'pnlStopTriggerType': None, 'stopSlPnl': None, 'stopTpPnl': None, 'initialMargin': None, 'totalAdjustmentAmount': None, 'cps': True, 'trailingUpLimitPrice': None, 'trailingDownLimitPrice': None}",1,SPOT_GRID,BTCUSDT,0,,NOT_TRAILING,,1
True,Spot Grid,0,False,1.52,0,,4,1,2541,304.78935600000000,95,4.34196473,,0.57,33565202,0.03208414,,,,8448727,"{'type': 'GEO', 'lowerLimit': '0.04000', 'upperLimit': '0.06500', 'gridCount': 95, 'triggerPrice': None, 'stopLowerLimit': None, 'stopUpperLimit': None, 'baseAsset': 'SOL', 'quoteAsset': 'ETH', 'leverage': None, 'trailingUp': False, 'trailingDown': False, 'autoInitPos': None, 'stopTriggerType': None, 'pnlStopTriggerType': None, 'stopSlPnl': None, 'stopTpPnl': None, 'initialMargin': None, 'totalAdjustmentAmount': None, 'cps': False, 'trailingUpLimitPrice': None, 'trailingDownLimitPrice': None}",1,SPOT_GRID,SOLETH,0,,NOT_TRAILING,,1
True,Spot Grid,0,False,1.85,0,,4,1,2394,1216.17506088000000,65,4.31116329,,0.20,33041624,0.02423076,,,,8507903,"{'type': 'ARITH', 'lowerLimit': '0.008790', 'upperLimit': '0.011890', 'gridCount': 65, 'triggerPrice': None, 'stopLowerLimit': None, 'stopUpperLimit': None, 'baseAsset': 'BNB', 'quoteAsset': 'BTC', 'leverage': None, 'trailingUp': True, 'trailingDown': False, 'autoInitPos': None, 'stopTriggerType': None, 'pnlStopTriggerType': None, 'stopSlPnl': None, 'stopTpPnl': None, 'initialMargin': None, 'totalAdjustmentAmount': None, 'cps': False, 'trailingUpLimitPrice': None, 'trailingDownLimitPrice': None}",1,SPOT_GRID,BNBBTC,0,,TRAILING_UP,,1
True,Spot Grid,0,True,1.17,0,,1,1,2807,518.88150720000000,83,4.29083637,,0.42,37855963,0.02122689,,,,8068120,"{'type': 'ARITH', 'lowerLimit': '2311.93', 'upperLimit': '3964.65', 'gridCount': 83, 'triggerPrice': None, 'stopLowerLimit': None, 'stopUpperLimit': None, 'baseAsset': 'ETH', 'quoteAsset': 'USDC', 'leverage': None, 'trailingUp': False, 'trailingDown': False, 'autoInitPos': None, 'stopTriggerType': None, 'pnlStopTriggerType': None, 'stopSlPnl': None, 'stopTpPnl': None, 'initialMargin': None, 'totalAdjustmentAmount': None, 'cps': True, 'trailingUpLimitPrice': None, 'trailingDownLimitPrice': None}",1,SPOT_GRID,ETHUSDC,0,,NOT_TRAILING,,1
True,Spot Grid,0,True,2.62,0,,1,1,265,58.87000000000000,8,3.59251444,,4.72,46095351,0.01201742,,,,7331070,"{'type': 'ARITH', 'lowerLimit': '82682.36', 'upperLimit': '85212.96', 'gridCount': 8, 'triggerPrice': None, 'stopLowerLimit': None, 'stopUpperLimit': None, 'baseAsset': 'BTC', 'quoteAsset': 'USDT', 'leverage': None, 'trailingUp': False, 'trailingDown': False, 'autoInitPos': None, 'stopTriggerType': None, 'pnlStopTriggerType': None, 'stopSlPnl': None, 'stopTpPnl': None, 'initialMargin': None, 'totalAdjustmentAmount': None, 'cps': True, 'trailingUpLimitPrice': None, 'trailingDownLimitPrice': None}",1,SPOT_GRID,BTCUSDT,0,,NOT_TRAILING,,1
True,Spot Grid,0,False,0.6,0,,1,1,263,133.40067120000000,20,3.50011621,,2.35,36971046,0.03810508,,,,8122662,"{'type': 'ARITH', 'lowerLimit': '120.00', 'upperLimit': '160.00', 'gridCount': 20, 'triggerPrice': '158.00', 'stopLowerLimit': None, 'stopUpperLimit': None, 'baseAsset': 'SOL', 'quoteAsset': 'USDC', 'leverage': None, 'trailingUp': False, 'trailingDown': False, 'autoInitPos': None, 'stopTriggerType': None, 'pnlStopTriggerType': None, 'stopSlPnl': None, 'stopTpPnl': None, 'initialMargin': None, 'totalAdjustmentAmount': None, 'cps': False, 'trailingUpLimitPrice': None, 'trailingDownLimitPrice': None}",1,SPOT_GRID,SOLUSDC,0,,NOT_TRAILING,,1
True,Spot Grid,0,True,2.07,0,,3,1,1644,353.97000000000000,55,3.47123198,,0.69,45715719,0.02258183,,,,7364100,"{'type': 'ARITH', 'lowerLimit': '82607.59', 'upperLimit': '104630.65', 'gridCount': 55, 'triggerPrice': None, 'stopLowerLimit': None, 'stopUpperLimit': None, 'baseAsset': 'BTC', 'quoteAsset': 'USDT', 'leverage': None, 'trailingUp': False, 'trailingDown': False, 'autoInitPos': None, 'stopTriggerType': None, 'pnlStopTriggerType': None, 'stopSlPnl': None, 'stopTpPnl': None, 'initialMargin': None, 'totalAdjustmentAmount': None, 'cps': True, 'trailingUpLimitPrice': None, 'trailingDownLimitPrice': None}",1,SPOT_GRID,BTCUSDT,0,,NOT_TRAILING,,1
True,Spot Grid,1,True,1.18,0,,1,1,912,545.25446400000000,55,3.28374298,,0.05,36387926,0.02180585,,,,8200989,"{'type': 'ARITH', 'lowerLimit': '0.03000', 'upperLimit': '0.04400', 'gridCount': 55, 'triggerPrice': None, 'stopLowerLimit': '0.00700', 'stopUpperLimit': '0.04440', 'baseAsset': 'ETH', 'quoteAsset': 'BTC', 'leverage': None, 'trailingUp': False, 'trailingDown': False, 'autoInitPos': None, 'stopTriggerType': None, 'pnlStopTriggerType': None, 'stopSlPnl': None, 'stopTpPnl': None, 'initialMargin': None, 'totalAdjustmentAmount': None, 'cps': True, 'trailingUpLimitPrice': None, 'trailingDownLimitPrice': None}",1,SPOT_GRID,ETHBTC,0,,NOT_TRAILING,,1
True,Spot Grid,1,True,3.22,0,,2,1,644,164.06280000000000,29,3.21185407,,1.78,33632689,0.01866977,,,,8441589,"{'type': 'ARITH', 'lowerLimit': '0.3313', 'upperLimit': '0.3612', 'gridCount': 29, 'triggerPrice': None, 'stopLowerLimit': None, 'stopUpperLimit': None, 'baseAsset': 'TRX', 'quoteAsset': 'USDT', 'leverage': None, 'trailingUp': False, 'trailingDown': False, 'autoInitPos': None, 'stopTriggerType': None, 'pnlStopTriggerType': None, 'stopSlPnl': None, 'stopTpPnl': None, 'initialMargin': None, 'totalAdjustmentAmount': None, 'cps': True, 'trailingUpLimitPrice': None, 'trailingDownLimitPrice': None}",1,SPOT_GRID,TRXUSDT,0,,NOT_TRAILING,,1
True,Spot Grid,0,True,0.86,0,,4,1,2617,1034.19272880000000,120,3.12287527,,0.28,32710678,0.01967788,,,,8540434,"{'type': 'GEO', 'lowerLimit': '568.43', 'upperLimit': '1370.57', 'gridCount': 120, 'triggerPrice': None, 'stopLowerLimit': None, 'stopUpperLimit': None, 'baseAsset': 'BNB', 'quoteAsset': 'USDC', 'leverage': None, 'trailingUp': True, 'trailingDown': False, 'autoInitPos': None, 'stopTriggerType': None, 'pnlStopTriggerType': None, 'stopSlPnl': None, 'stopTpPnl': None, 'initialMargin': None, 'totalAdjustmentAmount': None, 'cps': True, 'trailingUpLimitPrice': None, 'trailingDownLimitPrice': None}",1,SPOT_GRID,BNBUSDC,0,,TRAILING_UP,,1
True,Spot Grid,0,False,0.63,0,,1,1,331,204.95149120000000,63,2.98699495,,1.22,34440947,0.03817972,,,,8378363,"{'type': 'ARITH', 'lowerLimit': '0.04000', 'upperLimit': '0.08000', 'gridCount': 63, 'triggerPrice': None, 'stopLowerLimit': None, 'stopUpperLimit': None, 'baseAsset': 'SOL', 'quoteAsset': 'ETH', 'leverage': None, 'trailingUp': False, 'trailingDown': False, 'autoInitPos': None, 'stopTriggerType': None, 'pnlStopTriggerType': None, 'stopSlPnl': None, 'stopTpPnl': None, 'initialMargin': None, 'totalAdjustmentAmount': None, 'cps': False, 'trailingUpLimitPrice': None, 'trailingDownLimitPrice': None}",1,SPOT_GRID,SOLETH,0,,NOT_TRAILING,,1
True,Spot Grid,0,True,0.11,0,,1,1,6,26.55814800000000,3,2.73769062,,8.49,33325857,0.10954190,,,,8480412,"{'type': 'ARITH', 'lowerLimit': '0.005770', 'upperLimit': '0.007500', 'gridCount': 3, 'triggerPrice': None, 'stopLowerLimit': None, 'stopUpperLimit': '0.010000', 'baseAsset': 'PUMP', 'quoteAsset': 'USDT', 'leverage': None, 'trailingUp': False, 'trailingDown': False, 'autoInitPos': None, 'stopTriggerType': None, 'pnlStopTriggerType': None, 'stopSlPnl': None, 'stopTpPnl': None, 'initialMargin': None, 'totalAdjustmentAmount': None, 'cps': True, 'trailingUpLimitPrice': None, 'trailingDownLimitPrice': None}",1,SPOT_GRID,PUMPUSDT,0,,NOT_TRAILING,,1
True,Spot Grid,0,True,0.35,0,,2,1,672,697.27000000000000,80,2.47706005,,0.35,32713844,0.01520478,,,,8540187,"{'type': 'GEO', 'lowerLimit': '418.32', 'upperLimit': '1374.57', 'gridCount': 80, 'triggerPrice': None, 'stopLowerLimit': None, 'stopUpperLimit': '1375.00', 'baseAsset': 'BNB', 'quoteAsset': 'USDT', 'leverage': None, 'trailingUp': True, 'trailingDown': False, 'autoInitPos': None, 'stopTriggerType': None, 'pnlStopTriggerType': None, 'stopSlPnl': None, 'stopTpPnl': None, 'initialMargin': None, 'totalAdjustmentAmount': None, 'cps': True, 'trailingUpLimitPrice': None, 'trailingDownLimitPrice': None}",1,SPOT_GRID,BNBUSDT,0,,TRAILING_UP,,1
True,Spot Grid,0,True,1.7,0,,1,1,6486,1455.16000000000000,170,1.92721803,,0.12,58597491,0.02065657,,,,6000811,"{'type': 'ARITH', 'lowerLimit': '75000.00', 'upperLimit': '150000.00', 'gridCount': 170, 'triggerPrice': None, 'stopLowerLimit': None, 'stopUpperLimit': None, 'baseAsset': 'BTC', 'quoteAsset': 'USDT', 'leverage': None, 'trailingUp': True, 'trailingDown': False, 'autoInitPos': None, 'stopTriggerType': None, 'pnlStopTriggerType': None, 'stopSlPnl': None, 'stopTpPnl': None, 'initialMargin': None, 'totalAdjustmentAmount': None, 'cps': True, 'trailingUpLimitPrice': None, 'trailingDownLimitPrice': None}",1,SPOT_GRID,BTCUSDT,0,,TRAILING_UP,,1
True,Spot Grid,1,True,0.49,0,,1,1,18,32.48000000000000,4,1.50901872,,4.29,36415297,0.02608830,,,,8196746,"{'type': 'ARITH', 'lowerLimit': '764.84', 'upperLimit': '827.88', 'gridCount': 4, 'triggerPrice': None, 'stopLowerLimit': None, 'stopUpperLimit': None, 'baseAsset': 'BNB', 'quoteAsset': 'USDT', 'leverage': None, 'trailingUp': False, 'trailingDown': False, 'autoInitPos': None, 'stopTriggerType': None, 'pnlStopTriggerType': None, 'stopSlPnl': None, 'stopTpPnl': None, 'initialMargin': None, 'totalAdjustmentAmount': None, 'cps': True, 'trailingUpLimitPrice': None, 'trailingDownLimitPrice': None}",1,SPOT_GRID,BNBUSDT,0,,NOT_TRAILING,,1
True,Spot Grid,0,False,0.53,0,,7,1,3441,785.04597320000000,170,1.12592161,,0.14,52573782,0.03845396,,,,6850245,"{'type': 'GEO', 'lowerLimit': '0.01372', 'upperLimit': '0.05814', 'gridCount': 170, 'triggerPrice': None, 'stopLowerLimit': None, 'stopUpperLimit': None, 'baseAsset': 'LTC', 'quoteAsset': 'ETH', 'leverage': None, 'trailingUp': True, 'trailingDown': False, 'autoInitPos': None, 'stopTriggerType': None, 'pnlStopTriggerType': None, 'stopSlPnl': None, 'stopTpPnl': None, 'initialMargin': None, 'totalAdjustmentAmount': None, 'cps': False, 'trailingUpLimitPrice': None, 'trailingDownLimitPrice': None}",1,SPOT_GRID,LTCETH,0,,TRAILING_UP,,1
True,Spot Grid,3,True,0.78,0,,1,1,1123,0.00000000000000,75,1.11734459,,0.19,45275572,0.01689928,,,,7404890,"{'type': 'ARITH', 'lowerLimit': '361380', 'upperLimit': '710800', 'gridCount': 75, 'triggerPrice': None, 'stopLowerLimit': None, 'stopUpperLimit': None, 'baseAsset': 'BTC', 'quoteAsset': 'BRL', 'leverage': None, 'trailingUp': False, 'trailingDown': False, 'autoInitPos': None, 'stopTriggerType': None, 'pnlStopTriggerType': None, 'stopSlPnl': None, 'stopTpPnl': None, 'initialMargin': None, 'totalAdjustmentAmount': None, 'cps': True, 'trailingUpLimitPrice': None, 'trailingDownLimitPrice': None}",1,SPOT_GRID,BTCBRL,0,,NOT_TRAILING,,1
True,Spot Grid,0,False,0.19,0,,1,1,633,601.71000000000000,76,0.77658232,,0.03,41067502,0.03011398,,,,7770331,"{'type': 'GEO', 'lowerLimit': '79.00', 'upperLimit': '400.00', 'gridCount': 76, 'triggerPrice': None, 'stopLowerLimit': None, 'stopUpperLimit': None, 'baseAsset': 'SOL', 'quoteAsset': 'USDT', 'leverage': None, 'trailingUp': False, 'trailingDown': False, 'autoInitPos': None, 'stopTriggerType': None, 'pnlStopTriggerType': None, 'stopSlPnl': None, 'stopTpPnl': None, 'initialMargin': None, 'totalAdjustmentAmount': None, 'cps': False, 'trailingUpLimitPrice': None, 'trailingDownLimitPrice': None}",1,SPOT_GRID,SOLUSDT,0,,NOT_TRAILING,,1
True,Spot Grid,0,False,4.59,0,,2,1,2006,101.19000000000000,17,0.61417245,,0.15,51565445,0.02617787,,,,6937644,"{'type': 'ARITH', 'lowerLimit': '2700.00', 'upperLimit': '2800.00', 'gridCount': 17, 'triggerPrice': None, 'stopLowerLimit': None, 'stopUpperLimit': None, 'baseAsset': 'ETH', 'quoteAsset': 'USDT', 'leverage': None, 'trailingUp': False, 'trailingDown': False, 'autoInitPos': None, 'stopTriggerType': None, 'pnlStopTriggerType': None, 'stopSlPnl': None, 'stopTpPnl': None, 'initialMargin': None, 'totalAdjustmentAmount': None, 'cps': False, 'trailingUpLimitPrice': None, 'trailingDownLimitPrice': None}",1,SPOT_GRID,ETHUSDT,0,,NOT_TRAILING,,1
True,Spot Grid,0,False,0.35,0,,1,1,982,512.00000000000000,58,0.44691470,,0.08,35987912,0.07050326,,,,8248379,"{'type': 'GEO', 'lowerLimit': '0.1900', 'upperLimit': '0.5100', 'gridCount': 58, 'triggerPrice': None, 'stopLowerLimit': None, 'stopUpperLimit': None, 'baseAsset': 'XLM', 'quoteAsset': 'USDT', 'leverage': None, 'trailingUp': True, 'trailingDown': False, 'autoInitPos': None, 'stopTriggerType': None, 'pnlStopTriggerType': None, 'stopSlPnl': None, 'stopTpPnl': None, 'initialMargin': None, 'totalAdjustmentAmount': None, 'cps': False, 'trailingUpLimitPrice': None, 'trailingDownLimitPrice': None}",1,SPOT_GRID,XLMUSDT,0,,TRAILING_UP,,1
True,Spot Grid,0,False,1.32,0,,1,1,3576,1286.74000000000000,150,0.21318324,,0.01,50999724,0.01885547,,,,6980653,"{'type': 'ARITH', 'lowerLimit': '70000.00', 'upperLimit': '150000.00', 'gridCount': 150, 'triggerPrice': None, 'stopLowerLimit': None, 'stopUpperLimit': None, 'baseAsset': 'BTC', 'quoteAsset': 'USDT', 'leverage': None, 'trailingUp': True, 'trailingDown': False, 'autoInitPos': None, 'stopTriggerType': None, 'pnlStopTriggerType': None, 'stopSlPnl': None, 'stopTpPnl': None, 'initialMargin': None, 'totalAdjustmentAmount': None, 'cps': False, 'trailingUpLimitPrice': None, 'trailingDownLimitPrice': None}",1,SPOT_GRID,BTCUSDT,0,,TRAILING_UP,,1
True,StrategyType 3,0,False,0.78,3,1.2042,1,1.0,6703,1.12090000000000,169,0.03075576,MARK_PRICE,2.55,45745448,0.01327173,,,,8903242,"{'type': 'ARITH', 'lowerLimit': '1100.00', 'upperLimit': '3500.00', 'gridCount': 169, 'triggerPrice': '1806.00', 'stopLowerLimit': None, 'stopUpperLimit': None, 'baseAsset': None, 'quoteAsset': None, 'leverage': 1, 'trailingUp': False, 'trailingDown': False, 'autoInitPos': None, 'stopTriggerType': None, 'pnlStopTriggerType': None, 'stopSlPnl': None, 'stopTpPnl': None, 'initialMargin': '1.2042', 'totalAdjustmentAmount': None, 'cps': False, 'trailingUpLimitPrice': None, 'trailingDownLimitPrice': None}",3,UNKNOWN,ETHUSD_PERP,0,,NOT_TRAILING,,1
