strategyId,category,strategyType,symbol,leverage,runningTime,estimated_start,roi_2025_10_01,date_2025_10_01,roi_2026_04_01,date_2026_04_01,roi_2026_09_01,date_2026_09_01,roi_2026_09_30,date_2026_09_30
3870454,Spot Grid,1,RAYUSDT,1.0,80246110,2024-03-20T14:01:36.421821+00:00,1.06603822690217,2025-10-01T00:00:00+00:00,0.56162186929348,2026-04-01T00:00:00+00:00,0.65247719505435,2026-09-01T00:00:00+00:00,1.2237575011413,2026-09-30T00:00:00+00:00
4823941,Spot Grid,1,CRVUSDT,1.0,72446759,2024-06-18T20:30:47.421821+00:00,0.42167077604696,2025-10-01T00:00:00+00:00,0.54741062919738,2026-04-01T00:00:00+00:00,0.93474108562927,2026-09-01T00:00:00+00:00,1.03909348839259,2026-09-30T00:00:00+00:00
7439091,Spot Grid,1,NEARBTC,1.0,44834684,2025-05-04T10:32:02.421821+00:00,0.01260298393369,2025-10-01T00:00:00+00:00,0.0670585538758,2026-04-01T00:00:00+00:00,0.34772632427617,2026-09-01T00:00:00+00:00,0.99982234383967,2026-09-30T00:00:00+00:00
3571680,Spot Grid,1,PEPEUSDT,1.0,81330037,2024-03-08T00:56:09.421821+00:00,1.05758357998844,2025-10-01T00:00:00+00:00,0.78639173313295,2026-04-01T00:00:00+00:00,0.84142820871098,2026-09-01T00:00:00+00:00,0.95680330172486,2026-09-30T00:00:00+00:00
4840102,Spot Grid,1,ADAETH,1.0,72186743,2024-06-21T20:44:23.421821+00:00,0.44745784968101,2025-10-01T00:00:00+00:00,1.0474998613616,2026-04-01T00:00:00+00:00,0.81439429848972,2026-09-01T00:00:00+00:00,0.91406706801025,2026-09-30T00:00:00+00:00
4341616,Spot Grid,1,PEPEUSDT,1.0,76986774,2024-04-27T07:23:52.421821+00:00,1.414543121165,2025-10-01T00:00:00+00:00,0.77572993484,2026-04-01T00:00:00+00:00,0.79930011635,2026-09-01T00:00:00+00:00,0.900838605755,2026-09-30T00:00:00+00:00
4320642,Spot Grid,1,LINKUSDT,1.0,77203468,2024-04-24T19:12:18.421821+00:00,0.66354255466667,2025-10-01T00:00:00+00:00,0.51196714466667,2026-04-01T00:00:00+00:00,0.69535342746667,2026-09-01T00:00:00+00:00,0.88521554386667,2026-09-30T00:00:00+00:00
3573192,Spot Grid,1,PEPEUSDT,1.0,81323830,2024-03-08T02:39:36.421821+00:00,0.97000352581,2025-10-01T00:00:00+00:00,0.70940130888,2026-04-01T00:00:00+00:00,0.7617600254525,2026-09-01T00:00:00+00:00,0.873391293828,2026-09-30T00:00:00+00:00
2654917,Spot Grid,1,BTCUSDT,1.0,87929344,2023-12-22T15:47:42.421821+00:00,0.78973102208889,2025-10-01T00:00:00+00:00,0.68868813214,2026-04-01T00:00:00+00:00,0.82437303756144,2026-09-01T00:00:00+00:00,0.86560368893278,2026-09-30T00:00:00+00:00
4910439,Spot Grid,1,DOGEUSDT,1.0,71040394,2024-07-05T03:10:12.421821+00:00,0.74949655395349,2025-10-01T00:00:00+00:00,0.78909521846512,2026-04-01T00:00:00+00:00,0.76841215302326,2026-09-01T00:00:00+00:00,0.85294573697674,2026-09-30T00:00:00+00:00
3105027,Spot Grid,1,SOLUSDT,1.0,83683786,2024-02-09T19:07:00.421821+00:00,1.18716253002001,2025-10-01T00:00:00+00:00,0.56142658514748,2026-04-01T00:00:00+00:00,0.73011771216053,2026-09-01T00:00:00+00:00,0.85190595296436,2026-09-30T00:00:00+00:00
4332819,Spot Grid,1,PEPEUSDT,1.0,77087368,2024-04-26T03:27:18.421821+00:00,1.319828928917,2025-10-01T00:00:00+00:00,0.707289442196,2026-04-01T00:00:00+00:00,0.7299208607345,2026-09-01T00:00:00+00:00,0.8273727689854,2026-09-30T00:00:00+00:00
2659469,Spot Grid,1,DOGEUSDT,1.0,87897688,2023-12-23T00:35:18.421821+00:00,0.336865431,2025-10-01T00:00:00+00:00,0.5566684575,2026-04-01T00:00:00+00:00,0.6084244415,2026-09-01T00:00:00+00:00,0.8099774415,2026-09-30T00:00:00+00:00
8432411,Spot Grid,1,CAKEUSDT,1.0,33781567,2025-09-09T08:50:39.421821+00:00,0.04194259168421,2025-10-01T00:00:00+00:00,0.35080739552632,2026-04-01T00:00:00+00:00,0.54088827089474,2026-09-01T00:00:00+00:00,0.80211953363158,2026-09-30T00:00:00+00:00
3540326,Spot Grid,1,SOLUSDT,1.0,81426588,2024-03-06T22:06:58.421821+00:00,0.74339004692308,2025-10-01T00:00:00+00:00,0.52752138128205,2026-04-01T00:00:00+00:00,0.67311133628205,2026-09-01T00:00:00+00:00,0.7964924624359,2026-09-30T00:00:00+00:00
3655914,Spot Grid,1,PEPEUSDT,1.0,81100031,2024-03-10T16:49:35.421821+00:00,0.88248119905114,2025-10-01T00:00:00+00:00,0.63471076625,2026-04-01T00:00:00+00:00,0.65835636758523,2026-09-01T00:00:00+00:00,0.77546582479773,2026-09-30T00:00:00+00:00
3632730,Spot Grid,1,PEPEUSDT,1.0,81177197,2024-03-09T19:23:29.421821+00:00,0.87190557029167,2025-10-01T00:00:00+00:00,0.62192623113333,2026-04-01T00:00:00+00:00,0.64493720930833,2026-09-01T00:00:00+00:00,0.75893070395,2026-09-30T00:00:00+00:00
7485365,Spot Grid,1,MUBARAKUSDT,1.0,44343681,2025-05-10T02:55:25.421821+00:00,-0.06068231532297,2025-10-01T00:00:00+00:00,-0.5050650678546,2026-04-01T00:00:00+00:00,-0.25056139429149,2026-09-01T00:00:00+00:00,0.75760582911203,2026-09-30T00:00:00+00:00
3607536,Spot Grid,1,PEPEUSDT,1.0,81243757,2024-03-09T00:54:09.421821+00:00,0.79800116825,2025-10-01T00:00:00+00:00,0.60001478552,2026-04-01T00:00:00+00:00,0.630710895285,2026-09-01T00:00:00+00:00,0.755856255682,2026-09-30T00:00:00+00:00
197546,Spot Grid,1,ETHUSDT,1.0,140936435,2022-04-18T03:36:11.421821+00:00,0.7073885507771,2025-10-01T00:00:00+00:00,0.51834994286262,2026-04-01T00:00:00+00:00,0.64950208021176,2026-09-01T00:00:00+00:00,0.72768941186388,2026-09-30T00:00:00+00:00
5965116,Spot Grid,1,XRPUSDT,1.0,58816148,2024-11-23T14:47:38.421821+00:00,0.50108208928571,2025-10-01T00:00:00+00:00,0.5936353047381,2026-04-01T00:00:00+00:00,0.65898546745238,2026-09-01T00:00:00+00:00,0.72303239530952,2026-09-30T00:00:00+00:00
7153705,Spot Grid,1,ETHFDUSD,1.0,48771332,2025-03-19T21:01:14.421821+00:00,0.58078266139,2025-10-01T00:00:00+00:00,0.47602413255833,2026-04-01T00:00:00+00:00,0.63781758585,2026-09-01T00:00:00+00:00,0.71154024861,2026-09-30T00:00:00+00:00
8329832,Spot Grid,1,DCRUSDT,1.0,35119117,2025-08-24T21:18:09.421821+00:00,0.0143339665,2025-10-01T00:00:00+00:00,0.548409390975,2026-04-01T00:00:00+00:00,0.47712309215,2026-09-01T00:00:00+00:00,0.70910648355,2026-09-30T00:00:00+00:00
3856072,Spot Grid,1,RAYUSDT,1.0,80331721,2024-03-19T14:14:45.421821+00:00,0.75340521627451,2025-10-01T00:00:00+00:00,0.16237503392157,2026-04-01T00:00:00+00:00,0.23414309539216,2026-09-01T00:00:00+00:00,0.70607555529412,2026-09-30T00:00:00+00:00
4925822,Spot Grid,1,DOGEUSDT,1.0,70785112,2024-07-08T02:04:54.421821+00:00,0.29305644789474,2025-10-01T00:00:00+00:00,0.59464258763158,2026-04-01T00:00:00+00:00,0.58066144447368,2026-09-01T00:00:00+00:00,0.70358652973684,2026-09-30T00:00:00+00:00
7774210,Spot Grid,1,NEARUSDT,1.0,41072326,2025-06-16T23:38:00.421821+00:00,0.09808016993724,2025-10-01T00:00:00+00:00,-0.46748426762511,2026-04-01T00:00:00+00:00,-0.16177537314846,2026-09-01T00:00:00+00:00,0.6975917948378,2026-09-30T00:00:00+00:00
3127186,Spot Grid,1,ETHUSDT,1.0,83464287,2024-02-12T08:05:19.421821+00:00,0.66095523938265,2025-10-01T00:00:00+00:00,0.46431444857699,2026-04-01T00:00:00+00:00,0.61054392968704,2026-09-01T00:00:00+00:00,0.68623904572767,2026-09-30T00:00:00+00:00
196708,Spot Grid,1,ETHUSDT,1.0,140965680,2022-04-17T19:28:46.421821+00:00,0.62111711458112,2025-10-01T00:00:00+00:00,0.46551353894316,2026-04-01T00:00:00+00:00,0.58766880286478,2026-09-01T00:00:00+00:00,0.66899434688703,2026-09-30T00:00:00+00:00
1764430,Spot Grid,1,LTCUSDT,1.0,100088361,2023-08-03T22:17:25.421821+00:00,0.68150402011049,2025-10-01T00:00:00+00:00,0.5125254758764,2026-04-01T00:00:00+00:00,0.45008619088015,2026-09-01T00:00:00+00:00,0.66530897329213,2026-09-30T00:00:00+00:00
5020346,Spot Grid,1,DOGEUSDT,1.0,69468797,2024-07-23T07:43:29.421821+00:00,0.75697546655,2025-10-01T00:00:00+00:00,0.6038415783,2026-04-01T00:00:00+00:00,0.5656336987,2026-09-01T00:00:00+00:00,0.6544552564,2026-09-30T00:00:00+00:00
7258662,Spot Grid,1,LUNCUSDT,1.0,47183503,2025-04-07T06:05:03.421821+00:00,0.18883330094452,2025-10-01T00:00:00+00:00,0.16819535794226,2026-04-01T00:00:00+00:00,0.56580868420821,2026-09-01T00:00:00+00:00,0.65299690992099,2026-09-30T00:00:00+00:00
6935745,Spot Grid,1,ETHFDUSD,1.0,51631197,2025-02-14T18:36:49.421821+00:00,0.18103537053151,2025-10-01T00:00:00+00:00,0.42273420017808,2026-04-01T00:00:00+00:00,0.5520455790137,2026-09-01T00:00:00+00:00,0.63990327727123,2026-09-30T00:00:00+00:00
3381268,Spot Grid,1,SOLUSDT,1.0,81848958,2024-03-02T00:47:28.421821+00:00,0.89835249489028,2025-10-01T00:00:00+00:00,0.38542566239131,2026-04-01T00:00:00+00:00,0.5338091935578,2026-09-01T00:00:00+00:00,0.63928447509128,2026-09-30T00:00:00+00:00
5478840,Spot Grid,1,UNIUSDT,1.0,62431597,2024-10-12T18:30:09.421821+00:00,0.32386296420058,2025-10-01T00:00:00+00:00,0.06999661217667,2026-04-01T00:00:00+00:00,0.29948330894521,2026-09-01T00:00:00+00:00,0.63738677531941,2026-09-30T00:00:00+00:00
8131268,Spot Grid,1,BANANAS31USDT,1.0,37290611,2025-07-30T18:06:35.421821+00:00,-0.173992990756,2025-10-01T00:00:00+00:00,0.34052656117956,2026-04-01T00:00:00+00:00,0.61427954104449,2026-09-01T00:00:00+00:00,0.6323658058497,2026-09-30T00:00:00+00:00
8131287,Spot Grid,1,BANANAS31USDT,1.0,37290398,2025-07-30T18:10:08.421821+00:00,-0.17584185339278,2025-10-01T00:00:00+00:00,0.33799905279759,2026-04-01T00:00:00+00:00,0.61090722757944,2026-09-01T00:00:00+00:00,0.62945939612424,2026-09-30T00:00:00+00:00
2531478,Spot Grid,1,DOGEUSDT,1.0,89045446,2023-12-09T17:46:00.421821+00:00,0.37286977227791,2025-10-01T00:00:00+00:00,0.48534991109783,2026-04-01T00:00:00+00:00,0.47308370887126,2026-09-01T00:00:00+00:00,0.61512589920169,2026-09-30T00:00:00+00:00
7603854,Spot Grid,1,ETHFDUSD,1.0,43277793,2025-05-22T11:00:13.421821+00:00,0.14866778172182,2025-10-01T00:00:00+00:00,0.38056199731603,2026-04-01T00:00:00+00:00,0.51975327424067,2026-09-01T00:00:00+00:00,0.59874463943739,2026-09-30T00:00:00+00:00
7649075,Spot Grid,1,ETHFDUSD,1.0,42821501,2025-05-27T17:45:05.421821+00:00,0.08903431695041,2025-10-01T00:00:00+00:00,0.36413402270398,2026-04-01T00:00:00+00:00,0.51104743641462,2026-09-01T00:00:00+00:00,0.56991586217332,2026-09-30T00:00:00+00:00
3683933,Spot Grid,1,LTCUSDT,1.0,81013920,2024-03-11T16:44:46.421821+00:00,0.593022633492,2025-10-01T00:00:00+00:00,0.42140840998,2026-04-01T00:00:00+00:00,0.369267478632,2026-09-01T00:00:00+00:00,0.564480210108,2026-09-30T00:00:00+00:00
3329668,Spot Grid,1,BTCUSDT,1.0,82038029,2024-02-28T20:16:17.421821+00:00,0.57794434202,2025-10-01T00:00:00+00:00,0.384031378006,2026-04-01T00:00:00+00:00,0.5121581544963,2026-09-01T00:00:00+00:00,0.5593801902253,2026-09-30T00:00:00+00:00
3349580,Spot Grid,1,SOLUSDT,1.0,81969287,2024-02-29T15:21:59.421821+00:00,0.88469637984925,2025-10-01T00:00:00+00:00,0.30040717699497,2026-04-01T00:00:00+00:00,0.44613345475377,2026-09-01T00:00:00+00:00,0.55626084598995,2026-09-30T00:00:00+00:00
7803550,Spot Grid,1,ETHFDUSD,1.0,40535080,2025-06-23T04:52:06.421821+00:00,0.087460876768,2025-10-01T00:00:00+00:00,0.357525234975,2026-04-01T00:00:00+00:00,0.50763468778,2026-09-01T00:00:00+00:00,0.553498781284,2026-09-30T00:00:00+00:00
6883234,Spot Grid,1,CAKEUSDT,1.0,52258609,2025-02-07T12:19:57.421821+00:00,0.57256947300796,2025-10-01T00:00:00+00:00,-0.04263000632952,2026-04-01T00:00:00+00:00,0.22662864577754,2026-09-01T00:00:00+00:00,0.55223125204328,2026-09-30T00:00:00+00:00
8245093,Spot Grid,1,BANANAS31USDT,1.0,36066491,2025-08-13T22:08:35.421821+00:00,-0.25616232356,2025-10-01T00:00:00+00:00,0.2438074244,2026-04-01T00:00:00+00:00,0.52878021314,2026-09-01T00:00:00+00:00,0.54723786824,2026-09-30T00:00:00+00:00
6008982,Spot Grid,1,XRPUSDC,1.0,58612863,2024-11-25T23:15:43.421821+00:00,0.11237510327743,2025-10-01T00:00:00+00:00,0.29116722826991,2026-04-01T00:00:00+00:00,0.43568963566441,2026-09-01T00:00:00+00:00,0.54082494337495,2026-09-30T00:00:00+00:00
4802273,Spot Grid,1,SOLUSDT,1.0,72798063,2024-06-14T18:55:43.421821+00:00,0.56334907410714,2025-10-01T00:00:00+00:00,0.28594567214286,2026-04-01T00:00:00+00:00,0.42108586142857,2026-09-01T00:00:00+00:00,0.53391590232143,2026-09-30T00:00:00+00:00
5149778,Spot Grid,1,LTCUSDT,1.0,67308839,2024-08-17T07:42:47.421821+00:00,0.2037854979,2025-10-01T00:00:00+00:00,0.3373086385,2026-04-01T00:00:00+00:00,0.262152817,2026-09-01T00:00:00+00:00,0.5291882771,2026-09-30T00:00:00+00:00
6874039,Spot Grid,1,ETHFDUSD,1.0,52393197,2025-02-05T22:56:49.421821+00:00,0.02786564781968,2025-10-01T00:00:00+00:00,0.29847194026946,2026-04-01T00:00:00+00:00,0.43788419560411,2026-09-01T00:00:00+00:00,0.52347484060748,2026-09-30T00:00:00+00:00
7257253,Spot Grid,1,UNIUSDT,1.0,47177009,2025-04-07T07:53:17.421821+00:00,0.331398006156,2025-10-01T00:00:00+00:00,-0.243723123057,2026-04-01T00:00:00+00:00,0.04981593605,2026-09-01T00:00:00+00:00,0.507421826037,2026-09-30T00:00:00+00:00
3814441,Spot Grid,1,BTCFDUSD,1.0,80558110,2024-03-16T23:21:36.421821+00:00,0.40857318899978,2025-10-01T00:00:00+00:00,0.3468691315049,2026-04-01T00:00:00+00:00,0.46758099946577,2026-09-01T00:00:00+00:00,0.50447304555215,2026-09-30T00:00:00+00:00
7461381,Spot Grid,1,PENGUUSDT,1.0,44491714,2025-05-08T09:48:12.421821+00:00,0.18373784588235,2025-10-01T00:00:00+00:00,-0.05373187285714,2026-04-01T00:00:00+00:00,0.3315191702521,2026-09-01T00:00:00+00:00,0.49859076453782,2026-09-30T00:00:00+00:00
5886155,Spot Grid,1,LTCUSDT,1.0,59165588,2024-11-19T13:43:38.421821+00:00,0.52769829025174,2025-10-01T00:00:00+00:00,0.33222039679397,2026-04-01T00:00:00+00:00,0.27520871099002,2026-09-01T00:00:00+00:00,0.48171859182347,2026-09-30T00:00:00+00:00
5832979,Spot Grid,1,NEARUSDT,1.0,59418384,2024-11-16T15:30:22.421821+00:00,-0.13728903793333,2025-10-01T00:00:00+00:00,-0.46612994253333,2026-04-01T00:00:00+00:00,-0.22546689433333,2026-09-01T00:00:00+00:00,0.47183580173333,2026-09-30T00:00:00+00:00
6849960,Spot Grid,1,LTCUSDT,1.0,52630079,2025-02-03T05:08:47.421821+00:00,0.13697684353333,2025-10-01T00:00:00+00:00,0.28038721646667,2026-04-01T00:00:00+00:00,0.24298495126667,2026-09-01T00:00:00+00:00,0.43778822353333,2026-09-30T00:00:00+00:00
2699312,Spot Grid,1,SOLUSDT,1.0,87628518,2023-12-26T03:21:28.421821+00:00,0.39279540374217,2025-10-01T00:00:00+00:00,0.17714802429919,2026-04-01T00:00:00+00:00,0.330033945949,2026-09-01T00:00:00+00:00,0.43525917538858,2026-09-30T00:00:00+00:00
7076468,Spot Grid,1,LTCUSDT,1.0,49896413,2025-03-06T20:29:53.421821+00:00,0.12496549185714,2025-10-01T00:00:00+00:00,0.27550327611905,2026-04-01T00:00:00+00:00,0.2202654947381,2026-09-01T00:00:00+00:00,0.43401446169048,2026-09-30T00:00:00+00:00
5981760,Spot Grid,1,XRPUSDT,1.0,58749672,2024-11-24T09:15:34.421821+00:00,0.12893727977011,2025-10-01T00:00:00+00:00,0.26625600873563,2026-04-01T00:00:00+00:00,0.34272661078161,2026-09-01T00:00:00+00:00,0.4321138202069,2026-09-30T00:00:00+00:00
3232675,Spot Grid,1,TRXBTC,1.0,82664293,2024-02-21T14:18:33.421821+00:00,0.245913196,2025-10-01T00:00:00+00:00,0.420860015,2026-04-01T00:00:00+00:00,0.419920955,2026-09-01T00:00:00+00:00,0.4203354,2026-09-30T00:00:00+00:00
6590233,Spot Grid,1,LTCUSDT,1.0,54906173,2025-01-07T20:53:53.421821+00:00,0.37210673993333,2025-10-01T00:00:00+00:00,0.2818912991,2026-04-01T00:00:00+00:00,0.2262470889,2026-09-01T00:00:00+00:00,0.4197776981,2026-09-30T00:00:00+00:00
7676446,Spot Grid,1,ICPBTC,1.0,42505183,2025-05-31T09:37:03.421821+00:00,-0.04426667262784,2025-10-01T00:00:00+00:00,0.15548029270313,2026-04-01T00:00:00+00:00,0.1851630484233,2026-09-01T00:00:00+00:00,0.41931776130398,2026-09-30T00:00:00+00:00
5253079,Spot Grid,1,ADAUSDT,1.0,65647230,2024-09-05T13:16:16.421821+00:00,0.17037286318886,2025-10-01T00:00:00+00:00,0.34927692651982,2026-04-01T00:00:00+00:00,0.26289415396334,2026-09-01T00:00:00+00:00,0.41902268082261,2026-09-30T00:00:00+00:00
7202131,Spot Grid,1,ETHUSDC,1.0,48104703,2025-03-27T14:11:43.421821+00:00,0.30297042104133,2025-10-01T00:00:00+00:00,0.19716473892667,2026-04-01T00:00:00+00:00,0.34939960564587,2026-09-01T00:00:00+00:00,0.41309661075667,2026-09-30T00:00:00+00:00
3807329,Spot Grid,1,BNBUSDT,1.0,80594443,2024-03-16T13:16:03.421821+00:00,0.33425627454211,2025-10-01T00:00:00+00:00,0.29712691191053,2026-04-01T00:00:00+00:00,0.3797777694,2026-09-01T00:00:00+00:00,0.41155084801579,2026-09-30T00:00:00+00:00
4117847,Spot Grid,1,BTCUSDT,1.0,78145666,2024-04-13T21:29:00.421821+00:00,0.32109325868571,2025-10-01T00:00:00+00:00,0.21290229592,2026-04-01T00:00:00+00:00,0.358604161452,2026-09-01T00:00:00+00:00,0.40948667149429,2026-09-30T00:00:00+00:00
5373320,Spot Grid,1,ETHUSDT,1.0,63819630,2024-09-26T16:56:16.421821+00:00,0.33255946938095,2025-10-01T00:00:00+00:00,0.16803634150794,2026-04-01T00:00:00+00:00,0.32882836073016,2026-09-01T00:00:00+00:00,0.39764643115873,2026-09-30T00:00:00+00:00
6932779,Spot Grid,1,CAKEBTC,1.0,51653933,2025-02-14T12:17:53.421821+00:00,0.00561224701446,2025-10-01T00:00:00+00:00,0.11424137772067,2026-04-01T00:00:00+00:00,0.23163291121089,2026-09-01T00:00:00+00:00,0.39596773274632,2026-09-30T00:00:00+00:00
7639888,Spot Grid,1,LINKUSDC,1.0,42920790,2025-05-26T14:10:16.421821+00:00,0.13699980501471,2025-10-01T00:00:00+00:00,0.0817565573549,2026-04-01T00:00:00+00:00,0.24552735278627,2026-09-01T00:00:00+00:00,0.38985948653529,2026-09-30T00:00:00+00:00
8361582,Spot Grid,1,NEARUSDT,1.0,34742626,2025-08-29T05:53:00.421821+00:00,0.05474767781702,2025-10-01T00:00:00+00:00,-0.42432587252118,2026-04-01T00:00:00+00:00,-0.14709598263961,2026-09-01T00:00:00+00:00,0.38000126001339,2026-09-30T00:00:00+00:00
7312222,Spot Grid,1,CAKEUSDT,1.0,46448535,2025-04-15T18:14:31.421821+00:00,0.17114265579333,2025-10-01T00:00:00+00:00,-0.09549421833333,2026-04-01T00:00:00+00:00,0.10421557363333,2026-09-01T00:00:00+00:00,0.37746864082,2026-09-30T00:00:00+00:00
5591625,Spot Grid,1,BTCUSDT,1.0,61005146,2024-10-29T06:44:20.421821+00:00,0.41910566158183,2025-10-01T00:00:00+00:00,0.18664023721387,2026-04-01T00:00:00+00:00,0.3210895338577,2026-09-01T00:00:00+00:00,0.37423716377339,2026-09-30T00:00:00+00:00
2222438,Spot Grid,1,DOGEUSDT,1.0,91580271,2023-11-10T09:38:55.421821+00:00,1.27232246113261,2025-10-01T00:00:00+00:00,0.27821228773791,2026-04-01T00:00:00+00:00,0.21505937501547,2026-09-01T00:00:00+00:00,0.36510155182852,2026-09-30T00:00:00+00:00
3684502,Spot Grid,1,BTCUSDT,1.0,81012543,2024-03-11T17:07:43.421821+00:00,0.28855224214215,2025-10-01T00:00:00+00:00,0.20194936918643,2026-04-01T00:00:00+00:00,0.32286209035889,2026-09-01T00:00:00+00:00,0.36057764139202,2026-09-30T00:00:00+00:00
4059850,Spot Grid,1,BTCUSDT,1.0,79323719,2024-03-31T06:14:47.421821+00:00,0.42193931605,2025-10-01T00:00:00+00:00,0.192028535918,2026-04-01T00:00:00+00:00,0.3128986939772,2026-09-01T00:00:00+00:00,0.3596321400008,2026-09-30T00:00:00+00:00
4231147,Spot Grid,1,ETHUSDT,1.0,77950651,2024-04-16T03:39:15.421821+00:00,0.35240128224183,2025-10-01T00:00:00+00:00,0.17392896315686,2026-04-01T00:00:00+00:00,0.28613009883333,2026-09-01T00:00:00+00:00,0.35778737562745,2026-09-30T00:00:00+00:00
3824905,Spot Grid,1,ETHUSDT,1.0,80495240,2024-03-17T16:49:26.421821+00:00,0.4224506225081,2025-10-01T00:00:00+00:00,0.17048562908014,2026-04-01T00:00:00+00:00,0.28789410897114,2026-09-01T00:00:00+00:00,0.35365627767366,2026-09-30T00:00:00+00:00
5238521,Spot Grid,1,DOGEUSDT,1.0,65916506,2024-09-02T10:28:20.421821+00:00,0.06248575628604,2025-10-01T00:00:00+00:00,0.1800576465653,2026-04-01T00:00:00+00:00,0.21203764386785,2026-09-01T00:00:00+00:00,0.35290286870519,2026-09-30T00:00:00+00:00
5605638,Spot Grid,1,BTCEUR,1.0,60879730,2024-10-30T17:34:36.421821+00:00,0.37300218794737,2025-10-01T00:00:00+00:00,0.14637808819868,2026-04-01T00:00:00+00:00,0.27978407122026,2026-09-01T00:00:00+00:00,0.35216718063026,2026-09-30T00:00:00+00:00
8286723,Spot Grid,1,PAXGBTC,1.0,35619844,2025-08-19T02:12:42.421821+00:00,0.12975497234243,2025-10-01T00:00:00+00:00,0.35796259981185,2026-04-01T00:00:00+00:00,0.35260832681091,2026-09-01T00:00:00+00:00,0.35018247224835,2026-09-30T00:00:00+00:00
6849441,Spot Grid,1,LTCUSDT,1.0,52633266,2025-02-03T04:15:40.421821+00:00,0.39882587535581,2025-10-01T00:00:00+00:00,0.20509712600496,2026-04-01T00:00:00+00:00,0.14703201354813,2026-09-01T00:00:00+00:00,0.34944577865876,2026-09-30T00:00:00+00:00
8305825,Spot Grid,1,BNBETH,1.0,35339443,2025-08-22T08:06:03.421821+00:00,0.14935306090373,2025-10-01T00:00:00+00:00,0.32986806941716,2026-04-01T00:00:00+00:00,0.33410724492469,2026-09-01T00:00:00+00:00,0.34441639489194,2026-09-30T00:00:00+00:00
7318670,Spot Grid,1,DOGEUSDC,1.0,46350060,2025-04-16T21:35:46.421821+00:00,0.11469435208,2025-10-01T00:00:00+00:00,0.29879491238667,2026-04-01T00:00:00+00:00,0.25586408922667,2026-09-01T00:00:00+00:00,0.34321136390667,2026-09-30T00:00:00+00:00
3667551,Spot Grid,1,ETHUSDT,1.0,81058655,2024-03-11T04:19:11.421821+00:00,0.339337200796,2025-10-01T00:00:00+00:00,0.167270775308,2026-04-01T00:00:00+00:00,0.27976578177,2026-09-01T00:00:00+00:00,0.337301982412,2026-09-30T00:00:00+00:00
6299343,Spot Grid,1,XRPUSDT,1.0,57246002,2024-12-11T18:56:44.421821+00:00,0.35033898454,2025-10-01T00:00:00+00:00,0.240752967672,2026-04-01T00:00:00+00:00,0.283617869472,2026-09-01T00:00:00+00:00,0.336972602752,2026-09-30T00:00:00+00:00
5260619,Spot Grid,1,DOGEUSDT,1.0,65506818,2024-09-07T04:16:28.421821+00:00,0.0678607297,2025-10-01T00:00:00+00:00,0.1466310088,2026-04-01T00:00:00+00:00,0.2016072433,2026-09-01T00:00:00+00:00,0.3368871465,2026-09-30T00:00:00+00:00
3798567,Spot Grid,1,BNBUSDT,1.0,80634552,2024-03-16T02:07:34.421821+00:00,0.238890313625,2025-10-01T00:00:00+00:00,0.175339639875,2026-04-01T00:00:00+00:00,0.29081453875,2026-09-01T00:00:00+00:00,0.336522089725,2026-09-30T00:00:00+00:00
4488633,Spot Grid,1,ETHUSDT,1.0,75443223,2024-05-15T04:09:43.421821+00:00,0.31933579872,2025-10-01T00:00:00+00:00,0.135933825312,2026-04-01T00:00:00+00:00,0.254522654616,2026-09-01T00:00:00+00:00,0.330284285424,2026-09-30T00:00:00+00:00
6264592,Spot Grid,1,BNBUSDT,1.0,57407718,2024-12-09T22:01:28.421821+00:00,0.30812169347164,2025-10-01T00:00:00+00:00,0.14224309462925,2026-04-01T00:00:00+00:00,0.25333216755256,2026-09-01T00:00:00+00:00,0.33026038022411,2026-09-30T00:00:00+00:00
7500645,Spot Grid,1,ETHUSDT,1.0,44232928,2025-05-11T09:41:18.421821+00:00,0.33458433224,2025-10-01T00:00:00+00:00,0.14097196779778,2026-04-01T00:00:00+00:00,0.26947686829889,2026-09-01T00:00:00+00:00,0.32972654188889,2026-09-30T00:00:00+00:00
6842837,Spot Grid,1,CAKEUSDT,1.0,52687834,2025-02-02T13:06:12.421821+00:00,0.30777417290295,2025-10-01T00:00:00+00:00,-0.21722055761454,2026-04-01T00:00:00+00:00,0.01485088590418,2026-09-01T00:00:00+00:00,0.32918007732306,2026-09-30T00:00:00+00:00
5666130,Spot Grid,1,DOGEUSDT,1.0,60169442,2024-11-07T22:52:44.421821+00:00,0.2429911825,2025-10-01T00:00:00+00:00,0.294089947,2026-04-01T00:00:00+00:00,0.255446539,2026-09-01T00:00:00+00:00,0.329086237,2026-09-30T00:00:00+00:00
4931547,Spot Grid,1,SOLUSDT,1.0,70697616,2024-07-09T02:23:10.421821+00:00,0.3081072345679,2025-10-01T00:00:00+00:00,0.06643136625514,2026-04-01T00:00:00+00:00,0.21745496502058,2026-09-01T00:00:00+00:00,0.32760122736626,2026-09-30T00:00:00+00:00
8292107,Spot Grid,1,BNBETH,1.0,35540755,2025-08-20T00:10:51.421821+00:00,0.13385987895377,2025-10-01T00:00:00+00:00,0.31335019708029,2026-04-01T00:00:00+00:00,0.31719530474453,2026-09-01T00:00:00+00:00,0.32752634124088,2026-09-30T00:00:00+00:00
4831978,Spot Grid,1,ETHUSDT,1.0,72308167,2024-06-20T11:00:39.421821+00:00,0.288518723,2025-10-01T00:00:00+00:00,0.15934003394,2026-04-01T00:00:00+00:00,0.2711757374,2026-09-01T00:00:00+00:00,0.32210564252,2026-09-30T00:00:00+00:00
3976415,Spot Grid,1,BTCUSDT,1.0,79724210,2024-03-26T14:59:56.421821+00:00,0.20684838940387,2025-10-01T00:00:00+00:00,0.18705017483458,2026-04-01T00:00:00+00:00,0.29709634665449,2026-09-01T00:00:00+00:00,0.32057219360393,2026-09-30T00:00:00+00:00
3857045,Spot Grid,1,BNBBTC,1.0,80327364,2024-03-19T15:27:22.421821+00:00,0.22455711371273,2025-10-01T00:00:00+00:00,0.28546924947501,2026-04-01T00:00:00+00:00,0.30532936423772,2026-09-01T00:00:00+00:00,0.31857442398152,2026-09-30T00:00:00+00:00
2781592,Spot Grid,1,SOLUSDT,1.0,86977188,2024-01-02T16:16:58.421821+00:00,0.27358218246,2025-10-01T00:00:00+00:00,0.0471570101,2026-04-01T00:00:00+00:00,0.2165625264,2026-09-01T00:00:00+00:00,0.31834482656,2026-09-30T00:00:00+00:00
7846822,Spot Grid,1,BNBBTC,1.0,39882746,2025-06-30T18:04:20.421821+00:00,0.23361286634651,2025-10-01T00:00:00+00:00,0.29021950966587,2026-04-01T00:00:00+00:00,0.30446508392007,2026-09-01T00:00:00+00:00,0.31834378731024,2026-09-30T00:00:00+00:00
4946903,Spot Grid,1,ETHUSDT,1.0,70405835,2024-07-12T11:26:11.421821+00:00,0.26780292551596,2025-10-01T00:00:00+00:00,0.12742765858652,2026-04-01T00:00:00+00:00,0.24282642482072,2026-09-01T00:00:00+00:00,0.31801695535118,2026-09-30T00:00:00+00:00
4174304,Spot Grid,1,ETHUSDT,1.0,78448693,2024-04-10T09:18:33.421821+00:00,0.35430801350559,2025-10-01T00:00:00+00:00,0.14485772278584,2026-04-01T00:00:00+00:00,0.25140979019026,2026-09-01T00:00:00+00:00,0.31651249186346,2026-09-30T00:00:00+00:00
8019262,Spot Grid,1,BNBBTC,1.0,38229634,2025-07-19T21:16:12.421821+00:00,0.22506896901786,2025-10-01T00:00:00+00:00,0.2861519129,2026-04-01T00:00:00+00:00,0.30158550854286,2026-09-01T00:00:00+00:00,0.31589204236429,2026-09-30T00:00:00+00:00
6281855,Spot Grid,1,BNBBTC,1.0,57337707,2024-12-10T17:28:19.421821+00:00,0.23518522484848,2025-10-01T00:00:00+00:00,0.29492882225895,2026-04-01T00:00:00+00:00,0.28366299911846,2026-09-01T00:00:00+00:00,0.31229060473829,2026-09-30T00:00:00+00:00
5557501,Spot Grid,1,BTCUSDT,1.0,61505652,2024-10-23T11:42:34.421821+00:00,0.37995254946,2025-10-01T00:00:00+00:00,0.163183762123,2026-04-01T00:00:00+00:00,0.27001490883365,2026-09-01T00:00:00+00:00,0.31221015165305,2026-09-30T00:00:00+00:00
4893622,Spot Grid,1,BTCUSDT,1.0,71338819,2024-07-01T16:16:27.421821+00:00,0.23311111523333,2025-10-01T00:00:00+00:00,0.19084155905867,2026-04-01T00:00:00+00:00,0.28058152490147,2026-09-01T00:00:00+00:00,0.305050036774,2026-09-30T00:00:00+00:00
3799696,Spot Grid,1,BNBETH,1.0,80629287,2024-03-16T03:35:19.421821+00:00,0.10931427706667,2025-10-01T00:00:00+00:00,0.30772706746667,2026-04-01T00:00:00+00:00,0.29090529076,2026-09-01T00:00:00+00:00,0.30343535398333,2026-09-30T00:00:00+00:00
5219288,Spot Grid,1,BTCFDUSD,1.0,66331392,2024-08-28T15:13:34.421821+00:00,0.5191710056535,2025-10-01T00:00:00+00:00,0.12180373744327,2026-04-01T00:00:00+00:00,0.2478710406025,2026-09-01T00:00:00+00:00,0.3011538423203,2026-09-30T00:00:00+00:00
5139182,Spot Grid,1,ETHUSDC,1.0,67531825,2024-08-14T17:46:21.421821+00:00,0.333957276175,2025-10-01T00:00:00+00:00,0.11140161361207,2026-04-01T00:00:00+00:00,0.2375316287731,2026-09-01T00:00:00+00:00,0.29846978482155,2026-09-30T00:00:00+00:00
3868268,Spot Grid,1,ETHUSDT,1.0,80257433,2024-03-20T10:52:53.421821+00:00,0.35525632954944,2025-10-01T00:00:00+00:00,0.12533625981244,2026-04-01T00:00:00+00:00,0.24130771935066,2026-09-01T00:00:00+00:00,0.29839464470133,2026-09-30T00:00:00+00:00
7813551,Spot Grid,1,RAYUSDT,1.0,40399126,2025-06-24T18:38:00.421821+00:00,0.34299094864388,2025-10-01T00:00:00+00:00,-0.3256963544286,2026-04-01T00:00:00+00:00,-0.2419681224781,2026-09-01T00:00:00+00:00,0.29736460532625,2026-09-30T00:00:00+00:00
8289983,Spot Grid,1,BNBETH,1.0,35569485,2025-08-19T16:12:01.421821+00:00,0.1417291454,2025-10-01T00:00:00+00:00,0.2807633512,2026-04-01T00:00:00+00:00,0.28675019,2026-09-01T00:00:00+00:00,0.297230246,2026-09-30T00:00:00+00:00
8009093,Spot Grid,1,BNBBTC,1.0,38323295,2025-07-18T19:15:11.421821+00:00,0.206007023,2025-10-01T00:00:00+00:00,0.26563474897143,2026-04-01T00:00:00+00:00,0.28057175195714,2026-09-01T00:00:00+00:00,0.29447034731429,2026-09-30T00:00:00+00:00
6348919,Spot Grid,1,BNBUSDT,1.0,56947161,2024-12-15T05:57:25.421821+00:00,0.191368323476,2025-10-01T00:00:00+00:00,0.1132934499384,2026-04-01T00:00:00+00:00,0.2336724224616,2026-09-01T00:00:00+00:00,0.293463132528,2026-09-30T00:00:00+00:00
5584270,Spot Grid,1,BTCUSDT,1.0,61080040,2024-10-28T09:56:06.421821+00:00,0.36115304311,2025-10-01T00:00:00+00:00,0.144237183934,2026-04-01T00:00:00+00:00,0.251100309501,2026-09-01T00:00:00+00:00,0.2932763618157,2026-09-30T00:00:00+00:00
4546463,Spot Grid,1,ETHUSDT,1.0,74948737,2024-05-20T21:31:09.421821+00:00,0.32324971391,2025-10-01T00:00:00+00:00,0.12541413057,2026-04-01T00:00:00+00:00,0.22899539991,2026-09-01T00:00:00+00:00,0.29322839733,2026-09-30T00:00:00+00:00
5219692,Spot Grid,1,DOGEUSDT,1.0,66325706,2024-08-28T16:48:20.421821+00:00,0.0700831294,2025-10-01T00:00:00+00:00,0.1580877844,2026-04-01T00:00:00+00:00,0.1653245075,2026-09-01T00:00:00+00:00,0.2890988314,2026-09-30T00:00:00+00:00
7000273,Spot Grid,1,BNBBTC,1.0,50818038,2025-02-24T04:29:28.421821+00:00,0.18926259629755,2025-10-01T00:00:00+00:00,0.2592490533288,2026-04-01T00:00:00+00:00,0.27269227640965,2026-09-01T00:00:00+00:00,0.28894375016984,2026-09-30T00:00:00+00:00
5866408,Spot Grid,1,ETHUSDT,1.0,59265126,2024-11-18T10:04:40.421821+00:00,0.26198852826467,2025-10-01T00:00:00+00:00,0.105706095228,2026-04-01T00:00:00+00:00,0.22871300099367,2026-09-01T00:00:00+00:00,0.28818993284467,2026-09-30T00:00:00+00:00
3691576,Spot Grid,1,BTCUSDT,1.0,80992357,2024-03-11T22:44:09.421821+00:00,0.20698584107143,2025-10-01T00:00:00+00:00,0.16091792787429,2026-04-01T00:00:00+00:00,0.25880665480157,2026-09-01T00:00:00+00:00,0.284615716787,2026-09-30T00:00:00+00:00
5716933,Spot Grid,1,ETHUSDT,1.0,59877166,2024-11-11T08:04:00.421821+00:00,0.28208109714769,2025-10-01T00:00:00+00:00,0.11447920366769,2026-04-01T00:00:00+00:00,0.22872875533615,2026-09-01T00:00:00+00:00,0.28196827081692,2026-09-30T00:00:00+00:00
8061658,Spot Grid,1,LINKUSDC,1.0,37959585,2025-07-23T00:17:01.421821+00:00,0.0560055002875,2025-10-01T00:00:00+00:00,-0.0826414683375,2026-04-01T00:00:00+00:00,0.1084489659,2026-09-01T00:00:00+00:00,0.2814244874,2026-09-30T00:00:00+00:00
7686413,Spot Grid,1,CAKEUSDT,1.0,42329900,2025-06-02T10:18:26.421821+00:00,0.07703186411446,2025-10-01T00:00:00+00:00,-0.17169459007831,2026-04-01T00:00:00+00:00,0.01776359953614,2026-09-01T00:00:00+00:00,0.27820919446386,2026-09-30T00:00:00+00:00
6211662,Spot Grid,1,BNBUSDT,1.0,57663302,2024-12-06T23:01:44.421821+00:00,0.18819548639333,2025-10-01T00:00:00+00:00,0.09024980944667,2026-04-01T00:00:00+00:00,0.2078881306,2026-09-01T00:00:00+00:00,0.27477042925333,2026-09-30T00:00:00+00:00
7162195,Spot Grid,1,TRXBTC,1.0,48663288,2025-03-21T03:01:58.421821+00:00,0.04078367820134,2025-10-01T00:00:00+00:00,0.27864556720409,2026-04-01T00:00:00+00:00,0.28568085979518,2026-09-01T00:00:00+00:00,0.2737958441212,2026-09-30T00:00:00+00:00
7147966,Spot Grid,1,PEPEUSDT,1.0,48849374,2025-03-18T23:20:32.421821+00:00,0.1058265456425,2025-10-01T00:00:00+00:00,0.07076718047,2026-04-01T00:00:00+00:00,0.1487782991025,2026-09-01T00:00:00+00:00,0.272428271815,2026-09-30T00:00:00+00:00
6939122,Spot Grid,1,ETHUSDT,1.0,51604835,2025-02-15T01:56:11.421821+00:00,0.266489985396,2025-10-01T00:00:00+00:00,0.058636957346,2026-04-01T00:00:00+00:00,0.1982577383877,2026-09-01T00:00:00+00:00,0.2715645824232,2026-09-30T00:00:00+00:00
4518361,Spot Grid,1,NEARUSDT,1.0,75222194,2024-05-17T17:33:32.421821+00:00,-0.11415120800966,2025-10-01T00:00:00+00:00,-0.34374257176272,2026-04-01T00:00:00+00:00,-0.22617021478897,2026-09-01T00:00:00+00:00,0.27084700128994,2026-09-30T00:00:00+00:00
6853812,Spot Grid,1,BCHBTC,1.0,52597612,2025-02-03T14:09:54.421821+00:00,0.318668254505,2025-10-01T00:00:00+00:00,0.59988418829,2026-04-01T00:00:00+00:00,0.149313237375,2026-09-01T00:00:00+00:00,0.270811688245,2026-09-30T00:00:00+00:00
3680889,Spot Grid,1,PEPEUSDT,1.0,81021097,2024-03-11T14:45:09.421821+00:00,0.38562863485833,2025-10-01T00:00:00+00:00,0.1332219091,2026-04-01T00:00:00+00:00,0.15619727061667,2026-09-01T00:00:00+00:00,0.26999807168,2026-09-30T00:00:00+00:00
4485659,Spot Grid,1,ETHUSDT,1.0,75479513,2024-05-14T18:04:53.421821+00:00,0.53236246261431,2025-10-01T00:00:00+00:00,0.03002226008677,2026-04-01T00:00:00+00:00,0.17845109860496,2026-09-01T00:00:00+00:00,0.26848006916898,2026-09-30T00:00:00+00:00
5080283,Spot Grid,1,ETHUSDT,1.0,68484886,2024-08-03T17:02:00.421821+00:00,0.22978463676853,2025-10-01T00:00:00+00:00,0.07822492842958,2026-04-01T00:00:00+00:00,0.19554927863685,2026-09-01T00:00:00+00:00,0.26817819259616,2026-09-30T00:00:00+00:00
6912030,Spot Grid,1,ETHUSDT,1.0,51886268,2025-02-11T19:45:38.421821+00:00,0.34425050901867,2025-10-01T00:00:00+00:00,0.08247383695333,2026-04-01T00:00:00+00:00,0.20669765001133,2026-09-01T00:00:00+00:00,0.26765172898133,2026-09-30T00:00:00+00:00
3969749,Spot Grid,1,ETHFDUSD,1.0,79749319,2024-03-26T08:01:27.421821+00:00,0.358922649296,2025-10-01T00:00:00+00:00,0.063375033004,2026-04-01T00:00:00+00:00,0.200785196864,2026-09-01T00:00:00+00:00,0.2673086506016,2026-09-30T00:00:00+00:00
4765065,Spot Grid,1,BTCUSDT,1.0,73293542,2024-06-09T01:17:44.421821+00:00,0.2188611761641,2025-10-01T00:00:00+00:00,0.14353151145436,2026-04-01T00:00:00+00:00,0.23878660298236,2026-09-01T00:00:00+00:00,0.26624084141149,2026-09-30T00:00:00+00:00
5605390,Spot Grid,1,BTCUSDT,1.0,60881903,2024-10-30T16:58:23.421821+00:00,0.19349432083333,2025-10-01T00:00:00+00:00,0.12490579437667,2026-04-01T00:00:00+00:00,0.233201464307,2026-09-01T00:00:00+00:00,0.26426721057,2026-09-30T00:00:00+00:00
7160895,Spot Grid,1,UNIBTC,1.0,48682929,2025-03-20T21:34:37.421821+00:00,-0.12607897565867,2025-10-01T00:00:00+00:00,-0.34147918497584,2026-04-01T00:00:00+00:00,-0.1698465949494,2026-09-01T00:00:00+00:00,0.25811186171939,2026-09-30T00:00:00+00:00
5145186,Spot Grid,1,BNBBTC,1.0,67400977,2024-08-16T06:07:09.421821+00:00,0.05257667755,2025-10-01T00:00:00+00:00,0.19103257064,2026-04-01T00:00:00+00:00,0.2290034047392,2026-09-01T00:00:00+00:00,0.2580361209736,2026-09-30T00:00:00+00:00
5987767,Spot Grid,1,ETHUSDT,1.0,58723037,2024-11-24T16:39:29.421821+00:00,0.25040614555129,2025-10-01T00:00:00+00:00,0.09203163099457,2026-04-01T00:00:00+00:00,0.20387450809925,2026-09-01T00:00:00+00:00,0.25278484538876,2026-09-30T00:00:00+00:00
7022056,Spot Grid,1,ETHEUR,1.0,50542765,2025-02-27T08:57:21.421821+00:00,0.1558622444529,2025-10-01T00:00:00+00:00,0.05266901877369,2026-04-01T00:00:00+00:00,0.1954841910802,2026-09-01T00:00:00+00:00,0.25185923901487,2026-09-30T00:00:00+00:00
6240178,Spot Grid,1,BNBUSDT,1.0,57540207,2024-12-08T09:13:19.421821+00:00,0.1932821852,2025-10-01T00:00:00+00:00,0.0556441264,2026-04-01T00:00:00+00:00,0.1783091614,2026-09-01T00:00:00+00:00,0.2516690732,2026-09-30T00:00:00+00:00
5989255,Spot Grid,1,ETHFDUSD,1.0,58716594,2024-11-24T18:26:52.421821+00:00,0.293259213568,2025-10-01T00:00:00+00:00,0.08050272947,2026-04-01T00:00:00+00:00,0.18737729342,2026-09-01T00:00:00+00:00,0.251115125372,2026-09-30T00:00:00+00:00
5134421,Spot Grid,1,ETHUSDT,1.0,67609503,2024-08-13T20:11:43.421821+00:00,0.23512907122172,2025-10-01T00:00:00+00:00,0.04372693811765,2026-04-01T00:00:00+00:00,0.17291328041629,2026-09-01T00:00:00+00:00,0.24971791256109,2026-09-30T00:00:00+00:00
5796619,Spot Grid,1,ETHUSDT,1.0,59598429,2024-11-14T13:29:37.421821+00:00,0.21509529006623,2025-10-01T00:00:00+00:00,0.05769872756291,2026-04-01T00:00:00+00:00,0.17461887576821,2026-09-01T00:00:00+00:00,0.24855470015894,2026-09-30T00:00:00+00:00
5768348,Spot Grid,1,BTCUSDT,1.0,59680638,2024-11-13T14:39:28.421821+00:00,0.26912729805,2025-10-01T00:00:00+00:00,0.06686440615,2026-04-01T00:00:00+00:00,0.1910550241355,2026-09-01T00:00:00+00:00,0.2473056255875,2026-09-30T00:00:00+00:00
5217858,Spot Grid,1,ETHUSDC,1.0,65547887,2024-09-06T16:51:59.421821+00:00,0.39845580332886,2025-10-01T00:00:00+00:00,0.02979062571706,2026-04-01T00:00:00+00:00,0.17319069988076,2026-09-01T00:00:00+00:00,0.2459055565657,2026-09-30T00:00:00+00:00
4726431,Spot Grid,1,BNBETH,1.0,73639793,2024-06-05T01:06:53.421821+00:00,0.16800943945148,2025-10-01T00:00:00+00:00,0.23533522852321,2026-04-01T00:00:00+00:00,0.23885061481013,2026-09-01T00:00:00+00:00,0.24345520126582,2026-09-30T00:00:00+00:00
5781030,Spot Grid,1,ETHUSDT,1.0,59655315,2024-11-13T21:41:31.421821+00:00,0.305037876614,2025-10-01T00:00:00+00:00,0.03799915909667,2026-04-01T00:00:00+00:00,0.179442289761,2026-09-01T00:00:00+00:00,0.241348222002,2026-09-30T00:00:00+00:00
5731138,Spot Grid,1,ETHUSDT,1.0,59825199,2024-11-11T22:30:07.421821+00:00,0.24389468259326,2025-10-01T00:00:00+00:00,0.0771326063573,2026-04-01T00:00:00+00:00,0.18826916565618,2026-09-01T00:00:00+00:00,0.23998621087191,2026-09-30T00:00:00+00:00
7905769,Spot Grid,1,LTCUSDT,1.0,39041910,2025-07-10T11:38:16.421821+00:00,0.14457263950331,2025-10-01T00:00:00+00:00,0.0905899468543,2026-04-01T00:00:00+00:00,0.03178000890728,2026-09-01T00:00:00+00:00,0.23674302043046,2026-09-30T00:00:00+00:00
5383810,Spot Grid,1,ETHUSDT,1.0,63732830,2024-09-27T17:02:56.421821+00:00,0.218338535766,2025-10-01T00:00:00+00:00,0.0247324799305,2026-04-01T00:00:00+00:00,0.14719948149435,2026-09-01T00:00:00+00:00,0.2355679685877,2026-09-30T00:00:00+00:00
7503242,Spot Grid,1,ETHUSDT,1.0,44211848,2025-05-11T15:32:38.421821+00:00,0.13872418797052,2025-10-01T00:00:00+00:00,0.02125517507382,2026-04-01T00:00:00+00:00,0.17427747520683,2026-09-01T00:00:00+00:00,0.23249009756591,2026-09-30T00:00:00+00:00
7038171,Spot Grid,1,DOGEUSDT,1.0,50337814,2025-03-01T17:53:12.421821+00:00,0.29238780318471,2025-10-01T00:00:00+00:00,0.20972772292994,2026-04-01T00:00:00+00:00,0.16965640840764,2026-09-01T00:00:00+00:00,0.23210815726115,2026-09-30T00:00:00+00:00
6136599,Spot Grid,1,TRXBNB,1.0,57960208,2024-12-03T12:33:18.421821+00:00,-0.05731419212804,2025-10-01T00:00:00+00:00,0.27810248718721,2026-04-01T00:00:00+00:00,0.28058706980639,2026-09-01T00:00:00+00:00,0.23081301879909,2026-09-30T00:00:00+00:00
5119608,Spot Grid,1,ETHUSDT,1.0,67876425,2024-08-10T18:03:01.421821+00:00,0.10221203163897,2025-10-01T00:00:00+00:00,0.03561647506571,2026-04-01T00:00:00+00:00,0.17528198833697,2026-09-01T00:00:00+00:00,0.22839205799439,2026-09-30T00:00:00+00:00
4485609,Spot Grid,1,BTCUSDT,1.0,75479981,2024-05-14T17:57:05.421821+00:00,0.40036933494867,2025-10-01T00:00:00+00:00,0.02130010859138,2026-04-01T00:00:00+00:00,0.16144031701499,2026-09-01T00:00:00+00:00,0.22795671337782,2026-09-30T00:00:00+00:00
2982262,Spot Grid,1,BNBBTC,1.0,85298216,2024-01-22T02:39:50.421821+00:00,0.169503012079,2025-10-01T00:00:00+00:00,0.2152131611,2026-04-01T00:00:00+00:00,0.201272660701,2026-09-01T00:00:00+00:00,0.22723266611,2026-09-30T00:00:00+00:00
6868305,Spot Grid,1,ETHUSDT,1.0,52465308,2025-02-05T02:54:58.421821+00:00,0.307603427752,2025-10-01T00:00:00+00:00,0.0576398762808,2026-04-01T00:00:00+00:00,0.1712225455508,2026-09-01T00:00:00+00:00,0.2269419501824,2026-09-30T00:00:00+00:00
3803657,Spot Grid,1,BNBBTC,1.0,80608198,2024-03-16T09:26:48.421821+00:00,0.14717775414,2025-10-01T00:00:00+00:00,0.200600918,2026-04-01T00:00:00+00:00,0.21507316049,2026-09-01T00:00:00+00:00,0.22685402526,2026-09-30T00:00:00+00:00
5123663,Spot Grid,1,BTCUSDT,1.0,67797616,2024-08-11T15:56:30.421821+00:00,0.40017555427907,2025-10-01T00:00:00+00:00,0.07710229544884,2026-04-01T00:00:00+00:00,0.17927694967779,2026-09-01T00:00:00+00:00,0.22563082357343,2026-09-30T00:00:00+00:00
7550033,Spot Grid,1,ETHUSDT,1.0,43829825,2025-05-16T01:39:41.421821+00:00,0.12912171074545,2025-10-01T00:00:00+00:00,-0.0073441227624,2026-04-01T00:00:00+00:00,0.15864262696958,2026-09-01T00:00:00+00:00,0.2253548030915,2026-09-30T00:00:00+00:00
8505298,Spot Grid,1,PUMPUSDT,1.0,33127102,2025-09-16T22:38:24.421821+00:00,-0.05469974622667,2025-10-01T00:00:00+00:00,-0.59797486332,2026-04-01T00:00:00+00:00,-0.03815484618,2026-09-01T00:00:00+00:00,0.22340412876667,2026-09-30T00:00:00+00:00
7038785,Spot Grid,1,SOLUSDT,1.0,50329659,2025-03-01T20:09:07.421821+00:00,0.16564217525223,2025-10-01T00:00:00+00:00,-0.04572387697329,2026-04-01T00:00:00+00:00,0.1102959378635,2026-09-01T00:00:00+00:00,0.22149548451039,2026-09-30T00:00:00+00:00
7740436,Spot Grid,1,ETHUSDT,1.0,41556146,2025-06-11T09:14:20.421821+00:00,0.27478285819661,2025-10-01T00:00:00+00:00,0.04335718804322,2026-04-01T00:00:00+00:00,0.16396599301187,2026-09-01T00:00:00+00:00,0.22084602722956,2026-09-30T00:00:00+00:00
5801058,Spot Grid,1,BTCUSDT,1.0,59583559,2024-11-14T17:37:27.421821+00:00,0.21013763121517,2025-10-01T00:00:00+00:00,0.05612465980676,2026-04-01T00:00:00+00:00,0.17538772569842,2026-09-01T00:00:00+00:00,0.22080524856789,2026-09-30T00:00:00+00:00
6320458,Spot Grid,1,BNBUSDT,1.0,57144677,2024-12-12T23:05:29.421821+00:00,0.15828661910204,2025-10-01T00:00:00+00:00,0.03956092277551,2026-04-01T00:00:00+00:00,0.1557345937551,2026-09-01T00:00:00+00:00,0.21993868061224,2026-09-30T00:00:00+00:00
7218099,Spot Grid,1,SOLUSDT,1.0,47822634,2025-03-30T20:32:52.421821+00:00,0.08168686692,2025-10-01T00:00:00+00:00,-0.06461548928,2026-04-01T00:00:00+00:00,0.08694129844,2026-09-01T00:00:00+00:00,0.21923070151,2026-09-30T00:00:00+00:00
7140573,Spot Grid,1,DOGEUSDT,1.0,48956483,2025-03-17T17:35:23.421821+00:00,0.31671344967492,2025-10-01T00:00:00+00:00,0.17625888428357,2026-04-01T00:00:00+00:00,0.14211029488622,2026-09-01T00:00:00+00:00,0.21855335527632,2026-09-30T00:00:00+00:00
7101295,Spot Grid,1,TRXBTC,1.0,49517880,2025-03-11T05:38:46.421821+00:00,0.02789123513153,2025-10-01T00:00:00+00:00,0.2994666745021,2026-04-01T00:00:00+00:00,0.26298717749868,2026-09-01T00:00:00+00:00,0.2184253531647,2026-09-30T00:00:00+00:00
6016247,Spot Grid,1,BTCUSDT,1.0,58530385,2024-11-26T22:10:21.421821+00:00,0.20506033699,2025-10-01T00:00:00+00:00,0.047988134162,2026-04-01T00:00:00+00:00,0.1582781407587,2026-09-01T00:00:00+00:00,0.2173715856523,2026-09-30T00:00:00+00:00
8054276,Spot Grid,1,BNBETH,1.0,38010020,2025-07-22T10:16:26.421821+00:00,0.12164913003802,2025-10-01T00:00:00+00:00,0.23671215878327,2026-04-01T00:00:00+00:00,0.20543507589354,2026-09-01T00:00:00+00:00,0.2161108365019,2026-09-30T00:00:00+00:00
5417129,Spot Grid,1,BNBBTC,1.0,63304693,2024-10-02T15:58:33.421821+00:00,0.0262916478,2025-10-01T00:00:00+00:00,0.1412229291,2026-04-01T00:00:00+00:00,0.18154873015,2026-09-01T00:00:00+00:00,0.2150588673,2026-09-30T00:00:00+00:00
5080885,Spot Grid,1,ETHUSDC,1.0,68473967,2024-08-03T20:03:59.421821+00:00,0.26253404875182,2025-10-01T00:00:00+00:00,0.02892692082273,2026-04-01T00:00:00+00:00,0.15347993854509,2026-09-01T00:00:00+00:00,0.21462439032364,2026-09-30T00:00:00+00:00
6119006,Spot Grid,1,ETHUSDT,1.0,58035059,2024-12-02T15:45:47.421821+00:00,0.21651095924459,2025-10-01T00:00:00+00:00,0.03350894386374,2026-04-01T00:00:00+00:00,0.14526050479879,2026-09-01T00:00:00+00:00,0.2121594691383,2026-09-30T00:00:00+00:00
5082904,Spot Grid,1,BTCFDUSD,1.0,68419651,2024-08-04T11:09:15.421821+00:00,0.38966985136356,2025-10-01T00:00:00+00:00,-0.0010800407116,2026-04-01T00:00:00+00:00,0.14229682935702,2026-09-01T00:00:00+00:00,0.21208005697289,2026-09-30T00:00:00+00:00
7874042,Spot Grid,1,TRXETH,1.0,39485995,2025-07-05T08:16:51.421821+00:00,-0.21615464056,2025-10-01T00:00:00+00:00,0.2639926655,2026-04-01T00:00:00+00:00,0.25272928083,2026-09-01T00:00:00+00:00,0.21038656076,2026-09-30T00:00:00+00:00
5910986,Spot Grid,1,BTCFDUSD,1.0,59047431,2024-11-20T22:32:55.421821+00:00,0.19493966858254,2025-10-01T00:00:00+00:00,0.03853732454924,2026-04-01T00:00:00+00:00,0.15225238043955,2026-09-01T00:00:00+00:00,0.20899504321943,2026-09-30T00:00:00+00:00
7740118,Spot Grid,1,ETHUSDT,1.0,41559611,2025-06-11T08:16:35.421821+00:00,0.21184577055483,2025-10-01T00:00:00+00:00,0.04234185109842,2026-04-01T00:00:00+00:00,0.15554233691474,2026-09-01T00:00:00+00:00,0.20882841546804,2026-09-30T00:00:00+00:00
3791560,Spot Grid,1,BNBBTC,1.0,80664562,2024-03-15T17:47:24.421821+00:00,0.08875604910564,2025-10-01T00:00:00+00:00,0.16912492878839,2026-04-01T00:00:00+00:00,0.19001387141411,2026-09-01T00:00:00+00:00,0.20854576240297,2026-09-30T00:00:00+00:00
3809333,Spot Grid,1,BNBBTC,1.0,80585469,2024-03-16T15:45:37.421821+00:00,0.17743207717406,2025-10-01T00:00:00+00:00,0.18198442052735,2026-04-01T00:00:00+00:00,0.17738903854133,2026-09-01T00:00:00+00:00,0.207411790632,2026-09-30T00:00:00+00:00
7271466,Spot Grid,1,DOGEUSDT,1.0,46995570,2025-04-09T10:17:16.421821+00:00,0.44838134459459,2025-10-01T00:00:00+00:00,0.16366025101351,2026-04-01T00:00:00+00:00,0.12522769182432,2026-09-01T00:00:00+00:00,0.20687808777027,2026-09-30T00:00:00+00:00
7544193,Spot Grid,1,ETHUSDT,1.0,43891301,2025-05-15T08:35:05.421821+00:00,0.097845553334,2025-10-01T00:00:00+00:00,0.005106724284,2026-04-01T00:00:00+00:00,0.153241489373,2026-09-01T00:00:00+00:00,0.206506405302,2026-09-30T00:00:00+00:00
5219213,Spot Grid,1,DOGEUSDT,1.0,66332812,2024-08-28T14:49:54.421821+00:00,0.0528497288,2025-10-01T00:00:00+00:00,0.07353996695,2026-04-01T00:00:00+00:00,0.076271694,2026-09-01T00:00:00+00:00,0.2061049683,2026-09-30T00:00:00+00:00
7995425,Spot Grid,1,ETHBTC,1.0,38391727,2025-07-18T00:14:39.421821+00:00,0.19000070295734,2025-10-01T00:00:00+00:00,0.15882634663701,2026-04-01T00:00:00+00:00,0.18731157414289,2026-09-01T00:00:00+00:00,0.205321444648,2026-09-30T00:00:00+00:00
5783988,Spot Grid,1,BTCUSDT,1.0,59643446,2024-11-14T00:59:20.421821+00:00,0.18496727073333,2025-10-01T00:00:00+00:00,0.03762886138667,2026-04-01T00:00:00+00:00,0.15033421740533,2026-09-01T00:00:00+00:00,0.20504663108667,2026-09-30T00:00:00+00:00
7036415,Spot Grid,1,BTCUSDT,1.0,50361065,2025-03-01T11:25:41.421821+00:00,0.1196506337,2025-10-01T00:00:00+00:00,0.01608330028,2026-04-01T00:00:00+00:00,0.152514258164,2026-09-01T00:00:00+00:00,0.201113944548,2026-09-30T00:00:00+00:00
5193069,Spot Grid,1,SOLUSDT,1.0,66700927,2024-08-24T08:34:39.421821+00:00,0.38071521786,2025-10-01T00:00:00+00:00,-0.03486325736,2026-04-01T00:00:00+00:00,0.10359860004667,2026-09-01T00:00:00+00:00,0.20077720424,2026-09-30T00:00:00+00:00
7746001,Spot Grid,1,ETHUSDT,1.0,41507502,2025-06-11T22:45:04.421821+00:00,0.20242301095307,2025-10-01T00:00:00+00:00,0.03558264318659,2026-04-01T00:00:00+00:00,0.14724715933017,2026-09-01T00:00:00+00:00,0.19991838852626,2026-09-30T00:00:00+00:00
5889159,Spot Grid,1,BTCUSDT,1.0,59154618,2024-11-19T16:46:28.421821+00:00,0.19051680031667,2025-10-01T00:00:00+00:00,0.03250481253733,2026-04-01T00:00:00+00:00,0.14398197380798,2026-09-01T00:00:00+00:00,0.19926644045809,2026-09-30T00:00:00+00:00
7209818,Spot Grid,1,SOLUSDC,1.0,47980680,2025-03-29T00:38:46.421821+00:00,0.30247571939125,2025-10-01T00:00:00+00:00,-0.06862599692415,2026-04-01T00:00:00+00:00,0.07633733490425,2026-09-01T00:00:00+00:00,0.19860035600193,2026-09-30T00:00:00+00:00
6862703,Spot Grid,1,ETHEUR,1.0,52520983,2025-02-04T11:27:03.421821+00:00,0.24709738873455,2025-10-01T00:00:00+00:00,-0.01098880290556,2026-04-01T00:00:00+00:00,0.12004247982259,2026-09-01T00:00:00+00:00,0.19682857043037,2026-09-30T00:00:00+00:00
5444628,Spot Grid,1,NEARUSDT,1.0,62816884,2024-10-08T07:28:42.421821+00:00,-0.2514408668,2025-10-01T00:00:00+00:00,-0.520878923,2026-04-01T00:00:00+00:00,-0.3829013144,2026-09-01T00:00:00+00:00,0.1961152528,2026-09-30T00:00:00+00:00
5870072,Spot Grid,1,BTCUSDT,1.0,59247945,2024-11-18T14:51:01.421821+00:00,0.14781619145103,2025-10-01T00:00:00+00:00,0.02649071828414,2026-04-01T00:00:00+00:00,0.14875022104561,2026-09-01T00:00:00+00:00,0.19390482181198,2026-09-30T00:00:00+00:00
7271702,Spot Grid,1,TRXBNB,1.0,46991182,2025-04-09T11:30:24.421821+00:00,-0.06445083548963,2025-10-01T00:00:00+00:00,0.19741774302073,2026-04-01T00:00:00+00:00,0.20359701306986,2026-09-01T00:00:00+00:00,0.19388155171901,2026-09-30T00:00:00+00:00
5901784,Spot Grid,1,BTCUSDT,1.0,59090012,2024-11-20T10:43:14.421821+00:00,0.18289524866667,2025-10-01T00:00:00+00:00,0.02764585266667,2026-04-01T00:00:00+00:00,0.13792733982333,2026-09-01T00:00:00+00:00,0.19261958837333,2026-09-30T00:00:00+00:00
6942182,Spot Grid,1,ETHBTC,1.0,51568452,2025-02-15T12:02:34.421821+00:00,0.211527393,2025-10-01T00:00:00+00:00,0.1528149715,2026-04-01T00:00:00+00:00,0.17654418175,2026-09-01T00:00:00+00:00,0.19207124,2026-09-30T00:00:00+00:00
5186116,Spot Grid,1,BTCFDUSD,1.0,66764038,2024-08-23T15:02:48.421821+00:00,0.238588631173,2025-10-01T00:00:00+00:00,-0.0006186118324,2026-04-01T00:00:00+00:00,0.135901448435,2026-09-01T00:00:00+00:00,0.1913464615499,2026-09-30T00:00:00+00:00
7534939,Spot Grid,1,ETHUSDT,1.0,43982158,2025-05-14T07:20:48.421821+00:00,0.08899278024,2025-10-01T00:00:00+00:00,-0.007422816204,2026-04-01T00:00:00+00:00,0.137482301286,2026-09-01T00:00:00+00:00,0.189920515724,2026-09-30T00:00:00+00:00
6128683,Spot Grid,1,XRPUSDT,1.0,57998446,2024-12-03T01:56:00.421821+00:00,0.30706394892335,2025-10-01T00:00:00+00:00,0.10769222342421,2026-04-01T00:00:00+00:00,0.13762182148148,2026-09-01T00:00:00+00:00,0.18862537517104,2026-09-30T00:00:00+00:00
4325048,Spot Grid,1,BNBETH,1.0,77152898,2024-04-25T09:15:08.421821+00:00,0.0619169025,2025-10-01T00:00:00+00:00,0.192208212,2026-04-01T00:00:00+00:00,0.17987072575,2026-09-01T00:00:00+00:00,0.18823621125,2026-09-30T00:00:00+00:00
6840692,Spot Grid,1,NEARUSDT,1.0,52715260,2025-02-02T05:29:06.421821+00:00,-0.326809261,2025-10-01T00:00:00+00:00,-0.6397714855,2026-04-01T00:00:00+00:00,-0.479505412,2026-09-01T00:00:00+00:00,0.18800458575,2026-09-30T00:00:00+00:00
6968538,Spot Grid,1,BNBBTC,1.0,51207544,2025-02-19T16:17:42.421821+00:00,0.18516276908657,2025-10-01T00:00:00+00:00,0.25558016428085,2026-04-01T00:00:00+00:00,0.17181774693252,2026-09-01T00:00:00+00:00,0.18751537048398,2026-09-30T00:00:00+00:00
6557733,Spot Grid,1,NEARUSDT,1.0,55184779,2025-01-04T15:30:27.421821+00:00,-0.2554651608,2025-10-01T00:00:00+00:00,-0.5161170786,2026-04-01T00:00:00+00:00,-0.3166501776,2026-09-01T00:00:00+00:00,0.186579867,2026-09-30T00:00:00+00:00
5687838,Spot Grid,1,BTCUSDT,1.0,60008618,2024-11-09T19:33:08.421821+00:00,0.09730856088,2025-10-01T00:00:00+00:00,0.046694333048,2026-04-01T00:00:00+00:00,0.1575231258344,2026-09-01T00:00:00+00:00,0.1861638293516,2026-09-30T00:00:00+00:00
6029124,Spot Grid,1,BTCUSDT,1.0,58472931,2024-11-27T14:07:55.421821+00:00,0.1858376656,2025-10-01T00:00:00+00:00,0.01634529073,2026-04-01T00:00:00+00:00,0.129849079443,2026-09-01T00:00:00+00:00,0.186132572737,2026-09-30T00:00:00+00:00
7037470,Spot Grid,1,SOLBTC,1.0,50347624,2025-03-01T15:09:42.421821+00:00,0.173920764646,2025-10-01T00:00:00+00:00,0.0564340917,2026-04-01T00:00:00+00:00,0.1137001492,2026-09-01T00:00:00+00:00,0.184208761964,2026-09-30T00:00:00+00:00
7108334,Spot Grid,1,BTCUSDT,1.0,49411260,2025-03-12T11:15:46.421821+00:00,0.080404642305,2025-10-01T00:00:00+00:00,0.004983738875,2026-04-01T00:00:00+00:00,0.13807643467825,2026-09-01T00:00:00+00:00,0.18346732984412,2026-09-30T00:00:00+00:00
2647824,Spot Grid,1,SOLUSDT,1.0,87980419,2023-12-22T01:36:27.421821+00:00,0.70743281507439,2025-10-01T00:00:00+00:00,-0.14052988847643,2026-04-01T00:00:00+00:00,0.04429275181896,2026-09-01T00:00:00+00:00,0.18231406860096,2026-09-30T00:00:00+00:00
5989286,Spot Grid,1,BTCFDUSD,1.0,58716447,2024-11-24T18:29:19.421821+00:00,0.2534959856795,2025-10-01T00:00:00+00:00,0.0255802352162,2026-04-01T00:00:00+00:00,0.1280867649125,2026-09-01T00:00:00+00:00,0.181635670361,2026-09-30T00:00:00+00:00
7152080,Spot Grid,1,DOGEUSDT,1.0,48788198,2025-03-19T16:20:08.421821+00:00,0.37645673001046,2025-10-01T00:00:00+00:00,0.1523989369829,2026-04-01T00:00:00+00:00,0.10961823250286,2026-09-01T00:00:00+00:00,0.18160928480776,2026-09-30T00:00:00+00:00
7623647,Spot Grid,1,BNBUSDT,1.0,43137055,2025-05-24T02:05:51.421821+00:00,0.16766837918667,2025-10-01T00:00:00+00:00,0.04629008406667,2026-04-01T00:00:00+00:00,0.12939176028,2026-09-01T00:00:00+00:00,0.18129804227333,2026-09-30T00:00:00+00:00
5824378,Spot Grid,1,BTCUSDT,1.0,59472505,2024-11-16T00:28:21.421821+00:00,0.25082109712,2025-10-01T00:00:00+00:00,0.01244780628,2026-04-01T00:00:00+00:00,0.1280537317224,2026-09-01T00:00:00+00:00,0.180827807876,2026-09-30T00:00:00+00:00
6429198,Spot Grid,1,ETHUSDT,1.0,56384628,2024-12-21T18:12:58.421821+00:00,0.18622402306518,2025-10-01T00:00:00+00:00,0.00752500966385,2026-04-01T00:00:00+00:00,0.11387393431113,2026-09-01T00:00:00+00:00,0.17999821999032,2026-09-30T00:00:00+00:00
6157073,Spot Grid,1,LINKUSDT,1.0,57876095,2024-12-04T11:55:11.421821+00:00,0.2846431336,2025-10-01T00:00:00+00:00,-0.0906248543,2026-04-01T00:00:00+00:00,0.0294030995,2026-09-01T00:00:00+00:00,0.17985344776,2026-09-30T00:00:00+00:00
4790905,Spot Grid,1,BNBBTC,1.0,72964663,2024-06-12T20:39:03.421821+00:00,0.04803376932271,2025-10-01T00:00:00+00:00,0.13897972802125,2026-04-01T00:00:00+00:00,0.15614605976096,2026-09-01T00:00:00+00:00,0.17934551341301,2026-09-30T00:00:00+00:00
5694874,Spot Grid,1,BTCUSDT,1.0,59966374,2024-11-10T07:17:12.421821+00:00,0.29968515753,2025-10-01T00:00:00+00:00,0.021457600938,2026-04-01T00:00:00+00:00,0.1325220400598,2026-09-01T00:00:00+00:00,0.1779417348122,2026-09-30T00:00:00+00:00
3851260,Spot Grid,1,ETHUSDT,1.0,80364138,2024-03-19T05:14:28.421821+00:00,0.414031330256,2025-10-01T00:00:00+00:00,-0.037794280768,2026-04-01T00:00:00+00:00,0.096391807412,2026-09-01T00:00:00+00:00,0.177718187796,2026-09-30T00:00:00+00:00
8592996,Spot Grid,1,UNIUSDC,1.0,32045471,2025-09-29T11:05:35.421821+00:00,-0.00215581058333,2025-10-01T00:00:00+00:00,-0.41087666135833,2026-04-01T00:00:00+00:00,-0.18500021906333,2026-09-01T00:00:00+00:00,0.17721636351667,2026-09-30T00:00:00+00:00
7469976,Spot Grid,1,DOGEUSDT,1.0,44442691,2025-05-08T23:25:15.421821+00:00,0.20281755396875,2025-10-01T00:00:00+00:00,0.14172083815625,2026-04-01T00:00:00+00:00,0.11046389621875,2026-09-01T00:00:00+00:00,0.1768183599375,2026-09-30T00:00:00+00:00
5418359,Spot Grid,1,BNBETH,1.0,63285071,2024-10-02T21:25:35.421821+00:00,0.08120377901886,2025-10-01T00:00:00+00:00,0.15358827764697,2026-04-01T00:00:00+00:00,0.16517567962015,2026-09-01T00:00:00+00:00,0.1759450466053,2026-09-30T00:00:00+00:00
6585827,Spot Grid,1,BNBUSDT,1.0,54937306,2025-01-07T12:15:00.421821+00:00,0.12078641382369,2025-10-01T00:00:00+00:00,-0.03818377140546,2026-04-01T00:00:00+00:00,0.0738331502133,2026-09-01T00:00:00+00:00,0.17533302062595,2026-09-30T00:00:00+00:00
6175179,Spot Grid,1,LINKUSDT,1.0,57808412,2024-12-05T06:43:14.421821+00:00,0.28262149506953,2025-10-01T00:00:00+00:00,-0.09729592920354,2026-04-01T00:00:00+00:00,0.0233614136536,2026-09-01T00:00:00+00:00,0.17460718690265,2026-09-30T00:00:00+00:00
6163689,Spot Grid,1,LINKUSDT,1.0,57854744,2024-12-04T17:51:02.421821+00:00,0.2779653875,2025-10-01T00:00:00+00:00,-0.09661360575,2026-04-01T00:00:00+00:00,0.02365462725,2026-09-01T00:00:00+00:00,0.1744280088,2026-09-30T00:00:00+00:00
6165090,Spot Grid,1,LINKUSDT,1.0,57850129,2024-12-04T19:07:57.421821+00:00,0.2801039441,2025-10-01T00:00:00+00:00,-0.095904136,2026-04-01T00:00:00+00:00,0.02410256852,2026-09-01T00:00:00+00:00,0.17432973128,2026-09-30T00:00:00+00:00
5698687,Spot Grid,1,ETHUSDT,1.0,59950019,2024-11-10T11:49:47.421821+00:00,0.10674065916577,2025-10-01T00:00:00+00:00,0.0182693365086,2026-04-01T00:00:00+00:00,0.13033419258915,2026-09-01T00:00:00+00:00,0.17347517193217,2026-09-30T00:00:00+00:00
7221761,Spot Grid,1,SOLUSDC,1.0,47753881,2025-03-31T15:38:45.421821+00:00,0.26628294332177,2025-10-01T00:00:00+00:00,-0.09695925916015,2026-04-01T00:00:00+00:00,0.06910376343047,2026-09-01T00:00:00+00:00,0.17324742188584,2026-09-30T00:00:00+00:00
5699120,Spot Grid,1,ETHUSDT,1.0,59948284,2024-11-10T12:18:42.421821+00:00,0.309703159756,2025-10-01T00:00:00+00:00,-0.006625676854,2026-04-01T00:00:00+00:00,0.102850162298,2026-09-01T00:00:00+00:00,0.169453933816,2026-09-30T00:00:00+00:00
5725987,Spot Grid,1,BTCUSDC,1.0,59840113,2024-11-11T18:21:33.421821+00:00,0.11679364987714,2025-10-01T00:00:00+00:00,-0.02088756465286,2026-04-01T00:00:00+00:00,0.11177696555857,2026-09-01T00:00:00+00:00,0.16844208831238,2026-09-30T00:00:00+00:00
5143778,Spot Grid,1,BNBBTC,1.0,67436438,2024-08-15T20:16:08.421821+00:00,0.05115850050488,2025-10-01T00:00:00+00:00,0.11279695321441,2026-04-01T00:00:00+00:00,0.146302015483,2026-09-01T00:00:00+00:00,0.16818337192864,2026-09-30T00:00:00+00:00
7612658,Spot Grid,1,ETHUSDT,1.0,43219750,2025-05-23T03:07:36.421821+00:00,0.08191885057463,2025-10-01T00:00:00+00:00,-0.02818886716492,2026-04-01T00:00:00+00:00,0.11565302760347,2026-09-01T00:00:00+00:00,0.16795628560248,2026-09-30T00:00:00+00:00
8335207,Spot Grid,1,ETHFDUSD,1.0,35060703,2025-08-25T13:31:43.421821+00:00,0.00030626035779,2025-10-01T00:00:00+00:00,-0.02185878939196,2026-04-01T00:00:00+00:00,0.10916678520603,2026-09-01T00:00:00+00:00,0.1669811726794,2026-09-30T00:00:00+00:00
7529009,Spot Grid,1,ETHEUR,1.0,44022837,2025-05-13T20:02:49.421821+00:00,0.158915190838,2025-10-01T00:00:00+00:00,-0.0393555863633,2026-04-01T00:00:00+00:00,0.0896953821462,2026-09-01T00:00:00+00:00,0.1669781579507,2026-09-30T00:00:00+00:00
7002054,Spot Grid,1,ETHBTC,1.0,50791495,2025-02-24T11:51:51.421821+00:00,0.23784618792619,2025-10-01T00:00:00+00:00,0.12789690974729,2026-04-01T00:00:00+00:00,0.14887497027677,2026-09-01T00:00:00+00:00,0.16612839149619,2026-09-30T00:00:00+00:00
6974349,Spot Grid,1,ETHBTC,1.0,51116702,2025-02-20T17:31:44.421821+00:00,0.241664476625,2025-10-01T00:00:00+00:00,0.125229765375,2026-04-01T00:00:00+00:00,0.1473807834,2026-09-01T00:00:00+00:00,0.16571873,2026-09-30T00:00:00+00:00
5652523,Spot Grid,1,BTCUSDT,1.0,60265730,2024-11-06T20:07:56.421821+00:00,0.2879162755,2025-10-01T00:00:00+00:00,0.008756214194,2026-04-01T00:00:00+00:00,0.1199162714979,2026-09-01T00:00:00+00:00,0.1653831846541,2026-09-30T00:00:00+00:00
5827294,Spot Grid,1,NEARUSDT,1.0,59458847,2024-11-16T04:15:59.421821+00:00,-0.26374231166667,2025-10-01T00:00:00+00:00,-0.51722076818667,2026-04-01T00:00:00+00:00,-0.38741597462667,2026-09-01T00:00:00+00:00,0.16530868317333,2026-09-30T00:00:00+00:00
4620585,Spot Grid,1,ETHUSDT,1.0,74452195,2024-05-26T15:26:51.421821+00:00,0.20539389714634,2025-10-01T00:00:00+00:00,-0.00203376583415,2026-04-01T00:00:00+00:00,0.10136609048537,2026-09-01T00:00:00+00:00,0.16513972568293,2026-09-30T00:00:00+00:00
5784783,Spot Grid,1,LINKBTC,1.0,59640150,2024-11-14T01:54:16.421821+00:00,0.20378264323475,2025-10-01T00:00:00+00:00,-0.11762056629265,2026-04-01T00:00:00+00:00,-0.01560293847045,2026-09-01T00:00:00+00:00,0.16497507783725,2026-09-30T00:00:00+00:00
5663252,Spot Grid,1,ETHUSDT,1.0,60185771,2024-11-07T18:20:35.421821+00:00,0.34058559313111,2025-10-01T00:00:00+00:00,-0.02981652611111,2026-04-01T00:00:00+00:00,0.09188608005333,2026-09-01T00:00:00+00:00,0.16495244112889,2026-09-30T00:00:00+00:00
5266631,Spot Grid,1,ETHUSDT,1.0,65388891,2024-09-08T13:01:55.421821+00:00,0.39884585423267,2025-10-01T00:00:00+00:00,-0.05107713974867,2026-04-01T00:00:00+00:00,0.08563362603067,2026-09-01T00:00:00+00:00,0.16464626026133,2026-09-30T00:00:00+00:00
8525389,Spot Grid,1,BNBETH,1.0,32941943,2025-09-19T02:04:23.421821+00:00,0.05606352847682,2025-10-01T00:00:00+00:00,0.15377854216336,2026-04-01T00:00:00+00:00,0.15892803040839,2026-09-01T00:00:00+00:00,0.16438221688742,2026-09-30T00:00:00+00:00
5677289,Spot Grid,1,ETHUSDT,1.0,60086023,2024-11-08T22:03:03.421821+00:00,0.316751056884,2025-10-01T00:00:00+00:00,-0.025037575028,2026-04-01T00:00:00+00:00,0.092728720786,2026-09-01T00:00:00+00:00,0.164317557608,2026-09-30T00:00:00+00:00
4814435,Spot Grid,1,BNBBTC,1.0,72604143,2024-06-17T00:47:43.421821+00:00,0.0478625230701,2025-10-01T00:00:00+00:00,0.12176259982254,2026-04-01T00:00:00+00:00,0.12992340860692,2026-09-01T00:00:00+00:00,0.16360554480923,2026-09-30T00:00:00+00:00
3326101,Spot Grid,1,BTCUSDT,1.0,82044538,2024-02-28T18:27:48.421821+00:00,0.38018200059727,2025-10-01T00:00:00+00:00,-0.05228732131713,2026-04-01T00:00:00+00:00,0.09212818039739,2026-09-01T00:00:00+00:00,0.16330196543983,2026-09-30T00:00:00+00:00
4973297,Spot Grid,1,BNBBTC,1.0,70064188,2024-07-16T10:20:18.421821+00:00,0.07311558887538,2025-10-01T00:00:00+00:00,0.14192831963526,2026-04-01T00:00:00+00:00,0.14287310601824,2026-09-01T00:00:00+00:00,0.16282585592705,2026-09-30T00:00:00+00:00
7289001,Spot Grid,1,BTCFDUSD,1.0,46745613,2025-04-12T07:43:13.421821+00:00,0.10843520323231,2025-10-01T00:00:00+00:00,-0.00437373812308,2026-04-01T00:00:00+00:00,0.11926796605385,2026-09-01T00:00:00+00:00,0.16233591690492,2026-09-30T00:00:00+00:00
7399775,Spot Grid,1,NEXOUSDT,1.0,45392807,2025-04-27T23:29:59.421821+00:00,0.18514051716667,2025-10-01T00:00:00+00:00,0.13319985605,2026-04-01T00:00:00+00:00,0.15001966068333,2026-09-01T00:00:00+00:00,0.16132295656667,2026-09-30T00:00:00+00:00
6783404,Spot Grid,1,ETHUSDT,1.0,53284444,2025-01-26T15:22:42.421821+00:00,0.16413416576,2025-10-01T00:00:00+00:00,-0.02021135946182,2026-04-01T00:00:00+00:00,0.10048717699636,2026-09-01T00:00:00+00:00,0.16124060353091,2026-09-30T00:00:00+00:00
5019102,Spot Grid,1,BNBBTC,1.0,69491492,2024-07-23T01:25:14.421821+00:00,0.05867626558,2025-10-01T00:00:00+00:00,0.12440860356,2026-04-01T00:00:00+00:00,0.12508538944,2026-09-01T00:00:00+00:00,0.16121169546,2026-09-30T00:00:00+00:00
7119697,Spot Grid,1,BTCUSDT,1.0,49247486,2025-03-14T08:45:20.421821+00:00,0.08289886492,2025-10-01T00:00:00+00:00,-0.012624070744,2026-04-01T00:00:00+00:00,0.1163129911496,2026-09-01T00:00:00+00:00,0.1606893043832,2026-09-30T00:00:00+00:00
6230915,Spot Grid,1,LINKUSDT,1.0,57582818,2024-12-07T21:23:08.421821+00:00,0.2638547505618,2025-10-01T00:00:00+00:00,-0.10811373707865,2026-04-01T00:00:00+00:00,0.01113637093633,2026-09-01T00:00:00+00:00,0.16061972674157,2026-09-30T00:00:00+00:00
4828752,Spot Grid,1,ETHUSDT,1.0,72366803,2024-06-19T18:43:23.421821+00:00,0.25804548287739,2025-10-01T00:00:00+00:00,8.372778236e-05,2026-04-01T00:00:00+00:00,0.10652073257526,2026-09-01T00:00:00+00:00,0.16012441208526,2026-09-30T00:00:00+00:00
5811661,Spot Grid,1,ETHUSDT,1.0,59527797,2024-11-15T09:06:49.421821+00:00,0.22768591831733,2025-10-01T00:00:00+00:00,0.01160345103733,2026-04-01T00:00:00+00:00,0.11385943605133,2026-09-01T00:00:00+00:00,0.159297168598,2026-09-30T00:00:00+00:00
6884882,Spot Grid,1,ETHUSDT,1.0,52241757,2025-02-07T17:00:49.421821+00:00,0.13246371616475,2025-10-01T00:00:00+00:00,-0.04751098676488,2026-04-01T00:00:00+00:00,0.0864229774873,2026-09-01T00:00:00+00:00,0.15831318686599,2026-09-30T00:00:00+00:00
7108154,Spot Grid,1,BTCUSDT,1.0,49413948,2025-03-12T10:30:58.421821+00:00,0.0812654956,2025-10-01T00:00:00+00:00,-0.015022277872,2026-04-01T00:00:00+00:00,0.1138781598648,2026-09-01T00:00:00+00:00,0.158236387268,2026-09-30T00:00:00+00:00
7205328,Spot Grid,1,BTCFDUSD,1.0,48053115,2025-03-28T04:31:31.421821+00:00,0.04310063785859,2025-10-01T00:00:00+00:00,-0.00949591836768,2026-04-01T00:00:00+00:00,0.1008360410101,2026-09-01T00:00:00+00:00,0.15799583063434,2026-09-30T00:00:00+00:00
6215982,Spot Grid,1,BNBUSDT,1.0,57643005,2024-12-07T04:40:01.421821+00:00,0.11243841889483,2025-10-01T00:00:00+00:00,-0.02891409588141,2026-04-01T00:00:00+00:00,0.08357682953373,2026-09-01T00:00:00+00:00,0.15795348569284,2026-09-30T00:00:00+00:00
5080808,Spot Grid,1,BTCUSDT,1.0,68390498,2024-08-04T19:15:08.421821+00:00,0.26248900658353,2025-10-01T00:00:00+00:00,-0.02299761890766,2026-04-01T00:00:00+00:00,0.10351522562302,2026-09-01T00:00:00+00:00,0.15716510992339,2026-09-30T00:00:00+00:00
7264787,Spot Grid,1,TRXBNB,1.0,47105593,2025-04-08T03:43:33.421821+00:00,-0.048096664,2025-10-01T00:00:00+00:00,0.15958079333333,2026-04-01T00:00:00+00:00,0.15800139333333,2026-09-01T00:00:00+00:00,0.15663431333333,2026-09-30T00:00:00+00:00
7775466,Spot Grid,1,TRXUSDT,1.0,41053316,2025-06-17T04:54:50.421821+00:00,0.15588053983726,2025-10-01T00:00:00+00:00,0.10581031090971,2026-04-01T00:00:00+00:00,0.1533987035389,2026-09-01T00:00:00+00:00,0.15649862860003,2026-09-30T00:00:00+00:00
6317958,Spot Grid,1,ETHUSDT,1.0,57156765,2024-12-12T19:44:01.421821+00:00,0.15367361476467,2025-10-01T00:00:00+00:00,0.00080462242489,2026-04-01T00:00:00+00:00,0.10693239293456,2026-09-01T00:00:00+00:00,0.15608916663667,2026-09-30T00:00:00+00:00
6352785,Spot Grid,1,BNBETH,1.0,56915253,2024-12-15T14:49:13.421821+00:00,0.06348459203297,2025-10-01T00:00:00+00:00,0.15408814629121,2026-04-01T00:00:00+00:00,0.15004923265797,2026-09-01T00:00:00+00:00,0.15592520518544,2026-09-30T00:00:00+00:00
5074653,Spot Grid,1,ETHUSDT,1.0,68609085,2024-08-02T06:32:01.421821+00:00,0.42062916968,2025-10-01T00:00:00+00:00,-0.067263418292,2026-04-01T00:00:00+00:00,0.071923808254,2026-09-01T00:00:00+00:00,0.155435144576,2026-09-30T00:00:00+00:00
6233962,Spot Grid,1,ETHUSDT,1.0,57572049,2024-12-08T00:22:37.421821+00:00,0.15389242589474,2025-10-01T00:00:00+00:00,0.00150277616632,2026-04-01T00:00:00+00:00,0.10635056641579,2026-09-01T00:00:00+00:00,0.15508096505895,2026-09-30T00:00:00+00:00
7966311,Spot Grid,1,BNBETH,1.0,38572877,2025-07-15T21:55:29.421821+00:00,0.04231223263027,2025-10-01T00:00:00+00:00,0.14336948014888,2026-04-01T00:00:00+00:00,0.14851330583127,2026-09-01T00:00:00+00:00,0.15468609956576,2026-09-30T00:00:00+00:00
7068569,Spot Grid,1,BTCUSDT,1.0,49997859,2025-03-05T16:19:07.421821+00:00,0.08243889158333,2025-10-01T00:00:00+00:00,-0.01619613675,2026-04-01T00:00:00+00:00,0.107258038885,2026-09-01T00:00:00+00:00,0.15408161571333,2026-09-30T00:00:00+00:00
6848034,Spot Grid,1,XLMETH,1.0,52641447,2025-02-03T01:59:19.421821+00:00,-0.0393307967033,2025-10-01T00:00:00+00:00,0.08693470085852,2026-04-01T00:00:00+00:00,0.06851538368819,2026-09-01T00:00:00+00:00,0.15354916964286,2026-09-30T00:00:00+00:00
6317096,Spot Grid,1,ETHUSDT,1.0,57160328,2024-12-12T18:44:38.421821+00:00,0.15232231017,2025-10-01T00:00:00+00:00,-0.00040604957917,2026-04-01T00:00:00+00:00,0.10472910711667,2026-09-01T00:00:00+00:00,0.15350129408667,2026-09-30T00:00:00+00:00
7930347,Spot Grid,1,ETHUSDC,1.0,38890132,2025-07-12T05:47:54.421821+00:00,0.0219851848072,2025-10-01T00:00:00+00:00,-0.0370050507,2026-04-01T00:00:00+00:00,0.0961963984032,2026-09-01T00:00:00+00:00,0.152726506516,2026-09-30T00:00:00+00:00
7137358,Spot Grid,1,BTCUSDT,1.0,49003719,2025-03-17T04:28:07.421821+00:00,0.07474459603311,2025-10-01T00:00:00+00:00,-0.02091951695125,2026-04-01T00:00:00+00:00,0.10800142389171,2026-09-01T00:00:00+00:00,0.15237517747271,2026-09-30T00:00:00+00:00
8292266,Spot Grid,1,UNIUSDT,1.0,35537177,2025-08-20T01:10:29.421821+00:00,-0.09913082850319,2025-10-01T00:00:00+00:00,-0.42889860763684,2026-04-01T00:00:00+00:00,-0.2431899921598,2026-09-01T00:00:00+00:00,0.15204556805186,2026-09-30T00:00:00+00:00
7485763,Spot Grid,1,ETHUSDT,1.0,44340087,2025-05-10T03:55:19.421821+00:00,0.071581782652,2025-10-01T00:00:00+00:00,0.02828152636933,2026-04-01T00:00:00+00:00,0.12642637827733,2026-09-01T00:00:00+00:00,0.151834831588,2026-09-30T00:00:00+00:00
6338941,Spot Grid,1,ETHUSDT,1.0,57024510,2024-12-14T08:28:16.421821+00:00,0.16273414305798,2025-10-01T00:00:00+00:00,-0.02110411058591,2026-04-01T00:00:00+00:00,0.0906656488259,2026-09-01T00:00:00+00:00,0.15160301513793,2026-09-30T00:00:00+00:00
7876506,Spot Grid,1,LINKETH,1.0,39442524,2025-07-05T20:21:22.421821+00:00,0.08793653774319,2025-10-01T00:00:00+00:00,-0.07809092957198,2026-04-01T00:00:00+00:00,0.00312205933852,2026-09-01T00:00:00+00:00,0.15122342504864,2026-09-30T00:00:00+00:00
8358874,Spot Grid,1,LINKETH,1.0,34781523,2025-08-28T19:04:43.421821+00:00,-0.00695170865957,2025-10-01T00:00:00+00:00,0.01317972379266,2026-04-01T00:00:00+00:00,0.07588112488355,2026-09-01T00:00:00+00:00,0.15064563508487,2026-09-30T00:00:00+00:00
3907498,Spot Grid,1,BNBBTC,1.0,80068845,2024-03-22T15:16:01.421821+00:00,0.05036580932498,2025-10-01T00:00:00+00:00,0.10442095476688,2026-04-01T00:00:00+00:00,0.13202961482255,2026-09-01T00:00:00+00:00,0.150262506611,2026-09-30T00:00:00+00:00
6182642,Spot Grid,1,LINKUSDT,1.0,57783043,2024-12-05T13:46:03.421821+00:00,0.25302588210023,2025-10-01T00:00:00+00:00,-0.12287742956158,2026-04-01T00:00:00+00:00,-0.00237326315865,2026-09-01T00:00:00+00:00,0.14868210534079,2026-09-30T00:00:00+00:00
8527580,Spot Grid,1,BNBETH,1.0,32915358,2025-09-19T09:27:28.421821+00:00,0.04302266966667,2025-10-01T00:00:00+00:00,0.13602251866667,2026-04-01T00:00:00+00:00,0.141877426,2026-09-01T00:00:00+00:00,0.14733923166667,2026-09-30T00:00:00+00:00
6642045,Spot Grid,1,BTCUSDC,1.0,54291236,2025-01-14T23:42:50.421821+00:00,0.13162544510445,2025-10-01T00:00:00+00:00,-0.00343099819919,2026-04-01T00:00:00+00:00,0.10424139998543,2026-09-01T00:00:00+00:00,0.14677027659271,2026-09-30T00:00:00+00:00
7487858,Spot Grid,1,ETHBTC,1.0,44322039,2025-05-10T08:56:07.421821+00:00,0.13857235668317,2025-10-01T00:00:00+00:00,0.12490254430693,2026-04-01T00:00:00+00:00,0.13948792861386,2026-09-01T00:00:00+00:00,0.14671708910891,2026-09-30T00:00:00+00:00
7128708,Spot Grid,1,BTCUSDT,1.0,49133870,2025-03-15T16:18:56.421821+00:00,0.06906737746032,2025-10-01T00:00:00+00:00,-0.02583210546825,2026-04-01T00:00:00+00:00,0.1020948585881,2026-09-01T00:00:00+00:00,0.14612550332937,2026-09-30T00:00:00+00:00
5726858,Spot Grid,1,ETHUSDT,1.0,59838013,2024-11-11T18:56:33.421821+00:00,0.28209684458,2025-10-01T00:00:00+00:00,-0.0266585563304,2026-04-01T00:00:00+00:00,0.0807244331008,2026-09-01T00:00:00+00:00,0.1460302372424,2026-09-30T00:00:00+00:00
7279047,Spot Grid,1,BTCUSDT,1.0,46899382,2025-04-10T13:00:24.421821+00:00,0.1256020964212,2025-10-01T00:00:00+00:00,0.00028313245313,2026-04-01T00:00:00+00:00,0.10777325108368,2026-09-01T00:00:00+00:00,0.14544890335887,2026-09-30T00:00:00+00:00
5731710,Spot Grid,1,BTCUSDT,1.0,59823368,2024-11-11T23:00:38.421821+00:00,0.11998139786364,2025-10-01T00:00:00+00:00,-0.02299457440909,2026-04-01T00:00:00+00:00,0.08898189274818,2026-09-01T00:00:00+00:00,0.14532599355955,2026-09-30T00:00:00+00:00
7135933,Spot Grid,1,BTCUSDC,1.0,49029597,2025-03-16T21:16:49.421821+00:00,0.26331838021872,2025-10-01T00:00:00+00:00,-0.03221156478938,2026-04-01T00:00:00+00:00,0.0856848630234,2026-09-01T00:00:00+00:00,0.14514410480648,2026-09-30T00:00:00+00:00
6012275,Spot Grid,1,ETHUSDT,1.0,58589292,2024-11-26T05:48:34.421821+00:00,0.23217896668,2025-10-01T00:00:00+00:00,-0.019414242168,2026-04-01T00:00:00+00:00,0.089042481338,2026-09-01T00:00:00+00:00,0.144691967584,2026-09-30T00:00:00+00:00
6016356,Spot Grid,1,BTCUSDT,1.0,58561281,2024-11-26T13:35:25.421821+00:00,0.17022073733333,2025-10-01T00:00:00+00:00,-0.01681795615,2026-04-01T00:00:00+00:00,0.0908721514975,2026-09-01T00:00:00+00:00,0.14461832615917,2026-09-30T00:00:00+00:00
7753760,Spot Grid,1,ETHUSDT,1.0,41404123,2025-06-13T03:28:03.421821+00:00,0.08918108081,2025-10-01T00:00:00+00:00,-0.08287197713,2026-04-01T00:00:00+00:00,0.0673096853575,2026-09-01T00:00:00+00:00,0.144460857915,2026-09-30T00:00:00+00:00
6689556,Spot Grid,1,BNBBTC,1.0,53907864,2025-01-19T10:12:22.421821+00:00,0.13883207891779,2025-10-01T00:00:00+00:00,0.12169956283888,2026-04-01T00:00:00+00:00,0.11960603545294,2026-09-01T00:00:00+00:00,0.14386507755345,2026-09-30T00:00:00+00:00
7117353,Spot Grid,1,BTCUSDT,1.0,49289321,2025-03-13T21:08:05.421821+00:00,0.06747793913333,2025-10-01T00:00:00+00:00,-0.02981552308667,2026-04-01T00:00:00+00:00,0.102152329836,2026-09-01T00:00:00+00:00,0.14368929510133,2026-09-30T00:00:00+00:00
7066434,Spot Grid,1,BTCUSDT,1.0,50021366,2025-03-05T09:47:20.421821+00:00,0.08481893899,2025-10-01T00:00:00+00:00,-0.039417297064,2026-04-01T00:00:00+00:00,0.0830444768117,2026-09-01T00:00:00+00:00,0.1434037262631,2026-09-30T00:00:00+00:00
6850667,Spot Grid,1,TRXETH,1.0,52623862,2025-02-03T06:52:24.421821+00:00,-0.01383010908092,2025-10-01T00:00:00+00:00,0.21423778965517,2026-04-01T00:00:00+00:00,0.16983008987498,2026-09-01T00:00:00+00:00,0.14320160192334,2026-09-30T00:00:00+00:00
7775526,Spot Grid,1,TRXUSDT,1.0,41052150,2025-06-17T05:14:16.421821+00:00,0.14232711290345,2025-10-01T00:00:00+00:00,0.09665608883711,2026-04-01T00:00:00+00:00,0.13996184084939,2026-09-01T00:00:00+00:00,0.14283937237543,2026-09-30T00:00:00+00:00
8534784,Spot Grid,1,BNBETH,1.0,32828503,2025-09-20T09:35:03.421821+00:00,0.0365321322601,2025-10-01T00:00:00+00:00,0.13034244065657,2026-04-01T00:00:00+00:00,0.13639582986111,2026-09-01T00:00:00+00:00,0.14206308238636,2026-09-30T00:00:00+00:00
4571357,Spot Grid,1,BNBBTC,1.0,74811712,2024-05-22T11:34:54.421821+00:00,0.0674108182381,2025-10-01T00:00:00+00:00,0.12441665390476,2026-04-01T00:00:00+00:00,0.12214961214286,2026-09-01T00:00:00+00:00,0.14145747371429,2026-09-30T00:00:00+00:00
7409383,Spot Grid,1,DOGEUSDT,1.0,45267506,2025-04-29T10:18:20.421821+00:00,0.29608524464,2025-10-01T00:00:00+00:00,0.11022852476,2026-04-01T00:00:00+00:00,0.07273631892,2026-09-01T00:00:00+00:00,0.1412041658,2026-09-30T00:00:00+00:00
7414007,Spot Grid,1,BNBBTC,1.0,45206161,2025-04-30T03:20:45.421821+00:00,0.10695199196,2025-10-01T00:00:00+00:00,0.131839688,2026-04-01T00:00:00+00:00,0.13063079516,2026-09-01T00:00:00+00:00,0.14072127992,2026-09-30T00:00:00+00:00
6644499,Spot Grid,1,BTCUSDC,1.0,54261910,2025-01-15T07:51:36.421821+00:00,0.119435103346,2025-10-01T00:00:00+00:00,-0.00354051466433,2026-04-01T00:00:00+00:00,0.10018224539467,2026-09-01T00:00:00+00:00,0.13956941714533,2026-09-30T00:00:00+00:00
7781135,Spot Grid,1,ETHUSDC,1.0,40931816,2025-06-18T14:39:50.421821+00:00,0.08340102136855,2025-10-01T00:00:00+00:00,-0.0928872766913,2026-04-01T00:00:00+00:00,0.06084188913241,2026-09-01T00:00:00+00:00,0.1389479351284,2026-09-30T00:00:00+00:00
6799855,Spot Grid,1,BNBBTC,1.0,53125935,2025-01-28T11:24:31.421821+00:00,0.13464310610345,2025-10-01T00:00:00+00:00,0.11741870868966,2026-04-01T00:00:00+00:00,0.11562764006897,2026-09-01T00:00:00+00:00,0.13878531337931,2026-09-30T00:00:00+00:00
7487906,Spot Grid,1,LTCBTC,1.0,44321781,2025-05-10T09:00:25.421821+00:00,0.00998483379285,2025-10-01T00:00:00+00:00,0.109762613555,2026-04-01T00:00:00+00:00,-0.0184559279865,2026-09-01T00:00:00+00:00,0.13807833422493,2026-09-30T00:00:00+00:00
7212434,Spot Grid,1,BTCUSDT,1.0,47931881,2025-03-29T14:12:05.421821+00:00,0.23287006117774,2025-10-01T00:00:00+00:00,-0.04429409829638,2026-04-01T00:00:00+00:00,0.07777574155259,2026-09-01T00:00:00+00:00,0.13753928602729,2026-09-30T00:00:00+00:00
7155491,Spot Grid,1,BTCUSDT,1.0,48751753,2025-03-20T02:27:33.421821+00:00,0.0533224902644,2025-10-01T00:00:00+00:00,-0.04283394202364,2026-04-01T00:00:00+00:00,0.09226103467377,2026-09-01T00:00:00+00:00,0.13734127009087,2026-09-30T00:00:00+00:00
7126435,Spot Grid,1,BTCUSDT,1.0,49164065,2025-03-15T07:55:41.421821+00:00,0.06498046164802,2025-10-01T00:00:00+00:00,-0.0263915166904,2026-04-01T00:00:00+00:00,0.09544146695592,2026-09-01T00:00:00+00:00,0.13720276443981,2026-09-30T00:00:00+00:00
6630933,Spot Grid,1,BTCUSDT,1.0,54408373,2025-01-13T15:10:33.421821+00:00,0.13811816048667,2025-10-01T00:00:00+00:00,-0.03898089083467,2026-04-01T00:00:00+00:00,0.08948028452333,2026-09-01T00:00:00+00:00,0.13709771886893,2026-09-30T00:00:00+00:00
7194635,Spot Grid,1,DOGEUSDT,1.0,48206502,2025-03-26T09:55:04.421821+00:00,0.17776988185,2025-10-01T00:00:00+00:00,0.09503311109,2026-04-01T00:00:00+00:00,0.07113779428,2026-09-01T00:00:00+00:00,0.13708627041,2026-09-30T00:00:00+00:00
7874040,Spot Grid,1,ETHUSDT,1.0,39486017,2025-07-05T08:16:29.421821+00:00,0.051377249024,2025-10-01T00:00:00+00:00,-0.066444460728,2026-04-01T00:00:00+00:00,0.079804672412,2026-09-01T00:00:00+00:00,0.136865069048,2026-09-30T00:00:00+00:00
7223002,Spot Grid,1,BTCUSDC,1.0,47739272,2025-03-31T19:42:14.421821+00:00,0.15512577863117,2025-10-01T00:00:00+00:00,-0.006206390746,2026-04-01T00:00:00+00:00,0.09770398377322,2026-09-01T00:00:00+00:00,0.13607508777102,2026-09-30T00:00:00+00:00
6443577,Spot Grid,1,ETHUSDC,1.0,56240452,2024-12-23T10:15:54.421821+00:00,0.1646952496462,2025-10-01T00:00:00+00:00,-0.04086302083083,2026-04-01T00:00:00+00:00,0.06864159783103,2026-09-01T00:00:00+00:00,0.1351664153451,2026-09-30T00:00:00+00:00
7101291,Spot Grid,1,PAXGBTC,1.0,49517925,2025-03-11T05:38:01.421821+00:00,-0.01123020366089,2025-10-01T00:00:00+00:00,0.15325529816956,2026-04-01T00:00:00+00:00,0.15225511247592,2026-09-01T00:00:00+00:00,0.1350439522158,2026-09-30T00:00:00+00:00
5969168,Spot Grid,1,ETHUSDT,1.0,58806281,2024-11-23T17:32:05.421821+00:00,0.236593259114,2025-10-01T00:00:00+00:00,-0.037329944189,2026-04-01T00:00:00+00:00,0.070407758143,2026-09-01T00:00:00+00:00,0.134947207562,2026-09-30T00:00:00+00:00
3307665,Spot Grid,1,ETHUSDT,1.0,82119737,2024-02-27T21:34:29.421821+00:00,0.21490923392133,2025-10-01T00:00:00+00:00,-0.040073426216,2026-04-01T00:00:00+00:00,0.069187054762,2026-09-01T00:00:00+00:00,0.134807907028,2026-09-30T00:00:00+00:00
6683656,Spot Grid,1,ETHUSDT,1.0,53964128,2025-01-18T18:34:38.421821+00:00,0.24308504046166,2025-10-01T00:00:00+00:00,-0.06863783402076,2026-04-01T00:00:00+00:00,0.06541576511112,2026-09-01T00:00:00+00:00,0.1347561057168,2026-09-30T00:00:00+00:00
5779904,Spot Grid,1,BTCUSDT,1.0,59658531,2024-11-13T20:47:55.421821+00:00,0.1358099876,2025-10-01T00:00:00+00:00,-0.01313417166667,2026-04-01T00:00:00+00:00,0.09575811684967,2026-09-01T00:00:00+00:00,0.13461429820033,2026-09-30T00:00:00+00:00
4753349,Spot Grid,1,BTCUSDT,1.0,73414065,2024-06-07T15:49:01.421821+00:00,0.22526391588182,2025-10-01T00:00:00+00:00,-0.04152548720182,2026-04-01T00:00:00+00:00,0.08238909248473,2026-09-01T00:00:00+00:00,0.13445399566509,2026-09-30T00:00:00+00:00
6537262,Spot Grid,1,BTCUSDT,1.0,55338166,2025-01-02T20:54:00.421821+00:00,0.10621200826829,2025-10-01T00:00:00+00:00,-0.01502364980976,2026-04-01T00:00:00+00:00,0.09465857204366,2026-09-01T00:00:00+00:00,0.13427884818756,2026-09-30T00:00:00+00:00
5866387,Spot Grid,1,BTCUSDT,1.0,59265195,2024-11-18T10:03:31.421821+00:00,0.26022147482667,2025-10-01T00:00:00+00:00,-0.02667536343733,2026-04-01T00:00:00+00:00,0.08045678073043,2026-09-01T00:00:00+00:00,0.13390789648853,2026-09-30T00:00:00+00:00
8427561,Spot Grid,1,BNBBTC,1.0,33834303,2025-09-08T18:11:43.421821+00:00,0.05030203650187,2025-10-01T00:00:00+00:00,0.10693244977167,2026-04-01T00:00:00+00:00,0.12118136633113,2026-09-01T00:00:00+00:00,0.1338460249423,2026-09-30T00:00:00+00:00
7034848,Spot Grid,1,BTCUSDT,1.0,50383827,2025-03-01T05:06:19.421821+00:00,0.0975076303,2025-10-01T00:00:00+00:00,-0.04064387157333,2026-04-01T00:00:00+00:00,0.084751476932,2026-09-01T00:00:00+00:00,0.133477863025,2026-09-30T00:00:00+00:00
8050341,Spot Grid,1,BNBETH,1.0,38040102,2025-07-22T01:55:04.421821+00:00,0.06623664824496,2025-10-01T00:00:00+00:00,0.15929488872293,2026-04-01T00:00:00+00:00,0.11472982449589,2026-09-01T00:00:00+00:00,0.13317956684093,2026-09-30T00:00:00+00:00
7109966,Spot Grid,1,BTCUSDT,1.0,49391006,2025-03-12T16:53:20.421821+00:00,0.08235018456806,2025-10-01T00:00:00+00:00,-0.01975551291461,2026-04-01T00:00:00+00:00,0.09613835378631,2026-09-01T00:00:00+00:00,0.13277342719548,2026-09-30T00:00:00+00:00
6629302,Spot Grid,1,BTCUSDT,1.0,54425928,2025-01-13T10:17:58.421821+00:00,0.21408910559,2025-10-01T00:00:00+00:00,-0.02923673021,2026-04-01T00:00:00+00:00,0.0783285223575,2026-09-01T00:00:00+00:00,0.1326938902802,2026-09-30T00:00:00+00:00
8094524,Spot Grid,1,ETHFDUSD,1.0,37658896,2025-07-26T11:48:30.421821+00:00,0.08614010245134,2025-10-01T00:00:00+00:00,-0.02611878524091,2026-04-01T00:00:00+00:00,0.08195293264575,2026-09-01T00:00:00+00:00,0.13246834779239,2026-09-30T00:00:00+00:00
6972907,Spot Grid,1,ETHUSDT,1.0,51147960,2025-02-20T08:50:46.421821+00:00,0.20563262384145,2025-10-01T00:00:00+00:00,-0.06853820822604,2026-04-01T00:00:00+00:00,0.0555251709397,2026-09-01T00:00:00+00:00,0.13165365249027,2026-09-30T00:00:00+00:00
8121387,Spot Grid,1,LINKBTC,1.0,37405713,2025-07-29T10:08:13.421821+00:00,0.1492887439573,2025-10-01T00:00:00+00:00,-0.10222775656955,2026-04-01T00:00:00+00:00,-0.00300566230959,2026-09-01T00:00:00+00:00,0.13064207208056,2026-09-30T00:00:00+00:00
3775884,Spot Grid,1,NEARUSDT,1.0,80724303,2024-03-15T01:11:43.421821+00:00,-0.17653768485294,2025-10-01T00:00:00+00:00,-0.36824636936477,2026-04-01T00:00:00+00:00,-0.27007350466314,2026-09-01T00:00:00+00:00,0.13032526734694,2026-09-30T00:00:00+00:00
6875702,Spot Grid,1,ETHUSDT,1.0,52366218,2025-02-06T06:26:28.421821+00:00,0.3103421154914,2025-10-01T00:00:00+00:00,-0.0337811465948,2026-04-01T00:00:00+00:00,0.0748741036409,2026-09-01T00:00:00+00:00,0.1288045917948,2026-09-30T00:00:00+00:00
7772770,Spot Grid,1,UNIUSDT,1.0,41090987,2025-06-16T18:26:59.421821+00:00,-0.00932931778024,2025-10-01T00:00:00+00:00,-0.5403294696878,2026-04-01T00:00:00+00:00,-0.32893670376366,2026-09-01T00:00:00+00:00,0.12831907366528,2026-09-30T00:00:00+00:00
7119980,Spot Grid,1,BTCUSDT,1.0,49243281,2025-03-14T09:55:25.421821+00:00,0.07230634981,2025-10-01T00:00:00+00:00,-0.024918514824,2026-04-01T00:00:00+00:00,0.0909129251221,2026-09-01T00:00:00+00:00,0.1277681012294,2026-09-30T00:00:00+00:00
6244960,Spot Grid,1,LINKUSDT,1.0,57519645,2024-12-08T14:56:01.421821+00:00,0.228868203,2025-10-01T00:00:00+00:00,-0.1353065288,2026-04-01T00:00:00+00:00,-0.01885412765333,2026-09-01T00:00:00+00:00,0.12711757188,2026-09-30T00:00:00+00:00
3510243,Spot Grid,1,ETHUSDT,1.0,81502851,2024-03-06T00:55:55.421821+00:00,0.28445849755342,2025-10-01T00:00:00+00:00,-0.03282730526438,2026-04-01T00:00:00+00:00,0.07116519069315,2026-09-01T00:00:00+00:00,0.12650346180411,2026-09-30T00:00:00+00:00
5967159,Spot Grid,1,ETHUSDC,1.0,58810966,2024-11-23T16:14:00.421821+00:00,0.2539812940288,2025-10-01T00:00:00+00:00,-0.078582290255,2026-04-01T00:00:00+00:00,0.057221230494,2026-09-01T00:00:00+00:00,0.1251585480475,2026-09-30T00:00:00+00:00
6245402,Spot Grid,1,LINKUSDT,1.0,57518046,2024-12-08T15:22:40.421821+00:00,0.2293304473,2025-10-01T00:00:00+00:00,-0.1357444221,2026-04-01T00:00:00+00:00,-0.02021927694,2026-09-01T00:00:00+00:00,0.12458739936,2026-09-30T00:00:00+00:00
6505277,Spot Grid,1,BTCUSDT,1.0,55677852,2024-12-29T22:32:34.421821+00:00,0.23363759905512,2025-10-01T00:00:00+00:00,-0.03097518916535,2026-04-01T00:00:00+00:00,0.07236942508346,2026-09-01T00:00:00+00:00,0.12414954908504,2026-09-30T00:00:00+00:00
7122202,Spot Grid,1,BTCUSDT,1.0,49217936,2025-03-14T16:57:50.421821+00:00,0.15138145650629,2025-10-01T00:00:00+00:00,-0.03726607305699,2026-04-01T00:00:00+00:00,0.07982395622443,2026-09-01T00:00:00+00:00,0.1238849214185,2026-09-30T00:00:00+00:00
8043703,Spot Grid,1,ETHFDUSD,1.0,38076511,2025-07-21T15:48:15.421821+00:00,0.0879754738085,2025-10-01T00:00:00+00:00,-0.0337416136875,2026-04-01T00:00:00+00:00,0.073445558905,2026-09-01T00:00:00+00:00,0.1237972130018,2026-09-30T00:00:00+00:00
7173737,Spot Grid,1,BTCUSDT,1.0,48467596,2025-03-23T09:23:30.421821+00:00,0.15666149729,2025-10-01T00:00:00+00:00,-0.015829551676,2026-04-01T00:00:00+00:00,0.0852412518373,2026-09-01T00:00:00+00:00,0.1235967631723,2026-09-30T00:00:00+00:00
7171329,Spot Grid,1,BTCUSDT,1.0,48513245,2025-03-22T20:42:41.421821+00:00,0.15688071308,2025-10-01T00:00:00+00:00,-0.0177815003,2026-04-01T00:00:00+00:00,0.084046736834,2026-09-01T00:00:00+00:00,0.12345649648,2026-09-30T00:00:00+00:00
6505681,Spot Grid,1,BTCUSDC,1.0,55672694,2024-12-29T23:58:32.421821+00:00,0.17917346517202,2025-10-01T00:00:00+00:00,-0.03214562327434,2026-04-01T00:00:00+00:00,0.07101196563035,2026-09-01T00:00:00+00:00,0.12279232792921,2026-09-30T00:00:00+00:00
6606823,Spot Grid,1,ETHUSDT,1.0,54714828,2025-01-10T02:02:58.421821+00:00,0.15839053892571,2025-10-01T00:00:00+00:00,-0.05498820595429,2026-04-01T00:00:00+00:00,0.05426050902286,2026-09-01T00:00:00+00:00,0.12266706214857,2026-09-30T00:00:00+00:00
7218270,Spot Grid,1,BTCUSDC,1.0,47819549,2025-03-30T21:24:17.421821+00:00,0.186411610905,2025-10-01T00:00:00+00:00,-0.0607214677289,2026-04-01T00:00:00+00:00,0.0612583078365,2026-09-01T00:00:00+00:00,0.122368719856,2026-09-30T00:00:00+00:00
5900511,Spot Grid,1,BTCUSDT,1.0,59097268,2024-11-20T08:42:18.421821+00:00,0.09872030184438,2025-10-01T00:00:00+00:00,-0.04097645673299,2026-04-01T00:00:00+00:00,0.06662889016659,2026-09-01T00:00:00+00:00,0.12235139427183,2026-09-30T00:00:00+00:00
4766044,Spot Grid,1,BNBBTC,1.0,73275842,2024-06-09T06:12:44.421821+00:00,-0.02171463290769,2025-10-01T00:00:00+00:00,0.09172832507692,2026-04-01T00:00:00+00:00,0.09332689203692,2026-09-01T00:00:00+00:00,0.12189601253538,2026-09-30T00:00:00+00:00
6850680,Spot Grid,1,TRXETH,1.0,52623800,2025-02-03T06:53:26.421821+00:00,-0.04852374900398,2025-10-01T00:00:00+00:00,0.20300964274969,2026-04-01T00:00:00+00:00,0.15140554031804,2026-09-01T00:00:00+00:00,0.12162163297843,2026-09-30T00:00:00+00:00
7817421,Spot Grid,1,ETHUSDC,1.0,40340174,2025-06-25T11:00:32.421821+00:00,0.067437469874,2025-10-01T00:00:00+00:00,-0.08825805475,2026-04-01T00:00:00+00:00,0.062812798756,2026-09-01T00:00:00+00:00,0.12122239588833,2026-09-30T00:00:00+00:00
5136239,Spot Grid,1,ETHUSDT,1.0,67576560,2024-08-14T05:20:46.421821+00:00,0.087097752422,2025-10-01T00:00:00+00:00,-0.016267992682,2026-04-01T00:00:00+00:00,0.097455879183,2026-09-01T00:00:00+00:00,0.120760529616,2026-09-30T00:00:00+00:00
6308398,Spot Grid,1,ETHUSDT,1.0,57201176,2024-12-12T07:23:50.421821+00:00,0.17963431112267,2025-10-01T00:00:00+00:00,-0.0444763744,2026-04-01T00:00:00+00:00,0.06351816599667,2026-09-01T00:00:00+00:00,0.1205986504,2026-09-30T00:00:00+00:00
7060129,Spot Grid,1,BNBETH,1.0,50105634,2025-03-04T10:22:52.421821+00:00,-0.03907268866375,2025-10-01T00:00:00+00:00,0.11812460700986,2026-04-01T00:00:00+00:00,0.11040439901424,2026-09-01T00:00:00+00:00,0.12051358817087,2026-09-30T00:00:00+00:00
5714117,Spot Grid,1,BTCUSDT,1.0,59893468,2024-11-11T03:32:18.421821+00:00,0.06068274863,2025-10-01T00:00:00+00:00,-0.015851330218,2026-04-01T00:00:00+00:00,0.0872089700352,2026-09-01T00:00:00+00:00,0.1195288017508,2026-09-30T00:00:00+00:00
7095236,Spot Grid,1,BTCUSDT,1.0,49604113,2025-03-10T05:41:33.421821+00:00,0.12107924424268,2025-10-01T00:00:00+00:00,-0.05469480001166,2026-04-01T00:00:00+00:00,0.07099527974752,2026-09-01T00:00:00+00:00,0.11905223333108,2026-09-30T00:00:00+00:00
7749984,Spot Grid,1,UNIUSDT,1.0,41448568,2025-06-12T15:07:18.421821+00:00,-0.02142451803064,2025-10-01T00:00:00+00:00,-0.53343999399274,2026-04-01T00:00:00+00:00,-0.33164038557598,2026-09-01T00:00:00+00:00,0.1180145479571,2026-09-30T00:00:00+00:00
8554840,Spot Grid,1,BNBETH,1.0,32602876,2025-09-23T00:15:30.421821+00:00,0.01166511069959,2025-10-01T00:00:00+00:00,0.10648664855967,2026-04-01T00:00:00+00:00,0.11225199753086,2026-09-01T00:00:00+00:00,0.11795618518519,2026-09-30T00:00:00+00:00
6012407,Spot Grid,1,BTCUSDT,1.0,58587779,2024-11-26T06:13:47.421821+00:00,0.14675890428,2025-10-01T00:00:00+00:00,-0.02616742804,2026-04-01T00:00:00+00:00,0.07884718191,2026-09-01T00:00:00+00:00,0.117831652895,2026-09-30T00:00:00+00:00
6854790,Spot Grid,1,SOLUSDC,1.0,52589486,2025-02-03T16:25:20.421821+00:00,0.256072689784,2025-10-01T00:00:00+00:00,-0.091306347375,2026-04-01T00:00:00+00:00,0.0231544079185,2026-09-01T00:00:00+00:00,0.1172385377955,2026-09-30T00:00:00+00:00
7097195,Spot Grid,1,BTCUSDT,1.0,49570670,2025-03-10T14:58:56.421821+00:00,0.04762998556396,2025-10-01T00:00:00+00:00,-0.02193654751715,2026-04-01T00:00:00+00:00,0.08600340879111,2026-09-01T00:00:00+00:00,0.11636891660674,2026-09-30T00:00:00+00:00
8543742,Spot Grid,1,BNBETH,1.0,32727989,2025-09-21T13:30:17.421821+00:00,0.01301358790549,2025-10-01T00:00:00+00:00,0.10476771165398,2026-04-01T00:00:00+00:00,0.11031951702042,2026-09-01T00:00:00+00:00,0.11586885462555,2026-09-30T00:00:00+00:00
6017272,Spot Grid,1,BTCUSDT,1.0,58555743,2024-11-26T15:07:43.421821+00:00,0.17284064551852,2025-10-01T00:00:00+00:00,-0.03348379710123,2026-04-01T00:00:00+00:00,0.07363972313741,2026-09-01T00:00:00+00:00,0.11537975279025,2026-09-30T00:00:00+00:00
6440580,Spot Grid,1,ETHBTC,1.0,56274387,2024-12-23T00:50:19.421821+00:00,0.06516913024283,2025-10-01T00:00:00+00:00,0.07151117880795,2026-04-01T00:00:00+00:00,0.0951948816777,2026-09-01T00:00:00+00:00,0.11515055187638,2026-09-30T00:00:00+00:00
8042661,Spot Grid,1,ETHBTC,1.0,38080626,2025-07-21T14:39:40.421821+00:00,0.05566987823834,2025-10-01T00:00:00+00:00,0.07464758937824,2026-04-01T00:00:00+00:00,0.10061292227979,2026-09-01T00:00:00+00:00,0.1146810880829,2026-09-30T00:00:00+00:00
5620672,Spot Grid,1,BTCUSDT,1.0,60686398,2024-11-01T23:16:48.421821+00:00,0.18312276022807,2025-10-01T00:00:00+00:00,0.05732698632982,2026-04-01T00:00:00+00:00,0.08143008460228,2026-09-01T00:00:00+00:00,0.1138389662714,2026-09-30T00:00:00+00:00
5913480,Spot Grid,1,BTCUSDT,1.0,59029402,2024-11-21T03:33:24.421821+00:00,0.15098928332,2025-10-01T00:00:00+00:00,-0.033201803808,2026-04-01T00:00:00+00:00,0.0725438693945,2026-09-01T00:00:00+00:00,0.1137904631725,2026-09-30T00:00:00+00:00
5093775,Spot Grid,1,SOLETH,1.0,36467777,2025-08-09T06:40:29.421821+00:00,0.15359263909436,2025-10-01T00:00:00+00:00,-0.00189639415964,2026-04-01T00:00:00+00:00,0.05289088325722,2026-09-01T00:00:00+00:00,0.11329484389271,2026-09-30T00:00:00+00:00
8008540,Spot Grid,1,BNBUSDT,1.0,38326860,2025-07-18T18:15:46.421821+00:00,0.0616867304,2025-10-01T00:00:00+00:00,-0.0874005898,2026-04-01T00:00:00+00:00,0.01707236345,2026-09-01T00:00:00+00:00,0.1126506731,2026-09-30T00:00:00+00:00
8541597,Spot Grid,1,BNBETH,1.0,32750647,2025-09-21T07:12:39.421821+00:00,0.0095852916,2025-10-01T00:00:00+00:00,0.1013055104,2026-04-01T00:00:00+00:00,0.1069186136,2026-09-01T00:00:00+00:00,0.11254309,2026-09-30T00:00:00+00:00
7316807,Spot Grid,1,BTCUSDT,1.0,46374703,2025-04-16T14:45:03.421821+00:00,0.04615938136881,2025-10-01T00:00:00+00:00,-0.04402846961871,2026-04-01T00:00:00+00:00,0.07142513332234,2026-09-01T00:00:00+00:00,0.11252972651091,2026-09-30T00:00:00+00:00
7235354,Spot Grid,1,BTCUSDT,1.0,47558563,2025-04-02T21:54:03.421821+00:00,0.14105120969231,2025-10-01T00:00:00+00:00,-0.05311356117846,2026-04-01T00:00:00+00:00,0.06509598657954,2026-09-01T00:00:00+00:00,0.11247657027492,2026-09-30T00:00:00+00:00
7563139,Spot Grid,1,BNBETH,1.0,43653713,2025-05-18T02:34:53.421821+00:00,0.00039406,2025-10-01T00:00:00+00:00,0.1109834504,2026-04-01T00:00:00+00:00,0.1050455274,2026-09-01T00:00:00+00:00,0.112267066,2026-09-30T00:00:00+00:00
7277394,Spot Grid,1,BTCUSDC,1.0,46925216,2025-04-10T05:49:50.421821+00:00,0.0303264753472,2025-10-01T00:00:00+00:00,-0.0537104596112,2026-04-01T00:00:00+00:00,0.073227293622,2026-09-01T00:00:00+00:00,0.1117144920704,2026-09-30T00:00:00+00:00
4753391,Spot Grid,1,ETHUSDT,1.0,73413720,2024-06-07T15:54:46.421821+00:00,0.35825395909594,2025-10-01T00:00:00+00:00,-0.1050642466374,2026-04-01T00:00:00+00:00,0.02955376695772,2026-09-01T00:00:00+00:00,0.11106588829593,2026-09-30T00:00:00+00:00
8574392,Spot Grid,1,BNBETH,1.0,32326483,2025-09-26T05:02:03.421821+00:00,0.0070379116,2025-10-01T00:00:00+00:00,0.0993942464,2026-04-01T00:00:00+00:00,0.1052364496,2026-09-01T00:00:00+00:00,0.110784592,2026-09-30T00:00:00+00:00
6249545,Spot Grid,1,TRXUSDT,1.0,57502321,2024-12-08T19:44:45.421821+00:00,0.06644358771523,2025-10-01T00:00:00+00:00,0.05224155168874,2026-04-01T00:00:00+00:00,0.10296083675497,2026-09-01T00:00:00+00:00,0.11025629576159,2026-09-30T00:00:00+00:00
6778890,Spot Grid,1,ETHUSDT,1.0,53332269,2025-01-26T02:05:37.421821+00:00,0.21722173667463,2025-10-01T00:00:00+00:00,-0.05171488247707,2026-04-01T00:00:00+00:00,0.05693951116158,2026-09-01T00:00:00+00:00,0.11019437265348,2026-09-30T00:00:00+00:00
7224200,Spot Grid,1,BTCUSDT,1.0,47716753,2025-04-01T01:57:33.421821+00:00,0.0465849797,2025-10-01T00:00:00+00:00,-0.084646911704,2026-04-01T00:00:00+00:00,0.0583986912979,2026-09-01T00:00:00+00:00,0.1101833592138,2026-09-30T00:00:00+00:00
6290842,Spot Grid,1,ETHUSDT,1.0,57280988,2024-12-11T09:13:38.421821+00:00,0.18998942752,2025-10-01T00:00:00+00:00,-0.04810025204667,2026-04-01T00:00:00+00:00,0.05008559359333,2026-09-01T00:00:00+00:00,0.10995137874,2026-09-30T00:00:00+00:00
8580026,Spot Grid,1,BNBETH,1.0,32251539,2025-09-27T01:51:07.421821+00:00,0.0072299354,2025-10-01T00:00:00+00:00,0.0984219396,2026-04-01T00:00:00+00:00,0.1038024798,2026-09-01T00:00:00+00:00,0.10954397005,2026-09-30T00:00:00+00:00
7154037,Spot Grid,1,BTCUSDT,1.0,48767891,2025-03-19T21:58:35.421821+00:00,0.15447990318182,2025-10-01T00:00:00+00:00,-0.03161880542273,2026-04-01T00:00:00+00:00,0.07039877637818,2026-09-01T00:00:00+00:00,0.10945036651,2026-09-30T00:00:00+00:00
5653790,Spot Grid,1,BTCUSDC,1.0,60257900,2024-11-06T22:18:26.421821+00:00,0.33983173122595,2025-10-01T00:00:00+00:00,-0.08105022142346,2026-04-01T00:00:00+00:00,0.05107449056215,2026-09-01T00:00:00+00:00,0.10944032557282,2026-09-30T00:00:00+00:00
8543128,Spot Grid,1,BNBETH,1.0,32734984,2025-09-21T11:33:42.421821+00:00,0.01095979192308,2025-10-01T00:00:00+00:00,0.09829777538462,2026-04-01T00:00:00+00:00,0.10364281807692,2026-09-01T00:00:00+00:00,0.10896285192308,2026-09-30T00:00:00+00:00
7754352,Spot Grid,1,SOLBTC,1.0,41396998,2025-06-13T05:26:48.421821+00:00,0.05218718679354,2025-10-01T00:00:00+00:00,-0.01783493560411,2026-04-01T00:00:00+00:00,0.05518684299524,2026-09-01T00:00:00+00:00,0.1085674435589,2026-09-30T00:00:00+00:00
7764164,Spot Grid,1,ETHUSDT,1.0,41230672,2025-06-15T03:38:54.421821+00:00,0.07950236477778,2025-10-01T00:00:00+00:00,-0.10909562564583,2026-04-01T00:00:00+00:00,0.03396880478472,2026-09-01T00:00:00+00:00,0.10834901197222,2026-09-30T00:00:00+00:00
6186641,Spot Grid,1,TRXBNB,1.0,57771554,2024-12-05T16:57:32.421821+00:00,-0.16142042362192,2025-10-01T00:00:00+00:00,0.1145367657926,2026-04-01T00:00:00+00:00,0.12665872838663,2026-09-01T00:00:00+00:00,0.10825166695766,2026-09-30T00:00:00+00:00
6854517,Spot Grid,1,BTCUSDT,1.0,52591380,2025-02-03T15:53:46.421821+00:00,0.14247038766667,2025-10-01T00:00:00+00:00,-0.05214164205556,2026-04-01T00:00:00+00:00,0.05498348957,2026-09-01T00:00:00+00:00,0.10784260484333,2026-09-30T00:00:00+00:00
8554283,Spot Grid,1,BNBETH,1.0,32611557,2025-09-22T21:50:49.421821+00:00,0.01408086749117,2025-10-01T00:00:00+00:00,0.1176751590106,2026-04-01T00:00:00+00:00,0.0929129885159,2026-09-01T00:00:00+00:00,0.10674854681979,2026-09-30T00:00:00+00:00
8144194,Spot Grid,1,BNBUSDT,1.0,37130546,2025-08-01T14:34:20.421821+00:00,0.06644009005792,2025-10-01T00:00:00+00:00,-0.07567919305019,2026-04-01T00:00:00+00:00,0.02790604975869,2026-09-01T00:00:00+00:00,0.10672776621622,2026-09-30T00:00:00+00:00
6923613,Spot Grid,1,ETHUSDT,1.0,51760604,2025-02-13T06:40:02.421821+00:00,0.09848398374,2025-10-01T00:00:00+00:00,-0.09304278645,2026-04-01T00:00:00+00:00,0.0334648186375,2026-09-01T00:00:00+00:00,0.1065622378,2026-09-30T00:00:00+00:00
5646724,Spot Grid,1,BTCUSDT,1.0,60304125,2024-11-06T09:28:01.421821+00:00,0.30998090071959,2025-10-01T00:00:00+00:00,-0.00146711253785,2026-04-01T00:00:00+00:00,0.05904474648283,2026-09-01T00:00:00+00:00,0.10618807645276,2026-09-30T00:00:00+00:00
8564404,Spot Grid,1,BNBETH,1.0,32468002,2025-09-24T13:43:24.421821+00:00,0.00132079693388,2025-10-01T00:00:00+00:00,0.09314857873313,2026-04-01T00:00:00+00:00,0.09963671780677,2026-09-01T00:00:00+00:00,0.10543462077694,2026-09-30T00:00:00+00:00
5615316,Spot Grid,1,DOGEUSDT,1.0,60753076,2024-11-01T04:45:30.421821+00:00,0.18683918366667,2025-10-01T00:00:00+00:00,0.05999955226667,2026-04-01T00:00:00+00:00,0.02527007053333,2026-09-01T00:00:00+00:00,0.10412388713333,2026-09-30T00:00:00+00:00
7259676,Spot Grid,1,BTCUSDT,1.0,47172010,2025-04-07T09:16:36.421821+00:00,0.41205083924997,2025-10-01T00:00:00+00:00,-0.08918208027804,2026-04-01T00:00:00+00:00,0.04091716109432,2026-09-01T00:00:00+00:00,0.10408879095046,2026-09-30T00:00:00+00:00
6158133,Spot Grid,1,BTCUSDT,1.0,57872677,2024-12-04T12:52:09.421821+00:00,0.16537292292,2025-10-01T00:00:00+00:00,-0.0434879258,2026-04-01T00:00:00+00:00,0.0612425469448,2026-09-01T00:00:00+00:00,0.1039792419296,2026-09-30T00:00:00+00:00
8575121,Spot Grid,1,BNBETH,1.0,32313911,2025-09-26T08:31:35.421821+00:00,0.0036904484,2025-10-01T00:00:00+00:00,0.0929252656,2026-04-01T00:00:00+00:00,0.0982647574,2026-09-01T00:00:00+00:00,0.103441852,2026-09-30T00:00:00+00:00
8063772,Spot Grid,1,ETHBTC,1.0,37944692,2025-07-23T04:25:14.421821+00:00,0.01900063925729,2025-10-01T00:00:00+00:00,0.05484604244032,2026-04-01T00:00:00+00:00,0.09280034058355,2026-09-01T00:00:00+00:00,0.10292106100796,2026-09-30T00:00:00+00:00
6021380,Spot Grid,1,BTCUSDT,1.0,58530427,2024-11-26T22:09:39.421821+00:00,0.13044510225,2025-10-01T00:00:00+00:00,-0.05304635074,2026-04-01T00:00:00+00:00,0.050686371101,2026-09-01T00:00:00+00:00,0.102754050313,2026-09-30T00:00:00+00:00
5759523,Spot Grid,1,BTCUSDT,1.0,59724654,2024-11-13T02:25:52.421821+00:00,0.190746280965,2025-10-01T00:00:00+00:00,-0.05068656226,2026-04-01T00:00:00+00:00,0.0575802223593,2026-09-01T00:00:00+00:00,0.1025854455938,2026-09-30T00:00:00+00:00
8122425,Spot Grid,1,BNBUSDT,1.0,37394826,2025-07-29T13:09:40.421821+00:00,0.05541710536,2025-10-01T00:00:00+00:00,-0.032334505025,2026-04-01T00:00:00+00:00,0.05241314221,2026-09-01T00:00:00+00:00,0.102431084965,2026-09-30T00:00:00+00:00
5756735,Spot Grid,1,BTCUSDT,1.0,59738050,2024-11-12T22:42:36.421821+00:00,0.15247834279778,2025-10-01T00:00:00+00:00,-0.06410658976731,2026-04-01T00:00:00+00:00,0.05344845982548,2026-09-01T00:00:00+00:00,0.10209492468809,2026-09-30T00:00:00+00:00
7714961,Spot Grid,1,DOGEUSDT,1.0,41888097,2025-06-07T13:01:49.421821+00:00,0.1851682908,2025-10-01T00:00:00+00:00,0.06168175875,2026-04-01T00:00:00+00:00,0.03139769835,2026-09-01T00:00:00+00:00,0.10188483345,2026-09-30T00:00:00+00:00
8527587,Spot Grid,1,BNBBTC,1.0,32915278,2025-09-19T09:28:48.421821+00:00,0.03586610675,2025-10-01T00:00:00+00:00,0.08708734,2026-04-01T00:00:00+00:00,0.07286150315,2026-09-01T00:00:00+00:00,0.1018121155,2026-09-30T00:00:00+00:00
7046596,Spot Grid,1,XRPUSDT,1.0,50244868,2025-03-02T19:42:18.421821+00:00,0.1770666888,2025-10-01T00:00:00+00:00,0.03047530244,2026-04-01T00:00:00+00:00,0.05125882916,2026-09-01T00:00:00+00:00,0.10122269396,2026-09-30T00:00:00+00:00
5720791,Spot Grid,1,BTCUSDT,1.0,59857259,2024-11-11T13:35:47.421821+00:00,0.12906361422557,2025-10-01T00:00:00+00:00,-0.07426050408399,2026-04-01T00:00:00+00:00,0.05305780479726,2026-09-01T00:00:00+00:00,0.10101293595473,2026-09-30T00:00:00+00:00
7945781,Spot Grid,1,ETHUSDT,1.0,38738771,2025-07-13T23:50:35.421821+00:00,0.01058764495238,2025-10-01T00:00:00+00:00,-0.0929854526369,2026-04-01T00:00:00+00:00,0.04496602458631,2026-09-01T00:00:00+00:00,0.1006948989881,2026-09-30T00:00:00+00:00
7068336,Spot Grid,1,ETHUSDT,1.0,50000740,2025-03-05T15:31:06.421821+00:00,0.20395697801,2025-10-01T00:00:00+00:00,-0.004226975424,2026-04-01T00:00:00+00:00,0.065449040713,2026-09-01T00:00:00+00:00,0.10056703016,2026-09-30T00:00:00+00:00
6491063,Spot Grid,1,BTCUSDT,1.0,55820036,2024-12-28T07:02:50.421821+00:00,0.1684095706,2025-10-01T00:00:00+00:00,-0.04670342214,2026-04-01T00:00:00+00:00,0.0514654451985,2026-09-01T00:00:00+00:00,0.1003211225955,2026-09-30T00:00:00+00:00
6411742,Spot Grid,1,BNBUSDT,1.0,56494070,2024-12-20T11:48:56.421821+00:00,0.1325596977284,2025-10-01T00:00:00+00:00,-0.00544233514815,2026-04-01T00:00:00+00:00,0.05320012962963,2026-09-01T00:00:00+00:00,0.10031459354321,2026-09-30T00:00:00+00:00
5786648,Spot Grid,1,BTCUSDT,1.0,59633524,2024-11-14T03:44:42.421821+00:00,0.21394618785,2025-10-01T00:00:00+00:00,-0.06299023238,2026-04-01T00:00:00+00:00,0.04805291398725,2026-09-01T00:00:00+00:00,0.09838052283375,2026-09-30T00:00:00+00:00
8201468,Spot Grid,1,BNBUSDT,1.0,36439066,2025-08-09T14:39:00.421821+00:00,0.08005997053846,2025-10-01T00:00:00+00:00,-0.061771788,2026-04-01T00:00:00+00:00,0.03042470119231,2026-09-01T00:00:00+00:00,0.09815619930769,2026-09-30T00:00:00+00:00
7124086,Spot Grid,1,BTCUSDT,1.0,49198701,2025-03-14T22:18:25.421821+00:00,0.06821572305882,2025-10-01T00:00:00+00:00,-0.07639399589412,2026-04-01T00:00:00+00:00,0.03738260246824,2026-09-01T00:00:00+00:00,0.09752752210235,2026-09-30T00:00:00+00:00
8052667,Spot Grid,1,ETHBTC,1.0,38022507,2025-07-22T06:48:19.421821+00:00,0.08405383501199,2025-10-01T00:00:00+00:00,0.06004911606715,2026-04-01T00:00:00+00:00,0.08349233635492,2026-09-01T00:00:00+00:00,0.0974375059952,2026-09-30T00:00:00+00:00
6444706,Spot Grid,1,BTCUSDT,1.0,56230326,2024-12-23T13:04:40.421821+00:00,0.16263172215,2025-10-01T00:00:00+00:00,-0.04877064854,2026-04-01T00:00:00+00:00,0.048812960611,2026-09-01T00:00:00+00:00,0.097379624383,2026-09-30T00:00:00+00:00
8571092,Spot Grid,1,BNBETH,1.0,32371772,2025-09-25T16:27:14.421821+00:00,-0.0058830952,2025-10-01T00:00:00+00:00,0.0855818032,2026-04-01T00:00:00+00:00,0.0918263548,2026-09-01T00:00:00+00:00,0.097360806,2026-09-30T00:00:00+00:00
6636333,Spot Grid,1,BTCUSDT,1.0,54341141,2025-01-14T09:51:05.421821+00:00,0.1727558519,2025-10-01T00:00:00+00:00,-0.04377244164,2026-04-01T00:00:00+00:00,0.049742972821,2026-09-01T00:00:00+00:00,0.0969876936185,2026-09-30T00:00:00+00:00
4646407,Spot Grid,1,ETHUSDT,1.0,74274691,2024-05-28T16:45:15.421821+00:00,0.1947547533703,2025-10-01T00:00:00+00:00,-0.05799581071028,2026-04-01T00:00:00+00:00,0.04365928737601,2026-09-01T00:00:00+00:00,0.09672206192061,2026-09-30T00:00:00+00:00
3335905,Spot Grid,1,ETHUSDT,1.0,82014729,2024-02-29T02:44:37.421821+00:00,0.32396923130196,2025-10-01T00:00:00+00:00,-0.08009620989305,2026-04-01T00:00:00+00:00,0.03374954618789,2026-09-01T00:00:00+00:00,0.09641967824661,2026-09-30T00:00:00+00:00
7183619,Spot Grid,1,BTCUSDT,1.0,48346779,2025-03-24T18:57:07.421821+00:00,0.03433029922,2025-10-01T00:00:00+00:00,-0.080532749476,2026-04-01T00:00:00+00:00,0.0319248453554,2026-09-01T00:00:00+00:00,0.0962436373878,2026-09-30T00:00:00+00:00
6525619,Spot Grid,1,BTCUSDT,1.0,55433472,2025-01-01T18:25:34.421821+00:00,0.13289255620155,2025-10-01T00:00:00+00:00,-0.05058679263566,2026-04-01T00:00:00+00:00,0.04658214457364,2026-09-01T00:00:00+00:00,0.0962105805049,2026-09-30T00:00:00+00:00
8008457,Spot Grid,1,ETHBTC,1.0,38327285,2025-07-18T18:08:41.421821+00:00,0.1415589736,2025-10-01T00:00:00+00:00,0.0593296772,2026-04-01T00:00:00+00:00,0.08028253614,2026-09-01T00:00:00+00:00,0.095902616,2026-09-30T00:00:00+00:00
7073181,Spot Grid,1,SOLUSDT,1.0,49936914,2025-03-06T09:14:52.421821+00:00,0.21813994269924,2025-10-01T00:00:00+00:00,-0.14161117260472,2026-04-01T00:00:00+00:00,-0.01156686704199,2026-09-01T00:00:00+00:00,0.0956887412427,2026-09-30T00:00:00+00:00
6218415,Spot Grid,1,BNBUSDT,1.0,57627775,2024-12-07T08:53:51.421821+00:00,0.09393223720948,2025-10-01T00:00:00+00:00,-0.06763906724931,2026-04-01T00:00:00+00:00,0.04073678088867,2026-09-01T00:00:00+00:00,0.09562985423515,2026-09-30T00:00:00+00:00
8476828,Spot Grid,1,BNBBTC,1.0,33408106,2025-09-13T16:35:00.421821+00:00,0.04381538218259,2025-10-01T00:00:00+00:00,0.06326100731596,2026-04-01T00:00:00+00:00,0.06818099005487,2026-09-01T00:00:00+00:00,0.09507948811157,2026-09-30T00:00:00+00:00
8003873,Spot Grid,1,ETHBTC,1.0,38352124,2025-07-18T11:14:42.421821+00:00,0.09883576940088,2025-10-01T00:00:00+00:00,0.06417268596703,2026-04-01T00:00:00+00:00,0.08317122360273,2026-09-01T00:00:00+00:00,0.09462401286691,2026-09-30T00:00:00+00:00
6306928,Spot Grid,1,BTCUSDT,1.0,57208903,2024-12-12T05:15:03.421821+00:00,0.14208488916,2025-10-01T00:00:00+00:00,-0.061791779808,2026-04-01T00:00:00+00:00,0.0485151421042,2026-09-01T00:00:00+00:00,0.0944261037598,2026-09-30T00:00:00+00:00
6638321,Spot Grid,1,BTCUSDT,1.0,54322967,2025-01-14T14:53:59.421821+00:00,0.17301941765094,2025-10-01T00:00:00+00:00,-0.05238380857803,2026-04-01T00:00:00+00:00,0.04507640817717,2026-09-01T00:00:00+00:00,0.09430845327681,2026-09-30T00:00:00+00:00
7703712,Spot Grid,1,ETHUSDT,1.0,42082801,2025-06-05T06:56:45.421821+00:00,0.06060815339954,2025-10-01T00:00:00+00:00,-0.12750111319384,2026-04-01T00:00:00+00:00,0.0018779491246,2026-09-01T00:00:00+00:00,0.09424348069404,2026-09-30T00:00:00+00:00
7470067,Spot Grid,1,SOLUSDT,1.0,44442213,2025-05-08T23:33:13.421821+00:00,0.2210730555,2025-10-01T00:00:00+00:00,-0.14049436764,2026-04-01T00:00:00+00:00,-0.00433116774,2026-09-01T00:00:00+00:00,0.09364296804,2026-09-30T00:00:00+00:00
8379338,Spot Grid,1,LINKETH,1.0,34475969,2025-09-01T07:57:17.421821+00:00,0.01019862773333,2025-10-01T00:00:00+00:00,-0.1370697562,2026-04-01T00:00:00+00:00,-0.04157301133333,2026-09-01T00:00:00+00:00,0.0934888884,2026-09-30T00:00:00+00:00
7085959,Spot Grid,1,BTCUSDT,1.0,49759123,2025-03-08T10:38:03.421821+00:00,0.05661899718,2025-10-01T00:00:00+00:00,-0.073441694728,2026-04-01T00:00:00+00:00,0.0496994349588,2026-09-01T00:00:00+00:00,0.0930952457524,2026-09-30T00:00:00+00:00
7867542,Spot Grid,1,ETHUSDT,1.0,39597030,2025-07-04T01:26:16.421821+00:00,0.03710346527238,2025-10-01T00:00:00+00:00,-0.1307801106324,2026-04-01T00:00:00+00:00,0.01551396962265,2026-09-01T00:00:00+00:00,0.0929439175018,2026-09-30T00:00:00+00:00
8243259,Spot Grid,1,BNBFDUSD,1.0,36080254,2025-08-13T18:19:12.421821+00:00,0.01537099842,2025-10-01T00:00:00+00:00,-0.02045976432,2026-04-01T00:00:00+00:00,0.0580215564,2026-09-01T00:00:00+00:00,0.0929346702,2026-09-30T00:00:00+00:00
7082780,Spot Grid,1,BTCUSDT,1.0,49810684,2025-03-07T20:18:42.421821+00:00,0.05491458102,2025-10-01T00:00:00+00:00,-0.076677284364,2026-04-01T00:00:00+00:00,0.0349186023236,2026-09-01T00:00:00+00:00,0.0928474573696,2026-09-30T00:00:00+00:00
7073867,Spot Grid,1,BTCUSDC,1.0,49927584,2025-03-06T11:50:22.421821+00:00,0.14706519592795,2025-10-01T00:00:00+00:00,-0.07177596563846,2026-04-01T00:00:00+00:00,0.04417166945797,2026-09-01T00:00:00+00:00,0.09219997743265,2026-09-30T00:00:00+00:00
6501946,Spot Grid,1,BTCUSDT,1.0,55710442,2024-12-29T13:29:24.421821+00:00,0.14451871288097,2025-10-01T00:00:00+00:00,-0.06683749563427,2026-04-01T00:00:00+00:00,0.03847630307506,2026-09-01T00:00:00+00:00,0.09083296205364,2026-09-30T00:00:00+00:00
7216462,Spot Grid,1,BTCUSDC,1.0,47854459,2025-03-30T11:42:27.421821+00:00,0.11788810934131,2025-10-01T00:00:00+00:00,-0.05886359834816,2026-04-01T00:00:00+00:00,0.04997673698644,2026-09-01T00:00:00+00:00,0.09004028966865,2026-09-30T00:00:00+00:00
4662393,Spot Grid,1,ETHUSDT,1.0,74145554,2024-05-30T04:37:32.421821+00:00,0.22143045981567,2025-10-01T00:00:00+00:00,-0.06973011109049,2026-04-01T00:00:00+00:00,0.02990889151084,2026-09-01T00:00:00+00:00,0.0898364975639,2026-09-30T00:00:00+00:00
8135278,Spot Grid,1,ETHBTC,1.0,37238660,2025-07-31T08:32:26.421821+00:00,0.04057841666667,2025-10-01T00:00:00+00:00,0.04610836877395,2026-04-01T00:00:00+00:00,0.06727041781609,2026-09-01T00:00:00+00:00,0.08874490421456,2026-09-30T00:00:00+00:00
5925919,Spot Grid,1,BTCUSDT,1.0,58972925,2024-11-21T19:14:41.421821+00:00,0.13228780593,2025-10-01T00:00:00+00:00,-0.050396070322,2026-04-01T00:00:00+00:00,0.0491506331264,2026-09-01T00:00:00+00:00,0.0885096587454,2026-09-30T00:00:00+00:00
7226946,Spot Grid,1,PEPEUSDC,1.0,47674314,2025-04-01T13:44:52.421821+00:00,0.14089875081025,2025-10-01T00:00:00+00:00,-0.135065813215,2026-04-01T00:00:00+00:00,-0.0488387887175,2026-09-01T00:00:00+00:00,0.0884630114316,2026-09-30T00:00:00+00:00
8248451,Spot Grid,1,BNBUSDC,1.0,36041437,2025-08-14T05:06:09.421821+00:00,0.011348982202,2025-10-01T00:00:00+00:00,-0.0592531137925,2026-04-01T00:00:00+00:00,0.041289101072,2026-09-01T00:00:00+00:00,0.08811932805,2026-09-30T00:00:00+00:00
8368030,Spot Grid,1,LINKETH,1.0,34653991,2025-08-30T06:30:15.421821+00:00,-0.01847313272,2025-10-01T00:00:00+00:00,-0.12949159157,2026-04-01T00:00:00+00:00,-0.0377747759,2026-09-01T00:00:00+00:00,0.08799846144,2026-09-30T00:00:00+00:00
7227144,Spot Grid,1,SOLUSDC,1.0,47671401,2025-04-01T14:33:25.421821+00:00,0.12023149277024,2025-10-01T00:00:00+00:00,-0.16063852215179,2026-04-01T00:00:00+00:00,-0.00073167120119,2026-09-01T00:00:00+00:00,0.08781302149762,2026-09-30T00:00:00+00:00
5799628,Spot Grid,1,BTCUSDT,1.0,59588251,2024-11-14T16:19:15.421821+00:00,0.13413922485577,2025-10-01T00:00:00+00:00,-0.04971162889973,2026-04-01T00:00:00+00:00,0.05039131335859,2026-09-01T00:00:00+00:00,0.08757782632521,2026-09-30T00:00:00+00:00
5912270,Spot Grid,1,BTCUSDT,1.0,59039113,2024-11-21T00:51:33.421821+00:00,0.21426194332,2025-10-01T00:00:00+00:00,-0.073375079068,2026-04-01T00:00:00+00:00,0.0340215829016,2026-09-01T00:00:00+00:00,0.0869362158736,2026-09-30T00:00:00+00:00
8205304,Spot Grid,1,LINKETH,1.0,36409222,2025-08-09T22:56:24.421821+00:00,-8.109758994e-05,2025-10-01T00:00:00+00:00,-0.12930130599097,2026-04-01T00:00:00+00:00,-0.03694316335817,2026-09-01T00:00:00+00:00,0.08644651906026,2026-09-30T00:00:00+00:00
7993011,Spot Grid,1,LTCUSDT,1.0,38405425,2025-07-17T20:26:21.421821+00:00,0.06131722146211,2025-10-01T00:00:00+00:00,-0.05234043065277,2026-04-01T00:00:00+00:00,-0.09015566078366,2026-09-01T00:00:00+00:00,0.08618861966724,2026-09-30T00:00:00+00:00
8276862,Spot Grid,1,ORCAUSDT,1.0,35742789,2025-08-17T16:03:37.421821+00:00,-0.08594097633764,2025-10-01T00:00:00+00:00,-0.37822991072231,2026-04-01T00:00:00+00:00,-0.07454804958993,2026-09-01T00:00:00+00:00,0.08589034017568,2026-09-30T00:00:00+00:00
5379123,Spot Grid,1,BNBBTC,1.0,63765170,2024-09-27T08:03:56.421821+00:00,0.02656234385789,2025-10-01T00:00:00+00:00,0.07193968307242,2026-04-01T00:00:00+00:00,0.06777340502774,2026-09-01T00:00:00+00:00,0.08539952058693,2026-09-30T00:00:00+00:00
4901320,Spot Grid,1,BNBBTC,1.0,71211682,2024-07-03T03:35:24.421821+00:00,0.02356758785714,2025-10-01T00:00:00+00:00,0.07015352990476,2026-04-01T00:00:00+00:00,0.06755908133333,2026-09-01T00:00:00+00:00,0.08476884228571,2026-09-30T00:00:00+00:00
7342402,Spot Grid,1,BTCUSDT,1.0,45980981,2025-04-21T04:07:05.421821+00:00,0.02834690236,2025-10-01T00:00:00+00:00,-0.057477798798,2026-04-01T00:00:00+00:00,0.0490443969237,2026-09-01T00:00:00+00:00,0.0846144868815,2026-09-30T00:00:00+00:00
6352562,Spot Grid,1,AAVEETH,1.0,56916615,2024-12-15T14:26:31.421821+00:00,-0.04220617519577,2025-10-01T00:00:00+00:00,-0.0987950468677,2026-04-01T00:00:00+00:00,-0.02919550045336,2026-09-01T00:00:00+00:00,0.08443953956587,2026-09-30T00:00:00+00:00
8401714,Spot Grid,1,SOLETH,1.0,34159940,2025-09-04T23:44:26.421821+00:00,0.03880030733098,2025-10-01T00:00:00+00:00,-0.03257741130683,2026-04-01T00:00:00+00:00,0.02967836289213,2026-09-01T00:00:00+00:00,0.08437792927361,2026-09-30T00:00:00+00:00
5774358,Spot Grid,1,BTCUSDT,1.0,59670426,2024-11-13T17:29:40.421821+00:00,0.1904827292,2025-10-01T00:00:00+00:00,-0.090274494844,2026-04-01T00:00:00+00:00,0.0298555254516,2026-09-01T00:00:00+00:00,0.084178987197,2026-09-30T00:00:00+00:00
8384364,Spot Grid,1,SOLETH,1.0,34404239,2025-09-02T03:52:47.421821+00:00,0.0713566064,2025-10-01T00:00:00+00:00,-0.02892560888,2026-04-01T00:00:00+00:00,0.02568522563,2026-09-01T00:00:00+00:00,0.08402846309,2026-09-30T00:00:00+00:00
7007249,Spot Grid,1,BTCUSDT,1.0,50728492,2025-02-25T05:21:54.421821+00:00,0.12583509028571,2025-10-01T00:00:00+00:00,-0.07966038514286,2026-04-01T00:00:00+00:00,0.02965184761914,2026-09-01T00:00:00+00:00,0.083717773562,2026-09-30T00:00:00+00:00
5071842,Spot Grid,1,BNBBTC,1.0,68662789,2024-08-01T15:36:57.421821+00:00,0.07372327871875,2025-10-01T00:00:00+00:00,0.07211580125,2026-04-01T00:00:00+00:00,0.070730619625,2026-09-01T00:00:00+00:00,0.083694115,2026-09-30T00:00:00+00:00
7240745,Spot Grid,1,BTCUSDC,1.0,47483450,2025-04-03T18:45:56.421821+00:00,0.04717129420267,2025-10-01T00:00:00+00:00,-0.08582779104733,2026-04-01T00:00:00+00:00,0.03828039918333,2026-09-01T00:00:00+00:00,0.083007173532,2026-09-30T00:00:00+00:00
7022039,Spot Grid,1,BTCEUR,1.0,50542944,2025-02-27T08:54:22.421821+00:00,0.119784943188,2025-10-01T00:00:00+00:00,-0.09608296218,2026-04-01T00:00:00+00:00,0.0093844992792,2026-09-01T00:00:00+00:00,0.082689068064,2026-09-30T00:00:00+00:00
5920157,Spot Grid,1,ETHUSDT,1.0,58992268,2024-11-21T13:52:18.421821+00:00,0.308965834616,2025-10-01T00:00:00+00:00,-0.125208834636,2026-04-01T00:00:00+00:00,0.004473729492,2026-09-01T00:00:00+00:00,0.082588361304,2026-09-30T00:00:00+00:00
7691493,Spot Grid,1,TRXUSDC,1.0,42262279,2025-06-03T05:05:27.421821+00:00,0.07091061907,2025-10-01T00:00:00+00:00,0.0261641020655,2026-04-01T00:00:00+00:00,0.0751731442485,2026-09-01T00:00:00+00:00,0.0823383803885,2026-09-30T00:00:00+00:00
7138248,Spot Grid,1,BTCUSDT,1.0,48987590,2025-03-17T08:56:56.421821+00:00,0.05453091576412,2025-10-01T00:00:00+00:00,-0.08004017018272,2026-04-01T00:00:00+00:00,0.04126344014635,2026-09-01T00:00:00+00:00,0.08161796215266,2026-09-30T00:00:00+00:00
6726443,Spot Grid,1,ETHBTC,1.0,53706964,2025-01-21T18:00:42.421821+00:00,0.08339280958747,2025-10-01T00:00:00+00:00,0.05533280844156,2026-04-01T00:00:00+00:00,0.07187080702827,2026-09-01T00:00:00+00:00,0.08154475171887,2026-09-30T00:00:00+00:00
8241245,Spot Grid,1,BNBUSDT,1.0,36091805,2025-08-13T15:06:41.421821+00:00,0.03707911035,2025-10-01T00:00:00+00:00,-0.0926119484,2026-04-01T00:00:00+00:00,-0.00127469615,2026-09-01T00:00:00+00:00,0.0814924187,2026-09-30T00:00:00+00:00
6173733,Spot Grid,1,BTCUSDT,1.0,57814068,2024-12-05T05:08:58.421821+00:00,0.14139192863077,2025-10-01T00:00:00+00:00,-0.07538612654846,2026-04-01T00:00:00+00:00,0.03542262291231,2026-09-01T00:00:00+00:00,0.08058637989827,2026-09-30T00:00:00+00:00
8518476,Spot Grid,1,UNIUSDT,1.0,32994651,2025-09-18T11:25:55.421821+00:00,-0.17436680931506,2025-10-01T00:00:00+00:00,-0.53380601366707,2026-04-01T00:00:00+00:00,-0.36305687149944,2026-09-01T00:00:00+00:00,0.08052805099558,2026-09-30T00:00:00+00:00
6186923,Spot Grid,1,BTCUSDT,1.0,57770754,2024-12-05T17:10:52.421821+00:00,0.13802497958,2025-10-01T00:00:00+00:00,-0.06922248516,2026-04-01T00:00:00+00:00,0.0369781561518,2026-09-01T00:00:00+00:00,0.0804408533626,2026-09-30T00:00:00+00:00
6850973,Spot Grid,1,XLMETH,1.0,52621552,2025-02-03T07:30:54.421821+00:00,-0.07478386744505,2025-10-01T00:00:00+00:00,0.01750159075206,2026-04-01T00:00:00+00:00,0.0003400751614,2026-09-01T00:00:00+00:00,0.07974863048077,2026-09-30T00:00:00+00:00
7109247,Spot Grid,1,BTCEUR,1.0,49399360,2025-03-12T14:34:06.421821+00:00,0.09243551128235,2025-10-01T00:00:00+00:00,-0.04973183127741,2026-04-01T00:00:00+00:00,0.03616212776929,2026-09-01T00:00:00+00:00,0.07914672982412,2026-09-30T00:00:00+00:00
5375475,Spot Grid,1,BNBBTC,1.0,63807308,2024-09-26T20:21:38.421821+00:00,-0.00086364997354,2025-10-01T00:00:00+00:00,0.0468755731675,2026-04-01T00:00:00+00:00,0.0588844184308,2026-09-01T00:00:00+00:00,0.07903161722678,2026-09-30T00:00:00+00:00
7823247,Spot Grid,1,XRPUSDT,1.0,40252939,2025-06-26T11:14:27.421821+00:00,0.21125314846091,2025-10-01T00:00:00+00:00,-0.02319812964121,2026-04-01T00:00:00+00:00,0.0169049316054,2026-09-01T00:00:00+00:00,0.07879959682032,2026-09-30T00:00:00+00:00
7342191,Spot Grid,1,BTCUSDT,1.0,45983404,2025-04-21T03:26:42.421821+00:00,0.03489604891093,2025-10-01T00:00:00+00:00,-0.09510068504473,2026-04-01T00:00:00+00:00,0.01640922338827,2026-09-01T00:00:00+00:00,0.07859263138905,2026-09-30T00:00:00+00:00
6028505,Spot Grid,1,BTCUSDT,1.0,58476080,2024-11-27T13:15:26.421821+00:00,0.12767617236181,2025-10-01T00:00:00+00:00,-0.07364360699497,2026-04-01T00:00:00+00:00,0.02781003384824,2026-09-01T00:00:00+00:00,0.07850107926734,2026-09-30T00:00:00+00:00
7086269,Spot Grid,1,BTCUSDT,1.0,49754050,2025-03-08T12:02:36.421821+00:00,0.07207000363333,2025-10-01T00:00:00+00:00,-0.08086685615333,2026-04-01T00:00:00+00:00,0.023553056393,2026-09-01T00:00:00+00:00,0.07736648764967,2026-09-30T00:00:00+00:00
6612051,Spot Grid,1,NEARUSDT,1.0,54651887,2025-01-10T19:31:59.421821+00:00,-0.42827220181818,2025-10-01T00:00:00+00:00,-0.70284308272727,2026-04-01T00:00:00+00:00,-0.56223698545455,2026-09-01T00:00:00+00:00,0.07725056272727,2026-09-30T00:00:00+00:00
8492080,Spot Grid,1,ETHFDUSD,1.0,33265112,2025-09-15T08:18:14.421821+00:00,-0.00188625615934,2025-10-01T00:00:00+00:00,-0.10899685896291,2026-04-01T00:00:00+00:00,0.01418895563187,2026-09-01T00:00:00+00:00,0.07669809154396,2026-09-30T00:00:00+00:00
6979175,Spot Grid,1,ETHBTC,1.0,51071754,2025-02-21T06:00:52.421821+00:00,0.10883166176471,2025-10-01T00:00:00+00:00,0.12943102482606,2026-04-01T00:00:00+00:00,0.06643289070209,2026-09-01T00:00:00+00:00,0.07668401012018,2026-09-30T00:00:00+00:00
8347979,Spot Grid,1,BNBUSDT,1.0,34904079,2025-08-27T09:02:07.421821+00:00,0.03472761846667,2025-10-01T00:00:00+00:00,-0.07714589633333,2026-04-01T00:00:00+00:00,0.01710376641667,2026-09-01T00:00:00+00:00,0.0765697315,2026-09-30T00:00:00+00:00
6520613,Spot Grid,1,BTCUSDT,1.0,55501564,2024-12-31T23:30:42.421821+00:00,0.11658498710739,2025-10-01T00:00:00+00:00,-0.08306118774056,2026-04-01T00:00:00+00:00,0.02296174038928,2026-09-01T00:00:00+00:00,0.07650725062464,2026-09-30T00:00:00+00:00
5543115,Spot Grid,1,SUIFDUSD,1.0,61695964,2024-10-21T06:50:42.421821+00:00,0.381332346835,2025-10-01T00:00:00+00:00,-0.118943672815,2026-04-01T00:00:00+00:00,-0.19259737118,2026-09-01T00:00:00+00:00,0.076308982915,2026-09-30T00:00:00+00:00
8166874,Spot Grid,1,ETHBTC,1.0,36818645,2025-08-05T05:12:41.421821+00:00,0.07213489883,2025-10-01T00:00:00+00:00,0.036452840845,2026-04-01T00:00:00+00:00,0.062266098251,2026-09-01T00:00:00+00:00,0.076271596,2026-09-30T00:00:00+00:00
6909298,Spot Grid,1,ETHUSDT,1.0,51918394,2025-02-11T10:50:12.421821+00:00,0.21035428261403,2025-10-01T00:00:00+00:00,-0.09348769378797,2026-04-01T00:00:00+00:00,0.02467329734037,2026-09-01T00:00:00+00:00,0.07608870880436,2026-09-30T00:00:00+00:00
5947308,Spot Grid,1,BTCUSDT,1.0,58882021,2024-11-22T20:29:45.421821+00:00,0.13109645159,2025-10-01T00:00:00+00:00,-0.089006332914,2026-04-01T00:00:00+00:00,0.02939668066,2026-09-01T00:00:00+00:00,0.0760542467867,2026-09-30T00:00:00+00:00
7132339,Spot Grid,1,BTCUSDT,1.0,49081321,2025-03-16T06:54:45.421821+00:00,0.04655028200754,2025-10-01T00:00:00+00:00,-0.08432138689161,2026-04-01T00:00:00+00:00,0.03514018078275,2026-09-01T00:00:00+00:00,0.07500958406287,2026-09-30T00:00:00+00:00
5776016,Spot Grid,1,BTCUSDT,1.0,59667457,2024-11-13T18:19:09.421821+00:00,0.18716020949011,2025-10-01T00:00:00+00:00,-0.07017034019121,2026-04-01T00:00:00+00:00,0.03279991633221,2026-09-01T00:00:00+00:00,0.07489483715658,2026-09-30T00:00:00+00:00
7107540,Spot Grid,1,BTCUSDT,1.0,49424857,2025-03-12T07:29:09.421821+00:00,0.09127905652632,2025-10-01T00:00:00+00:00,-0.11265490791579,2026-04-01T00:00:00+00:00,0.01601515537368,2026-09-01T00:00:00+00:00,0.07481208504737,2026-09-30T00:00:00+00:00
8355452,Spot Grid,1,BNBUSDT,1.0,34813692,2025-08-28T10:08:34.421821+00:00,0.03098084726923,2025-10-01T00:00:00+00:00,-0.08601642636538,2026-04-01T00:00:00+00:00,0.01222400115385,2026-09-01T00:00:00+00:00,0.07431121301923,2026-09-30T00:00:00+00:00
6665359,Spot Grid,1,ETHUSDT,1.0,54101295,2025-01-17T04:28:31.421821+00:00,0.12503996149895,2025-10-01T00:00:00+00:00,-0.10077544781684,2026-04-01T00:00:00+00:00,0.00707127596526,2026-09-01T00:00:00+00:00,0.07371755657684,2026-09-30T00:00:00+00:00
5929143,Spot Grid,1,BTCUSDT,1.0,58960830,2024-11-21T22:36:16.421821+00:00,0.13234107889771,2025-10-01T00:00:00+00:00,-0.0776233473207,2026-04-01T00:00:00+00:00,0.0308161298386,2026-09-01T00:00:00+00:00,0.07354348012345,2026-09-30T00:00:00+00:00
8579851,Spot Grid,1,BNBBTC,1.0,32254680,2025-09-27T00:58:46.421821+00:00,0.01005422186639,2025-10-01T00:00:00+00:00,0.05958796715966,2026-04-01T00:00:00+00:00,0.04547436752261,2026-09-01T00:00:00+00:00,0.07342624488568,2026-09-30T00:00:00+00:00
6987249,Spot Grid,1,ETHUSDT,1.0,50996131,2025-02-22T03:01:15.421821+00:00,0.20349118959507,2025-10-01T00:00:00+00:00,-0.11641212668397,2026-04-01T00:00:00+00:00,0.01155992723426,2026-09-01T00:00:00+00:00,0.07296317041791,2026-09-30T00:00:00+00:00
7288229,Spot Grid,1,BTCUSDT,1.0,46760558,2025-04-12T03:34:08.421821+00:00,0.11750604466775,2025-10-01T00:00:00+00:00,-0.08066119111987,2026-04-01T00:00:00+00:00,0.03241506321604,2026-09-01T00:00:00+00:00,0.07241049063012,2026-09-30T00:00:00+00:00
7232317,Spot Grid,1,BTCUSDC,1.0,47595757,2025-04-02T11:34:09.421821+00:00,0.03580139870584,2025-10-01T00:00:00+00:00,-0.10133044331443,2026-04-01T00:00:00+00:00,0.02609879743883,2026-09-01T00:00:00+00:00,0.07214210997251,2026-09-30T00:00:00+00:00
6850990,Spot Grid,1,XLMETH,1.0,52621393,2025-02-03T07:33:33.421821+00:00,-0.07738981524725,2025-10-01T00:00:00+00:00,0.01385726979052,2026-04-01T00:00:00+00:00,-0.00598241716003,2026-09-01T00:00:00+00:00,0.07203577570055,2026-09-30T00:00:00+00:00
7088598,Spot Grid,1,BTCUSDT,1.0,49719719,2025-03-08T21:34:47.421821+00:00,0.04764713338525,2025-10-01T00:00:00+00:00,-0.09541696857736,2026-04-01T00:00:00+00:00,0.01457834729335,2026-09-01T00:00:00+00:00,0.07171387323416,2026-09-30T00:00:00+00:00
8117144,Spot Grid,1,BNBUSDC,1.0,37456329,2025-07-28T20:04:37.421821+00:00,0.03779041603774,2025-10-01T00:00:00+00:00,-0.10841565628868,2026-04-01T00:00:00+00:00,-0.00063744978679,2026-09-01T00:00:00+00:00,0.07147585319811,2026-09-30T00:00:00+00:00
8160463,Spot Grid,1,ETHBTC,1.0,36896451,2025-08-04T07:35:55.421821+00:00,0.15495494844,2025-10-01T00:00:00+00:00,0.03419076644,2026-04-01T00:00:00+00:00,0.052435070936,2026-09-01T00:00:00+00:00,0.0712022368,2026-09-30T00:00:00+00:00
7361329,Spot Grid,1,BTCUSDT,1.0,45790752,2025-04-23T08:57:34.421821+00:00,0.09218395836336,2025-10-01T00:00:00+00:00,-0.07555586451652,2026-04-01T00:00:00+00:00,0.03161366521246,2026-09-01T00:00:00+00:00,0.07116353911246,2026-09-30T00:00:00+00:00
7021234,Spot Grid,1,BTCUSDT,1.0,50555135,2025-02-27T05:31:11.421821+00:00,0.13149971408739,2025-10-01T00:00:00+00:00,-0.06364692624706,2026-04-01T00:00:00+00:00,0.03403094701934,2026-09-01T00:00:00+00:00,0.07078183194112,2026-09-30T00:00:00+00:00
5657122,Spot Grid,1,BTCUSDT,1.0,60234901,2024-11-07T04:41:45.421821+00:00,0.22581330224932,2025-10-01T00:00:00+00:00,-0.11215666808821,2026-04-01T00:00:00+00:00,0.00815205016326,2026-09-01T00:00:00+00:00,0.06950638030036,2026-09-30T00:00:00+00:00
8500864,Spot Grid,1,UNIUSDT,1.0,33168186,2025-09-16T11:13:40.421821+00:00,-0.14641722326923,2025-10-01T00:00:00+00:00,-0.54607439782051,2026-04-01T00:00:00+00:00,-0.37400410858974,2026-09-01T00:00:00+00:00,0.06943595115385,2026-09-30T00:00:00+00:00
8511417,Spot Grid,1,PUMPUSDT,1.0,33055274,2025-09-17T18:35:32.421821+00:00,-0.0286569908,2025-10-01T00:00:00+00:00,-0.57596700514286,2026-04-01T00:00:00+00:00,-0.13615068585714,2026-09-01T00:00:00+00:00,0.06850874588571,2026-09-30T00:00:00+00:00
6253329,Spot Grid,1,LINKUSDT,1.0,57483619,2024-12-09T00:56:27.421821+00:00,0.2604849031,2025-10-01T00:00:00+00:00,-0.3383324633,2026-04-01T00:00:00+00:00,-0.16061107076,2026-09-01T00:00:00+00:00,0.06772757912,2026-09-30T00:00:00+00:00
7704377,Spot Grid,1,XRPUSDC,1.0,42069153,2025-06-05T10:44:13.421821+00:00,0.09138531948,2025-10-01T00:00:00+00:00,-0.02197565001429,2026-04-01T00:00:00+00:00,0.02052103607143,2026-09-01T00:00:00+00:00,0.06701711523048,2026-09-30T00:00:00+00:00
5953522,Spot Grid,1,ETHUSDT,1.0,58854553,2024-11-23T04:07:33.421821+00:00,0.25225638433624,2025-10-01T00:00:00+00:00,-0.10287736357205,2026-04-01T00:00:00+00:00,0.00308828003712,2026-09-01T00:00:00+00:00,0.06629375844105,2026-09-30T00:00:00+00:00
6364688,Spot Grid,1,BTCUSDT,1.0,56838424,2024-12-16T12:09:42.421821+00:00,0.1469740149,2025-10-01T00:00:00+00:00,-0.08811798521,2026-04-01T00:00:00+00:00,0.014784084031,2026-09-01T00:00:00+00:00,0.0658898424778,2026-09-30T00:00:00+00:00
8574749,Spot Grid,1,BNBUSDT,1.0,32319592,2025-09-26T06:56:54.421821+00:00,0.01483993913,2025-10-01T00:00:00+00:00,-0.0785288408,2026-04-01T00:00:00+00:00,0.0133426426,2026-09-01T00:00:00+00:00,0.06569863685,2026-09-30T00:00:00+00:00
6188786,Spot Grid,1,BTCUSDT,1.0,57755917,2024-12-05T21:18:09.421821+00:00,0.092038478297,2025-10-01T00:00:00+00:00,-0.0551478932436,2026-04-01T00:00:00+00:00,0.03190471808203,2026-09-01T00:00:00+00:00,0.06458206116399,2026-09-30T00:00:00+00:00
8538445,Spot Grid,1,BNBBTC,1.0,32790669,2025-09-20T20:05:37.421821+00:00,0.00132614244466,2025-10-01T00:00:00+00:00,0.05050597362849,2026-04-01T00:00:00+00:00,0.03656311819057,2026-09-01T00:00:00+00:00,0.06440193782483,2026-09-30T00:00:00+00:00
7148943,Spot Grid,1,BNBETH,1.0,48832006,2025-03-19T04:10:00.421821+00:00,-0.10766117355097,2025-10-01T00:00:00+00:00,0.05706079546969,2026-04-01T00:00:00+00:00,0.053802257495,2026-09-01T00:00:00+00:00,0.0637383461026,2026-09-30T00:00:00+00:00
8172899,Spot Grid,1,ETHBTC,1.0,36727270,2025-08-06T06:35:36.421821+00:00,0.110988173,2025-10-01T00:00:00+00:00,0.0267986215,2026-04-01T00:00:00+00:00,0.0476658161,2026-09-01T00:00:00+00:00,0.06335558,2026-09-30T00:00:00+00:00
8532272,Spot Grid,1,BNBBTC,1.0,32863912,2025-09-19T23:44:54.421821+00:00,0.0350838623,2025-10-01T00:00:00+00:00,0.0611483256,2026-04-01T00:00:00+00:00,0.03420712575,2026-09-01T00:00:00+00:00,0.0631585231,2026-09-30T00:00:00+00:00
7258247,Spot Grid,1,BTCUSDT,1.0,47191829,2025-04-07T03:46:17.421821+00:00,0.32232233657606,2025-10-01T00:00:00+00:00,-0.11504772352904,2026-04-01T00:00:00+00:00,0.00473382061685,2026-09-01T00:00:00+00:00,0.06227945988677,2026-09-30T00:00:00+00:00
5083411,Spot Grid,1,BTCUSDT,1.0,68407385,2024-08-04T14:33:41.421821+00:00,0.27074343891629,2025-10-01T00:00:00+00:00,-0.12408064777786,2026-04-01T00:00:00+00:00,0.00046868149818,2026-09-01T00:00:00+00:00,0.0622744574485,2026-09-30T00:00:00+00:00
6499168,Spot Grid,1,ETHBTC,1.0,55743937,2024-12-29T04:11:09.421821+00:00,0.05778186710369,2025-10-01T00:00:00+00:00,0.02417988736591,2026-04-01T00:00:00+00:00,0.04474879630513,2026-09-01T00:00:00+00:00,0.06209430274136,2026-09-30T00:00:00+00:00
6637971,Spot Grid,1,BTCUSDT,1.0,54326322,2025-01-14T13:58:04.421821+00:00,0.12882116093496,2025-10-01T00:00:00+00:00,-0.09684108604878,2026-04-01T00:00:00+00:00,0.00921721391951,2026-09-01T00:00:00+00:00,0.06203422549919,2026-09-30T00:00:00+00:00
8012670,Spot Grid,1,ETHUSDT,1.0,38289275,2025-07-19T04:42:11.421821+00:00,0.09586235103,2025-10-01T00:00:00+00:00,-0.108021666765,2026-04-01T00:00:00+00:00,0.0030302324875,2026-09-01T00:00:00+00:00,0.061940260495,2026-09-30T00:00:00+00:00
6169157,Spot Grid,1,BTCUSDT,1.0,57834759,2024-12-04T23:24:07.421821+00:00,0.10973610394594,2025-10-01T00:00:00+00:00,-0.04931311496537,2026-04-01T00:00:00+00:00,0.03095874884427,2026-09-01T00:00:00+00:00,0.0615924863964,2026-09-30T00:00:00+00:00
4656243,Spot Grid,1,ETHUSDT,1.0,74202584,2024-05-29T12:47:02.421821+00:00,0.19558319069218,2025-10-01T00:00:00+00:00,-0.08910935992914,2026-04-01T00:00:00+00:00,0.00467477319479,2026-09-01T00:00:00+00:00,0.06146074863109,2026-09-30T00:00:00+00:00
8153568,Spot Grid,1,ETHBTC,1.0,36999954,2025-08-03T02:50:52.421821+00:00,0.05689473720175,2025-10-01T00:00:00+00:00,0.02802654592808,2026-04-01T00:00:00+00:00,0.04923619352526,2026-09-01T00:00:00+00:00,0.06114632911392,2026-09-30T00:00:00+00:00
6179076,Spot Grid,1,BTCUSDT,1.0,57794905,2024-12-05T10:28:21.421821+00:00,0.15764072467949,2025-10-01T00:00:00+00:00,-0.09199911558974,2026-04-01T00:00:00+00:00,0.00942362720064,2026-09-01T00:00:00+00:00,0.06017850509167,2026-09-30T00:00:00+00:00
7354017,Spot Grid,1,BTCUSDT,1.0,45847857,2025-04-22T17:05:49.421821+00:00,0.01445707352545,2025-10-01T00:00:00+00:00,-0.11169074584792,2026-04-01T00:00:00+00:00,-0.00181625785977,2026-09-01T00:00:00+00:00,0.05948259446315,2026-09-30T00:00:00+00:00
7006446,Spot Grid,1,BTCUSDT,1.0,50739506,2025-02-25T02:18:20.421821+00:00,0.07739165257,2025-10-01T00:00:00+00:00,-0.0998309828,2026-04-01T00:00:00+00:00,0.0156506689922,2026-09-01T00:00:00+00:00,0.0590165278186,2026-09-30T00:00:00+00:00
6496047,Spot Grid,1,ETHBTC,1.0,55775277,2024-12-28T19:28:49.421821+00:00,0.05502726,2025-10-01T00:00:00+00:00,0.02104988040816,2026-04-01T00:00:00+00:00,0.04168036677551,2026-09-01T00:00:00+00:00,0.05896222040816,2026-09-30T00:00:00+00:00
6112526,Spot Grid,1,BTCUSDT,1.0,58065764,2024-12-02T07:14:02.421821+00:00,0.13898503966214,2025-10-01T00:00:00+00:00,-0.09661069413749,2026-04-01T00:00:00+00:00,0.01417641540118,2026-09-01T00:00:00+00:00,0.05875220921746,2026-09-30T00:00:00+00:00
6763017,Spot Grid,1,LTCUSDT,1.0,53468340,2025-01-24T12:17:46.421821+00:00,0.06953624578904,2025-10-01T00:00:00+00:00,-0.07041379725576,2026-04-01T00:00:00+00:00,-0.10634316990728,2026-09-01T00:00:00+00:00,0.05869683749312,2026-09-30T00:00:00+00:00
7095193,Spot Grid,1,BTCUSDT,1.0,49605048,2025-03-10T05:25:58.421821+00:00,0.05942835514286,2025-10-01T00:00:00+00:00,-0.06827897598857,2026-04-01T00:00:00+00:00,0.03003838943414,2026-09-01T00:00:00+00:00,0.05819371131429,2026-09-30T00:00:00+00:00
8156517,Spot Grid,1,ETHUSDT,1.0,36954837,2025-08-03T15:22:49.421821+00:00,0.05963027185,2025-10-01T00:00:00+00:00,-0.10785366828,2026-04-01T00:00:00+00:00,0.0094068539055,2026-09-01T00:00:00+00:00,0.057870310242,2026-09-30T00:00:00+00:00
6327463,Spot Grid,1,BTCUSDT,1.0,57093556,2024-12-13T13:17:30.421821+00:00,0.1180829309,2025-10-01T00:00:00+00:00,-0.092893706306,2026-04-01T00:00:00+00:00,0.0136632313111,2026-09-01T00:00:00+00:00,0.0578380887329,2026-09-30T00:00:00+00:00
7372028,Spot Grid,1,BTCUSDT,1.0,45684901,2025-04-24T14:21:45.421821+00:00,0.06506706008302,2025-10-01T00:00:00+00:00,-0.11006723538812,2026-04-01T00:00:00+00:00,0.00835259954524,2026-09-01T00:00:00+00:00,0.05770339590905,2026-09-30T00:00:00+00:00
6415699,Spot Grid,1,BTCUSDT,1.0,56476494,2024-12-20T16:41:52.421821+00:00,0.12244037676667,2025-10-01T00:00:00+00:00,-0.10002776264667,2026-04-01T00:00:00+00:00,0.00497327871533,2026-09-01T00:00:00+00:00,0.05756831072133,2026-09-30T00:00:00+00:00
5195255,Spot Grid,1,SOLUSDT,1.0,66680488,2024-08-24T14:15:18.421821+00:00,0.41567060939739,2025-10-01T00:00:00+00:00,-0.22964571570033,2026-04-01T00:00:00+00:00,-0.07235426830619,2026-09-01T00:00:00+00:00,0.05751019382736,2026-09-30T00:00:00+00:00
7772794,Spot Grid,1,CAKEUSDT,1.0,41090711,2025-06-16T18:31:35.421821+00:00,0.0567177890769,2025-10-01T00:00:00+00:00,-0.39504059745552,2026-04-01T00:00:00+00:00,-0.20513113185174,2026-09-01T00:00:00+00:00,0.05744873914488,2026-09-30T00:00:00+00:00
7354875,Spot Grid,1,ETHUSDT,1.0,45842638,2025-04-22T18:32:48.421821+00:00,0.21617218549322,2025-10-01T00:00:00+00:00,-0.14320251778981,2026-04-01T00:00:00+00:00,-0.01967212695926,2026-09-01T00:00:00+00:00,0.0570235496909,2026-09-30T00:00:00+00:00
7294395,Spot Grid,1,BTCUSDT,1.0,46689253,2025-04-12T23:22:33.421821+00:00,0.07471643304096,2025-10-01T00:00:00+00:00,-0.1216318900813,2026-04-01T00:00:00+00:00,-0.00379039686671,2026-09-01T00:00:00+00:00,0.05550730145058,2026-09-30T00:00:00+00:00
7074286,Spot Grid,1,BTCUSDT,1.0,49922432,2025-03-06T13:16:14.421821+00:00,0.08436746523432,2025-10-01T00:00:00+00:00,-0.11062871998558,2026-04-01T00:00:00+00:00,0.00028287190411,2026-09-01T00:00:00+00:00,0.05546032400433,2026-09-30T00:00:00+00:00
7796156,Spot Grid,1,SOLUSDT,1.0,40667158,2025-06-21T16:10:48.421821+00:00,0.09806341222591,2025-10-01T00:00:00+00:00,-0.20206434093023,2026-04-01T00:00:00+00:00,-0.06229783956811,2026-09-01T00:00:00+00:00,0.05533359099668,2026-09-30T00:00:00+00:00
8283721,Spot Grid,1,BNBFDUSD,1.0,35661472,2025-08-18T14:38:54.421821+00:00,0.04739339596026,2025-10-01T00:00:00+00:00,-0.11203304781457,2026-04-01T00:00:00+00:00,-0.02580271139073,2026-09-01T00:00:00+00:00,0.05473612635762,2026-09-30T00:00:00+00:00
7034982,Spot Grid,1,BTCUSDT,1.0,50381555,2025-03-01T05:44:11.421821+00:00,0.24716236799005,2025-10-01T00:00:00+00:00,-0.1073922121852,2026-04-01T00:00:00+00:00,0.00430042261363,2026-09-01T00:00:00+00:00,0.05365788608878,2026-09-30T00:00:00+00:00
6876746,Spot Grid,1,ETHUSDT,1.0,52327123,2025-02-06T17:18:03.421821+00:00,0.17450741535354,2025-10-01T00:00:00+00:00,-0.1503047689495,2026-04-01T00:00:00+00:00,-0.03099718785859,2026-09-01T00:00:00+00:00,0.05212840286869,2026-09-30T00:00:00+00:00
8190263,Spot Grid,1,ETHBTC,1.0,36528463,2025-08-08T13:49:03.421821+00:00,0.04943974875776,2025-10-01T00:00:00+00:00,0.02028611273292,2026-04-01T00:00:00+00:00,0.04010405571429,2026-09-01T00:00:00+00:00,0.05174367701863,2026-09-30T00:00:00+00:00
6855651,Spot Grid,1,ETHUSDT,1.0,52584539,2025-02-03T17:47:47.421821+00:00,0.12452083549347,2025-10-01T00:00:00+00:00,-0.15680761791679,2026-04-01T00:00:00+00:00,-0.03158534737322,2026-09-01T00:00:00+00:00,0.05162074276344,2026-09-30T00:00:00+00:00
6173375,Spot Grid,1,BTCUSDT,1.0,57815098,2024-12-05T04:51:48.421821+00:00,0.100865156605,2025-10-01T00:00:00+00:00,-0.081956405178,2026-04-01T00:00:00+00:00,0.0127679363841,2026-09-01T00:00:00+00:00,0.04975673836535,2026-09-30T00:00:00+00:00
6633901,Spot Grid,1,AAVEETH,1.0,54375418,2025-01-14T00:19:48.421821+00:00,-0.07660283887332,2025-10-01T00:00:00+00:00,-0.17766403786356,2026-04-01T00:00:00+00:00,-0.10953102929752,2026-09-01T00:00:00+00:00,0.04974634906754,2026-09-30T00:00:00+00:00
5965321,Spot Grid,1,ETHUSDT,1.0,58815520,2024-11-23T14:58:06.421821+00:00,0.23160265880351,2025-10-01T00:00:00+00:00,-0.11306628075483,2026-04-01T00:00:00+00:00,-0.01119614374947,2026-09-01T00:00:00+00:00,0.04957641993447,2026-09-30T00:00:00+00:00
5980120,Spot Grid,1,ETHUSDT,1.0,58758524,2024-11-24T06:48:02.421821+00:00,0.21818158498689,2025-10-01T00:00:00+00:00,-0.14266246409836,2026-04-01T00:00:00+00:00,-0.02287168412295,2026-09-01T00:00:00+00:00,0.04870256441311,2026-09-30T00:00:00+00:00
7045711,Spot Grid,1,SOLUSDC,1.0,50247983,2025-03-02T18:50:23.421821+00:00,0.257287475064,2025-10-01T00:00:00+00:00,-0.16372009277,2026-04-01T00:00:00+00:00,-0.047260535743,2026-09-01T00:00:00+00:00,0.048588928351,2026-09-30T00:00:00+00:00
5741735,Spot Grid,1,BTCUSDT,1.0,59787980,2024-11-12T08:50:26.421821+00:00,0.03773948854331,2025-10-01T00:00:00+00:00,-0.07943455141575,2026-04-01T00:00:00+00:00,0.01758510054157,2026-09-01T00:00:00+00:00,0.04767978475614,2026-09-30T00:00:00+00:00
8550653,Spot Grid,1,BNBETH,1.0,32650119,2025-09-22T11:08:07.421821+00:00,-0.00071438,2025-10-01T00:00:00+00:00,0.05610051619048,2026-04-01T00:00:00+00:00,0.0395350547619,2026-09-01T00:00:00+00:00,0.04747306904762,2026-09-30T00:00:00+00:00
6476407,Spot Grid,1,BTCUSDC,1.0,55972294,2024-12-26T12:45:12.421821+00:00,0.07761480251008,2025-10-01T00:00:00+00:00,-0.10427901109392,2026-04-01T00:00:00+00:00,0.00590964048713,2026-09-01T00:00:00+00:00,0.04666303343159,2026-09-30T00:00:00+00:00
5972731,Spot Grid,1,ETHUSDT,1.0,58795647,2024-11-23T20:29:19.421821+00:00,0.22714238201936,2025-10-01T00:00:00+00:00,-0.11855699036274,2026-04-01T00:00:00+00:00,-0.01547468331322,2026-09-01T00:00:00+00:00,0.04602418567504,2026-09-30T00:00:00+00:00
8239332,Spot Grid,1,BNBUSDT,1.0,36102689,2025-08-13T12:05:17.421821+00:00,0.029787419972,2025-10-01T00:00:00+00:00,-0.1029907169334,2026-04-01T00:00:00+00:00,-0.0110689749166,2026-09-01T00:00:00+00:00,0.0448990666728,2026-09-30T00:00:00+00:00
5986314,Spot Grid,1,BTCUSDT,1.0,58729455,2024-11-24T14:52:31.421821+00:00,0.1766700841064,2025-10-01T00:00:00+00:00,-0.11275182291873,2026-04-01T00:00:00+00:00,-0.00666801059128,2026-09-01T00:00:00+00:00,0.04486089740881,2026-09-30T00:00:00+00:00
8116569,Spot Grid,1,BNBUSDT,1.0,37461651,2025-07-28T18:35:55.421821+00:00,0.05387876866582,2025-10-01T00:00:00+00:00,-0.12709386889872,2026-04-01T00:00:00+00:00,-0.04089887672364,2026-09-01T00:00:00+00:00,0.04475511886483,2026-09-30T00:00:00+00:00
6705745,Spot Grid,1,BTCUSDT,1.0,53826109,2025-01-20T08:54:57.421821+00:00,0.12052889734386,2025-10-01T00:00:00+00:00,-0.10333758142335,2026-04-01T00:00:00+00:00,-0.00407832781048,2026-09-01T00:00:00+00:00,0.04472396458151,2026-09-30T00:00:00+00:00
8206464,Spot Grid,1,ETHBTC,1.0,36395896,2025-08-10T02:38:30.421821+00:00,0.01547175996607,2025-10-01T00:00:00+00:00,0.00373406615776,2026-04-01T00:00:00+00:00,0.0294851519084,2026-09-01T00:00:00+00:00,0.04438798982188,2026-09-30T00:00:00+00:00
7049355,Spot Grid,1,BTCUSDT,1.0,50227173,2025-03-03T00:37:13.421821+00:00,0.07756010476508,2025-10-01T00:00:00+00:00,-0.11254772540269,2026-04-01T00:00:00+00:00,-0.0087677554818,2026-09-01T00:00:00+00:00,0.04369164793421,2026-09-30T00:00:00+00:00
5749728,Spot Grid,1,BTCUSDT,1.0,59764469,2024-11-12T15:22:17.421821+00:00,0.03302091320752,2025-10-01T00:00:00+00:00,-0.07635898557371,2026-04-01T00:00:00+00:00,0.01490026443312,2026-09-01T00:00:00+00:00,0.04301820240432,2026-09-30T00:00:00+00:00
6742351,Spot Grid,1,ETHBTC,1.0,53625590,2025-01-22T16:36:56.421821+00:00,0.03664070504798,2025-10-01T00:00:00+00:00,0.07797980066003,2026-04-01T00:00:00+00:00,0.03107346685812,2026-09-01T00:00:00+00:00,0.0413765736334,2026-09-30T00:00:00+00:00
6073763,Spot Grid,1,ETHUSDT,1.0,58243783,2024-11-30T05:47:03.421821+00:00,0.191044802884,2025-10-01T00:00:00+00:00,-0.124421565571,2026-04-01T00:00:00+00:00,-0.019722630498,2026-09-01T00:00:00+00:00,0.041107844298,2026-09-30T00:00:00+00:00
8068128,Spot Grid,1,BNBUSDC,1.0,37909918,2025-07-23T14:04:48.421821+00:00,0.032677128844,2025-10-01T00:00:00+00:00,-0.115412146713,2026-04-01T00:00:00+00:00,-0.023017346238,2026-09-01T00:00:00+00:00,0.04098888571,2026-09-30T00:00:00+00:00
8451182,Spot Grid,1,UNIUSDT,1.0,33593885,2025-09-11T12:58:41.421821+00:00,-0.14536425901667,2025-10-01T00:00:00+00:00,-0.55711261735,2026-04-01T00:00:00+00:00,-0.36959033521667,2026-09-01T00:00:00+00:00,0.0409742661,2026-09-30T00:00:00+00:00
8252791,Spot Grid,1,UNIUSDT,1.0,36009902,2025-08-14T13:51:44.421821+00:00,-0.17190224141818,2025-10-01T00:00:00+00:00,-0.44839874025455,2026-04-01T00:00:00+00:00,-0.26423383605455,2026-09-01T00:00:00+00:00,0.04087669622727,2026-09-30T00:00:00+00:00
7070416,Spot Grid,1,BTCUSDC,1.0,49976349,2025-03-05T22:17:37.421821+00:00,0.17014001434711,2025-10-01T00:00:00+00:00,-0.10896663358219,2026-04-01T00:00:00+00:00,-0.00449119891601,2026-09-01T00:00:00+00:00,0.04086968209833,2026-09-30T00:00:00+00:00
5505970,Spot Grid,1,SOLETH,1.0,62148614,2024-10-16T01:06:32.421821+00:00,0.02724487801746,2025-10-01T00:00:00+00:00,-0.03746995737031,2026-04-01T00:00:00+00:00,0.00689595268362,2026-09-01T00:00:00+00:00,0.04061469597458,2026-09-30T00:00:00+00:00
5979225,Spot Grid,1,BTCUSDT,1.0,58763644,2024-11-24T05:22:42.421821+00:00,0.11667631276,2025-10-01T00:00:00+00:00,-0.09879157047067,2026-04-01T00:00:00+00:00,0.00087790811833,2026-09-01T00:00:00+00:00,0.04051836897607,2026-09-30T00:00:00+00:00
7762380,Spot Grid,1,CAKEUSDT,1.0,41268619,2025-06-14T17:06:27.421821+00:00,0.04114974307666,2025-10-01T00:00:00+00:00,-0.41340491894124,2026-04-01T00:00:00+00:00,-0.22474521693234,2026-09-01T00:00:00+00:00,0.04040473412891,2026-09-30T00:00:00+00:00
7370283,Spot Grid,1,BTCUSDT,1.0,45705298,2025-04-24T08:41:48.421821+00:00,0.02175573021735,2025-10-01T00:00:00+00:00,-0.14203823684689,2026-04-01T00:00:00+00:00,-0.0144783710132,2026-09-01T00:00:00+00:00,0.03984367949537,2026-09-30T00:00:00+00:00
5545263,Spot Grid,1,SOLETH,1.0,61673897,2024-10-21T12:58:29.421821+00:00,0.02610012666667,2025-10-01T00:00:00+00:00,-0.03900953626667,2026-04-01T00:00:00+00:00,0.00543128636667,2026-09-01T00:00:00+00:00,0.03903284593333,2026-09-30T00:00:00+00:00
5855095,Spot Grid,1,ETHEUR,1.0,59327902,2024-11-17T16:38:24.421821+00:00,0.228112186484,2025-10-01T00:00:00+00:00,-0.1435508100515,2026-04-01T00:00:00+00:00,-0.038876501231,2026-09-01T00:00:00+00:00,0.0388136689605,2026-09-30T00:00:00+00:00
7503505,Spot Grid,1,ETHBTC,1.0,44209733,2025-05-11T16:07:53.421821+00:00,0.07146657411765,2025-10-01T00:00:00+00:00,-0.00174753470588,2026-04-01T00:00:00+00:00,0.01872634747059,2026-09-01T00:00:00+00:00,0.03781955294118,2026-09-30T00:00:00+00:00
6476391,Spot Grid,1,ETHBTC,1.0,55972425,2024-12-26T12:43:01.421821+00:00,0.04940948183695,2025-10-01T00:00:00+00:00,0.00077968637771,2026-04-01T00:00:00+00:00,0.01949881139319,2026-09-01T00:00:00+00:00,0.0375000123839,2026-09-30T00:00:00+00:00
8574814,Spot Grid,1,BNBBTC,1.0,32318387,2025-09-26T07:16:59.421821+00:00,0.01867627624399,2025-10-01T00:00:00+00:00,0.03452803498188,2026-04-01T00:00:00+00:00,0.01772410958721,2026-09-01T00:00:00+00:00,0.0373185846445,2026-09-30T00:00:00+00:00
8311002,Spot Grid,1,BNBFDUSD,1.0,35299395,2025-08-22T19:13:31.421821+00:00,0.048247805,2025-10-01T00:00:00+00:00,-0.11762247776,2026-04-01T00:00:00+00:00,-0.0367067248,2026-09-01T00:00:00+00:00,0.0369931736,2026-09-30T00:00:00+00:00
5967639,Spot Grid,1,ETHUSDT,1.0,58809919,2024-11-23T16:31:27.421821+00:00,0.213226106842,2025-10-01T00:00:00+00:00,-0.124503248412,2026-04-01T00:00:00+00:00,-0.024173394921,2026-09-01T00:00:00+00:00,0.035683758686,2026-09-30T00:00:00+00:00
5721359,Spot Grid,1,BTCUSDT,1.0,59854958,2024-11-11T14:14:08.421821+00:00,0.053915900725,2025-10-01T00:00:00+00:00,-0.034636400865,2026-04-01T00:00:00+00:00,0.00581803294487,2026-09-01T00:00:00+00:00,0.03533188134812,2026-09-30T00:00:00+00:00
7272006,Spot Grid,1,XRPFDUSD,1.0,46986223,2025-04-09T12:53:03.421821+00:00,0.2691117375649,2025-10-01T00:00:00+00:00,-0.05128881010501,2026-04-01T00:00:00+00:00,-0.02498173188526,2026-09-01T00:00:00+00:00,0.03519180138666,2026-09-30T00:00:00+00:00
8165177,Spot Grid,1,ETHBTC,1.0,36843298,2025-08-04T22:21:48.421821+00:00,0.11550512409928,2025-10-01T00:00:00+00:00,-0.00180841693355,2026-04-01T00:00:00+00:00,0.0160618153723,2026-09-01T00:00:00+00:00,0.03470143154524,2026-09-30T00:00:00+00:00
7552740,Spot Grid,1,ETHUSDT,1.0,43794447,2025-05-16T11:29:19.421821+00:00,0.321704948658,2025-10-01T00:00:00+00:00,-0.033524247355,2026-04-01T00:00:00+00:00,-0.0309678585975,2026-09-01T00:00:00+00:00,0.03346571009,2026-09-30T00:00:00+00:00
6946798,Spot Grid,1,ETHUSDT,1.0,51514687,2025-02-16T02:58:39.421821+00:00,0.035928600492,2025-10-01T00:00:00+00:00,-0.144038648996,2026-04-01T00:00:00+00:00,-0.014479737648,2026-09-01T00:00:00+00:00,0.0333928545,2026-09-30T00:00:00+00:00
7433772,Spot Grid,1,BTCUSDT,1.0,44927979,2025-05-03T08:37:07.421821+00:00,0.09215664574,2025-10-01T00:00:00+00:00,-0.11987248498,2026-04-01T00:00:00+00:00,-0.0124622225804,2026-09-01T00:00:00+00:00,0.0327565527348,2026-09-30T00:00:00+00:00
8372116,Spot Grid,1,SOLETH,1.0,34593138,2025-08-30T23:24:28.421821+00:00,0.03809544794521,2025-10-01T00:00:00+00:00,-0.04273391068493,2026-04-01T00:00:00+00:00,-0.00218583215753,2026-09-01T00:00:00+00:00,0.03267124989726,2026-09-30T00:00:00+00:00
7732079,Spot Grid,1,SOLUSDC,1.0,41636990,2025-06-10T10:46:56.421821+00:00,0.111187398848,2025-10-01T00:00:00+00:00,-0.20710078296,2026-04-01T00:00:00+00:00,-0.076902049702,2026-09-01T00:00:00+00:00,0.032363558664,2026-09-30T00:00:00+00:00
6487105,Spot Grid,1,BTCUSDT,1.0,55864882,2024-12-27T18:35:24.421821+00:00,0.14371377516,2025-10-01T00:00:00+00:00,-0.09873618031067,2026-04-01T00:00:00+00:00,-0.0064454199732,2026-09-01T00:00:00+00:00,0.03211038535197,2026-09-30T00:00:00+00:00
7335166,Spot Grid,1,BTCUSDT,1.0,46052372,2025-04-20T08:17:14.421821+00:00,0.08593467098333,2025-10-01T00:00:00+00:00,-0.12424377917667,2026-04-01T00:00:00+00:00,-0.0143673909635,2026-09-01T00:00:00+00:00,0.031765061984,2026-09-30T00:00:00+00:00
5975238,Spot Grid,1,ETHUSDT,1.0,58783820,2024-11-23T23:46:26.421821+00:00,0.1180194869876,2025-10-01T00:00:00+00:00,-0.1330793801172,2026-04-01T00:00:00+00:00,-0.0240983019665,2026-09-01T00:00:00+00:00,0.0313003417308,2026-09-30T00:00:00+00:00
6969164,Spot Grid,1,XRPUSDT,1.0,51204231,2025-02-19T17:12:55.421821+00:00,0.17306273725714,2025-10-01T00:00:00+00:00,-0.05329856042143,2026-04-01T00:00:00+00:00,-0.02144713990714,2026-09-01T00:00:00+00:00,0.03115840330714,2026-09-30T00:00:00+00:00
8093468,Spot Grid,1,ETHUSDT,1.0,37668833,2025-07-26T09:02:53.421821+00:00,0.0703755554528,2025-10-01T00:00:00+00:00,-0.1200550379024,2026-04-01T00:00:00+00:00,-0.0177214829344,2026-09-01T00:00:00+00:00,0.0311490777056,2026-09-30T00:00:00+00:00
8384648,Spot Grid,1,SOLETH,1.0,34399925,2025-09-02T05:04:41.421821+00:00,0.03643722258035,2025-10-01T00:00:00+00:00,-0.04387803444148,2026-04-01T00:00:00+00:00,-0.00369297756086,2026-09-01T00:00:00+00:00,0.03103411947079,2026-09-30T00:00:00+00:00
6089909,Spot Grid,1,BTCUSDC,1.0,58167704,2024-12-01T02:55:02.421821+00:00,0.1466696743386,2025-10-01T00:00:00+00:00,-0.10832663683475,2026-04-01T00:00:00+00:00,-0.01025754652245,2026-09-01T00:00:00+00:00,0.0291184130632,2026-09-30T00:00:00+00:00
8084110,Spot Grid,1,ETHUSDT,1.0,37768986,2025-07-25T05:13:40.421821+00:00,0.05874007411934,2025-10-01T00:00:00+00:00,-0.14272619225733,2026-04-01T00:00:00+00:00,-0.02472372956533,2026-09-01T00:00:00+00:00,0.02896629764222,2026-09-30T00:00:00+00:00
6216131,Spot Grid,1,BTCUSDT,1.0,57642116,2024-12-07T04:54:50.421821+00:00,0.14700612018,2025-10-01T00:00:00+00:00,-0.113608159036,2026-04-01T00:00:00+00:00,-0.0185303913406,2026-09-01T00:00:00+00:00,0.0287613148952,2026-09-30T00:00:00+00:00
8425515,Spot Grid,1,SOLETH,1.0,33846561,2025-09-08T14:47:25.421821+00:00,0.01377362273932,2025-10-01T00:00:00+00:00,-0.05848836738733,2026-04-01T00:00:00+00:00,-0.0091194611134,2026-09-01T00:00:00+00:00,0.02866715187334,2026-09-30T00:00:00+00:00
5937220,Spot Grid,1,BTCUSDT,1.0,58922468,2024-11-22T09:15:38.421821+00:00,0.14645844382182,2025-10-01T00:00:00+00:00,-0.12314591286471,2026-04-01T00:00:00+00:00,-0.01684073789308,2026-09-01T00:00:00+00:00,0.02819858771197,2026-09-30T00:00:00+00:00
6463419,Spot Grid,1,NEARUSDT,1.0,56088994,2024-12-25T04:20:12.421821+00:00,-0.384851032,2025-10-01T00:00:00+00:00,-0.6290557234,2026-04-01T00:00:00+00:00,-0.5039999692,2026-09-01T00:00:00+00:00,0.0280349462,2026-09-30T00:00:00+00:00
8358942,Spot Grid,1,SOLETH,1.0,34780649,2025-08-28T19:19:17.421821+00:00,0.032655328,2025-10-01T00:00:00+00:00,-0.04839702293333,2026-04-01T00:00:00+00:00,-0.00791828133333,2026-09-01T00:00:00+00:00,0.0271235309,2026-09-30T00:00:00+00:00
5731304,Spot Grid,1,BTCFDUSD,1.0,59820309,2024-11-11T23:51:37.421821+00:00,0.07989286976689,2025-10-01T00:00:00+00:00,-0.13997646461997,2026-04-01T00:00:00+00:00,-0.01943299779622,2026-09-01T00:00:00+00:00,0.02694882451849,2026-09-30T00:00:00+00:00
6958623,Spot Grid,1,BTCUSDT,1.0,50715488,2025-02-25T08:58:38.421821+00:00,0.17941606830294,2025-10-01T00:00:00+00:00,-0.12703717195561,2026-04-01T00:00:00+00:00,-0.02035007359843,2026-09-01T00:00:00+00:00,0.02687959583057,2026-09-30T00:00:00+00:00
8043555,Spot Grid,1,ETHUSDT,1.0,38076990,2025-07-21T15:40:16.421821+00:00,0.07277903662221,2025-10-01T00:00:00+00:00,-0.12923975237926,2026-04-01T00:00:00+00:00,-0.02426710257498,2026-09-01T00:00:00+00:00,0.02640861128234,2026-09-30T00:00:00+00:00
7405419,Spot Grid,1,BTCUSDT,1.0,45324428,2025-04-28T18:29:38.421821+00:00,0.09388525040172,2025-10-01T00:00:00+00:00,-0.11910469597534,2026-04-01T00:00:00+00:00,-0.01445802577322,2026-09-01T00:00:00+00:00,0.02629296159878,2026-09-30T00:00:00+00:00
8179703,Spot Grid,1,ETHBTC,1.0,36627515,2025-08-07T10:18:11.421821+00:00,0.10884616283333,2025-10-01T00:00:00+00:00,-0.0099748935,2026-04-01T00:00:00+00:00,0.00767345393333,2026-09-01T00:00:00+00:00,0.02581221333333,2026-09-30T00:00:00+00:00
8052411,Spot Grid,1,ETHUSDT,1.0,38024344,2025-07-22T06:17:42.421821+00:00,0.100332483874,2025-10-01T00:00:00+00:00,-0.1406549681234,2026-04-01T00:00:00+00:00,-0.0319660059998,2026-09-01T00:00:00+00:00,0.025631599883,2026-09-30T00:00:00+00:00
8074932,Spot Grid,1,BNBFDUSD,1.0,37853037,2025-07-24T05:52:49.421821+00:00,0.07277093252113,2025-10-01T00:00:00+00:00,-0.15060416301408,2026-04-01T00:00:00+00:00,-0.0629213271831,2026-09-01T00:00:00+00:00,0.02505158214085,2026-09-30T00:00:00+00:00
5945732,Spot Grid,1,XRPUSDC,1.0,58888380,2024-11-22T18:43:46.421821+00:00,0.27095388834,2025-10-01T00:00:00+00:00,0.50572888241,2026-04-01T00:00:00+00:00,0.583293858048,2026-09-01T00:00:00+00:00,0.024657228096,2026-09-30T00:00:00+00:00
7997783,Spot Grid,1,ETHUSDC,1.0,38379682,2025-07-18T03:35:24.421821+00:00,0.08678903435186,2025-10-01T00:00:00+00:00,-0.14275455092976,2026-04-01T00:00:00+00:00,-0.03158656577649,2026-09-01T00:00:00+00:00,0.0246568197587,2026-09-30T00:00:00+00:00
8068392,Spot Grid,1,ETHUSDT,1.0,37908041,2025-07-23T14:36:05.421821+00:00,0.1041413240208,2025-10-01T00:00:00+00:00,-0.1415917273984,2026-04-01T00:00:00+00:00,-0.0324209685604,2026-09-01T00:00:00+00:00,0.0245135717776,2026-09-30T00:00:00+00:00
7526961,Spot Grid,1,BTCUSDT,1.0,44033987,2025-05-13T16:56:59.421821+00:00,0.02658726465,2025-10-01T00:00:00+00:00,-0.125241497798,2026-04-01T00:00:00+00:00,-0.0163561089545,2026-09-01T00:00:00+00:00,0.0240558395218,2026-09-30T00:00:00+00:00
6530056,Spot Grid,1,BTCUSDT,1.0,55389108,2025-01-02T06:44:58.421821+00:00,0.17624970257143,2025-10-01T00:00:00+00:00,-0.13655849867429,2026-04-01T00:00:00+00:00,-0.02653023733829,2026-09-01T00:00:00+00:00,0.02394384642514,2026-09-30T00:00:00+00:00
8139938,Spot Grid,1,BNBUSDT,1.0,37187647,2025-07-31T22:42:39.421821+00:00,0.08880800616,2025-10-01T00:00:00+00:00,-0.14047008888,2026-04-01T00:00:00+00:00,-0.04170794538,2026-09-01T00:00:00+00:00,0.02390772318,2026-09-30T00:00:00+00:00
6407561,Spot Grid,1,SOLUSDT,1.0,56535978,2024-12-20T00:10:28.421821+00:00,0.2493406459755,2025-10-01T00:00:00+00:00,-0.1811225220219,2026-04-01T00:00:00+00:00,-0.0664350375943,2026-09-01T00:00:00+00:00,0.0237391052441,2026-09-30T00:00:00+00:00
5797058,Spot Grid,1,ETHBTC,1.0,59596974,2024-11-14T13:53:52.421821+00:00,0.08144616220644,2025-10-01T00:00:00+00:00,-0.01141918241398,2026-04-01T00:00:00+00:00,0.00629079290005,2026-09-01T00:00:00+00:00,0.02344620425997,2026-09-30T00:00:00+00:00
7223888,Spot Grid,1,BTCUSDT,1.0,47724180,2025-03-31T23:53:46.421821+00:00,0.13535358467852,2025-10-01T00:00:00+00:00,-0.09814507886731,2026-04-01T00:00:00+00:00,-0.0149825215212,2026-09-01T00:00:00+00:00,0.02262194283653,2026-09-30T00:00:00+00:00
8373314,Spot Grid,1,BTCUSDC,1.0,34571599,2025-08-31T05:23:27.421821+00:00,0.00131296385927,2025-10-01T00:00:00+00:00,-0.09541872662143,2026-04-01T00:00:00+00:00,-0.00689701265706,2026-09-01T00:00:00+00:00,0.02255568169942,2026-09-30T00:00:00+00:00
8066718,Spot Grid,1,ETHBTC,1.0,37921447,2025-07-23T10:52:39.421821+00:00,0.116283794255,2025-10-01T00:00:00+00:00,-0.00176030752167,2026-04-01T00:00:00+00:00,0.006998299417,2026-09-01T00:00:00+00:00,0.02246942213333,2026-09-30T00:00:00+00:00
8568575,Spot Grid,1,ETHUSDT,1.0,32407283,2025-09-25T06:35:23.421821+00:00,0.00804025373956,2025-10-01T00:00:00+00:00,-0.14354202317067,2026-04-01T00:00:00+00:00,-0.02665845485444,2026-09-01T00:00:00+00:00,0.02178682655778,2026-09-30T00:00:00+00:00
7815992,Spot Grid,1,BTCFDUSD,1.0,40362072,2025-06-25T04:55:34.421821+00:00,0.00727206125225,2025-10-01T00:00:00+00:00,-0.1391242068549,2026-04-01T00:00:00+00:00,-0.02374065009375,2026-09-01T00:00:00+00:00,0.02156129467655,2026-09-30T00:00:00+00:00
8057969,Spot Grid,1,ETHUSDT,1.0,37984820,2025-07-22T17:16:26.421821+00:00,0.09584400401579,2025-10-01T00:00:00+00:00,-0.14523137116447,2026-04-01T00:00:00+00:00,-0.03752313893618,2026-09-01T00:00:00+00:00,0.01953603080789,2026-09-30T00:00:00+00:00
8432033,Spot Grid,1,SOLETH,1.0,33784553,2025-09-09T08:00:53.421821+00:00,0.0080315232,2025-10-01T00:00:00+00:00,-0.06727138176,2026-04-01T00:00:00+00:00,-0.01813143642,2026-09-01T00:00:00+00:00,0.01944306628,2026-09-30T00:00:00+00:00
6847983,Spot Grid,1,BTCUSDT,1.0,52641857,2025-02-03T01:52:29.421821+00:00,0.1594785280929,2025-10-01T00:00:00+00:00,-0.14760136919607,2026-04-01T00:00:00+00:00,-0.03693514800648,2026-09-01T00:00:00+00:00,0.01942588883868,2026-09-30T00:00:00+00:00
8061353,Spot Grid,1,ETHBTC,1.0,37962071,2025-07-22T23:35:35.421821+00:00,0.07305485668437,2025-10-01T00:00:00+00:00,0.00818173285447,2026-04-01T00:00:00+00:00,0.0070677493371,2026-09-01T00:00:00+00:00,0.01884198525198,2026-09-30T00:00:00+00:00
7154457,Spot Grid,1,BTCUSDC,1.0,48763084,2025-03-19T23:18:42.421821+00:00,0.19825197475487,2025-10-01T00:00:00+00:00,-0.03973682713487,2026-04-01T00:00:00+00:00,-0.03597050208821,2026-09-01T00:00:00+00:00,0.01875540485744,2026-09-30T00:00:00+00:00
8133053,Spot Grid,1,BNBUSDT,1.0,37271281,2025-07-30T23:28:45.421821+00:00,0.05312306590909,2025-10-01T00:00:00+00:00,-0.13979210981818,2026-04-01T00:00:00+00:00,-0.07388238368182,2026-09-01T00:00:00+00:00,0.01735654645455,2026-09-30T00:00:00+00:00
7953144,Spot Grid,1,SOLUSDC,1.0,38688292,2025-07-14T13:51:54.421821+00:00,0.098692621792,2025-10-01T00:00:00+00:00,-0.21217472148,2026-04-01T00:00:00+00:00,-0.08659868804,2026-09-01T00:00:00+00:00,0.01722280844,2026-09-30T00:00:00+00:00
4939926,Spot Grid,1,BNBBTC,1.0,70564283,2024-07-10T15:25:23.421821+00:00,0.00484623125788,2025-10-01T00:00:00+00:00,0.06614000778161,2026-04-01T00:00:00+00:00,-0.0010205495596,2026-09-01T00:00:00+00:00,0.01720964166052,2026-09-30T00:00:00+00:00
6299465,Spot Grid,1,ETHUSDT,1.0,57245589,2024-12-11T19:03:37.421821+00:00,0.1501509737184,2025-10-01T00:00:00+00:00,-0.1398494707792,2026-04-01T00:00:00+00:00,-0.0370910155016,2026-09-01T00:00:00+00:00,0.0170326341216,2026-09-30T00:00:00+00:00
8361865,Spot Grid,1,SOLETH,1.0,34738434,2025-08-29T07:02:52.421821+00:00,0.02228337640624,2025-10-01T00:00:00+00:00,-0.0590506571763,2026-04-01T00:00:00+00:00,-0.01829290254855,2026-09-01T00:00:00+00:00,0.01680672498627,2026-09-30T00:00:00+00:00
7363692,Spot Grid,1,BTCUSDT,1.0,45772853,2025-04-23T13:55:53.421821+00:00,0.06731142573,2025-10-01T00:00:00+00:00,-0.147692696148,2026-04-01T00:00:00+00:00,-0.0401063222628,2026-09-01T00:00:00+00:00,0.0159966906646,2026-09-30T00:00:00+00:00
8049394,Spot Grid,1,ETHUSDT,1.0,38047839,2025-07-21T23:46:07.421821+00:00,0.08978226297394,2025-10-01T00:00:00+00:00,-0.14776441164821,2026-04-01T00:00:00+00:00,-0.04074207865147,2026-09-01T00:00:00+00:00,0.01586544706515,2026-09-30T00:00:00+00:00
6497640,Spot Grid,1,BTCUSDT,1.0,55760400,2024-12-28T23:36:46.421821+00:00,0.16880585217899,2025-10-01T00:00:00+00:00,-0.13970123435798,2026-04-01T00:00:00+00:00,-0.03242742862957,2026-09-01T00:00:00+00:00,0.01517710630739,2026-09-30T00:00:00+00:00
7941788,Spot Grid,1,ETHUSDT,1.0,38769080,2025-07-13T15:25:26.421821+00:00,0.03079746130718,2025-10-01T00:00:00+00:00,-0.15996043518698,2026-04-01T00:00:00+00:00,-0.03986576952588,2026-09-01T00:00:00+00:00,0.01471302842237,2026-09-30T00:00:00+00:00
6736206,Spot Grid,1,BTCUSDT,1.0,53658755,2025-01-22T07:24:11.421821+00:00,0.07649278532,2025-10-01T00:00:00+00:00,-0.114539665896,2026-04-01T00:00:00+00:00,-0.022201769887,2026-09-01T00:00:00+00:00,0.0130416697863,2026-09-30T00:00:00+00:00
5935425,Spot Grid,1,BTCUSDT,1.0,58930679,2024-11-22T06:58:47.421821+00:00,0.1741605096,2025-10-01T00:00:00+00:00,-0.13765304396,2026-04-01T00:00:00+00:00,-0.037622275241,2026-09-01T00:00:00+00:00,0.013011228397,2026-09-30T00:00:00+00:00
6014823,Spot Grid,1,NEARUSDT,1.0,58569643,2024-11-26T11:16:03.421821+00:00,-0.3552210039,2025-10-01T00:00:00+00:00,-0.5810678957,2026-04-01T00:00:00+00:00,-0.4654130603,2026-09-01T00:00:00+00:00,0.0129781262,2026-09-30T00:00:00+00:00
6630949,Spot Grid,1,BTCUSDT,1.0,54408134,2025-01-13T15:14:32.421821+00:00,0.08214551704545,2025-10-01T00:00:00+00:00,-0.14544149166182,2026-04-01T00:00:00+00:00,-0.03448445577445,2026-09-01T00:00:00+00:00,0.01225399897455,2026-09-30T00:00:00+00:00
7256610,Spot Grid,1,BTCUSDC,1.0,47216061,2025-04-06T21:02:25.421821+00:00,0.08013492315108,2025-10-01T00:00:00+00:00,-0.15835523182874,2026-04-01T00:00:00+00:00,-0.0408389009686,2026-09-01T00:00:00+00:00,0.01162149660946,2026-09-30T00:00:00+00:00
6050254,Spot Grid,1,XRPUSDT,1.0,58362280,2024-11-28T20:52:06.421821+00:00,0.542958742252,2025-10-01T00:00:00+00:00,-0.075517846512,2026-04-01T00:00:00+00:00,-0.054042785932,2026-09-01T00:00:00+00:00,0.011289706788,2026-09-30T00:00:00+00:00
8609113,Spot Grid,1,TRXUSDT,1.0,31828434,2025-10-01T23:22:52.421821+00:00,-5.438899333e-05,2025-10-02T00:00:00+00:00,-0.03066763586267,2026-04-01T00:00:00+00:00,0.00772841736333,2026-09-01T00:00:00+00:00,0.01118215558267,2026-09-30T00:00:00+00:00
6850301,Spot Grid,1,LTCETH,1.0,52627212,2025-02-03T05:56:34.421821+00:00,-0.06738572283281,2025-10-01T00:00:00+00:00,-0.00569166396483,2026-04-01T00:00:00+00:00,-0.10114900557769,2026-09-01T00:00:00+00:00,0.0109462416266,2026-09-30T00:00:00+00:00
8408135,Spot Grid,1,LTCUSDC,1.0,34072521,2025-09-06T00:01:25.421821+00:00,-0.00679001143955,2025-10-01T00:00:00+00:00,-0.14341577977273,2026-04-01T00:00:00+00:00,-0.16685872490227,2026-09-01T00:00:00+00:00,0.01058080182045,2026-09-30T00:00:00+00:00
8130717,Spot Grid,1,ETHFDUSD,1.0,37296097,2025-07-30T16:35:09.421821+00:00,0.04924226115717,2025-10-01T00:00:00+00:00,-0.16380462196304,2026-04-01T00:00:00+00:00,-0.05565740154165,2026-09-01T00:00:00+00:00,0.0102463305654,2026-09-30T00:00:00+00:00
8453732,Spot Grid,1,SOLETH,1.0,33574500,2025-09-11T18:21:46.421821+00:00,-0.0013553956,2025-10-01T00:00:00+00:00,-0.07606610376,2026-04-01T00:00:00+00:00,-0.02712453394,2026-09-01T00:00:00+00:00,0.0102018708,2026-09-30T00:00:00+00:00
3315852,Spot Grid,1,ETHUSDT,1.0,82071417,2024-02-28T10:59:49.421821+00:00,0.08440465505326,2025-10-01T00:00:00+00:00,-0.16696797497375,2026-04-01T00:00:00+00:00,-0.05256680039793,2026-09-01T00:00:00+00:00,0.01019454255432,2026-09-30T00:00:00+00:00
6300000,Spot Grid,1,AAVEBTC,1.0,57243409,2024-12-11T19:39:57.421821+00:00,0.0979916234,2025-10-01T00:00:00+00:00,-0.1869630704,2026-04-01T00:00:00+00:00,-0.1348309262,2026-09-01T00:00:00+00:00,0.0099883708,2026-09-30T00:00:00+00:00
7405538,Spot Grid,1,BTCUSDT,1.0,45323016,2025-04-28T18:53:10.421821+00:00,0.108694694007,2025-10-01T00:00:00+00:00,-0.1141153094914,2026-04-01T00:00:00+00:00,-0.02604997310205,2026-09-01T00:00:00+00:00,0.00970420166718,2026-09-30T00:00:00+00:00
7071681,Spot Grid,1,BTCUSDT,1.0,49957714,2025-03-06T03:28:12.421821+00:00,0.11118636194,2025-10-01T00:00:00+00:00,-0.153947824856,2026-04-01T00:00:00+00:00,-0.0421509896092,2026-09-01T00:00:00+00:00,0.0096684975677,2026-09-30T00:00:00+00:00
8191616,Spot Grid,1,ETHUSDT,1.0,36518530,2025-08-08T16:34:36.421821+00:00,0.0214405497888,2025-10-01T00:00:00+00:00,-0.1477032705663,2026-04-01T00:00:00+00:00,-0.03713622206163,2026-09-01T00:00:00+00:00,0.0095239933642,2026-09-30T00:00:00+00:00
8551084,Spot Grid,1,TRXUSDT,1.0,32645766,2025-09-22T12:20:40.421821+00:00,-0.00211464751292,2025-10-01T00:00:00+00:00,-0.03691147561197,2026-04-01T00:00:00+00:00,0.00377346154812,2026-09-01T00:00:00+00:00,0.00882808528251,2026-09-30T00:00:00+00:00
8038996,Spot Grid,1,ETHUSDT,1.0,38100207,2025-07-21T09:13:19.421821+00:00,0.06168614315456,2025-10-01T00:00:00+00:00,-0.15131137701117,2026-04-01T00:00:00+00:00,-0.04407416993017,2026-09-01T00:00:00+00:00,0.00845301470205,2026-09-30T00:00:00+00:00
6017870,Spot Grid,1,BTCUSDT,1.0,58552404,2024-11-26T16:03:22.421821+00:00,0.12699809181578,2025-10-01T00:00:00+00:00,-0.11012555038623,2026-04-01T00:00:00+00:00,0.01117912847952,2026-09-01T00:00:00+00:00,0.00786238806004,2026-09-30T00:00:00+00:00
6997558,Spot Grid,1,SOLUSDT,1.0,50859028,2025-02-23T17:06:18.421821+00:00,0.23647606073584,2025-10-01T00:00:00+00:00,-0.21728570981472,2026-04-01T00:00:00+00:00,-0.08948442956591,2026-09-01T00:00:00+00:00,0.00750345168872,2026-09-30T00:00:00+00:00
6840232,Spot Grid,1,BTCUSDT,1.0,52717917,2025-02-02T04:44:49.421821+00:00,0.080935041952,2025-10-01T00:00:00+00:00,-0.1095651105248,2026-04-01T00:00:00+00:00,-0.02630850758162,2026-09-01T00:00:00+00:00,0.00713132080874,2026-09-30T00:00:00+00:00
6336764,Spot Grid,1,BTCUSDT,1.0,57040825,2024-12-14T03:56:21.421821+00:00,0.08702679241053,2025-10-01T00:00:00+00:00,-0.11574162776211,2026-04-01T00:00:00+00:00,-0.02831633216105,2026-09-01T00:00:00+00:00,0.00708747785147,2026-09-30T00:00:00+00:00
5882756,Spot Grid,1,BTCUSDT,1.0,59182703,2024-11-19T08:58:23.421821+00:00,0.1778722004,2025-10-01T00:00:00+00:00,-0.15527355438667,2026-04-01T00:00:00+00:00,-0.04682487798067,2026-09-01T00:00:00+00:00,0.00694676924867,2026-09-30T00:00:00+00:00
8290101,Spot Grid,1,BTCUSDT,1.0,35568216,2025-08-19T16:33:10.421821+00:00,5.11992006e-06,2025-10-01T00:00:00+00:00,-0.1654031937718,2026-04-01T00:00:00+00:00,-0.04514542659753,2026-09-01T00:00:00+00:00,0.0069196824689,2026-09-30T00:00:00+00:00
4731356,Spot Grid,1,BNBBTC,1.0,73601376,2024-06-05T11:47:10.421821+00:00,-0.04068842438331,2025-10-01T00:00:00+00:00,-0.00306651960838,2026-04-01T00:00:00+00:00,-0.01535861475141,2026-09-01T00:00:00+00:00,0.00651261729475,2026-09-30T00:00:00+00:00
7359524,Spot Grid,1,BTCUSDT,1.0,45804511,2025-04-23T05:08:15.421821+00:00,0.09883195157583,2025-10-01T00:00:00+00:00,-0.14729701391588,2026-04-01T00:00:00+00:00,-0.03536806697879,2026-09-01T00:00:00+00:00,0.00600354544937,2026-09-30T00:00:00+00:00
8357407,Spot Grid,1,BNBFDUSD,1.0,34794339,2025-08-28T15:31:07.421821+00:00,0.02882143711945,2025-10-01T00:00:00+00:00,-0.15660872461433,2026-04-01T00:00:00+00:00,-0.05612502883276,2026-09-01T00:00:00+00:00,0.00597912952901,2026-09-30T00:00:00+00:00
6874187,Spot Grid,1,BTCUSDT,1.0,52391429,2025-02-05T23:26:17.421821+00:00,0.113081177284,2025-10-01T00:00:00+00:00,-0.1222646689172,2026-04-01T00:00:00+00:00,-0.03129047907594,2026-09-01T00:00:00+00:00,0.00597409120368,2026-09-30T00:00:00+00:00
5731630,Spot Grid,1,BTCUSDT,1.0,59823642,2024-11-11T22:56:04.421821+00:00,0.166573813525,2025-10-01T00:00:00+00:00,-0.175754320896,2026-04-01T00:00:00+00:00,-0.0553965208776,2026-09-01T00:00:00+00:00,0.0058429116623,2026-09-30T00:00:00+00:00
8414324,Spot Grid,1,BNBUSDT,1.0,33979916,2025-09-07T01:44:50.421821+00:00,0.03253372156667,2025-10-01T00:00:00+00:00,-0.11932482386,2026-04-01T00:00:00+00:00,-0.04321327243333,2026-09-01T00:00:00+00:00,0.00553137502,2026-09-30T00:00:00+00:00
5735038,Spot Grid,1,BTCUSDT,1.0,59811901,2024-11-12T02:11:45.421821+00:00,0.1535053755,2025-10-01T00:00:00+00:00,-0.16666946902,2026-04-01T00:00:00+00:00,-0.052764625447,2026-09-01T00:00:00+00:00,0.00524048900871,2026-09-30T00:00:00+00:00
8592204,Spot Grid,1,BNBUSDT,1.0,32058309,2025-09-29T07:31:37.421821+00:00,6.541081395e-05,2025-10-01T00:00:00+00:00,-0.13066076426357,2026-04-01T00:00:00+00:00,-0.04760695704457,2026-09-01T00:00:00+00:00,0.0047871161531,2026-09-30T00:00:00+00:00
6379844,Spot Grid,1,BTCUSDT,1.0,56742178,2024-12-17T14:53:48.421821+00:00,0.08002503611111,2025-10-01T00:00:00+00:00,-0.12248761974379,2026-04-01T00:00:00+00:00,-0.03210808411157,2026-09-01T00:00:00+00:00,0.0041137194666,2026-09-30T00:00:00+00:00
6447301,Spot Grid,1,BTCUSDT,1.0,56209788,2024-12-23T18:46:58.421821+00:00,0.2333793627032,2025-10-01T00:00:00+00:00,-0.15278344677114,2026-04-01T00:00:00+00:00,-0.04847387767514,2026-09-01T00:00:00+00:00,0.00411122659827,2026-09-30T00:00:00+00:00
7894089,Spot Grid,1,BTCUSDT,1.0,39159544,2025-07-09T02:57:42.421821+00:00,0.017786798219,2025-10-01T00:00:00+00:00,-0.1223117105828,2026-04-01T00:00:00+00:00,-0.03183553284334,2026-09-01T00:00:00+00:00,0.0019950396775,2026-09-30T00:00:00+00:00
7380512,Spot Grid,1,BNBETH,1.0,45600507,2025-04-25T13:48:19.421821+00:00,-0.10232598505174,2025-10-01T00:00:00+00:00,0.00579187274818,2026-04-01T00:00:00+00:00,-0.00544376331928,2026-09-01T00:00:00+00:00,0.00166400249138,2026-09-30T00:00:00+00:00
6940549,Spot Grid,1,BTCUSDT,1.0,51586407,2025-02-15T07:03:19.421821+00:00,0.11513531035,2025-10-01T00:00:00+00:00,-0.13260503675143,2026-04-01T00:00:00+00:00,-0.03713367506836,2026-09-01T00:00:00+00:00,0.00140625133157,2026-09-30T00:00:00+00:00
8042792,Spot Grid,1,LTCUSDT,1.0,38080115,2025-07-21T14:48:11.421821+00:00,0.00108829302749,2025-10-01T00:00:00+00:00,-0.12749779352873,2026-04-01T00:00:00+00:00,-0.1644819827369,2026-09-01T00:00:00+00:00,0.00124331379927,2026-09-30T00:00:00+00:00
7015286,Spot Grid,1,BTCUSDT,1.0,50626555,2025-02-26T09:40:51.421821+00:00,0.13084070651,2025-10-01T00:00:00+00:00,-0.170147247748,2026-04-01T00:00:00+00:00,-0.0577822172326,2026-09-01T00:00:00+00:00,-0.0006381988034,2026-09-30T00:00:00+00:00
6556095,Spot Grid,1,BTCUSDT,1.0,55195455,2025-01-04T12:32:31.421821+00:00,0.12829448540667,2025-10-01T00:00:00+00:00,-0.153294794708,2026-04-01T00:00:00+00:00,-0.0484459226712,2026-09-01T00:00:00+00:00,-0.00256637802047,2026-09-30T00:00:00+00:00
8483859,Spot Grid,1,UNIUSDT,1.0,33345867,2025-09-14T09:52:19.421821+00:00,-0.08273824955333,2025-10-01T00:00:00+00:00,-0.46143536265333,2026-04-01T00:00:00+00:00,-0.26214794254,2026-09-01T00:00:00+00:00,-0.00257348192667,2026-09-30T00:00:00+00:00
5788547,Spot Grid,1,BTCUSDT,1.0,59626005,2024-11-14T05:50:01.421821+00:00,0.15819940623029,2025-10-01T00:00:00+00:00,-0.16184055024834,2026-04-01T00:00:00+00:00,-0.05027989211112,2026-09-01T00:00:00+00:00,-0.00287479334408,2026-09-30T00:00:00+00:00
6141173,Spot Grid,1,XRPFDUSD,1.0,57944449,2024-12-03T16:55:57.421821+00:00,0.42585952850107,2025-10-01T00:00:00+00:00,-0.11085678387282,2026-04-01T00:00:00+00:00,-0.07731243060842,2026-09-01T00:00:00+00:00,-0.00305878121845,2026-09-30T00:00:00+00:00
6883737,Spot Grid,1,BTCUSDT,1.0,52251778,2025-02-07T14:13:48.421821+00:00,0.11773368278,2025-10-01T00:00:00+00:00,-0.137844582014,2026-04-01T00:00:00+00:00,-0.04354847871465,2026-09-01T00:00:00+00:00,-0.00380205505285,2026-09-30T00:00:00+00:00
6189463,Spot Grid,1,BTCUSDC,1.0,57762383,2024-12-05T19:30:23.421821+00:00,0.1333263573067,2025-10-01T00:00:00+00:00,-0.18348403499585,2026-04-01T00:00:00+00:00,-0.0647666883524,2026-09-01T00:00:00+00:00,-0.0051611277506,2026-09-30T00:00:00+00:00
7180054,Spot Grid,1,BNBETH,1.0,48379386,2025-03-24T09:53:40.421821+00:00,-0.11022348465328,2025-10-01T00:00:00+00:00,0.01226452545156,2026-04-01T00:00:00+00:00,-0.01644893520273,2026-09-01T00:00:00+00:00,-0.00608291714033,2026-09-30T00:00:00+00:00
5931639,Spot Grid,1,BTCUSDT,1.0,58948926,2024-11-22T01:54:40.421821+00:00,0.11541457397344,2025-10-01T00:00:00+00:00,-0.14684832109869,2026-04-01T00:00:00+00:00,-0.05327409667797,2026-09-01T00:00:00+00:00,-0.00676815517621,2026-09-30T00:00:00+00:00
7735034,Spot Grid,1,ETHUSDT,1.0,41615032,2025-06-10T16:52:54.421821+00:00,0.15138532072566,2025-10-01T00:00:00+00:00,-0.16129901374084,2026-04-01T00:00:00+00:00,-0.06054956685487,2026-09-01T00:00:00+00:00,-0.00870315203795,2026-09-30T00:00:00+00:00
7085776,Spot Grid,1,BTCUSDT,1.0,49762129,2025-03-08T09:47:57.421821+00:00,0.13345798585904,2025-10-01T00:00:00+00:00,-0.13166233270744,2026-04-01T00:00:00+00:00,-0.04818159959198,2026-09-01T00:00:00+00:00,-0.00873115797208,2026-09-30T00:00:00+00:00
7083105,Spot Grid,1,BTCUSDT,1.0,49804606,2025-03-07T22:00:00.421821+00:00,0.267484221294,2025-10-01T00:00:00+00:00,-0.1736408562992,2026-04-01T00:00:00+00:00,-0.06373642299872,2026-09-01T00:00:00+00:00,-0.00930883972314,2026-09-30T00:00:00+00:00
7453725,Spot Grid,1,FETUSDT,1.0,44584367,2025-05-07T08:03:59.421821+00:00,0.11842011890909,2025-10-01T00:00:00+00:00,-0.0029040052,2026-04-01T00:00:00+00:00,-0.13419426018182,2026-09-01T00:00:00+00:00,-0.00969455036364,2026-09-30T00:00:00+00:00
8510030,Spot Grid,1,BNBUSDT,1.0,33070218,2025-09-17T14:26:28.421821+00:00,0.03638883343889,2025-10-01T00:00:00+00:00,-0.16605595012222,2026-04-01T00:00:00+00:00,-0.08667370492222,2026-09-01T00:00:00+00:00,-0.01119728857222,2026-09-30T00:00:00+00:00
8484919,Spot Grid,1,BNBFDUSD,1.0,33337131,2025-09-14T12:17:55.421821+00:00,0.02381620563,2025-10-01T00:00:00+00:00,-0.1813917794725,2026-04-01T00:00:00+00:00,-0.0849392308125,2026-09-01T00:00:00+00:00,-0.0167412206625,2026-09-30T00:00:00+00:00
6986557,Spot Grid,1,BTCUSDC,1.0,51005536,2025-02-22T00:24:30.421821+00:00,0.12039215484732,2025-10-01T00:00:00+00:00,-0.19011792485598,2026-04-01T00:00:00+00:00,-0.07716429840198,2026-09-01T00:00:00+00:00,-0.0197318150552,2026-09-30T00:00:00+00:00
6140685,Spot Grid,1,BTCUSDT,1.0,57946058,2024-12-03T16:29:08.421821+00:00,0.22189511616,2025-10-01T00:00:00+00:00,-0.185079672546,2026-04-01T00:00:00+00:00,-0.0757305582283,2026-09-01T00:00:00+00:00,-0.0216821571696,2026-09-30T00:00:00+00:00
7793540,Spot Grid,1,HUMAUSDT,1.0,40724277,2025-06-21T00:18:49.421821+00:00,0.0317159897,2025-10-01T00:00:00+00:00,-0.41339782245,2026-04-01T00:00:00+00:00,-0.24849415245,2026-09-01T00:00:00+00:00,-0.03658640695,2026-09-30T00:00:00+00:00
8245808,Spot Grid,1,HUMAUSDT,1.0,36060256,2025-08-13T23:52:30.421821+00:00,0.0211115570297,2025-10-01T00:00:00+00:00,-0.41979179579208,2026-04-01T00:00:00+00:00,-0.25285520846535,2026-09-01T00:00:00+00:00,-0.03722758608911,2026-09-30T00:00:00+00:00
8130004,Spot Grid,1,MINAUSDT,1.0,37304192,2025-07-30T14:20:14.421821+00:00,-0.09663292898874,2025-10-01T00:00:00+00:00,-0.36290956684501,2026-04-01T00:00:00+00:00,-0.3136594323531,2026-09-01T00:00:00+00:00,-0.03739178963644,2026-09-30T00:00:00+00:00
8568561,Spot Grid,1,MINAUSDT,1.0,32382852,2025-09-25T13:22:34.421821+00:00,-0.03976544047622,2025-10-01T00:00:00+00:00,-0.58877401241005,2026-04-01T00:00:00+00:00,-0.5080984685851,2026-09-01T00:00:00+00:00,-0.06068880478098,2026-09-30T00:00:00+00:00
