rank,strategyId,category,strategyType,symbol,leverage,runningTime,roi,pnl,matchedTrades,mdd7d,score
1,6447301,Spot Grid,1,BTCUSDT,1.0,56198988,2.85,195254.85834981,14092.0,0.02544733,38.15620106066912
2,1764430,Spot Grid,1,LTCUSDT,1.0,100077561,69.96,747.24445152,26608.0,0.05222122,32.99059746427526
3,8205304,Spot Grid,1,LINKETH,1.0,36398422,6.52,177255.12488576,2988.0,0.05700566,27.60931404398966
4,197546,Spot Grid,1,ETHUSDT,1.0,140925635,73.97,369.772142,2517.0,0.0252452,25.817427969031865
5,196708,Spot Grid,1,ETHUSDT,1.0,140954880,68.27,331.98727,3835.0,0.02655134,25.7008142403098
6,3870454,Spot Grid,1,RAYUSDT,1.0,80235310,127.84,235.23419974,580.0,0.08702526,24.12254493496967
7,2654917,Spot Grid,1,BTCUSDT,1.0,87918544,87.94,791.46945067,5635.0,0.01279472,24.085928055572218
8,3315852,Spot Grid,1,ETHUSDT,1.0,82060617,1.98,1190.42914133,28476.0,0.02254764,23.59022635653187
9,4823941,Spot Grid,1,CRVUSDT,1.0,72435959,104.55,386.7399255,3840.0,0.02752744,23.337154864323093
10,3571680,Spot Grid,1,PEPEUSDT,1.0,81319237,98.19,169.87602652,5129.0,0.05923642,23.27775856615689
11,4341616,Spot Grid,1,PEPEUSDT,1.0,76975974,92.6,185.21111146,5958.0,0.06317307,22.394505134978964
12,5080885,Spot Grid,1,ETHUSDC,1.0,68463167,22.38,246.27521172,23705.0,0.0210582,22.325661689350902
13,3573192,Spot Grid,1,PEPEUSDT,1.0,81313031,89.77,179.54900308,5119.0,0.05744105,22.170526072507243
14,5478840,Spot Grid,1,UNIUSDT,1.0,62420797,64.89,733.75194644,13521.0,0.02158382,22.15948719153893
15,5139182,Spot Grid,1,ETHUSDC,1.0,67521025,30.79,357.34368912,20694.0,0.02158427,21.786324867224273
16,4332819,Spot Grid,1,PEPEUSDT,1.0,77076568,85.15,851.57237973,5964.0,0.06061176,21.542387088255317
17,2699312,Spot Grid,1,SOLUSDT,1.0,87617718,44.3,195.81236577,12295.0,0.01893951,21.386825086532042
18,9161957,Spot Grid,1,TSTUSDT,1.0,23353412,129.93,27.28533635,2486.0,0.0132536,21.167674447710525
19,3307665,Spot Grid,1,ETHUSDT,1.0,82108937,14.63,219.56678776,21045.0,0.02744755,21.158300703997835
20,5136239,Spot Grid,1,ETHUSDT,1.0,67565760,12.12,121.21326706,23118.0,0.00097308,21.00705412401784
21,4840102,Spot Grid,1,ADAETH,1.0,72175943,97.52,530.26546524,1776.0,0.04245291,20.911169437622572
22,3381268,Spot Grid,1,SOLUSDT,1.0,81838159,64.74,688.00642335,7534.0,0.03070913,20.81880847796775
23,2659469,Spot Grid,1,DOGEUSDT,1.0,87886888,85.85,85.85262225,66.0,0.02417863,20.490488037835046
24,3814441,Spot Grid,1,BTCFDUSD,1.0,80547310,51.66,524.12689063,9183.0,0.01087127,20.2408046033087
25,8799020,Spot Grid,1,ZECUSDT,1.0,29637491,220.19,2201.9788018,3216.0,0.60247079,20.127559999302306
26,3349580,Spot Grid,1,SOLUSDT,1.0,81958487,56.48,562.06359638,7379.0,0.03271859,19.55836727163055
27,4910439,Spot Grid,1,DOGEUSDT,1.0,71029594,86.66,186.32278613,1664.0,0.03555754,19.37810931951572
28,3540326,Spot Grid,1,SOLUSDT,1.0,81415788,80.88,63.08869272,756.0,0.03693184,19.167644686032105
29,9126267,Spot Grid,1,TSTUSDT,1.0,23956507,129.82,19.47303695,634.0,0.06222994,19.020926236014336
30,4320642,Spot Grid,1,LINKUSDT,1.0,77192668,87.36,131.04477987,708.0,0.06349801,18.923093201182333
31,8329832,Spot Grid,1,DCRUSDT,1.0,35108317,72.05,288.20861789,10912.0,0.01732702,18.902899581360177
32,3655914,Spot Grid,1,PEPEUSDT,1.0,81089231,80.41,70.7680762,1707.0,0.06523702,18.866055875713013
33,9098742,Spot Grid,1,TSTUSDT,1.0,24678577,125.43,22.28534925,694.0,0.05443885,18.725570771127494
34,9177337,Spot Grid,1,TSTUSDT,1.0,22985346,125.11,57.94686793,351.0,0.0384966,18.72257494203454
35,3632730,Spot Grid,1,PEPEUSDT,1.0,81166397,78.68,47.21271736,1713.0,0.06343982,18.683442309606807
36,3607536,Spot Grid,1,PEPEUSDT,1.0,81232957,78.5,78.504034,1679.0,0.06289835,18.665578769449898
37,6935745,Spot Grid,1,ETHFDUSD,1.0,51620397,65.2,237.78042097,8201.0,0.01594276,18.32685823987877
38,9128924,Spot Grid,1,TSTUSDT,1.0,23880694,121.55,17.28486715,397.0,0.053233,17.984931293589014
39,2531478,Spot Grid,1,DOGEUSDT,1.0,89034646,63.7,53.73591276,1592.0,0.04981043,17.756210032759167
40,8897688,Spot Grid,1,TSTUSDT,1.0,28206676,118.49,11.84956427,333.0,0.06310012,17.74832395808202
41,9148324,Spot Grid,1,TSTUSDT,1.0,23567787,114.94,13.94546183,364.0,0.03638134,17.452756024229892
42,5910986,Spot Grid,1,BTCFDUSD,1.0,59036631,23.09,228.91623705,16094.0,0.01994409,17.435517557376414
43,3799696,Spot Grid,1,BNBETH,1.0,80618487,32.61,2657.57904488,9271.0,0.03284668,17.42517578720875
44,9207368,Spot Grid,1,TSTUSDT,1.0,22460338,118.39,24.96488009,572.0,0.05630334,17.419933509786702
45,1230834,Marketplace type 10,10,AKEUSDT,1.0,3208774,129.8,649.88265561,0.0,0.0284655,17.397496645049127
46,3683933,Spot Grid,1,LTCUSDT,1.0,81003120,59.45,2972.99962522,2632.0,0.04577505,17.344467499754316
47,3868268,Spot Grid,1,ETHUSDT,1.0,80246634,30.71,301.29188869,9307.0,0.0202745,17.156990694150714
48,6128683,Spot Grid,1,XRPUSDT,1.0,57987647,19.64,349.65924507,17057.0,0.02877589,17.156648175418688
49,3807329,Spot Grid,1,BNBUSDT,1.0,80583643,41.6,790.40019063,5327.0,0.00307324,17.07103663377709
50,5020346,Spot Grid,1,DOGEUSDT,1.0,69457998,66.88,133.76589229,2776.0,0.03928479,17.00200986209617
51,8895385,Spot Grid,1,TSTUSDT,1.0,28233520,112.09,11.35515527,335.0,0.06066267,16.94084362149646
52,3798567,Spot Grid,1,BNBUSDT,1.0,80623752,34.34,190.37175599,7125.0,0.00461746,16.91795042156178
53,6932779,Spot Grid,1,CAKEBTC,1.0,51643133,37.42,684.88339501,14481.0,0.05762791,16.871636141597584
54,5082904,Spot Grid,1,BTCFDUSD,1.0,68408851,24.14,276.67299255,12944.0,0.02960221,16.682395191545897
55,7439091,Spot Grid,1,NEARBTC,1.0,44823884,97.09,2189.43634142,4155.0,0.15667418,16.563384229127482
56,5193069,Spot Grid,1,SOLUSDT,1.0,66690127,20.79,397.13233846,13735.0,0.02671692,16.546959926239914
57,3326101,Spot Grid,1,BTCUSDT,1.0,82033738,19.36,369.69917707,11226.0,0.03176675,16.534206401156517
58,3856072,Spot Grid,1,RAYUSDT,1.0,80320921,77.64,101.69437696,472.0,0.11471698,16.528355012394396
59,9173061,Spot Grid,1,TSTUSDT,1.0,23096578,108.51,10.85125824,352.0,0.03749333,16.492102472994212
60,4059850,Spot Grid,1,BTCUSDT,1.0,79312919,37.84,378.40211766,6225.0,0.01947575,16.4353845508565
61,5965116,Spot Grid,1,XRPUSDT,1.0,58805348,73.22,371.84320542,1762.0,0.03112432,16.43164973428676
62,4925822,Spot Grid,1,DOGEUSDT,1.0,70774312,72.71,27.63348619,438.0,0.05113057,16.39636756219519
63,2781592,Spot Grid,1,SOLUSDT,1.0,86966388,32.49,162.45784042,5449.0,0.0089178,16.347418021753107
64,5731304,Spot Grid,1,BTCFDUSD,1.0,59809509,4.42,693.19166084,17971.0,0.01645634,16.108955955625696
65,5741735,Spot Grid,1,BTCUSDT,1.0,59777180,5.82,74.00108562,17461.0,0.01036978,16.099876989323512
66,4802273,Spot Grid,1,SOLUSDT,1.0,72787263,54.38,121.82117463,3319.0,0.03485574,16.047952994490103
67,5749728,Spot Grid,1,BTCUSDT,1.0,59753669,5.27,104.21325803,17415.0,0.0095918,16.02144341870762
68,5698687,Spot Grid,1,ETHUSDT,1.0,59939219,17.9,198.19853354,14142.0,0.01204838,15.988843839137147
69,9147255,Spot Grid,1,TSTUSDT,1.0,23587949,106.93,16.04064414,615.0,0.05805436,15.956403473506759
70,4926399,Spot Grid,1,DOGEUSDT,1.0,70763109,68.86,17.47513815,437.0,0.05031113,15.889178964358997
71,4765065,Spot Grid,1,BTCUSDT,1.0,73282742,27.53,268.48813087,8157.0,0.00865222,15.661957866864496
72,3232675,Spot Grid,1,TRXBTC,1.0,82653493,41.99,361.57721583,1749.0,0.00179822,15.43655315733496
73,3684502,Spot Grid,1,BTCUSDT,1.0,81001744,37.28,179.84657765,3722.0,0.01157224,15.391693840003123
74,3691576,Spot Grid,1,BTCUSDT,1.0,80981557,29.2,204.41770879,5485.0,0.00610447,15.356584611527174
75,3824905,Spot Grid,1,ETHUSDT,1.0,80484440,36.41,2595.97733099,3693.0,0.02382984,15.207012790126809
76,4325048,Spot Grid,1,BNBETH,1.0,77142098,20.37,221.37066541,8989.0,0.02248803,15.184884183692503
77,4726431,Spot Grid,1,BNBETH,1.0,73628993,24.69,1590.21506699,7366.0,0.00475605,15.161430128322154
78,9176047,Spot Grid,1,TSTUSDT,1.0,23017697,102.05,13.45124903,584.0,0.06026386,15.15913094971978
79,5981760,Spot Grid,1,XRPUSDT,1.0,58738872,44.33,192.84546836,6847.0,0.03066174,15.155418910037676
80,6008982,Spot Grid,1,XRPUSDC,1.0,58602063,55.24,63.41651654,2694.0,0.00872928,14.969228297299834
81,3667551,Spot Grid,1,ETHUSDT,1.0,81047855,34.62,173.12689844,3902.0,0.02014216,14.91475745502592
82,5219288,Spot Grid,1,BTCFDUSD,1.0,66320592,32.31,1837.56126317,6942.0,0.02413178,14.74778259644309
83,5149778,Spot Grid,1,LTCUSDT,1.0,67298039,55.24,110.48308276,699.0,0.01304602,14.742376442752139
84,7803550,Spot Grid,1,ETHFDUSD,1.0,40524280,55.73,1113.7061914,5237.0,0.00333981,14.720253642639724
85,7257253,Spot Grid,1,UNIUSDT,1.0,47166209,50.99,9994.72021712,6862.0,0.08911107,14.638957938379152
86,7312222,Spot Grid,1,CAKEUSDT,1.0,46437735,36.31,544.75150737,13645.0,0.10773254,14.460611269616273
87,9372321,Spot Grid,1,AIUSDT,1.0,18993599,99.15,46.6494981,426.0,0.05438575,14.40310193508222
88,7258662,Spot Grid,1,LUNCUSDT,1.0,47172703,65.68,89.11937731,2606.0,0.03807028,14.401733438351084
89,6883234,Spot Grid,1,CAKEUSDT,1.0,52247809,53.75,6134.70300182,6785.0,0.11616027,14.347559350927966
90,5238521,Spot Grid,1,DOGEUSDT,1.0,65905706,37.0,57.2067059,5777.0,0.03071989,14.33698361445166
91,8945858,Spot Grid,1,EPICUSDT,1.0,26508680,79.61,79.61051448,2262.0,0.02389313,14.271078508915597
92,6141173,Spot Grid,1,XRPFDUSD,1.0,57933649,0.86,135.9109895,17358.0,0.04735545,14.260687020258999
93,8432411,Spot Grid,1,CAKEUSDT,1.0,33770767,79.91,303.67196455,1141.0,0.03642859,14.210924071966696
94,5886155,Spot Grid,1,LTCUSDT,1.0,59154788,51.39,904.52507367,3782.0,0.04892978,14.183404838680458
95,6874039,Spot Grid,1,ETHFDUSD,1.0,52382397,53.37,452.87641922,3134.0,0.01519807,14.173085239040208
96,8863212,Spot Grid,1,UNIBTC,1.0,28661107,73.91,4773.53342844,2981.0,0.04838509,14.093500030638001
97,4646407,Spot Grid,1,ETHUSDT,1.0,74263891,10.52,167.90012031,9919.0,0.02003475,14.08060297853759
98,5219692,Spot Grid,1,DOGEUSDT,1.0,66314907,30.7,33.9292488,7180.0,0.03970719,14.034446655457344
99,5591625,Spot Grid,1,BTCUSDT,1.0,60994346,39.53,886.3183507,4796.0,0.02150906,13.977741355902145
100,9389004,Spot Grid,1,TAOUSDT,1.0,18664423,49.97,599.64793123,10314.0,0.01591992,13.904294903727063
101,4488633,Spot Grid,1,ETHUSDT,1.0,75432423,34.27,85.67900846,3407.0,0.02597047,13.852385047205265
102,3976415,Spot Grid,1,BTCUSDT,1.0,79713410,32.49,208.2188121,1818.0,0.0024914,13.828706135811384
103,9583430,Spot Grid,1,APEUSDT,1.0,14643027,99.61,240.84040598,840.0,0.07136464,13.822973750222245
104,5260619,Spot Grid,1,DOGEUSDT,1.0,65496018,35.09,35.09736035,4802.0,0.02135542,13.749870590398663
105,3857045,Spot Grid,1,BNBBTC,1.0,80316564,32.22,528.56454822,1670.0,0.0058057,13.736650087020674
106,4231147,Spot Grid,1,ETHUSDT,1.0,77939852,36.99,113.21004151,1968.0,0.02596327,13.735545557920807
107,3969749,Spot Grid,1,ETHFDUSD,1.0,79738519,27.79,694.26263737,3733.0,0.02556697,13.68744937497236
108,8853221,Spot Grid,1,UNIBTC,1.0,28806231,70.65,2190.06490633,3705.0,0.05595823,13.526785615786185
109,4893622,Spot Grid,1,BTCUSDT,1.0,71328019,31.23,468.52650299,3162.0,0.00637254,13.409265514154479
110,3803657,Spot Grid,1,BNBBTC,1.0,80597398,23.04,1984.14455759,2974.0,0.00566135,13.392610787302672
111,7649075,Spot Grid,1,ETHFDUSD,1.0,42810702,57.65,404.66902232,1772.0,0.01009093,13.141098266755028
112,4174304,Spot Grid,1,ETHUSDT,1.0,78437893,32.71,185.33442485,1465.0,0.02312812,13.020254331513437
113,5217858,Spot Grid,1,ETHUSDC,1.0,65537087,25.78,388.45502903,5991.0,0.02797868,12.992393837603371
114,4831978,Spot Grid,1,ETHUSDT,1.0,72297367,32.97,164.86575973,1983.0,0.01721148,12.819714963158399
115,5219213,Spot Grid,1,DOGEUSDT,1.0,66322012,22.5,69.94133948,7104.0,0.04244193,12.814424452236036
116,2982262,Spot Grid,1,BNBBTC,1.0,85287416,23.82,2051.8423378,1479.0,0.02262185,12.79691921153753
117,6299343,Spot Grid,1,XRPUSDT,1.0,57235202,34.48,862.12654332,4908.0,0.02878103,12.764441121807014
118,5186116,Spot Grid,1,BTCFDUSD,1.0,66753238,21.33,213.15257654,6220.0,0.02233806,12.754120995721753
119,4753349,Spot Grid,1,BTCUSDT,1.0,73403265,15.59,171.56288079,6313.0,0.02236687,12.722718784284886
120,7603854,Spot Grid,1,ETHFDUSD,1.0,43266993,60.85,89.48373103,518.0,0.0182965,12.720454646493973
121,7485365,Spot Grid,1,MUBARAKUSDT,1.0,44332881,92.68,20.18096356,111.0,0.18968354,12.680430509835961
122,3809333,Spot Grid,1,BNBBTC,1.0,80574669,21.91,412.83860931,3119.0,0.02334531,12.671123856167595
123,9094592,Spot Grid,1,ASTERUSDT,1.0,24783006,60.99,609.9347174,3528.0,0.0086085,12.665737046193657
124,5253079,Spot Grid,1,ADAUSDT,1.0,65636431,48.24,62.19792218,153.0,0.0418029,12.60200529143399
125,3510243,Spot Grid,1,ETHUSDT,1.0,81492051,13.55,197.96999882,4721.0,0.02146468,12.492868279590152
126,7485763,Spot Grid,1,ETHUSDT,1.0,44329287,15.41,231.24144021,10889.0,0.00361402,12.488942306488955
127,9084664,Spot Grid,1,ZECETH,1.0,25030891,115.37,2312.8895198,438.0,0.25905984,12.456273192037411
128,9315767,Spot Grid,1,ETHFDUSD,1.0,20243571,22.38,340.33935871,14189.0,0.01095179,12.444844501618103
129,5134421,Spot Grid,1,ETHUSDT,1.0,67598703,25.96,57.39292807,4056.0,0.01725861,12.441562372240215
130,4931547,Spot Grid,1,SOLUSDT,1.0,70686817,33.67,108.02517274,1728.0,0.02554407,12.394624051682381
131,9284281,Spot Grid,1,BTCUSDT,1.0,20847512,28.94,14474.31867339,8394.0,0.0052442,12.30224754409963
132,8669700,Spot Grid,1,NEARUSDC,1.0,31165593,62.0,1653.21403052,3041.0,0.05256172,12.265358563158753
133,3791560,Spot Grid,1,BNBBTC,1.0,80653763,21.38,109.10060407,1771.0,0.00838704,12.230787381767648
134,4485659,Spot Grid,1,ETHUSDT,1.0,75468713,28.41,127.71203527,2260.0,0.03671164,12.191570734420077
135,9021932,Spot Grid,1,PEPEFDUSD,1.0,25944687,27.86,420.85016591,13257.0,0.05666789,12.179410103065466
136,4485609,Spot Grid,1,BTCUSDT,1.0,75469181,25.6,124.70829323,2555.0,0.02897864,12.15629353883137
137,6407561,Spot Grid,1,SOLUSDT,1.0,56525178,3.07,615.32913543,11843.0,0.02640085,12.089931150545977
138,5270602,Spot Grid,1,DOGEUSDT,1.0,65298510,29.0,14.53189253,2486.0,0.00543582,12.072824657397566
139,4790905,Spot Grid,1,BNBBTC,1.0,72953863,18.63,120.83884249,3878.0,0.01247159,12.046310497919261
140,3680889,Spot Grid,1,PEPEUSDT,1.0,81010297,29.79,46.04949176,1692.0,0.06336937,11.996004294653154
141,9319351,Spot Grid,1,XRPFDUSD,1.0,20167925,23.31,340.38480144,13731.0,0.02449761,11.985001609710851
142,5832979,Spot Grid,1,NEARUSDT,1.0,59407584,46.63,1399.17635309,5746.0,0.15806173,11.942531864054557
143,7686413,Spot Grid,1,CAKEUSDT,1.0,42319100,26.48,439.59669148,11906.0,0.10069391,11.928665641097636
144,6946798,Spot Grid,1,ETHUSDT,1.0,51503888,3.71,18.55053191,11621.0,0.00763605,11.916575390088449
145,4620585,Spot Grid,1,ETHUSDT,1.0,74441395,17.63,72.31339785,4178.0,0.02554347,11.894728801352027
146,4546463,Spot Grid,1,ETHUSDT,1.0,74937937,30.5,61.01747147,620.0,0.02458817,11.849267611887845
147,5989286,Spot Grid,1,BTCFDUSD,1.0,58705648,20.53,205.13783444,6203.0,0.02288483,11.765047987665337
148,4946903,Spot Grid,1,ETHUSDT,1.0,70395035,33.15,60.5639602,666.0,0.02588116,11.718831291056365
149,5080808,Spot Grid,1,BTCUSDT,1.0,68379698,17.93,226.35467498,4729.0,0.02297471,11.664403377492803
150,7289001,Spot Grid,1,BTCFDUSD,1.0,46734813,17.8,231.2466697,8675.0,0.01470232,11.628281470046902
151,7076468,Spot Grid,1,LTCUSDT,1.0,49885613,46.23,194.20505115,1849.0,0.0401041,11.604416354559422
152,9330013,Spot Grid,1,ETHFDUSD,1.0,19981109,21.21,314.49130233,12858.0,0.01010506,11.57415156558958
153,9727676,Spot Grid,1,TSTUSDT,1.0,11450238,84.28,168.57764072,144.0,0.05176654,11.506496556350083
154,5716933,Spot Grid,1,ETHUSDT,1.0,59866367,29.03,377.48973116,3000.0,0.01920395,11.4732256545493
155,4766044,Spot Grid,1,BNBBTC,1.0,73265042,13.19,295.32374482,4302.0,0.01887869,11.424383684154275
156,5605390,Spot Grid,1,BTCUSDT,1.0,60871103,27.44,164.66858646,2661.0,0.00923203,11.40596885337862
157,8131268,Spot Grid,1,BANANAS31USDT,1.0,37279812,62.24,31.94605289,816.0,0.05992667,11.385771239860848
158,8131287,Spot Grid,1,BANANAS31USDT,1.0,37279598,62.0,31.07514035,819.0,0.05875005,11.383811573556786
159,6849960,Spot Grid,1,LTCUSDT,1.0,52619279,46.41,139.23891733,509.0,0.03658798,11.294523102607698
160,5866408,Spot Grid,1,ETHUSDT,1.0,59254326,29.72,891.74579471,2366.0,0.02011399,11.211326819862258
161,5979225,Spot Grid,1,BTCUSDT,1.0,58752844,5.67,85.17558257,8708.0,0.01697803,11.196599947178534
162,5989255,Spot Grid,1,ETHFDUSD,1.0,58705794,26.23,262.11818952,3790.0,0.02652423,11.187314611940142
163,3907498,Spot Grid,1,BNBBTC,1.0,80058045,15.5,38.35775294,1302.0,0.00571119,11.176738022856059
164,4814435,Spot Grid,1,BNBBTC,1.0,72593343,17.22,33.43174233,2739.0,0.01367112,11.1747898686221
165,5083411,Spot Grid,1,BTCUSDT,1.0,68396585,9.1,505.57186266,6374.0,0.03115931,11.161589622547897
166,3851260,Spot Grid,1,ETHUSDT,1.0,80353338,19.09,95.4979309,1418.0,0.03104439,11.13499819662181
167,6590233,Spot Grid,1,LTCUSDT,1.0,54895374,45.4,136.2071285,815.0,0.05374362,11.132813364337455
168,9330005,Spot Grid,1,XRPFDUSD,1.0,19981239,22.62,335.47337608,12249.0,0.02307928,11.125145836453052
169,5145186,Spot Grid,1,BNBBTC,1.0,67390178,26.6,2290.94990914,535.0,0.01180076,11.073732957607772
170,6348919,Spot Grid,1,BNBUSDT,1.0,56936362,30.84,1542.20288962,1595.0,0.010958,11.022353454333174
171,6264592,Spot Grid,1,BNBUSDT,1.0,57396918,36.04,510.93576304,1021.0,0.02430302,11.01321471354279
172,6868305,Spot Grid,1,ETHUSDT,1.0,52454508,23.57,589.48508899,4990.0,0.02081568,10.975738585245162
173,7073181,Spot Grid,1,SOLUSDT,1.0,49926115,10.45,101.17872116,9505.0,0.03404274,10.905495463572592
174,5731138,Spot Grid,1,ETHUSDT,1.0,59814400,24.8,220.73188871,2987.0,0.01859587,10.879568152197924
175,4662393,Spot Grid,1,ETHUSDT,1.0,74134755,9.95,254.20191279,4048.0,0.02307622,10.8319170179069
176,5383810,Spot Grid,1,ETHUSDT,1.0,63722030,24.69,25.5770751,1816.0,0.01147311,10.815970822218121
177,9536995,Spot Grid,1,AIUSDT,1.0,15434767,51.88,123.9064198,5113.0,0.02415454,10.815202631063416
178,6281855,Spot Grid,1,BNBBTC,1.0,57326907,32.41,506.54953441,1516.0,0.02414914,10.775183837407557
179,4518361,Spot Grid,1,NEARUSDT,1.0,75211394,27.89,140.83689999,3516.0,0.11723719,10.751741716866995
180,5080283,Spot Grid,1,ETHUSDT,1.0,68474087,28.18,29.23496926,570.0,0.02853028,10.716681472330366
181,4571357,Spot Grid,1,BNBBTC,1.0,74800912,14.9,269.57561723,1984.0,0.01493054,10.694805974669986
182,4973297,Spot Grid,1,BNBBTC,1.0,70053388,17.02,482.1587402,2305.0,0.01449481,10.68555658031472
183,9727438,Spot Grid,1,TSTUSDT,1.0,11454447,78.88,26.337586,143.0,0.05556191,10.65794790655326
184,3335905,Spot Grid,1,ETHUSDT,1.0,82003930,10.68,219.0699294,2001.0,0.02469725,10.645735490118488
185,5929143,Spot Grid,1,BTCUSDT,1.0,58950031,9.05,85.85233956,6739.0,0.01752445,10.627411129762763
186,5071842,Spot Grid,1,BNBBTC,1.0,68651989,8.88,244.738808,4423.0,0.01015821,10.620564412673184
187,5687838,Spot Grid,1,BTCUSDT,1.0,59997818,19.23,96.19939043,3223.0,0.00434112,10.60344092204026
188,5799628,Spot Grid,1,BTCUSDT,1.0,59577451,10.26,149.44963255,6133.0,0.01576674,10.591740006383759
189,6211662,Spot Grid,1,BNBUSDT,1.0,57652502,29.17,437.61762983,1195.0,0.01207842,10.490993091522409
190,5666130,Spot Grid,1,DOGEUSDT,1.0,60158642,34.15,26.47688004,544.0,0.03447616,10.483036754037485
191,5663252,Spot Grid,1,ETHUSDT,1.0,60174971,17.68,159.19750318,4428.0,0.02755854,10.47586039125926
192,8641988,Spot Grid,1,PAXGBTC,1.0,31448536,50.64,1908.99829321,1637.0,0.03534695,10.469432583938936
193,4753391,Spot Grid,1,ETHUSDT,1.0,73402920,12.52,77.0012726,3347.0,0.03324099,10.459173426714836
194,7022056,Spot Grid,1,ETHEUR,1.0,50531966,25.75,143.73908193,3052.0,0.0036626,10.417292152117033
195,7774210,Spot Grid,1,NEARUSDT,1.0,41061526,67.93,578.0946222,1739.0,0.16862201,10.41341166886214
196,9250553,Spot Grid,1,ASTERUSDT,1.0,21518268,39.57,143.26252642,6230.0,0.02330369,10.397437051951114
197,6909298,Spot Grid,1,ETHUSDT,1.0,51907595,8.42,25392.14533521,1780.0,0.01866065,10.391916004962836
198,4656243,Spot Grid,1,ETHUSDT,1.0,74191784,7.1,56.51702592,3957.0,0.02250766,10.390575890752785
199,6352785,Spot Grid,1,BNBETH,1.0,56904453,16.51,130.66074109,4513.0,0.0133847,10.362388904905796
200,4828752,Spot Grid,1,ETHUSDT,1.0,72356003,16.87,122.89549445,1510.0,0.02014337,10.304767753811817
201,9733965,Spot Grid,1,TSTUSDT,1.0,11250748,77.39,67.73120178,181.0,0.0629978,10.27343543510859
202,6884882,Spot Grid,1,ETHUSDT,1.0,52230957,16.79,69.7790663,5515.0,0.01964516,10.267303323296941
203,7194635,Spot Grid,1,DOGEUSDT,1.0,48195703,14.75,147.59619195,7176.0,0.02893384,10.213537642233169
204,6320458,Spot Grid,1,BNBUSDT,1.0,57133877,22.96,56.25206792,2230.0,0.007164,10.2083925396684
205,8505298,Spot Grid,1,PUMPUSDT,1.0,33116303,29.01,435.22074483,10308.0,0.11105078,10.19378032270359
206,8121381,Spot Grid,1,BANANAS31USDT,1.0,37394948,52.05,15.61765194,856.0,0.05516014,10.14726944148812
207,6849441,Spot Grid,1,LTCUSDT,1.0,52622466,38.54,146.98230053,1193.0,0.05414695,10.146678742613009
208,7000273,Spot Grid,1,BNBBTC,1.0,50807238,29.42,298.32326387,1755.0,0.00915886,10.14637758256156
209,7623647,Spot Grid,1,BNBUSDT,1.0,43126255,19.97,299.65313538,5961.0,0.01490188,10.114067999368855
210,8333367,Spot Grid,1,BANANAS31USDT,1.0,35067920,56.08,13.32194685,659.0,0.06455532,10.110726374511266
211,5913480,Spot Grid,1,BTCUSDT,1.0,59018602,13.0,130.01335199,4615.0,0.01664647,10.081582069999422
212,9959617,Spot Grid,1,SOLFDUSD,1.0,3764861,26.57,46469.32224829,1690.0,0.03318638,10.030985532847824
213,5811661,Spot Grid,1,ETHUSDT,1.0,59516997,16.66,500.03725136,3398.0,0.01728902,10.023622933687214
214,8245093,Spot Grid,1,BANANAS31USDT,1.0,36055691,53.73,26.86516133,700.0,0.06036491,10.023320715442722
215,9655814,Spot Grid,1,TSTUSDT,1.0,13156193,70.77,16.56694589,497.0,0.05302942,9.982328144556226
216,9717621,Spot Grid,1,TSTUSDT,1.0,11750597,72.69,13.08464879,148.0,0.05019863,9.980534211316455
217,9545190,Spot Grid,1,USTCUSDT,1.0,15265853,41.81,292.68200928,6725.0,0.03695626,9.977182921300967
218,7318670,Spot Grid,1,DOGEUSDC,1.0,46339261,35.81,107.46526924,2144.0,0.03959246,9.964268999100563
219,5768348,Spot Grid,1,BTCUSDT,1.0,59669838,26.82,53.64550762,855.0,0.02058059,9.945552271293066
220,5725987,Spot Grid,1,BTCUSDC,1.0,59829314,18.17,38.17934724,2509.0,0.00970171,9.924079852164619
221,5987767,Spot Grid,1,ETHUSDT,1.0,58712237,26.01,555.43749203,894.0,0.0166698,9.915438040285743
222,6987249,Spot Grid,1,ETHUSDT,1.0,50985331,8.22,424.07231558,7291.0,0.02119699,9.909308044999756
223,6476407,Spot Grid,1,BTCUSDC,1.0,55961494,6.3,88.21517138,6660.0,0.0170658,9.904765909796485
224,6012407,Spot Grid,1,BTCUSDT,1.0,58576980,13.32,133.21209187,4243.0,0.01581762,9.903273834589777
225,6012275,Spot Grid,1,ETHUSDT,1.0,58578493,15.36,153.6127415,3938.0,0.02074065,9.90076883722808
226,6188786,Spot Grid,1,BTCUSDT,1.0,57745117,7.76,776.07334498,5562.0,0.01330217,9.89691843191248
227,9740948,Spot Grid,1,TSTUSDT,1.0,11024150,72.86,14.57275786,140.0,0.05166782,9.885781208873233
228,7639888,Spot Grid,1,LINKUSDC,1.0,42909990,37.81,1928.83720317,2546.0,0.05975095,9.81488659854647
229,5074653,Spot Grid,1,ETHUSDT,1.0,68598285,17.01,85.06998209,1990.0,0.03489673,9.80460200607001
230,8222218,Spot Grid,1,BANANAS31USDT,1.0,36234780,51.79,15.02046198,713.0,0.06023298,9.786667293710854
231,5143778,Spot Grid,1,BNBBTC,1.0,67425638,17.41,44.55550069,789.0,0.00744311,9.78000221971182
232,5417129,Spot Grid,1,BNBBTC,1.0,63293893,22.34,769.45285662,386.0,0.01201815,9.778626367040417
233,5781030,Spot Grid,1,ETHUSDT,1.0,59644515,25.11,753.45510464,930.0,0.02303197,9.777946662892665
234,9918702,Spot Grid,1,TSTUSDT,1.0,4933985,44.78,179.15114747,7594.0,0.03512556,9.77106383879905
235,6939122,Spot Grid,1,ETHUSDT,1.0,51594036,28.23,282.33627181,1884.0,0.02383294,9.768531089136587
236,5418359,Spot Grid,1,BNBETH,1.0,63274271,18.12,25.31768968,1371.0,0.00646173,9.76347028079044
237,5796619,Spot Grid,1,ETHUSDT,1.0,59587629,25.99,39.25464003,775.0,0.02248691,9.732267790705368
238,5925919,Spot Grid,1,BTCUSDT,1.0,58962125,10.41,104.1890435,4613.0,0.01620253,9.729371134651643
239,5967159,Spot Grid,1,ETHUSDC,1.0,58800166,13.59,136.01926977,4231.0,0.02570247,9.711745373846476
240,9315733,Spot Grid,1,XRPFDUSD,1.0,20244288,21.42,311.48256223,9645.0,0.0191988,9.711499470063794
241,6969164,Spot Grid,1,XRPUSDT,1.0,51193432,3.9,54.68249808,8367.0,0.02921722,9.662657453622678
242,6972907,Spot Grid,1,ETHUSDT,1.0,51137160,14.47,84.4160477,5601.0,0.02999586,9.62425854102109
243,5019102,Spot Grid,1,BNBBTC,1.0,69480693,17.47,1504.99010022,498.0,0.02438646,9.618756862873795
244,5801058,Spot Grid,1,BTCUSDT,1.0,59572759,23.69,130.97926314,813.0,0.01568578,9.618397912586081
245,9733504,Spot Grid,1,TSTUSDT,1.0,11268164,72.06,15.13409667,181.0,0.06179897,9.572178023086606
246,8248353,Spot Grid,1,BANANAS31USDT,1.0,36031271,50.43,12.81261348,702.0,0.06029355,9.572120510514841
247,9346630,Spot Grid,1,CRVUSDT,1.0,19565232,54.74,278.11289401,1289.0,0.02753892,9.565629726986394
248,7846822,Spot Grid,1,BNBBTC,1.0,39871947,32.24,682.21763599,1925.0,0.00696482,9.56013452446518
249,7216462,Spot Grid,1,BTCUSDC,1.0,47843659,10.59,582.6741473,6363.0,0.01665274,9.542484208781524
250,5731710,Spot Grid,1,BTCUSDT,1.0,59812568,16.43,36.15521563,2549.0,0.01631047,9.541488654822258
251,8019262,Spot Grid,1,BNBBTC,1.0,38218834,32.0,1543.31776757,2070.0,0.00708123,9.53523996287422
252,5375475,Spot Grid,1,BNBBTC,1.0,63796508,8.48,110.4401709,3467.0,0.01022497,9.52687130778494
253,4901320,Spot Grid,1,BNBBTC,1.0,71200882,9.16,165.71274449,1939.0,0.01360846,9.525493153792944
254,7676446,Spot Grid,1,ICPBTC,1.0,42494383,38.09,2309.39113264,2008.0,0.06202213,9.517590284300915
255,5714117,Spot Grid,1,BTCUSDT,1.0,59882668,13.05,205.81796043,3013.0,0.01011939,9.508699853471576
256,6317958,Spot Grid,1,ETHUSDT,1.0,57145965,16.38,1474.69520494,2755.0,0.01772123,9.508464124695305
257,7461381,Spot Grid,1,PENGUUSDT,1.0,44480914,51.99,113.797605,327.0,0.1006723,9.494006904864333
258,6233962,Spot Grid,1,ETHUSDT,1.0,57561249,16.27,154.64083295,2799.0,0.01758945,9.395106196814442
259,6215982,Spot Grid,1,BNBUSDT,1.0,57632205,16.68,35.55864376,2111.0,0.00641194,9.359154649240512
260,8291690,Spot Grid,1,BANANAS31USDT,1.0,35537757,39.24,13.91419028,996.0,0.01240896,9.342149472333498
261,6317096,Spot Grid,1,ETHUSDT,1.0,57149528,16.11,386.87389961,2752.0,0.01756114,9.335171165907418
262,5620672,Spot Grid,1,BTCUSDT,1.0,60675598,12.44,176.93797824,2646.0,0.00969718,9.323468157370431
263,7162195,Spot Grid,1,TRXBTC,1.0,48652488,26.37,936.33243977,1755.0,0.01999129,9.313479468529378
264,7038785,Spot Grid,1,SOLUSDT,1.0,50318859,22.99,77.48873291,2569.0,0.02367995,9.257266762014863
265,6000811,Spot Grid,1,BTCUSDT,1.0,58640691,0.81,12.20585877,6490.0,0.02065657,9.253196385998873
266,5783988,Spot Grid,1,BTCUSDT,1.0,59632646,22.32,33.48828305,513.0,0.01680182,9.239808440857052
267,6016247,Spot Grid,1,BTCUSDT,1.0,58519585,24.26,242.60286174,385.0,0.02155862,9.22659691809231
268,8806785,Spot Grid,1,UNIUSDT,1.0,29529868,37.4,374.03633293,2725.0,0.0200321,9.219128563438304
269,7469976,Spot Grid,1,DOGEUSDT,1.0,44431891,18.78,60.10060331,5107.0,0.03074509,9.215900417978972
270,5870072,Spot Grid,1,BTCUSDT,1.0,59237145,20.9,94.0541598,757.0,0.01384692,9.214092547839856
271,6923613,Spot Grid,1,ETHUSDT,1.0,51749805,11.57,46.30827661,4921.0,0.01869056,9.212726482945275
272,9323916,Spot Grid,1,BTCFDUSD,1.0,20085017,28.22,124.09053723,6771.0,0.01417547,9.208230721556832
273,5543115,Spot Grid,1,SUIFDUSD,1.0,61685164,11.89,237.66739351,5622.0,0.07916135,9.20190376543027
274,6327463,Spot Grid,1,BTCUSDT,1.0,57082757,7.54,150.8634272,4805.0,0.01797051,9.20140883017083
275,8949731,Spot Grid,1,ETHJPY,1.0,27387167,13.69,433.00315181,8986.0,0.01476529,9.197270813596562
276,8933444,Spot Grid,1,ZECUSDT,1.0,27646051,88.76,1775.22339791,1562.0,0.27738078,9.176012843065354
277,6942182,Spot Grid,1,ETHBTC,1.0,51557653,18.28,314.82237866,3091.0,0.01976812,9.150111990031332
278,5889159,Spot Grid,1,BTCUSDT,1.0,59143818,21.96,61.03015626,605.0,0.01863821,9.145000385705945
279,5657122,Spot Grid,1,BTCUSDT,1.0,60224101,9.65,192.34731714,3959.0,0.02785109,9.13689505369398
280,6885603,Spot Grid,1,ETHUSDT,1.0,52224292,27.44,13.436735,176.0,0.01028287,9.131194184246661
281,6157073,Spot Grid,1,LINKUSDT,1.0,57865296,16.4,164.04412925,4971.0,0.07676533,9.117173193446614
282,6556095,Spot Grid,1,BTCUSDT,1.0,55184655,1.66,24.91552369,6671.0,0.02018624,9.109877740578558
283,6017272,Spot Grid,1,BTCUSDT,1.0,58544943,13.24,107.26244445,2847.0,0.01752426,9.107794251863622
284,8009093,Spot Grid,1,BNBBTC,1.0,38312496,29.86,360.04633358,1999.0,0.00708834,9.0645400247005
285,5901784,Spot Grid,1,BTCUSDT,1.0,59079213,21.27,63.82143751,602.0,0.01840836,9.048610526728817
286,8305825,Spot Grid,1,BNBETH,1.0,35328643,35.71,296.30491243,1590.0,0.01806978,9.047037645839504
287,7152080,Spot Grid,1,DOGEUSDT,1.0,48777398,19.37,1470.60126116,3580.0,0.03428674,9.046833621486114
288,6163689,Spot Grid,1,LINKUSDT,1.0,57843944,15.85,126.87341003,4949.0,0.07680171,9.022708102215294
289,6411742,Spot Grid,1,BNBUSDT,1.0,56483270,11.46,229.67282717,3218.0,0.01117181,9.015110410373163
290,6165090,Spot Grid,1,LINKUSDT,1.0,57839329,15.84,158.40285196,4949.0,0.07725722,9.013550548974457
291,6175179,Spot Grid,1,LINKUSDT,1.0,57797612,15.87,125.57449364,4910.0,0.0769267,8.99668032219183
292,6119006,Spot Grid,1,ETHUSDT,1.0,58024259,22.18,226.24555204,621.0,0.02275391,8.982937659906051
293,9736713,Spot Grid,1,EDENUSDT,1.0,11163988,59.76,123.72170298,2153.0,0.0608103,8.962478329422185
294,7874042,Spot Grid,1,TRXETH,1.0,39475195,20.37,553.47459293,4909.0,0.02694982,8.95838562383525
295,5379123,Spot Grid,1,BNBBTC,1.0,63754370,9.25,4656.21806725,1254.0,0.01425915,8.943203746287502
296,7399775,Spot Grid,1,NEXOUSDT,1.0,45382007,17.87,107.22018234,5417.0,0.04873229,8.914521481358555
297,9398871,Spot Grid,1,ALGOUSDT,1.0,18505210,44.28,2761.8308323,1525.0,0.00998742,8.906947563589142
298,5969168,Spot Grid,1,ETHUSDT,1.0,58795481,14.56,291.28413502,2320.0,0.02400206,8.898990927421012
299,6689556,Spot Grid,1,BNBBTC,1.0,53897064,15.32,239.40880269,2855.0,0.01855204,8.8920867636014
300,6029124,Spot Grid,1,BTCUSDT,1.0,58462131,20.69,41.39788682,582.0,0.01921842,8.870335541786718
301,5824378,Spot Grid,1,BTCUSDT,1.0,59461705,20.13,50.33451791,614.0,0.02115479,8.870205376677614
302,6683656,Spot Grid,1,ETHUSDT,1.0,53953328,14.58,145.86355868,3366.0,0.02633976,8.860549681934359
303,7038171,Spot Grid,1,DOGEUSDT,1.0,50327014,24.28,38.12833449,1782.0,0.0308709,8.835263957207546
304,7138248,Spot Grid,1,BTCUSDT,1.0,48976790,9.42,56.73214614,4990.0,0.01179798,8.833950968179764
305,6136599,Spot Grid,1,TRXBNB,1.0,57949408,20.34,176.5105029,1344.0,0.03346291,8.832119250364434
306,8292107,Spot Grid,1,BNBETH,1.0,35529955,34.04,152.03952182,1598.0,0.018331,8.820159431705749
307,6783404,Spot Grid,1,ETHUSDT,1.0,53273644,17.03,93.6687776,2484.0,0.02068896,8.791436678773728
308,9579695,Spot Grid,1,ZECUSDT,1.0,14697399,92.41,370.19125228,1285.0,0.24450927,8.787851753066022
309,5699120,Spot Grid,1,ETHUSDT,1.0,59937484,18.09,180.97090766,1121.0,0.02674239,8.787563644035117
310,7132339,Spot Grid,1,BTCUSDT,1.0,49070521,8.73,92.71212924,5021.0,0.01153903,8.777296226422798
311,6230915,Spot Grid,1,LINKUSDT,1.0,57572018,14.49,116.10336984,4836.0,0.0760421,8.766474546710135
312,5986314,Spot Grid,1,BTCUSDT,1.0,58718655,6.65,44.34843596,4035.0,0.02264417,8.718641619049805
313,6173375,Spot Grid,1,BTCUSDT,1.0,57804298,6.46,129.25665417,3891.0,0.0154346,8.709960641946013
314,5505970,Spot Grid,1,SOLETH,1.0,62137815,3.96,33.51872931,3925.0,0.02054477,8.708952127443222
315,6848034,Spot Grid,1,XLMETH,1.0,52630647,15.33,121.30900852,4302.0,0.05081793,8.702428605528082
316,6850667,Spot Grid,1,TRXETH,1.0,52613062,13.9,110.0083547,3057.0,0.01653146,8.702100547393282
317,6984726,Spot Grid,1,ETHUSDT,1.0,51013796,25.79,16.76813419,150.0,0.01294681,8.697954707681891
318,7941788,Spot Grid,1,ETHUSDT,1.0,38758280,2.24,26.91500398,8934.0,0.01762135,8.696873958164957
319,5677289,Spot Grid,1,ETHUSDT,1.0,60075223,17.66,130.68577075,1128.0,0.02877923,8.690170705578963
320,7562806,Spot Grid,1,ETHUSDT,1.0,20836614,26.35,1607.72421534,5527.0,0.00959635,8.682120150470137
321,9672540,Spot Grid,1,ENAUSDT,1.0,12878287,42.36,926.9143113,2794.0,0.00202761,8.67817529863773
322,5947308,Spot Grid,1,BTCUSDT,1.0,58871221,9.5,95.06469185,3034.0,0.0199243,8.670123030050624
323,8833375,Spot Grid,1,ATMUSDT,1.0,29083944,47.37,13.26584885,43.0,0.03632844,8.665403401102942
324,9519684,Spot Grid,1,USTCUSDT,1.0,15853258,26.2,7257.442296,6973.0,0.04782611,8.664606613786596
325,6182642,Spot Grid,1,LINKUSDT,1.0,57772243,13.28,220.96344438,4906.0,0.0768419,8.653305607714849
326,7209818,Spot Grid,1,SOLUSDC,1.0,47969880,20.91,78.20505675,2963.0,0.03491455,8.65179040172127
327,6476391,Spot Grid,1,ETHBTC,1.0,55961626,2.7,22.59461333,5422.0,0.02210317,8.628323944774452
328,5735038,Spot Grid,1,BTCUSDT,1.0,59801101,3.09,21.63046586,4740.0,0.02650361,8.621151037079985
329,5731630,Spot Grid,1,BTCUSDT,1.0,59812842,3.3,66.11738284,4750.0,0.02816468,8.62062100172734
330,5545263,Spot Grid,1,SOLETH,1.0,61663097,3.8,31.01941304,3890.0,0.02049895,8.619013401232815
331,6862703,Spot Grid,1,ETHEUR,1.0,52510184,21.64,148.81005286,1154.0,0.02189359,8.61478506784563
332,9785353,Spot Grid,1,TSTUSDT,1.0,9903549,45.7,11.42516016,4357.0,0.03869749,8.60978065278125
333,7226946,Spot Grid,1,PEPEUSDC,1.0,47663514,11.74,234.93138856,7142.0,0.07461212,8.602778884279672
334,6021380,Spot Grid,1,BTCUSDT,1.0,58519627,12.7,25.40866881,2420.0,0.02531623,8.602116246797495
335,5759523,Spot Grid,1,BTCUSDT,1.0,59713854,12.14,242.83443673,2002.0,0.01964286,8.601819801481728
336,9315764,Spot Grid,1,ETHFDUSD,1.0,20243648,18.52,269.35044484,7766.0,0.00823618,8.594065974408363
337,7212434,Spot Grid,1,BTCUSDT,1.0,47921081,16.21,3414.32562688,2709.0,0.02505068,8.545172494751032
338,7140573,Spot Grid,1,DOGEUSDT,1.0,48945683,23.09,36.93979655,1931.0,0.03384827,8.530319622276163
339,7227144,Spot Grid,1,SOLUSDC,1.0,47660601,9.45,158.91698575,5216.0,0.02450791,8.513647828557122
340,8239332,Spot Grid,1,BNBUSDT,1.0,36091889,6.37,637.97457648,7788.0,0.01517717,8.51125120431527
341,9312588,Spot Grid,1,BTCUSDT,1.0,20312229,16.19,2211.3841513,7570.0,0.00513632,8.506498034502204
342,8289983,Spot Grid,1,BNBETH,1.0,35558686,30.95,420.39038663,1678.0,0.01744283,8.500812820326892
343,5912270,Spot Grid,1,BTCUSDT,1.0,59028313,10.93,54.67011168,2463.0,0.02323571,8.493284717599476
344,6429198,Spot Grid,1,ETHUSDT,1.0,56373828,19.04,51.15299073,869.0,0.02258651,8.4918407776796
345,6991949,Spot Grid,1,ETHUSDT,1.0,50923413,24.37,15.05408235,147.0,0.01302767,8.491044533975343
346,5726858,Spot Grid,1,ETHUSDT,1.0,59827214,15.73,393.29318452,1113.0,0.02622318,8.490172561700938
347,5615316,Spot Grid,1,DOGEUSDT,1.0,60742276,11.66,131.66402853,2463.0,0.03513893,8.488658457393843
348,7815992,Spot Grid,1,BTCFDUSD,1.0,40351272,3.83,76.69607033,7709.0,0.01594787,8.485810853925193
349,7109966,Spot Grid,1,BTCUSDT,1.0,49380206,14.52,92.98371481,2913.0,0.01178139,8.482746770169483
350,6352562,Spot Grid,1,AAVEETH,1.0,56905815,12.3,97.30484314,3447.0,0.0432354,8.479908752049218
351,7740118,Spot Grid,1,ETHUSDT,1.0,41548811,21.71,389.96505318,2888.0,0.01900253,8.474001457498224
352,9497184,Spot Grid,1,USTCUSDT,1.0,16510102,24.16,7000.43789629,7199.0,0.05130032,8.456198376872413
353,8074932,Spot Grid,1,BNBFDUSD,1.0,37842238,5.35,135.8410495,8008.0,0.02145895,8.453748679482802
354,6853812,Spot Grid,1,BCHBTC,1.0,52586812,27.89,480.42276885,1129.0,0.06412585,8.452331994390217
355,6028505,Spot Grid,1,BTCUSDT,1.0,58465281,10.22,40.69175356,2769.0,0.02510343,8.449521162202068
356,5195255,Spot Grid,1,SOLUSDT,1.0,66669688,6.82,41.89618386,2624.0,0.03890214,8.439651357792979
357,7582144,Spot Grid,1,ENAUSDC,1.0,43442516,43.97,200.03992113,612.0,0.10131942,8.43580915714859
358,9000566,Spot Grid,1,FETUSDT,1.0,26401017,36.42,120.24123965,5966.0,0.10077881,8.4169497979196
359,5866387,Spot Grid,1,BTCUSDT,1.0,59254395,15.9,477.18837161,993.0,0.02624111,8.39945708794117
360,7119980,Spot Grid,1,BTCUSDT,1.0,49232481,14.02,140.2383164,2894.0,0.01176761,8.395284190029098
361,3775884,Spot Grid,1,NEARUSDT,1.0,80713503,13.02,49.24220048,775.0,0.09599571,8.384525920028107
362,5721359,Spot Grid,1,BTCUSDT,1.0,59844159,4.53,145.87506796,3011.0,0.00921875,8.357427872432064
363,6244960,Spot Grid,1,LINKUSDT,1.0,57508845,11.18,167.73588823,4809.0,0.07422082,8.346490654278401
364,7746001,Spot Grid,1,ETHUSDT,1.0,41496702,20.79,372.24939805,2886.0,0.01874432,8.346210557489732
365,7060129,Spot Grid,1,BNBETH,1.0,50094834,13.69,135.81315682,3252.0,0.02340609,8.340342702213649
366,7097195,Spot Grid,1,BTCUSDT,1.0,49559870,12.61,149.65298512,2953.0,0.00899957,8.339213018394936
367,6585827,Spot Grid,1,BNBUSDT,1.0,54926507,19.72,151.16431783,283.0,0.01460825,8.33322234294031
368,6854790,Spot Grid,1,SOLUSDC,1.0,52578686,12.51,125.19033961,3350.0,0.03005593,8.3286108776398
369,8361582,Spot Grid,1,NEARUSDT,1.0,34731827,37.4,291.19717619,187.0,0.02396404,8.327337146322837
370,9438688,Spot Grid,1,TKOUSDT,1.0,17714760,43.48,104.35443558,2643.0,0.03557668,8.325354609694067
371,5776016,Spot Grid,1,BTCUSDT,1.0,59656657,9.28,189.90042075,2194.0,0.01876942,8.322157688703228
372,6245402,Spot Grid,1,LINKUSDT,1.0,57507246,10.94,109.42159661,4805.0,0.07360805,8.31930251780165
373,6997558,Spot Grid,1,SOLUSDT,1.0,50848229,1.47,27.89789278,6418.0,0.02737633,8.310575820093888
374,7544193,Spot Grid,1,ETHUSDT,1.0,43880501,21.2,212.09786631,1749.0,0.00779406,8.308975206533468
375,9606771,Spot Grid,1,FORMUSDT,1.0,14224260,47.25,122.86871528,1206.0,0.01214278,8.296405814369079
376,6016356,Spot Grid,1,BTCUSDT,1.0,58550482,17.01,20.41535806,783.0,0.02667942,8.295762383754097
377,7095236,Spot Grid,1,BTCUSDT,1.0,49593313,13.65,398.22106993,2920.0,0.01720715,8.294571224427031
378,9281798,Spot Grid,1,XRPUSDC,1.0,20880331,34.02,693.52625701,2704.0,0.00289694,8.294525400641438
379,6630949,Spot Grid,1,BTCUSDT,1.0,54397334,3.12,34.36241751,4841.0,0.01973536,8.273479799500388
380,4731356,Spot Grid,1,BNBBTC,1.0,73590576,1.59,50.07084277,1318.0,0.01922545,8.266617373832972
381,5975238,Spot Grid,1,ETHUSDT,1.0,58773020,4.0,162.36104795,3700.0,0.02059108,8.253122516917118
382,6606823,Spot Grid,1,ETHUSDT,1.0,54704028,13.42,46.99421232,2319.0,0.02526396,8.244999511530986
383,4939926,Spot Grid,1,BNBBTC,1.0,70553484,2.38,84.09267794,1367.0,0.01266362,8.244569972698589
384,6799855,Spot Grid,1,BNBBTC,1.0,53115135,14.79,369.33022651,1824.0,0.01793802,8.225489508271838
385,9388540,Spot Grid,1,XRPFDUSD,1.0,18673435,22.53,173.42457839,7082.0,0.02401744,8.207825141518239
386,6665359,Spot Grid,1,ETHUSDT,1.0,54090495,8.49,80.6697253,3611.0,0.0253152,8.191589533383457
387,5909646,Spot Grid,1,BTCUSDT,1.0,59044468,17.0,12.53151657,387.0,0.02456594,8.189987183531942
388,6338941,Spot Grid,1,ETHUSDT,1.0,57013710,16.13,42.45157642,779.0,0.02058749,8.164695442333691
389,9775840,Spot Grid,1,MEMEUSDT,1.0,10200000,37.29,18.64969619,4695.0,0.01908704,8.162670629651053
390,6415699,Spot Grid,1,BTCUSDT,1.0,56465694,8.19,24.59182036,3181.0,0.02564067,8.161707647596044
391,5779904,Spot Grid,1,BTCUSDT,1.0,59647731,15.03,45.11680627,252.0,0.01571431,8.139216680604799
392,6443577,Spot Grid,1,ETHUSDC,1.0,56229652,14.76,590.23074111,1421.0,0.02726375,8.136683105473585
393,6968538,Spot Grid,1,BNBBTC,1.0,51196745,19.2,97.01635178,430.0,0.006686,8.133169935931402
394,6537262,Spot Grid,1,BTCUSDT,1.0,55327366,14.9,61.11227257,1081.0,0.01452677,8.130000921206468
395,6158133,Spot Grid,1,BTCUSDT,1.0,57861877,12.1,60.5013472,1410.0,0.01703253,8.129072565312931
396,7036415,Spot Grid,1,BTCUSDT,1.0,50350265,21.38,21.38827348,112.0,0.00824422,8.124122736960633
397,5900511,Spot Grid,1,BTCUSDT,1.0,59086468,14.83,22.44549122,860.0,0.02575356,8.119647795031618
398,7041771,Spot Grid,1,BTCUSDT,1.0,50269936,21.49,17.19273949,111.0,0.00864238,8.119584186445556
399,6875702,Spot Grid,1,ETHUSDT,1.0,52355418,13.76,1376.82154524,1916.0,0.02090556,8.107877184278179
400,8286723,Spot Grid,1,PAXGBTC,1.0,35609044,33.08,302.80677044,529.0,0.02040936,8.102227773057766
401,5774358,Spot Grid,1,BTCUSDT,1.0,59659626,10.6,53.01530789,1630.0,0.02224054,8.101284715223013
402,7409383,Spot Grid,1,DOGEUSDT,1.0,45256706,15.26,76.30462081,3805.0,0.03241437,8.098748283760044
403,7038813,Spot Grid,1,BTCUSDT,1.0,50318572,21.49,13.54495462,111.0,0.0096878,8.098264951360466
404,7534939,Spot Grid,1,ETHUSDT,1.0,43971359,19.54,97.72712829,1770.0,0.00779048,8.08897285112153
405,9460468,Spot Grid,1,ASTERUSDT,1.0,17327081,47.08,94.17461789,500.0,0.01870993,8.064393684483546
406,8944498,Spot Grid,1,ETHFDUSD,1.0,27466724,3.2,157.30240856,9280.0,0.00857825,8.050059584522314
407,7147966,Spot Grid,1,PEPEUSDT,1.0,48838574,30.05,60.11152825,154.0,0.05375453,8.038535439724534
408,8680441,Spot Grid,1,FLOKIUSDT,1.0,31041552,31.35,2804.0953943,4908.0,0.09968507,8.03360026068059
409,7160895,Spot Grid,1,UNIBTC,1.0,48672129,25.76,608.46712398,2051.0,0.07287623,8.029694025583202
410,9134739,Spot Grid,1,WLDUSDC,1.0,23783542,8.01,221.72661758,11035.0,0.05854006,8.002233326442331
411,7405419,Spot Grid,1,BTCUSDT,1.0,45313628,4.29,485.9323737,5625.0,0.01727977,7.998086099260907
412,9672677,Spot Grid,1,SOLFDUSD,1.0,12870266,22.36,835.36534244,7564.0,0.02038485,7.996149499652685
413,7085959,Spot Grid,1,BTCUSDT,1.0,49748323,10.64,53.20787927,2935.0,0.01205913,7.992846409937322
414,7117353,Spot Grid,1,BTCUSDT,1.0,49278521,15.44,46.34152454,1610.0,0.00842016,7.988623159457732
415,6440580,Spot Grid,1,ETHBTC,1.0,56263587,10.59,41.32046438,1966.0,0.01956404,7.980625381216938
416,9496402,Spot Grid,1,PEPEUSDC,1.0,16536778,22.33,192.8677263,8746.0,0.05973012,7.943039476736305
417,6958623,Spot Grid,1,BTCUSDT,1.0,50704688,4.69,79.44428064,4601.0,0.02124451,7.936176468530616
418,9843240,Spot Grid,1,BTCU,1.0,8025680,20.02,28488.49484179,1978.0,0.0145297,7.90586122867844
419,9273555,Spot Grid,1,PEPEUSDT,1.0,21048897,30.8,30.80295006,4297.0,0.03200374,7.903317142252357
420,5898727,Spot Grid,1,BTCUSDT,1.0,59098660,13.06,13.09720293,861.0,0.02488344,7.900772579125041
421,7034848,Spot Grid,1,BTCUSDT,1.0,50373027,14.88,44.64964426,1636.0,0.01424654,7.897223378920773
422,9716841,Spot Grid,1,NEARUSDC,1.0,11777778,71.73,287.00486567,826.0,0.14478638,7.889845862056233
423,7122202,Spot Grid,1,BTCUSDT,1.0,49207136,14.12,104.94057113,2189.0,0.01788264,7.87807818819308
424,5855095,Spot Grid,1,ETHEUR,1.0,59317102,5.93,66.30091833,2482.0,0.02247323,7.873240252010165
425,6974349,Spot Grid,1,ETHBTC,1.0,51105902,15.37,529.52809428,1730.0,0.0255777,7.871468463790314
426,7072190,Spot Grid,1,BTCUSDC,1.0,49939694,1.39,16.45269018,5524.0,0.0217384,7.870965265148914
427,6019448,Spot Grid,1,BTCUSDT,1.0,58532918,13.58,13.72112159,779.0,0.02503437,7.864541597935277
428,6642045,Spot Grid,1,BTCUSDC,1.0,54280436,16.25,40.16817347,477.0,0.01544624,7.858783303901815
429,9279898,Spot Grid,1,ETHUSDT,1.0,20849846,26.86,5373.57352248,2993.0,0.01167776,7.848583506015
430,5910933,Spot Grid,1,BTCUSDT,1.0,59036977,12.75,12.72141508,859.0,0.02500382,7.8478709096786865
431,5756735,Spot Grid,1,BTCUSDT,1.0,59727251,12.17,43.94736381,632.0,0.02048193,7.839315680718545
432,9306700,Spot Grid,1,BTCUSDT,1.0,20444745,12.66,138.46079144,7713.0,0.00557229,7.838676554344472
433,7002054,Spot Grid,1,ETHBTC,1.0,50780695,15.48,332.45799637,1663.0,0.02400517,7.830470938928061
434,8054276,Spot Grid,1,BNBETH,1.0,37999220,22.88,408.72660098,1997.0,0.0177761,7.819240608545829
435,7264787,Spot Grid,1,TRXBNB,1.0,47094793,15.5,36.85162662,1405.0,0.0021612,7.81102321673684
436,6218415,Spot Grid,1,BNBUSDT,1.0,57616975,11.22,230.20694252,822.0,0.01254321,7.806874692883308
437,6966370,Spot Grid,1,ETHUSDT,1.0,51232991,18.28,12.07092336,298.0,0.01171379,7.806087182518268
438,6173733,Spot Grid,1,BTCUSDT,1.0,57803268,9.85,144.73609712,1401.0,0.01796593,7.799073328484258
439,9294970,Spot Grid,1,LDOUSDT,1.0,20689356,31.4,3300.77648122,5304.0,0.07633664,7.79217568756289
440,6306928,Spot Grid,1,BTCUSDT,1.0,57198103,11.24,56.22055943,1178.0,0.01823074,7.788663850448837
441,6186923,Spot Grid,1,BTCUSDT,1.0,57759954,9.78,48.90058252,1401.0,0.01740211,7.786692393421137
442,6189463,Spot Grid,1,BTCUSDC,1.0,57751583,1.95,39.10311945,3792.0,0.02547757,7.776115717597564
443,6644499,Spot Grid,1,BTCUSDC,1.0,54251111,15.42,46.27651123,477.0,0.01430703,7.771718645229854
444,9445003,Spot Grid,1,BANANAS31USDT,1.0,17584705,33.46,35.47331479,5689.0,0.06665459,7.768194485258344
445,6308398,Spot Grid,1,ETHUSDT,1.0,57190376,12.94,194.15204676,775.0,0.02054731,7.767170774073934
446,9294982,Spot Grid,1,SOLFDUSD,1.0,20689105,34.26,259.13736517,2725.0,0.02318392,7.757220672647354
447,9309325,Spot Grid,1,BTCUSDT,1.0,20382745,23.36,16220.81923064,1640.0,0.02162388,7.750581459804389
448,7271466,Spot Grid,1,DOGEUSDT,1.0,46984771,22.01,32.57972146,1290.0,0.03729608,7.750421467655308
449,9314509,Spot Grid,1,BTCUSDT,1.0,20267244,12.62,161.40733167,7546.0,0.00513928,7.740085874759233
450,7140461,Spot Grid,1,SOLUSDT,1.0,48946854,22.61,17.18791702,475.0,0.03244675,7.730446744816934
451,6249545,Spot Grid,1,TRXUSDT,1.0,57491521,11.29,34.09887045,872.0,0.01556569,7.729035990426166
452,9300651,Spot Grid,1,BTCUSDT,1.0,20577170,11.15,133.88832014,7840.0,0.00495837,7.728627344668975
453,9349184,Spot Grid,1,SOLUSDC,1.0,19503189,23.26,232.68249729,4963.0,0.00654706,7.7219498860070015
454,6932943,Spot Grid,1,ETHUSDT,1.0,51641570,16.48,16.48390746,763.0,0.01697296,7.718885064993103
455,7101295,Spot Grid,1,TRXBTC,1.0,49507080,20.23,542.56041622,772.0,0.03157071,7.711319332300418
456,6179076,Spot Grid,1,BTCUSDT,1.0,57784105,8.38,26.14644868,1941.0,0.02481315,7.695530033850913
457,6505681,Spot Grid,1,BTCUSDC,1.0,55661894,14.74,61.18541733,712.0,0.02499069,7.688913218595123
458,5920157,Spot Grid,1,ETHUSDT,1.0,58981469,9.61,48.05758231,1715.0,0.03246334,7.6838390489905315
459,6842837,Spot Grid,1,CAKEUSDT,1.0,52677034,30.65,1668.12241043,2625.0,0.14858393,7.675307766599089
460,9284548,Spot Grid,1,SOLUSDC,1.0,20844273,42.17,74.23961858,464.0,0.02187393,7.669426560468523
461,5786648,Spot Grid,1,BTCUSDT,1.0,59622724,11.88,47.53664119,433.0,0.02112721,7.668246741553986
462,6186641,Spot Grid,1,TRXBNB,1.0,57760754,9.09,79.12961209,1531.0,0.02131573,7.667673681867066
463,9276708,Spot Grid,1,SOLFDUSD,1.0,20990316,12.45,1184.47108301,7083.0,0.00597522,7.660172432559967
464,7740436,Spot Grid,1,ETHUSDT,1.0,41545346,23.01,172.54895737,1133.0,0.02120132,7.643714520203887
465,7218099,Spot Grid,1,SOLUSDT,1.0,47811834,23.48,234.89426419,423.0,0.03586763,7.643503267618954
466,9115471,Spot Grid,1,UNIBTC,1.0,24221411,40.31,1941.79526139,147.0,0.03015261,7.641444031519376
467,7139882,Spot Grid,1,SOLUSDT,1.0,48954020,21.92,14.25401646,476.0,0.03238696,7.638835117822608
468,6290842,Spot Grid,1,ETHUSDT,1.0,57270188,12.04,36.14311771,909.0,0.02319856,7.6373820890071915
469,6630933,Spot Grid,1,BTCUSDT,1.0,54397573,15.58,233.79170574,299.0,0.01857482,7.633096382662069
470,5937220,Spot Grid,1,BTCUSDT,1.0,58911668,4.71,39.91570457,2306.0,0.02000767,7.62916177193299
471,5980120,Spot Grid,1,ETHUSDT,1.0,58747724,6.13,37.44260526,2429.0,0.03037781,7.611476306736535
472,7101291,Spot Grid,1,PAXGBTC,1.0,49507125,12.65,452.26825742,1553.0,0.01048217,7.603421766782305
473,7612658,Spot Grid,1,ETHUSDT,1.0,43208950,17.36,49.27055999,1596.0,0.00840418,7.597662305407341
474,8443717,Spot Grid,1,UNIUSDC,1.0,33658776,1.59,18.31665301,10779.0,0.0755009,7.5953031954026695
475,6499168,Spot Grid,1,ETHBTC,1.0,55733137,5.27,38.11343476,2733.0,0.01995519,7.5931851131423755
476,6112526,Spot Grid,1,BTCUSDT,1.0,58054964,7.73,841.6878188,1410.0,0.01948599,7.593141961524788
477,7066434,Spot Grid,1,BTCUSDT,1.0,50010566,16.07,160.73379395,704.0,0.0123625,7.5916200288693485
478,8697482,Spot Grid,1,TRXBNB,1.0,30914423,29.36,495.99494176,638.0,0.00391546,7.5885475032564225
479,7006446,Spot Grid,1,BTCUSDT,1.0,50728706,7.64,76.49403011,3000.0,0.01781899,7.582243749935634
480,6629302,Spot Grid,1,BTCUSDT,1.0,54415128,15.83,158.30342559,450.0,0.025314,7.571113989867727
481,6444706,Spot Grid,1,BTCUSDT,1.0,56219526,12.02,24.05930123,1043.0,0.02429586,7.564557245835939
482,6496047,Spot Grid,1,ETHBTC,1.0,55764477,4.96,52.40783493,2730.0,0.01982029,7.557891062798008
483,7095193,Spot Grid,1,BTCUSDT,1.0,49594248,6.72,89.59344166,2961.0,0.00837758,7.552356296824078
484,6525619,Spot Grid,1,BTCUSDT,1.0,55422672,11.87,34.92904451,1134.0,0.02269123,7.548591176637892
485,6491063,Spot Grid,1,BTCUSDT,1.0,55809236,12.33,24.67442087,1022.0,0.02444299,7.548483331505616
486,7068569,Spot Grid,1,BTCUSDT,1.0,49987059,16.68,20.02578506,347.0,0.00963278,7.53412520922751
487,9299374,Spot Grid,1,BTCUSDT,1.0,20604272,9.57,114.86918225,7877.0,0.00498214,7.532696293734752
488,7240745,Spot Grid,1,BTCUSDC,1.0,47472650,9.2,27.63087298,2652.0,0.00711267,7.525257814186682
489,6726443,Spot Grid,1,ETHBTC,1.0,53696164,7.58,171.00118481,2018.0,0.01219992,7.524608890032858
490,6336764,Spot Grid,1,BTCUSDT,1.0,57030025,2.2,41.85975752,2927.0,0.01575219,7.520229349828847
491,6633901,Spot Grid,1,AAVEETH,1.0,54364618,10.28,57.82303929,3403.0,0.05891795,7.515539956896644
492,9839235,Spot Grid,1,LINKFDUSD,1.0,8145619,45.96,267.77803689,869.0,0.0042459,7.51136126770211
493,6379844,Spot Grid,1,BTCUSDT,1.0,56731378,1.9,29.21998853,3045.0,0.01562561,7.511260418428489
494,9465161,Spot Grid,1,ETHFDUSD,1.0,17284389,19.61,538.9732562,6019.0,0.00947264,7.511127593798466
495,9295098,Spot Grid,1,ETHFDUSD,1.0,20687626,29.98,209.73261628,2982.0,0.01498111,7.50718442081908
496,6487105,Spot Grid,1,BTCUSDT,1.0,55854082,4.85,145.62324902,2471.0,0.01734422,7.489592609121627
497,6050254,Spot Grid,1,XRPUSDT,1.0,58351480,2.15,3393.7265053,2891.0,0.03914007,7.4819805504201735
498,7218270,Spot Grid,1,BTCUSDC,1.0,47808749,14.67,146.81065182,1874.0,0.02446807,7.47966289386707
499,6505277,Spot Grid,1,BTCUSDT,1.0,55667052,14.88,18.90230581,291.0,0.02513868,7.477673070521597
500,6299465,Spot Grid,1,ETHUSDT,1.0,57234789,2.58,64.50870951,2942.0,0.02099372,7.474098104731687
501,7271702,Spot Grid,1,TRXBNB,1.0,46980382,18.01,95.47763179,824.0,0.01705923,7.471376018963793
502,9818230,Spot Grid,1,ETHFDUSD,1.0,8875818,10.89,183.0696572,9920.0,0.00833518,7.4657505717631665
503,8991602,Spot Grid,1,UNIUSDT,1.0,26570202,31.38,564.00147478,4939.0,0.09285936,7.46125820163106
504,5908378,Spot Grid,1,BTCUSDT,1.0,54394011,13.74,17.18701827,817.0,0.02561954,7.451743897302361
505,7223002,Spot Grid,1,BTCUSDC,1.0,47728472,15.15,268.74426719,1251.0,0.01540351,7.449646810932747
506,9325672,Spot Grid,1,BTCUSDT,1.0,20059831,10.94,218.98203764,7418.0,0.00519476,7.427673625853368
507,8897087,Spot Grid,1,UNIBTC,1.0,28212745,28.49,466.19680594,2643.0,0.03646999,7.424289499112087
508,9299235,Spot Grid,1,BTCUSDT,1.0,20606256,8.83,112.2435473,7878.0,0.00533068,7.423593643434007
509,5953522,Spot Grid,1,ETHUSDT,1.0,58843753,7.75,35.50681192,1467.0,0.02684906,7.42329140180585
510,7232317,Spot Grid,1,BTCUSDC,1.0,47584957,8.14,23.71194304,2720.0,0.00730766,7.423246051383413
511,9851820,Spot Grid,1,BTCUSD1,1.0,7743906,12.76,32699.15688131,1431.0,0.00314733,7.421089700377731
512,7563139,Spot Grid,1,BNBETH,1.0,43642913,12.42,168.70679959,2823.0,0.01709286,7.416062563397005
513,9924625,Spot Grid,1,TSTUSDT,1.0,4780799,33.22,39.86519962,6134.0,0.03474897,7.402158486185441
514,7022039,Spot Grid,1,BTCEUR,1.0,50532144,11.36,63.46631581,1798.0,0.01925589,7.3975742899762915
515,9384700,Spot Grid,1,SOLUSDT,1.0,18733623,31.07,6367.75052817,1677.0,0.02106415,7.397369113967395
516,5935425,Spot Grid,1,BTCUSDT,1.0,58919879,3.62,18.10018039,2336.0,0.02406812,7.393435267286972
517,9281972,Spot Grid,1,BTCUSDT,1.0,20877383,7.15,48.65925109,8386.0,0.00909583,7.389254539199398
518,6501946,Spot Grid,1,BTCUSDT,1.0,55699642,11.53,22.39788836,1031.0,0.02630745,7.38584689334999
519,7087174,Spot Grid,1,BTCUSDT,1.0,49729955,17.34,10.40457669,125.0,0.01377163,7.375469521224666
520,7224200,Spot Grid,1,BTCUSDT,1.0,47705953,12.16,121.65666044,1563.0,0.00818966,7.3649780279921915
521,6073763,Spot Grid,1,ETHUSDT,1.0,58232984,5.06,101.3714852,1943.0,0.02249127,7.359440119401109
522,8958763,Spot Grid,1,ZECUSDT,1.0,27222078,67.83,187.90426725,1344.0,0.22141215,7.354529485469261
523,5827294,Spot Grid,1,NEARUSDT,1.0,59448047,17.39,2609.758301,2210.0,0.11415184,7.348457717599166
524,7173737,Spot Grid,1,BTCUSDT,1.0,48456796,13.88,138.89816876,1274.0,0.01554436,7.346102120677984
525,6778890,Spot Grid,1,ETHUSDT,1.0,53321469,11.89,135.4114489,1007.0,0.02039524,7.3308246481171375
526,9293522,Spot Grid,1,SOLUSDT,1.0,20713402,39.39,984.99683757,349.0,0.02274684,7.311024371915921
527,8950420,Spot Grid,1,DGBUSDT,1.0,27372112,29.64,296.42959099,3681.0,0.06520119,7.301218035486312
528,6520613,Spot Grid,1,BTCUSDT,1.0,55490765,10.13,48.66258601,1220.0,0.02543273,7.297562714251933
529,9345085,Spot Grid,1,WIFUSDC,1.0,19600964,20.51,357.87360639,5337.0,0.01757988,7.296011022601815
530,9007361,Spot Grid,1,ETHFDUSD,1.0,26274118,5.55,83.261016,8058.0,0.02045011,7.294567390041504
531,8743548,Spot Grid,1,UNIUSDT,1.0,30465396,27.01,1308.68103054,4029.0,0.07694437,7.292632370075674
532,9483158,Spot Grid,1,XRPFDUSD,1.0,16839432,26.39,94.95366179,4301.0,0.01490883,7.2903876919650905
533,7073867,Spot Grid,1,BTCUSDC,1.0,49916784,11.09,59.15536274,1770.0,0.01916417,7.282277928233611
534,9621264,Spot Grid,1,币安人生USDT,1.0,13903049,42.65,36.6850216,923.0,0.01997487,7.280353018669559
535,9322032,Spot Grid,1,SOLUSDT,1.0,20110575,36.42,124.00966024,1897.0,0.03363629,7.2762576712390326
536,6637971,Spot Grid,1,BTCUSDT,1.0,54315522,8.68,21.36009392,1841.0,0.02635294,7.275630805382558
537,9261787,Spot Grid,1,CAKEUSDT,1.0,21293544,33.21,836.43804845,1438.0,0.01525042,7.271989252820887
538,6169157,Spot Grid,1,BTCUSDT,1.0,57823959,7.4,154.10247609,765.0,0.01259497,7.267361294373294
539,9599618,Spot Grid,1,币安人生USDT,1.0,14334088,45.37,41.71567952,949.0,0.03808043,7.260390071988729
540,9242950,Spot Grid,1,PEPEUSDT,1.0,21671342,3.26,61.89163781,11621.0,0.06527675,7.250729934890482
541,9243360,Spot Grid,1,BTCFDUSD,1.0,21660672,9.82,1962.79821127,6801.0,0.00894046,7.250460361585781
542,6364688,Spot Grid,1,BTCUSDT,1.0,56827624,8.72,87.21511494,1007.0,0.02155571,7.236989108314897
543,7205328,Spot Grid,1,BTCFDUSD,1.0,48042315,18.79,18.58696346,347.0,0.02536137,7.222858567416369
544,9768475,Spot Grid,1,ONDOUSDT,1.0,10369984,44.25,442.5173323,177.0,0.00228309,7.221827429178951
545,6742351,Spot Grid,1,ETHBTC,1.0,53614791,3.83,26.34623148,2176.0,0.00626158,7.217558410411122
546,7007249,Spot Grid,1,BTCUSDT,1.0,50717693,10.57,36.9963833,1747.0,0.02186229,7.214535586175453
547,5965321,Spot Grid,1,ETHUSDT,1.0,58804720,6.03,28.3806513,1464.0,0.02580994,7.208162262458054
548,5797058,Spot Grid,1,ETHBTC,1.0,59586174,1.25,19.8630327,2362.0,0.02315909,7.177983124560454
549,9362239,Spot Grid,1,DOGEUSDT,1.0,19179966,28.32,28.32712756,3552.0,0.02400246,7.172966882458871
550,6530056,Spot Grid,1,BTCUSDT,1.0,55378308,4.52,31.69837187,2313.0,0.02230028,7.1727856159429475
551,7905769,Spot Grid,1,LTCUSDT,1.0,39031110,27.31,82.48803996,1319.0,0.05657111,7.167844480367824
552,5972731,Spot Grid,1,ETHUSDT,1.0,58784847,5.69,110.93247725,1463.0,0.02611297,7.162220389027188
553,7155491,Spot Grid,1,BTCUSDT,1.0,48740953,14.91,21.8367923,318.0,0.00919194,7.156271844633061
554,7154037,Spot Grid,1,BTCUSDT,1.0,48757091,12.54,110.35957922,1227.0,0.01618639,7.15108675240697
555,9007351,Spot Grid,1,BTCFDUSD,1.0,26274394,9.4,122.18722909,6514.0,0.01492556,7.148382715774631
556,9283061,Spot Grid,1,SOLUSDT,1.0,20864255,27.48,404.05451243,2725.0,0.01228502,7.141982570600171
557,9286659,Spot Grid,1,SOLUSDC,1.0,20814062,23.93,310.72449649,3726.0,0.01349752,7.138093092734926
558,9423102,Spot Grid,1,SOLUSDC,1.0,17959886,25.42,514.27245718,4030.0,0.01727348,7.129535014248896
559,6959160,Spot Grid,1,ETHUSDC,1.0,51344122,12.73,14.00934884,794.0,0.01960799,7.12669022128458
560,5788547,Spot Grid,1,BTCUSDT,1.0,59615205,1.7,121.75937667,1988.0,0.02088065,7.115152929731424
561,7086269,Spot Grid,1,BTCUSDT,1.0,49743250,9.71,29.15676151,1779.0,0.01765232,7.11432225251077
562,6850973,Spot Grid,1,XLMETH,1.0,52610752,7.96,63.02211903,3065.0,0.04783108,7.111433197346248
563,9287436,Spot Grid,1,SOLFDUSD,1.0,20800630,35.09,1753.26810188,668.0,0.01845743,7.1076281548148295
564,7124086,Spot Grid,1,BTCUSDT,1.0,49187901,11.72,19.92632825,1249.0,0.0153549,7.105920806542105
565,5931639,Spot Grid,1,BTCUSDT,1.0,58938126,1.49,38.37247985,2297.0,0.02334672,7.105173316087164
566,6636333,Spot Grid,1,BTCUSDT,1.0,54330341,11.92,23.84740923,445.0,0.02203472,7.091140091763874
567,8969370,Spot Grid,1,TAOUSDT,1.0,27024965,39.96,159.84179784,408.0,0.05881256,7.087882628534681
568,6854517,Spot Grid,1,BTCUSDT,1.0,52580581,12.94,23.29846274,465.0,0.02095926,7.0811375716159874
569,7128784,Spot Grid,1,BTCUSDT,1.0,49122256,9.55,16.23754887,1566.0,0.01147425,7.0663960279203675
570,9309467,Spot Grid,1,SOLFDUSD,1.0,20379371,21.99,2251.75733488,3786.0,0.01570263,7.052743909668771
571,9859836,Spot Grid,1,CATIUSDT,1.0,7400484,66.63,25.7819211,2602.0,0.16802423,7.052612458812516
572,9856607,Spot Grid,1,ETHFDUSD,1.0,7533201,17.8,177.84221065,7907.0,0.01449528,7.049956042142343
573,6216131,Spot Grid,1,BTCUSDT,1.0,57631316,5.08,34.5737854,1522.0,0.02340373,7.04509500632091
574,6638321,Spot Grid,1,BTCUSDT,1.0,54312167,11.74,35.61183115,444.0,0.022972,7.042324216064542
575,7817421,Spot Grid,1,ETHUSDC,1.0,40329374,12.62,37.88954671,2256.0,0.00653847,7.0380192235117
576,5967639,Spot Grid,1,ETHUSDT,1.0,58799119,4.63,46.32493376,1463.0,0.02541554,7.028403619409024
577,9289686,Spot Grid,1,SOLUSDC,1.0,20775543,36.24,254.49563799,726.0,0.02141597,7.026630384451253
578,9466368,Spot Grid,1,PEPEUSDC,1.0,17253469,30.2,60.43431347,5423.0,0.07205953,7.017268941144135
579,9469148,Spot Grid,1,TAOUSDT,1.0,17189772,29.96,137.85485873,3093.0,0.02176072,7.01266655385192
580,6049080,Spot Grid,1,ETHUSDT,1.0,58358570,1.64,13.14931431,2205.0,0.02349294,7.0085989548965975
581,9862847,Spot Grid,1,CATIUSDT,1.0,7266342,66.02,25.42148106,2567.0,0.16535054,7.00330777061923
582,7071681,Spot Grid,1,BTCUSDT,1.0,49946914,3.07,30.75085922,3402.0,0.02176587,6.984000761940788
583,9427861,Spot Grid,1,ASTERUSDT,1.0,17864761,29.22,87.66332624,3188.0,0.02386997,6.974777075101629
584,8012044,Spot Grid,1,ETHBTC,1.0,38285289,0.33,10.6292707,6101.0,0.01435916,6.9731192282026315
585,9597501,Spot Grid,1,币安人生USDT,1.0,14373593,43.06,34.44989934,961.0,0.03749689,6.969771407791637
586,9359432,Spot Grid,1,ETHUSDT,1.0,19250761,29.65,1675.9362265,1974.0,0.01505368,6.964259856226164
587,7342402,Spot Grid,1,BTCUSDT,1.0,45970181,9.61,96.13413797,1927.0,0.01072681,6.958106635849909
588,7277394,Spot Grid,1,BTCUSDC,1.0,46914416,11.92,29.82796126,878.0,0.00524498,6.948763736684491
589,7046596,Spot Grid,1,XRPUSDT,1.0,50234068,10.96,54.82950814,1689.0,0.031642,6.9444447347847955
590,9915575,Spot Grid,1,XRPUSDT,1.0,5048663,34.54,7754.51770887,2843.0,0.03164063,6.942163379665119
591,9495212,Spot Grid,1,PEPEUSDT,1.0,16561131,43.33,32.62912644,1520.0,0.0614283,6.937765256408193
592,8335207,Spot Grid,1,ETHFDUSD,1.0,35049903,17.57,174.68015853,2445.0,0.02012678,6.929349959776799
593,8492080,Spot Grid,1,ETHFDUSD,1.0,33254313,8.62,125.47355577,5215.0,0.0222241,6.919399636096665
594,7966311,Spot Grid,1,BNBETH,1.0,38562077,15.99,140.04183306,1522.0,0.00732819,6.915878370777534
595,7487858,Spot Grid,1,ETHBTC,1.0,44311239,14.26,248.06035638,817.0,0.00866802,6.90113284618154
596,8052667,Spot Grid,1,ETHBTC,1.0,38011707,8.97,161.03990661,3841.0,0.01648261,6.897136028748144
597,6089909,Spot Grid,1,BTCUSDC,1.0,58156904,4.59,91.87601168,972.0,0.01770955,6.893658220769665
598,7663798,Spot Grid,1,ETHUSDT,1.0,42651269,18.0,12.20952138,170.0,0.00773098,6.886368284680988
599,7414007,Spot Grid,1,BNBBTC,1.0,45195361,14.47,311.49123847,490.0,0.00771216,6.883509983630367
600,7753760,Spot Grid,1,ETHUSDT,1.0,41393323,15.17,60.70913758,1102.0,0.00767768,6.865372761271825
601,9455583,Spot Grid,1,PEPEUSDT,1.0,17457380,27.04,14.06584735,3211.0,0.01472213,6.864841035719241
602,7163856,Spot Grid,1,BTCUSDT,1.0,48621792,14.87,11.68037045,386.0,0.02189622,6.856354567924164
603,8945035,Spot Grid,1,ETHUSDT,1.0,27460577,9.11,129.41004815,5120.0,0.00080681,6.8532543738741545
604,6253329,Spot Grid,1,LINKUSDT,1.0,57472819,4.18,41.86480514,6121.0,0.12296986,6.8501547332702
605,9317960,Spot Grid,1,SOLUSDT,1.0,20188001,34.82,626.92543075,605.0,0.01775823,6.845640491891734
606,7775466,Spot Grid,1,TRXUSDT,1.0,41042516,15.91,1346.07857206,1124.0,0.01836807,6.838873807362186
607,9378469,Spot Grid,1,SOLUSDC,1.0,18862501,29.54,236.41058214,2471.0,0.02102426,6.836774549262582
608,8043703,Spot Grid,1,ETHFDUSD,1.0,38065712,13.18,2634.41849696,2110.0,0.01842116,6.833122444640906
609,9276718,Spot Grid,1,ETHFDUSD,1.0,20990037,12.56,978.11425349,5611.0,0.00775755,6.828942287072397
610,7235354,Spot Grid,1,BTCUSDT,1.0,47547763,13.06,84.94375128,811.0,0.01789043,6.8284207637222885
611,7034982,Spot Grid,1,BTCUSDT,1.0,50370755,7.53,1886.65037822,1470.0,0.02314914,6.822292152709869
612,7107540,Spot Grid,1,BTCUSDT,1.0,49414057,9.23,28.28013052,1245.0,0.01429622,6.816043007141986
613,9295808,Spot Grid,1,DOGEUSDT,1.0,20674801,16.09,227.92573199,6119.0,0.03343408,6.808618413693426
614,7167241,Spot Grid,1,BTCUSDT,1.0,48568244,14.49,11.59633048,385.0,0.02149858,6.808242532025577
615,9310749,Spot Grid,1,BTCJPY,1.0,20351144,23.11,47.99421469,3423.0,0.01284193,6.8001728274687325
616,6683616,Spot Grid,1,BTCUSDC,1.0,53953606,5.55,14.98908731,1735.0,0.02466696,6.795968469350891
617,8050341,Spot Grid,1,BNBETH,1.0,38029302,16.06,58.44746934,2912.0,0.03940849,6.791744061933006
618,6979175,Spot Grid,1,ETHBTC,1.0,51060954,7.2,196.05110851,1138.0,0.00995388,6.787956835816098
619,7148943,Spot Grid,1,BNBETH,1.0,48821206,7.9,32.21482921,1986.0,0.02202595,6.770114347238429
620,6850990,Spot Grid,1,XLMETH,1.0,52610593,7.18,56.86128055,2596.0,0.04732944,6.769790151457737
621,7995425,Spot Grid,1,ETHBTC,1.0,38380927,19.57,644.06739666,844.0,0.02040775,6.76612883338506
622,7764164,Spot Grid,1,ETHUSDT,1.0,41219873,11.66,33.59173264,2194.0,0.01475851,6.764122241363175
623,9353509,Spot Grid,1,ETHUSDT,1.0,19398227,36.72,367.25946501,254.0,0.01936061,6.762430123168439
624,8008457,Spot Grid,1,ETHBTC,1.0,38316485,8.59,369.84564115,3793.0,0.02133977,6.758317654904513
625,7775526,Spot Grid,1,TRXUSDT,1.0,41041350,14.52,2078.99886744,1014.0,0.01667769,6.727348351930332
626,9262736,Spot Grid,1,ETHUSDC,1.0,21283834,12.55,437.54674231,5623.0,0.01052856,6.726960777540977
627,9284546,Spot Grid,1,SOLUSDC,1.0,20844329,29.44,1076.8632695,1587.0,0.01921113,6.721170860870616
628,7070416,Spot Grid,1,BTCUSDC,1.0,49965549,6.0,57.61926673,2059.0,0.02021961,6.719703318792828
629,9332931,Spot Grid,1,LINKUSDC,1.0,19909192,23.19,397.75145386,3466.0,0.01762147,6.712474298939497
630,7762380,Spot Grid,1,CAKEUSDT,1.0,41257819,2.59,10066.16086469,6406.0,0.10811226,6.711407886862259
631,9383691,Spot Grid,1,SUIUSDT,1.0,18758897,37.32,66.61864469,522.0,0.0262571,6.707110666889321
632,8673685,Spot Grid,1,BNBETH,1.0,31116637,20.84,14.10028491,2396.0,0.02856288,6.699880569117686
633,9901777,Spot Grid,1,STXUSDT,1.0,5646722,64.5,64.507341,79.0,0.10999907,6.696373096945559
634,9437462,Spot Grid,1,BANANAS31USDT,1.0,17736502,46.17,12.95750873,173.0,0.06327055,6.691880926531164
635,9262467,Spot Grid,1,ETHUSDT,1.0,21287027,13.53,108.2449972,5245.0,0.00785707,6.686060709766008
636,9490081,Spot Grid,1,ENSUSDT,1.0,16700081,34.13,95.319217,1186.0,0.01510425,6.6844746347701225
637,7781135,Spot Grid,1,ETHUSDC,1.0,40921017,14.63,35.85176054,1013.0,0.00796926,6.684206673733521
638,9274775,Spot Grid,1,BTCJPY,1.0,21029068,13.41,15.94019245,5310.0,0.0070777,6.684081346048626
639,6855651,Spot Grid,1,ETHUSDT,1.0,52573739,6.4,38.1694879,1351.0,0.02037241,6.672544336040906
640,9894361,Spot Grid,1,PEPEUSDT,1.0,5974426,28.74,128.24373728,5647.0,0.03497614,6.667910998575273
641,9349532,Spot Grid,1,ETHFDUSD,1.0,19496195,21.14,2058.17291479,3534.0,0.01675695,6.659155530655406
642,9057113,Spot Grid,1,ASTERUSDT,1.0,25290934,26.87,112.89205199,2202.0,0.03472896,6.658410449173402
643,7691493,Spot Grid,1,TRXUSDC,1.0,42251479,8.51,85.21793952,2766.0,0.01912137,6.6440108068918935
644,7074286,Spot Grid,1,BTCUSDT,1.0,49911633,7.7,106.85456653,1489.0,0.02101552,6.631829216206013
645,9273442,Spot Grid,1,ETHUSDT,1.0,21051179,32.47,123.88428322,724.0,0.01733555,6.626109278730054
646,7109247,Spot Grid,1,BTCEUR,1.0,49388560,9.92,94.20962714,591.0,0.01286316,6.606964294229581
647,9269039,Spot Grid,1,BTCFDUSD,1.0,21147181,3.36,445.94843245,7638.0,0.0072362,6.604727326716482
648,5444628,Spot Grid,1,NEARUSDT,1.0,62806084,19.73,98.67936619,1376.0,0.14072481,6.6022247485795145
649,9355896,Spot Grid,1,XRPUSDT,1.0,19338564,23.8,74.4547685,2526.0,0.00143895,6.601211810601631
650,9412118,Spot Grid,1,DOGEUSDT,1.0,18195079,28.0,11.48386122,2184.0,0.01229758,6.5932065169767125
651,9160511,Spot Grid,1,UNIUSDT,1.0,23380252,50.16,253.32537861,475.0,0.12134615,6.580095139676939
652,8950972,Spot Grid,1,LINKUSDT,1.0,27361833,21.65,2409.13351464,3373.0,0.05502349,6.573146765684698
653,9626559,Spot Grid,1,币安人生USDT,1.0,13779871,37.46,40.1168116,904.0,0.01955769,6.56091263881761
654,9395554,Spot Grid,1,BTCFDUSD,1.0,18538184,10.52,510.7119744,6097.0,0.00476402,6.560733777557862
655,9787155,Spot Grid,1,SOLUSDT,1.0,9849822,33.58,503.80740091,1779.0,0.00256977,6.557236658012601
656,9291647,Spot Grid,1,SUIUSDT,1.0,20725393,29.54,1181.98727245,3172.0,0.05992408,6.556862746146253
657,8084110,Spot Grid,1,ETHUSDT,1.0,37758186,3.74,66.77915803,4782.0,0.02010221,6.551047992444246
658,9795533,Spot Grid,1,ZECETH,1.0,9630658,39.17,324.88737385,645.0,0.00762598,6.549419633119709
659,9011933,Spot Grid,1,BTCUSDT,1.0,26162985,1.68,168.44352158,7278.0,0.01291231,6.543151058130318
660,9332006,Spot Grid,1,ETHUSDT,1.0,19927684,26.86,333.27512548,2314.0,0.02000819,6.539981813033529
661,6497640,Spot Grid,1,BTCUSDT,1.0,55749600,3.53,27.27724869,1235.0,0.02124553,6.535259193528674
662,5882756,Spot Grid,1,BTCUSDT,1.0,59171903,2.69,30.41830541,607.0,0.01856863,6.5212765056684106
663,9311616,Spot Grid,1,XRPUSDT,1.0,20334171,22.16,92.2468384,3141.0,0.01307485,6.52024794639567
664,7503505,Spot Grid,1,ETHBTC,1.0,44198933,2.65,38.84788819,3892.0,0.02407559,6.516679969079661
665,9577741,Spot Grid,1,PENGUUSDC,1.0,14725910,39.87,451.67913376,1729.0,0.05838059,6.510646693461594
666,7082780,Spot Grid,1,BTCUSDT,1.0,49799885,11.91,119.18672918,398.0,0.02567261,6.504492664997525
667,7813551,Spot Grid,1,RAYUSDT,1.0,40388326,36.02,92.41198379,246.0,0.11410618,6.502624602551485
668,9661409,Spot Grid,1,XRPFDUSD,1.0,13084266,15.46,444.08771306,7154.0,0.03302353,6.498041370848588
669,6850301,Spot Grid,1,LTCETH,1.0,52616412,2.92,23.13605447,2574.0,0.03433759,6.497532447818545
670,7361329,Spot Grid,1,BTCUSDT,1.0,45779953,8.68,57.86840354,1585.0,0.01598319,6.4952248228334755
671,7183619,Spot Grid,1,BTCUSDT,1.0,48335979,12.31,61.56990905,380.0,0.021458,6.491269064040594
672,9006436,Spot Grid,1,BTCUSDT,1.0,26296779,1.13,13.61709494,7320.0,0.01277349,6.488207075155908
673,9012830,Spot Grid,1,BTCUSDT,1.0,26140637,1.4,27.26203815,7275.0,0.01276205,6.486705325428262
674,7045711,Spot Grid,1,SOLUSDC,1.0,50237184,5.67,28.36772504,2140.0,0.03053378,6.485774515224513
675,7088598,Spot Grid,1,BTCUSDT,1.0,49708919,9.77,18.82125638,878.0,0.0240011,6.484841473543082
676,9758403,Spot Grid,1,DCRUSDT,1.0,10596846,34.12,170.60447866,2199.0,0.01897622,6.480410949025766
677,7304993,Spot Grid,1,BTCUSDT,1.0,46529955,7.34,22.0245152,1141.0,0.00302273,6.4766789481904645
678,9005550,Spot Grid,1,BTCUSDT,1.0,26313679,0.89,34.42476737,7333.0,0.01281653,6.465745759998466
679,8929118,Spot Grid,1,LINKUSDC,1.0,27717515,21.08,210.93253156,1813.0,0.01342868,6.465730304972335
680,8525389,Spot Grid,1,BNBETH,1.0,32931143,16.75,164.91776325,1437.0,0.00415717,6.45751040779866
681,6612051,Spot Grid,1,NEARUSDT,1.0,54641087,11.61,44.4611293,979.0,0.05863513,6.454644812349184
682,9281508,Spot Grid,1,XRPUSDT,1.0,20885250,15.16,192.26028565,4480.0,0.00870498,6.452067965522043
683,9355266,Spot Grid,1,BNBEUR,1.0,19355571,33.88,113.57752949,316.0,0.01645956,6.443339562093586
684,9500534,Spot Grid,1,PEPEUSDC,1.0,16385298,38.98,54.11311918,2293.0,0.07328274,6.441145390638896
685,7195350,Spot Grid,1,BTCUSDT,1.0,48188531,4.2,10.94153415,2271.0,0.01884302,6.425297375825171
686,9285785,Spot Grid,1,SOLUSDT,1.0,20829243,25.44,1685.49612158,2123.0,0.02364093,6.424541026241375
687,7754352,Spot Grid,1,SOLBTC,1.0,41386198,10.73,30.50893495,1274.0,0.00454651,6.424348753380932
688,9240111,Spot Grid,1,PEOPLEUSDT,1.0,21736382,33.33,26.66533351,1398.0,0.04714813,6.416539464431947
689,6846755,Spot Grid,1,BTCUSDT,1.0,52643974,8.82,14.11887162,393.0,0.02384628,6.415543805856775
690,6736206,Spot Grid,1,BTCUSDT,1.0,53647955,2.72,27.22660322,1336.0,0.01484055,6.413888224664081
691,9043870,Spot Grid,1,PEPEUSDT,1.0,25544526,30.61,38.87935589,888.0,0.03802317,6.411326180675856
692,8042661,Spot Grid,1,ETHBTC,1.0,38069826,10.78,71.70029287,2368.0,0.01455233,6.410640913977729
693,9543926,Spot Grid,1,TAOUSDT,1.0,15296324,35.23,112.09379719,672.0,0.01539951,6.40899739302753
694,9064677,Spot Grid,1,BTCUSDT,1.0,25206753,2.89,33.33299051,6950.0,0.01337293,6.40470220991299
695,8094524,Spot Grid,1,ETHFDUSD,1.0,37648096,14.01,2873.68794417,1088.0,0.01812161,6.40151343421821
696,9406722,Spot Grid,1,ETHUSDC,1.0,18351879,24.36,277.12481206,2837.0,0.01593347,6.401399628906593
697,9309838,Spot Grid,1,ETHUSDT,1.0,20369766,30.27,1513.59215651,445.0,0.01272472,6.399610845021939
698,9769088,Spot Grid,1,ETHUSDC,1.0,10356526,36.99,229.42092953,776.0,0.00719033,6.397269630482737
699,7084191,Spot Grid,1,BTCUSDT,1.0,49780394,8.91,13.27957469,884.0,0.02327207,6.39587343158846
700,8916731,Spot Grid,1,BTCJPY,1.0,27920866,9.02,15.99227462,4683.0,0.01082502,6.395834143823037
701,9370486,Spot Grid,1,SOLUSDC,1.0,19040298,28.82,288.32238516,1515.0,0.01566673,6.394049328859302
702,9313795,Spot Grid,1,ETHUSDC,1.0,20281422,27.73,97.88642936,1519.0,0.01425115,6.390590084271275
703,9953020,Spot Grid,1,CHIPUSDT,1.0,3847316,53.48,90.92929584,232.0,0.05778998,6.387221580014884
704,9309469,Spot Grid,1,BNBEUR,1.0,20379328,31.15,69.61090551,314.0,0.00792174,6.386212992346861
705,7253227,Spot Grid,1,BTCUSDT,1.0,47261005,9.48,12.44199627,656.0,0.01122405,6.385164239410514
706,6557733,Spot Grid,1,NEARUSDT,1.0,55173979,18.49,92.45555969,241.0,0.08605663,6.383444453704895
707,9284788,Spot Grid,1,BTCUSDT,1.0,20836773,14.69,72.74653992,4647.0,0.0119324,6.375181339804042
708,6705745,Spot Grid,1,BTCUSDT,1.0,53815309,6.6,40.51357407,513.0,0.02108652,6.373026988592029
709,9541498,Spot Grid,1,XRPFDUSD,1.0,15341505,17.56,661.06145521,5037.0,0.01597242,6.3615632342143345
710,6850873,Spot Grid,1,LTCETH,1.0,52611386,1.33,10.57026594,2792.0,0.03646003,6.340737789031532
711,9417306,Spot Grid,1,ETHUSD1,1.0,18067489,21.28,2933.8872107,3053.0,0.01875993,6.335068713396696
712,7021234,Spot Grid,1,BTCUSDT,1.0,50544336,8.61,178.05696058,281.0,0.01557483,6.3314062381132725
713,7015286,Spot Grid,1,BTCUSDT,1.0,50615755,2.39,23.92776205,2343.0,0.02517373,6.318972768726944
714,9286092,Spot Grid,1,SOLUSDT,1.0,20824037,29.05,293.00010552,888.0,0.01436611,6.317927424610372
715,8947780,Spot Grid,1,BTCUSDT,1.0,27427531,6.55,655.21881153,5288.0,0.01476818,6.309151595600529
716,6840232,Spot Grid,1,BTCUSDT,1.0,52707117,2.14,107.15338064,1439.0,0.01496561,6.296108595514756
717,8630082,Spot Grid,1,UNIUSDC,1.0,31595781,23.51,134.05137376,3304.0,0.08150937,6.2900902704160115
718,9501116,Spot Grid,1,BTCUSDT,1.0,16366175,13.6,272.15467369,5299.0,0.00528053,6.285471331768807
719,9370862,Spot Grid,1,DOGEUSDT,1.0,19031108,22.11,14.41042365,3790.0,0.03021495,6.279910020908666
720,7339648,Spot Grid,1,BTCUSDT,1.0,46010902,12.85,11.56761498,349.0,0.0221066,6.278514828091965
721,9417488,Spot Grid,1,ETHUSD1,1.0,18063134,20.71,2896.96526531,3092.0,0.0188655,6.2701290304184285
722,9345935,Spot Grid,1,ETHFDUSD,1.0,19579474,18.91,187.4151473,3157.0,0.00304185,6.267518945288765
723,9377197,Spot Grid,1,BNBEUR,1.0,18888384,31.64,141.39840381,684.0,0.01719965,6.267397039008133
724,8527580,Spot Grid,1,BNBETH,1.0,32904559,15.05,122.64628691,1525.0,0.00421806,6.262478682119993
725,6719783,Spot Grid,1,BTCUSDT,1.0,53734304,7.0,14.79736083,255.0,0.02208691,6.254802848192698
726,6017870,Spot Grid,1,BTCUSDT,1.0,58541604,2.71,24.07713118,181.0,0.01773826,6.2523836914247966
727,7735119,Spot Grid,1,ETHUSDT,1.0,41603561,14.37,10.98729079,118.0,0.00792954,6.247777415335343
728,9265266,Spot Grid,1,BNBFDUSD,1.0,21228049,1.61,951.19519777,7379.0,0.0102715,6.227584688031327
729,9469774,Spot Grid,1,DOGEUSDT,1.0,17174815,32.55,32.556603,52.0,0.00273289,6.222354561188248
730,9322493,Spot Grid,1,BTCUSDT,1.0,20103756,12.21,87.96795317,4848.0,0.00571107,6.221986594358135
731,8592996,Spot Grid,1,UNIUSDC,1.0,32034671,19.07,264.68669459,2066.0,0.0365381,6.216110225690863
732,7930347,Spot Grid,1,ETHUSDC,1.0,38879333,16.05,40.1441162,457.0,0.01408151,6.21588725213723
733,9381872,Spot Grid,1,XRPUSDT,1.0,18797444,10.82,224.88079544,6224.0,0.02265349,6.214098277696557
734,9416288,Spot Grid,1,SOLUSDC,1.0,18090065,30.25,166.42855822,1203.0,0.01945447,6.213498006262279
735,9412498,Spot Grid,1,SOLUSDC,1.0,18185592,34.67,52.0280811,224.0,0.02302898,6.206557090713696
736,9278499,Spot Grid,1,ETHUSDT,1.0,20950164,27.14,135.74277684,1072.0,0.01203094,6.206036667180482
737,9417458,Spot Grid,1,ETHFDUSD,1.0,18063827,21.26,2867.10921145,2830.0,0.01877045,6.20567411254488
738,9819346,Spot Grid,1,SOLFDUSD,1.0,8846466,41.1,82.14264029,589.0,0.02621377,6.205557809686259
739,9316926,Spot Grid,1,XRPUSDT,1.0,20212615,15.61,780.9958177,4072.0,0.01269077,6.203025715562646
740,9298818,Spot Grid,1,ETHUSDC,1.0,20612555,24.46,172.01014387,1978.0,0.01546175,6.2014196741149314
741,6856407,Spot Grid,1,BTCUSDT,1.0,52569533,5.2,15.86317998,944.0,0.02402934,6.200298534583766
742,9640651,Spot Grid,1,币安人生USDT,1.0,13428931,35.12,34.15273047,855.0,0.01886915,6.195301298437231
743,9417482,Spot Grid,1,ETHFDUSD,1.0,18063247,21.12,2850.01218672,2823.0,0.01866747,6.183224527729268
744,8534784,Spot Grid,1,BNBETH,1.0,32817703,14.52,124.99606548,1526.0,0.0042447,6.1811856247094115
745,8357407,Spot Grid,1,BNBFDUSD,1.0,34783539,2.99,43.79090454,4826.0,0.01899535,6.180069476097298
746,7487906,Spot Grid,1,LTCBTC,1.0,44310981,14.85,310.84231327,1221.0,0.04995479,6.174407613124343
747,9340044,Spot Grid,1,BNBFDUSD,1.0,19734180,12.52,274.98125311,4833.0,0.00867187,6.167220291955972
748,9499209,Spot Grid,1,XRPUSDC,1.0,16441681,5.99,119.41808218,7591.0,0.01650746,6.164881468848811
749,8068128,Spot Grid,1,BNBUSDC,1.0,37899118,5.83,29.17788264,3170.0,0.01360182,6.158706430083689
750,9307134,Spot Grid,1,SOLUSDT,1.0,20435473,29.15,291.51200655,614.0,0.01414211,6.151253550694356
751,9173962,Spot Grid,1,BTCUSDT,1.0,23066081,5.16,25803.77032371,98.0,0.01443874,6.1500441935260355
752,9352509,Spot Grid,1,SOLUSDT,1.0,19422252,28.19,141.95810178,954.0,0.01144397,6.139743388710258
753,7180054,Spot Grid,1,BNBETH,1.0,48368586,0.96,20.95207594,2700.0,0.02262846,6.1360166911757155
754,10026147,Spot Grid,1,ARBUSDT,1.0,2045416,36.48,364.52009867,5586.0,0.08202225,6.131144216556652
755,8947521,Spot Grid,1,SOLUSDT,1.0,27430933,13.23,211.69961113,3675.0,0.02213067,6.1299175684760545
756,9820687,Spot Grid,1,SOLFDUSD,1.0,8789865,25.18,213.69826965,3946.0,0.01385676,6.123234149024327
757,9696591,Spot Grid,1,币安人生USDT,1.0,12384733,36.57,14.92084358,558.0,0.01920601,6.114439538660344
758,9295708,Spot Grid,1,BTCUSDT,1.0,20676776,16.29,6981.97442558,1681.0,0.00350322,6.10834308371088
759,9293316,Spot Grid,1,BTCUSDT,1.0,20717561,16.39,1639.6585193,2946.0,0.00359277,6.106375301166497
760,9409217,Spot Grid,1,XRPUSDT,1.0,18284096,29.55,73.88531253,965.0,0.01552167,6.099469925654802
761,6763017,Spot Grid,1,LTCUSDT,1.0,53457540,8.27,87.27397221,348.0,0.0364954,6.097921935328304
762,9349317,Spot Grid,1,ETHUSDT,1.0,19500686,22.94,2294.43763817,1663.0,0.01083004,6.097138081146082
763,9556117,Spot Grid,1,ASTERUSDT,1.0,15031597,28.74,77.46952355,2156.0,0.02272398,6.091463592878026
764,9518497,Spot Grid,1,BTCUSDT,1.0,15891570,13.51,147.05493628,5089.0,0.00546795,6.091393984828294
765,9889938,Spot Grid,1,XPLUSDT,1.0,6140974,41.51,33.20866438,232.0,0.014211,6.078004925446698
766,9358815,Spot Grid,1,BTCFDUSD,1.0,19268009,30.71,182.67613904,655.0,0.02104553,6.075341374214198
767,7526961,Spot Grid,1,BTCUSDT,1.0,44023187,4.0,40.05338273,2377.0,0.01645947,6.073652388736702
768,9423610,Spot Grid,1,DOGEEUR,1.0,17947859,10.32,12.88932911,5554.0,0.00668299,6.07310577460743
769,7714961,Spot Grid,1,DOGEUSDT,1.0,41877297,11.32,22.6595244,1611.0,0.03120621,6.069757164430737
770,9444243,Spot Grid,1,BTCUSDT,1.0,17598307,8.83,99.43926473,5915.0,0.00530622,6.068408939102535
771,9619789,Spot Grid,1,BNBBTC,1.0,13931796,10.52,25967.47347365,579.0,0.01902399,6.068397086773792
772,9834849,Spot Grid,1,PEPEUSDT,1.0,8257200,34.86,174.34627018,3693.0,0.06121218,6.068126147880321
773,9779716,Spot Grid,1,KSMUSDT,1.0,10075374,42.67,46.08740906,127.0,0.03578126,6.064076259775309
774,7470067,Spot Grid,1,SOLUSDT,1.0,44431413,10.12,50.61736547,1202.0,0.02733464,6.062607807358827
775,9266804,Spot Grid,1,ETHUSDT,1.0,21197319,28.25,427.60573951,370.0,0.01182766,6.056227955734511
776,9231738,Spot Grid,1,FETUSDT,1.0,21930582,42.53,14.30674908,33.0,0.08393278,6.054273525697093
777,8003873,Spot Grid,1,ETHBTC,1.0,38341324,8.8,188.5102441,2094.0,0.01404991,6.052890029061726
778,9459188,Spot Grid,1,PEPEUSDT,1.0,17399216,34.71,16.25755494,802.0,0.03857432,6.041162941972505
779,9100521,Spot Grid,1,ENAUSDT,1.0,24622483,31.64,1582.22299769,348.0,0.05116983,6.039384213973232
780,6847983,Spot Grid,1,BTCUSDT,1.0,52631058,4.53,101.59041859,869.0,0.02632427,6.029889479341033
781,9666154,Spot Grid,1,ENAUSDT,1.0,12998232,49.22,227.41851615,1080.0,0.10659728,6.029677707148028
782,9265108,Spot Grid,1,ETHUSDT,1.0,21231401,12.33,283.74379421,4365.0,0.00986979,6.025449818917434
783,8953443,Spot Grid,1,WLDUSDT,1.0,27315026,16.19,161.90373482,7547.0,0.12377904,6.023337079734768
784,9388746,Spot Grid,1,BTCUSDT,1.0,18669779,10.43,125.26181345,5118.0,0.00390904,6.018710884491399
785,9698566,Spot Grid,1,币安人生USDT,1.0,12334461,35.46,42.55745003,556.0,0.01687123,6.018464690693778
786,9288558,Spot Grid,1,ETHEUR,1.0,20785070,25.09,419.05766236,1117.0,0.01022343,6.014132906840206
787,8283721,Spot Grid,1,BNBFDUSD,1.0,35650672,9.19,27.73833866,3235.0,0.02964168,6.011922470906042
788,8654889,Spot Grid,1,LTCETH,1.0,31330515,22.32,48.51565037,1464.0,0.04629561,5.996262854496576
789,7945781,Spot Grid,1,ETHUSDT,1.0,38727971,10.74,36.10415588,1364.0,0.01246153,5.993866233918474
790,9274970,Spot Grid,1,DOGEUSDT,1.0,21026605,21.04,42.09792705,3220.0,0.03251139,5.992610837356018
791,6883737,Spot Grid,1,BTCUSDT,1.0,52240979,1.31,26.36404141,1332.0,0.01800342,5.991068180940901
792,9396408,Spot Grid,1,ESPUSDT,1.0,18532499,25.11,122.28811008,3499.0,0.05073183,5.985308993378292
793,9417940,Spot Grid,1,SOLUSDT,1.0,18054452,32.88,65.77209677,398.0,0.02547442,5.981239659127737
794,6876746,Spot Grid,1,ETHUSDT,1.0,52316323,6.49,24.81425762,219.0,0.02352349,5.9809555360728215
795,8248451,Spot Grid,1,BNBUSDC,1.0,36030637,10.05,100.52917851,1893.0,0.0093242,5.977800968245466
796,6140685,Spot Grid,1,BTCUSDT,1.0,57935258,0.12,158.85938496,647.0,0.02256009,5.977635941105679
797,9273101,Spot Grid,1,ETHUSDT,1.0,21058526,26.22,318.34514663,826.0,0.01240164,5.976786217946663
798,6874187,Spot Grid,1,BTCUSDT,1.0,52380629,2.17,108.84320205,964.0,0.01654301,5.976181576460373
799,8822622,Spot Grid,1,BNBETH,1.0,29289402,6.86,34.77154543,4677.0,0.02173317,5.974836659412749
800,8939719,Spot Grid,1,BNBETH,1.0,27539208,1.92,11.33280506,6607.0,0.02796532,5.973963567093697
801,8121387,Spot Grid,1,LINKBTC,1.0,37394914,9.95,347.46391234,4654.0,0.07462352,5.969584258238659
802,7342191,Spot Grid,1,BTCUSDT,1.0,45972604,10.54,21.68883518,347.0,0.02181578,5.967179553814369
803,8970743,Spot Grid,1,BTCFDUSD,1.0,27003396,13.25,112.53529,3048.0,0.01325824,5.965066839071049
804,9359013,Spot Grid,1,BTCUSDC,1.0,19261380,10.26,718.70340734,4771.0,0.00340504,5.964259856701826
805,8823541,Spot Grid,1,BNBETH,1.0,29270157,6.74,54.98403888,4672.0,0.02144739,5.963507725567939
806,9419160,Spot Grid,1,PEPEUSDT,1.0,18031883,37.68,145.12145998,947.0,0.06441641,5.9626420986526405
807,9219644,Spot Grid,1,ETHFDUSD,1.0,22210871,6.21,1241.86516568,5688.0,0.01637533,5.9534416005326705
808,9384670,Spot Grid,1,CVXUSDT,1.0,18734296,37.84,515.32709482,960.0,0.07092189,5.951478499866796
809,7308934,Spot Grid,1,PEPEUSDT,1.0,46476296,3.59,14.2455073,3807.0,0.05981038,5.9494980941940945
810,7993011,Spot Grid,1,LTCUSDT,1.0,38394625,11.22,190.98075658,2432.0,0.03886048,5.94893340695272
811,9754555,Spot Grid,1,SOLUSDT,1.0,10678149,17.97,179.73581977,5039.0,0.01242274,5.948922339400751
812,8984561,Spot Grid,1,ETHFDUSD,1.0,26730782,6.23,622.65569462,5174.0,0.02228105,5.9401267641598245
813,9294381,Spot Grid,1,PEPEUSDC,1.0,20697481,31.66,37.30293975,3000.0,0.0867258,5.938278404972696
814,9021909,Spot Grid,1,SOLFDUSD,1.0,25944974,6.14,109.03729428,6099.0,0.03552024,5.936097260514606
815,9540562,Spot Grid,1,PEPEUSDT,1.0,15359227,27.51,82.5436689,3963.0,0.06227513,5.926522193182099
816,7223888,Spot Grid,1,BTCUSDT,1.0,47713380,3.77,117.03527335,1299.0,0.01495343,5.914555860375829
817,8818688,Spot Grid,1,BNBETH,1.0,29350432,6.38,30.92064123,4695.0,0.02265015,5.902088930832758
818,7372028,Spot Grid,1,BTCUSDT,1.0,45674101,7.6,24.35547732,855.0,0.01793568,5.899369473820261
819,8710843,Spot Grid,1,PAXGUSDT,1.0,30818983,3.55,35.50975897,4858.0,0.01719697,5.895007876678904
820,7703712,Spot Grid,1,ETHUSDT,1.0,42072002,10.7,54.54529731,684.0,0.01634373,5.891817648750767
821,9286051,Spot Grid,1,BTCUSDT,1.0,20824888,14.93,199.7543005,3289.0,0.00462888,5.889379591209943
822,7772770,Spot Grid,1,UNIUSDT,1.0,41080187,14.74,5684.88332234,4062.0,0.13476328,5.8887009418322
823,9118484,Spot Grid,1,METUSDT,1.0,24154884,38.71,143.02175932,1267.0,0.10610175,5.885065996554639
824,9335321,Spot Grid,1,ETHUSDC,1.0,19846830,23.52,235.27993935,1663.0,0.01363195,5.8795787518228755
825,9573955,Spot Grid,1,MEMEUSDT,1.0,14754517,3.12,36.97924463,9358.0,0.04211874,5.8768506250974895
826,7867542,Spot Grid,1,ETHUSDT,1.0,39586231,10.09,77.21675809,1041.0,0.01066108,5.876591572529385
827,8038996,Spot Grid,1,ETHUSDT,1.0,38089408,1.66,17.83842402,3916.0,0.01879175,5.873081233411403
828,9309237,Spot Grid,1,ETHUSDT,1.0,20385270,19.59,195.92109961,2052.0,0.00277758,5.871528155726644
829,7772794,Spot Grid,1,CAKEUSDT,1.0,41079911,4.06,2216.03440282,6541.0,0.11163108,5.871101002837715
830,9700879,Spot Grid,1,SOLUSDT,1.0,12276865,8.45,845.30381583,6788.0,0.01085085,5.867608188041832
831,9287154,Spot Grid,1,BTCUSDT,1.0,20805367,14.6,75.89011482,3628.0,0.01046881,5.85965061984053
832,6850852,Spot Grid,1,LINKETH,1.0,52611598,2.13,16.87830241,2350.0,0.0508676,5.859030063285044
833,6300000,Spot Grid,1,AAVEBTC,1.0,57232609,5.05,43.52480513,1152.0,0.06142897,5.858087234637592
834,9309287,Spot Grid,1,XRPUSDT,1.0,20383745,20.26,115.48818602,2985.0,0.02631378,5.857830404280599
835,9273478,Spot Grid,1,1000SATSUSDC,1.0,21050401,36.0,33.85084538,477.0,0.06193689,5.854898092159096
836,8008540,Spot Grid,1,BNBUSDT,1.0,38316060,12.59,25.1820874,548.0,0.00934764,5.848388301979251
837,9426714,Spot Grid,1,SHIBUSDT,1.0,17893636,28.18,13.34169433,846.0,0.01373048,5.845408629547144
838,9812581,Spot Grid,1,XRPFDUSD,1.0,9087006,22.29,638.60883663,4771.0,0.03059317,5.833378769397181
839,9052705,Spot Grid,1,LTCETH,1.0,25358287,28.69,14.99499671,649.0,0.04497891,5.8277671712365375
840,7049355,Spot Grid,1,BTCUSDT,1.0,50216373,6.81,25.23192796,321.0,0.02484248,5.822009290993331
841,9288782,Spot Grid,1,XRPUSDC,1.0,20783065,20.13,291.28929189,2447.0,0.01870216,5.811239795279723
842,9111224,Spot Grid,1,XLMUSDC,1.0,24325502,7.92,13.74305538,6096.0,0.04280752,5.811054299480848
843,9346706,Spot Grid,1,ETHUSDC,1.0,19563706,28.93,72.36456393,253.0,0.01417432,5.809476227880375
844,8554840,Spot Grid,1,BNBETH,1.0,32592077,12.12,80.00551763,1500.0,0.00433236,5.808528806374556
845,7183012,Spot Grid,1,BTCBRL,1.0,48341815,3.4,16.35961997,1148.0,0.01627603,5.805663671716283
846,8543742,Spot Grid,1,BNBETH,1.0,32717189,11.9,80.7334451,1514.0,0.00420956,5.802393813669009
847,7181119,Spot Grid,1,BTCUSDT,1.0,48358762,8.33,14.68104094,97.0,0.02197906,5.783360346676166
848,9928522,Spot Grid,1,TSTUSDT,1.0,4632652,43.03,25.82261006,198.0,0.02717784,5.78288564748008
849,8633416,Spot Grid,1,BNBBTC,1.0,31550523,2.59,78.78831619,4860.0,0.0199461,5.780209771488918
850,9929947,Spot Grid,1,TSTUSDT,1.0,4571648,47.65,19.0593831,221.0,0.05285411,5.777853413018938
851,9003394,Spot Grid,1,BTCUSDT,1.0,26357322,1.53,30.71115514,5811.0,0.01202375,5.7751268526086905
852,9528232,Spot Grid,1,SOLUSDT,1.0,15613582,31.16,186.98570844,420.0,0.0152628,5.768465649864297
853,9282764,Spot Grid,1,BTCUSDT,1.0,20866982,22.59,2142.05095263,662.0,0.00609143,5.766040930828905
854,9798960,Spot Grid,1,SOLEUR,1.0,9545940,36.42,203.0559403,903.0,0.02855283,5.764988347458631
855,9780853,Spot Grid,1,FORMUSDT,1.0,10043549,19.97,777.69709983,6241.0,0.05661647,5.763306683317199
856,8541597,Spot Grid,1,BNBETH,1.0,32739847,11.57,78.58986602,1515.0,0.00419808,5.7603801223297575
857,9770346,Spot Grid,1,ZECBTC,1.0,10330731,24.9,3954.19437724,6824.0,0.11371625,5.757787393906852
858,9276164,Spot Grid,1,ETHUSDT,1.0,21003596,23.55,298.94647071,1039.0,0.01135639,5.742886884481674
859,9451652,Spot Grid,1,SOLUSDT,1.0,17497388,20.24,8096.84099308,581.0,0.00867339,5.742761080325545
860,9228759,Spot Grid,1,SOLEUR,1.0,21995676,1.69,101.75540239,6535.0,0.01127558,5.741830587461266
861,8243259,Spot Grid,1,BNBFDUSD,1.0,36069454,10.26,102.59596974,1273.0,0.00715168,5.738309164557616
862,8564404,Spot Grid,1,BNBETH,1.0,32457202,10.87,1446.89616727,1382.0,0.00431363,5.737191008913541
863,9295075,Spot Grid,1,BNBFDUSD,1.0,20687955,21.34,149.70973631,1984.0,0.0176036,5.731315960291601
864,9303514,Spot Grid,1,ETHUSDT,1.0,20514071,26.8,56.79518244,346.0,0.01161106,5.731216907895765
865,9284407,Spot Grid,1,XRPUSDC,1.0,20846166,23.33,255.64610131,1599.0,0.02159159,5.730766944949589
866,6940549,Spot Grid,1,BTCUSDT,1.0,51575608,1.77,24.91200125,811.0,0.01723654,5.727396871152926
867,8061658,Spot Grid,1,LINKUSDC,1.0,37948785,26.42,528.55706164,237.0,0.08433942,5.727194326747101
868,7272006,Spot Grid,1,XRPFDUSD,1.0,46975423,4.49,45.36868912,1984.0,0.03761054,5.721668102302647
869,9351728,Spot Grid,1,ETHUSDT,1.0,19446834,27.48,54.96993626,312.0,0.01049657,5.71989051558017
870,9758591,Spot Grid,1,JTOUSDC,1.0,10532383,45.83,56.6452822,400.0,0.0747482,5.718249817377401
871,9478513,Spot Grid,1,XRPUSDC,1.0,16930922,15.98,53.55887994,3550.0,0.00554257,5.7140392283006545
872,9286507,Spot Grid,1,SUIUSDT,1.0,20816354,10.28,302.76306021,4782.0,0.01837721,5.712241609173906
873,9255063,Spot Grid,1,BTCFDUSD,1.0,21433361,9.95,155.78369258,4212.0,0.00645154,5.71079058549675
874,9582165,Spot Grid,1,DYDXUSDT,1.0,14660550,41.43,178.63323127,708.0,0.07609424,5.702435532458107
875,9287464,Spot Grid,1,ADAUSDT,1.0,20800101,31.61,63.27160845,94.0,0.03511208,5.700000866410261
876,8543128,Spot Grid,1,BNBETH,1.0,32724184,11.19,79.08118854,1492.0,0.00400819,5.699612570692738
877,7704377,Spot Grid,1,XRPUSDC,1.0,42058353,7.4,77.80652779,1639.0,0.02634993,5.697637502635168
878,7354017,Spot Grid,1,BTCUSDT,1.0,45837057,8.59,19.14805832,337.0,0.02147187,5.6900316158629165
879,9349970,Spot Grid,1,BTTCUSDT,1.0,19488289,27.7,19.34964493,77.0,0.00813771,5.684658114528871
880,5784783,Spot Grid,1,LINKBTC,1.0,59629350,11.28,996.57224088,1759.0,0.13078543,5.676989905484616
881,9762810,Spot Grid,1,BTCFDUSD,1.0,10499353,19.21,1840.73699678,3483.0,0.00507423,5.674850330240617
882,8574392,Spot Grid,1,BNBETH,1.0,32315683,11.39,77.38455226,1473.0,0.00422463,5.667773183175241
883,7335166,Spot Grid,1,BTCUSDT,1.0,46041572,5.03,30.19521423,1046.0,0.01890412,5.6655571656534915
884,8984551,Spot Grid,1,BTCFDUSD,1.0,26730978,4.58,457.60290259,4877.0,0.01724378,5.663165204357801
885,8122425,Spot Grid,1,BNBUSDT,1.0,37384026,11.98,239.75656203,683.0,0.01365197,5.657502035845061
886,9734932,Spot Grid,1,ETHUSDT,1.0,11219425,6.15,61.59910121,7366.0,0.01070832,5.649354982860556
887,9272557,Spot Grid,1,ETHUSDT,1.0,21070419,14.68,146.89903099,3163.0,0.01112602,5.646545681940218
888,9370140,Spot Grid,1,ETHUSDT,1.0,19046472,21.69,195.24712571,1344.0,0.00295823,5.637644418522203
889,8580026,Spot Grid,1,BNBETH,1.0,32240740,11.28,306.66895829,1413.0,0.00443209,5.637397359092962
890,9302973,Spot Grid,1,BTCUSDT,1.0,20523123,19.35,1935.16937868,2024.0,0.02000409,5.632554359869843
891,7359524,Spot Grid,1,BTCUSDT,1.0,45793711,2.24,287.97069959,1585.0,0.01669877,5.630872366141254
892,8981370,Spot Grid,1,SOLUSDT,1.0,26813757,20.98,329.57530558,751.0,0.0207166,5.6302435961443855
893,9521292,Spot Grid,1,ETHUSDT,1.0,15798471,18.91,208.06536884,2998.0,0.00941472,5.625341034381543
894,9515932,Spot Grid,1,FETUSDT,1.0,15969074,36.96,81.75627793,368.0,0.05285159,5.619830519395888
895,9567212,Spot Grid,1,EGLDUSDT,1.0,14844194,22.13,45.37551392,2358.0,0.00881868,5.619394941036953
896,8063772,Spot Grid,1,ETHBTC,1.0,37933892,10.16,32.98595819,493.0,0.00258091,5.617124704920039
897,7294395,Spot Grid,1,BTCUSDT,1.0,46678453,7.8,26.07539499,112.0,0.01898769,5.616155205292561
898,9912544,Spot Grid,1,INJUSDT,1.0,5165093,41.29,121.64442305,40.0,0.02381091,5.6153422631754495
899,9280804,Spot Grid,1,BTCUSDC,1.0,20902052,10.96,1500.43287336,3644.0,0.00848331,5.614249688854944
900,9329728,Spot Grid,1,SUIUSDC,1.0,19987694,32.11,192.7269104,900.0,0.05573532,5.609342856359472
901,8130717,Spot Grid,1,ETHFDUSD,1.0,37285297,2.11,27.30814041,3758.0,0.02519366,5.607409160384463
902,9779257,Spot Grid,1,ETHUSDT,1.0,10092210,30.02,1801.41702058,548.0,0.00291506,5.607089737644242
903,9289730,Spot Grid,1,ETHUSDT,1.0,20775067,10.74,217.22885695,3738.0,0.00266382,5.600858286659449
904,7433772,Spot Grid,1,BTCUSDT,1.0,44917180,5.08,25.44227072,1105.0,0.01824798,5.599511096522254
905,9269787,Spot Grid,1,ETHUSDT,1.0,21132603,26.11,45.20744302,166.0,0.01197895,5.597571156665255
906,9314336,Spot Grid,1,BTCUSDT,1.0,20270084,16.34,186.81919459,2787.0,0.01103369,5.596896219362687
907,8135278,Spot Grid,1,ETHBTC,1.0,37227860,7.75,34.87513631,2205.0,0.02353684,5.593920740159084
908,9406317,Spot Grid,1,SOLUSDT,1.0,18360152,22.52,663.23404132,1917.0,0.0209166,5.592329354675526
909,7380512,Spot Grid,1,BNBETH,1.0,45589707,1.48,21.01794147,1917.0,0.01897484,5.589643158485328
910,8950614,Spot Grid,1,ETHUSDT,1.0,27368495,12.04,120.43887613,2419.0,0.01012778,5.586678847858871
911,8945656,Spot Grid,1,BNBUSDT,1.0,27453907,4.93,59.25935385,4411.0,0.01344755,5.585833198686398
912,7749984,Spot Grid,1,UNIUSDT,1.0,41437768,13.75,2334.20305549,3813.0,0.12062018,5.5837952866411715
913,8144194,Spot Grid,1,BNBUSDT,1.0,37119746,12.92,26.77264855,549.0,0.01695188,5.577436051990016
914,8527587,Spot Grid,1,BNBBTC,1.0,32904478,11.39,196.2564591,2133.0,0.02506124,5.574539747404633
915,8777589,Spot Grid,1,BNBETH,1.0,29942951,14.68,514.01007947,1738.0,0.02388633,5.569493322590733
916,9764207,Spot Grid,1,SOLUSDT,1.0,10476948,37.13,108.90890064,96.0,0.02672627,5.569138205545557
917,8347979,Spot Grid,1,BNBUSDT,1.0,34893279,9.67,58.0645233,1762.0,0.01584757,5.568121829498908
918,9767410,Spot Grid,1,SOLUSDT,1.0,10399005,30.82,821.43178708,779.0,0.01004605,5.567398566312311
919,7370283,Spot Grid,1,BTCUSDT,1.0,45694499,5.84,19.29391718,627.0,0.01694295,5.5657037897350765
920,9859448,Spot Grid,1,ADAUSDC,1.0,7415760,36.93,488.69564507,933.0,0.03264544,5.558251073937603
921,7363692,Spot Grid,1,BTCUSDT,1.0,45762053,4.06,40.6205491,1397.0,0.02439303,5.553211803068948
922,9908968,Spot Grid,1,PEPEUSDT,1.0,5312145,42.33,44.04760685,817.0,0.04877779,5.550438709968478
923,9290070,Spot Grid,1,BTCFDUSD,1.0,20772172,20.0,324.76330754,2014.0,0.0194772,5.549270530285555
924,9314099,Spot Grid,1,DOGEUSDT,1.0,20275324,26.04,14.58426263,1073.0,0.02911694,5.543953276416596
925,8427561,Spot Grid,1,BNBBTC,1.0,33823503,13.74,109.85510905,404.0,0.00606697,5.54362007300715
926,6986557,Spot Grid,1,BTCUSDC,1.0,50994736,0.68,34.38676754,1319.0,0.02697595,5.543382100418345
927,8575121,Spot Grid,1,BNBETH,1.0,32303112,10.64,144.62809259,1405.0,0.00397554,5.543238422861316
928,9606873,Spot Grid,1,SOLUSDC,1.0,14222418,27.37,3329.41867453,834.0,0.02258993,5.542036142492295
929,7085776,Spot Grid,1,BTCUSDT,1.0,49751329,0.31,158.95616316,1228.0,0.01862021,5.536689473386106
930,9729107,Spot Grid,1,SHIBUSDC,1.0,11407728,13.02,74.60125615,6149.0,0.02836371,5.526471840706117
931,9279278,Spot Grid,1,XRPFDUSD,1.0,20936127,16.65,831.80541975,2947.0,0.0251109,5.526400567681112
932,9309456,Spot Grid,1,XRPUSDC,1.0,20379673,25.86,388.09231963,1228.0,0.03462468,5.522877971458358
933,9343006,Spot Grid,1,BNBUSD1,1.0,19658731,9.51,142.78558392,4293.0,0.00565257,5.522867460181618
934,9212427,Spot Grid,1,UNIUSDT,1.0,22366476,38.16,932.47836067,1096.0,0.11043928,5.522809542235467
935,9260527,Spot Grid,1,PEPEUSDT,1.0,21312451,24.33,19.38716755,2263.0,0.0503395,5.5204104341890945
936,8355452,Spot Grid,1,BNBUSDT,1.0,34802893,9.53,49.59577586,1757.0,0.01658598,5.517324343790462
937,9615524,Spot Grid,1,DOGEUSDT,1.0,14037893,6.4,44.86328533,7518.0,0.03265495,5.5148866168298705
938,8153568,Spot Grid,1,ETHBTC,1.0,36989154,5.42,416.82041776,2188.0,0.01473363,5.510177363764131
939,9323724,Spot Grid,1,ETHUSDT,1.0,20087410,25.45,481.83222798,285.0,0.01234099,5.505986413049882
940,8116569,Spot Grid,1,BNBUSDT,1.0,37450851,7.86,63.85772732,2118.0,0.02702752,5.503614520390397
941,8571092,Spot Grid,1,BNBETH,1.0,32360972,10.04,68.24517945,1486.0,0.00417413,5.495587668129703
942,9698479,Spot Grid,1,CRVUSDT,1.0,12336525,48.77,116.44564691,280.0,0.10540549,5.491996650459127
943,9269939,Spot Grid,1,DOGEEUR,1.0,21129781,13.78,15.39801636,4403.0,0.03828708,5.490338316452068
944,8414324,Spot Grid,1,BNBUSDT,1.0,33969117,2.51,37.68149392,3649.0,0.01569615,5.4893560262361865
945,9467046,Spot Grid,1,AEVOUSDT,1.0,17240626,33.9,797.64800161,231.0,0.04777098,5.484220138282947
946,9826181,Spot Grid,1,ETHUSDT,1.0,8600432,31.37,233.54872674,756.0,0.00528795,5.481995354896172
947,9433633,Spot Grid,1,SOLUSDC,1.0,17775599,24.81,471.49176346,1154.0,0.01850684,5.475662826102893
948,9597136,Spot Grid,1,PENDLEUSDT,1.0,14379911,44.57,92.0289397,387.0,0.09407505,5.472544180984078
949,9285989,Spot Grid,1,BTCUSDT,1.0,20825968,18.99,164.93931049,1567.0,0.00704978,5.470866482000079
950,8717426,Spot Grid,1,PAXGBTC,1.0,30766298,17.42,134.14802206,126.0,0.01034431,5.469836859874101
951,8682771,Spot Grid,1,PEPEUSDT,1.0,31032940,11.4,51.84007896,3748.0,0.05498017,5.464039922817069
952,9535951,Spot Grid,1,ASTERUSDT,1.0,15461974,14.37,718.62431001,5558.0,0.04692206,5.450984380452031
953,9787157,Spot Grid,1,ETHUSDT,1.0,9849736,28.87,433.11375491,1175.0,0.00812793,5.449881105734054
954,9506153,Spot Grid,1,ADAFDUSD,1.0,16210940,24.19,70.96273085,1881.0,0.02286341,5.447866196824886
955,9539501,Spot Grid,1,BTCBRL,1.0,15385181,25.66,246.53316582,1621.0,0.02295437,5.443532949880193
956,9027182,Spot Grid,1,TAOUSDT,1.0,25856338,25.02,255.45599629,1702.0,0.0664117,5.432572635737933
957,7385965,Spot Grid,1,BTCUSDT,1.0,45541582,4.88,12.20620608,619.0,0.01625213,5.430705349667914
958,9649866,Spot Grid,1,ETCUSDT,1.0,13250963,2.05,85.636501,8718.0,0.03450192,5.429786673243697
959,9311621,Spot Grid,1,ZROUSDT,1.0,20334137,36.41,42.60564459,220.0,0.07289351,5.427483695616996
960,9225313,Spot Grid,1,PEOPLEUSDT,1.0,22081698,19.48,15.59087644,3438.0,0.05566196,5.427396117082954
961,8909406,Spot Grid,1,SOLUSDC,1.0,28035305,17.14,3446.50314591,559.0,0.02506025,5.426862443324057
962,9420352,Spot Grid,1,PEPEUSDC,1.0,18015432,41.41,90.35526993,583.0,0.09832909,5.4260188737693085
963,9062950,Spot Grid,1,LTCETH,1.0,25218909,25.72,12.54541814,642.0,0.04431987,5.4206722089676695
964,9356626,Spot Grid,1,SUIUSDT,1.0,19321364,35.8,179.00947263,460.0,0.07158738,5.412991339722713
965,8820407,Spot Grid,1,BNBETH,1.0,29330821,12.59,13.68767135,2286.0,0.02553912,5.403029719910119
966,8947577,Spot Grid,1,BTCUSDT,1.0,27430213,2.49,77.92960033,4607.0,0.01174749,5.398818924132485
967,9297905,Spot Grid,1,PEPEUSDC,1.0,20626492,28.0,44.88364273,2070.0,0.06848172,5.397356327818844
968,9532482,Spot Grid,1,DOGEUSDT,1.0,15533286,26.59,26.5983656,540.0,0.00658645,5.395941247951928
969,8776286,Spot Grid,1,BNBETH,1.0,29961089,13.57,36.87143881,1742.0,0.02258275,5.393651655641883
970,7154457,Spot Grid,1,BTCUSDC,1.0,48752284,3.97,32.12813029,350.0,0.02099656,5.391148009217852
971,9368445,Spot Grid,1,BTCFDUSD,1.0,19076850,15.1,219.2547834,3206.0,0.01653035,5.388964249578524
972,8043555,Spot Grid,1,ETHUSDT,1.0,38066190,3.43,999.01312546,2282.0,0.01848791,5.384250679937068
973,9918713,Spot Grid,1,TSTUSDT,1.0,4933575,12.73,69.51220787,7598.0,0.03576515,5.376282751638027
974,8858880,Spot Grid,1,ARUSDT,1.0,27599360,30.24,49.59774422,55.0,0.06881307,5.375592877603926
975,9274837,Spot Grid,1,BTCBRL,1.0,21028321,6.83,19.68184925,4525.0,0.00752582,5.3632785833075864
976,9781766,Spot Grid,1,ENAUSDT,1.0,10013749,44.78,216.83626898,483.0,0.08381215,5.358551814689329
977,9538714,Spot Grid,1,DOGEUSDT,1.0,15402606,26.34,100.95763825,529.0,0.00639338,5.356504296397878
978,9717109,Spot Grid,1,ASTERUSDT,1.0,11770462,23.57,91.24145353,1785.0,0.0025153,5.349449464367977
979,8946782,Spot Grid,1,ETHUSDT,1.0,27440710,15.99,55.96880431,1018.0,0.01166961,5.347927859592455
980,9254681,Spot Grid,1,PEOPLEUSDT,1.0,21440352,28.97,23.17898535,1374.0,0.06448585,5.3462205759208175
981,8949550,Spot Grid,1,ETHUSDC,1.0,27391737,10.03,144.44863688,2885.0,0.01905866,5.341473425657053
982,9281826,Spot Grid,1,BTCUSDC,1.0,20879739,22.87,36.26137523,499.0,0.01047686,5.340866354674909
983,8042792,Spot Grid,1,LTCUSDT,1.0,38069315,2.55,77.47993938,3504.0,0.03665484,5.338073341579911
984,8201468,Spot Grid,1,BNBUSDT,1.0,36428266,12.28,31.95133952,514.0,0.0194002,5.337912411487662
985,9377355,Spot Grid,1,SOLUSDT,1.0,18885160,23.01,540.48661414,847.0,0.01287396,5.335859414872109
986,9482648,Spot Grid,1,SOLFDUSD,1.0,16854718,27.28,617.1150193,555.0,0.0218139,5.334979469242006
987,9551618,Spot Grid,1,SOLUSDT,1.0,15119056,20.86,417.25482081,2316.0,0.01550708,5.334576288711056
988,8117144,Spot Grid,1,BNBUSDC,1.0,37445529,9.08,24.07190509,897.0,0.01453469,5.332048085584628
989,9303797,Spot Grid,1,SOLUSDT,1.0,20510215,29.26,61.16108364,480.0,0.04418316,5.326168652723913
990,9716807,Spot Grid,1,ASTERUSDT,1.0,11778800,23.34,116.70830647,1785.0,0.00237957,5.325639079127557
991,9345108,Spot Grid,1,BTCUSDC,1.0,19600622,25.3,826.33878997,95.0,0.01443998,5.325509813977523
992,8934298,Spot Grid,1,ETHFDUSD,1.0,27507621,9.86,690.03406803,2699.0,0.01832927,5.320685674883534
993,8827085,Spot Grid,1,BNBETH,1.0,29208677,15.94,21.65975413,911.0,0.01780918,5.315657696169396
994,9557336,Spot Grid,1,RENDERUSDT,1.0,15011661,30.0,36.91193786,694.0,0.02960409,5.314406854213555
995,9794684,Spot Grid,1,NEARBTC,1.0,9640173,31.96,2752.71740525,159.0,0.02027343,5.308030129235504
996,9723427,Spot Grid,1,ASTERUSDT,1.0,11580811,23.24,116.23458286,1832.0,0.00283557,5.304286370047271
997,9810289,Spot Grid,1,TIAUSDT,1.0,9168680,35.2,352.02665864,199.0,0.02468574,5.303127310354102
998,9288428,Spot Grid,1,BNBEUR,1.0,20786706,22.61,126.34396124,272.0,0.00596378,5.2998641110832585
999,9324122,Spot Grid,1,XRPUSDT,1.0,20082704,20.75,51.89546932,1754.0,0.02374901,5.299828012957801
1000,9300958,Spot Grid,1,SOLUSDT,1.0,20569488,27.14,572.36452139,1092.0,0.04957203,5.297286627097949
1001,9281476,Spot Grid,1,BTCUSDT,1.0,20885880,17.18,200.15989385,1672.0,0.00681315,5.296337331044341
1002,8773554,Spot Grid,1,BNBETH,1.0,30016219,11.01,616.66310044,1542.0,0.01148696,5.2958578641819045
1003,9314340,Spot Grid,1,LTCUSDT,1.0,20270035,26.05,77.42525723,1877.0,0.05662868,5.291341102614209
1004,9902163,Spot Grid,1,NEARUSDT,1.0,5632414,65.03,180.15741699,3296.0,0.23797922,5.29007498900468
1005,9714775,Spot Grid,1,SOLFDUSD,1.0,11828100,22.19,133.076362,2510.0,0.01324656,5.287631728027735
1006,9306457,Spot Grid,1,DOGEUSDT,1.0,20450125,28.75,51.51357984,284.0,0.03850873,5.287083700509367
1007,7354875,Spot Grid,1,ETHUSDT,1.0,45831838,7.01,18.26501452,341.0,0.02914413,5.285171852540008
1008,9341619,Spot Grid,1,SOLUSDC,1.0,19698212,20.59,250.21106418,1295.0,0.01344969,5.277145248052577
1009,9498740,Spot Grid,1,SUIUSDT,1.0,16457787,29.85,237.04329214,1200.0,0.04821628,5.276644667859949
1010,9413448,Spot Grid,1,ETHUSDC,1.0,18155217,21.99,369.2971425,936.0,0.00767732,5.2735418276612736
1011,8626847,Spot Grid,1,BNBBTC,1.0,31637046,12.13,32.20958037,1627.0,0.02434512,5.270761994768158
1012,8358874,Spot Grid,1,LINKETH,1.0,34770723,13.77,52.60527577,1089.0,0.03572473,5.263613332588957
1013,9756661,Spot Grid,1,VIRTUALUSDT,1.0,10633208,26.35,3654.97675285,2929.0,0.05888975,5.262544908413326
1014,8172899,Spot Grid,1,ETHBTC,1.0,36716470,5.34,91.99501973,2175.0,0.02121981,5.260326888514705
1015,8166874,Spot Grid,1,ETHBTC,1.0,36807846,6.82,587.32029928,1459.0,0.01725504,5.2566816714196
1016,9705848,Spot Grid,1,OPUSDT,1.0,12110879,22.32,223.22660037,2598.0,0.01877389,5.255721219253046
1017,9288221,Spot Grid,1,ETHUSDC,1.0,20788844,19.2,463.32589891,1065.0,0.00760455,5.255489667549364
1018,9446675,Spot Grid,1,XRPUSDT,1.0,17555465,23.62,35.79262724,931.0,0.01326603,5.247321330629132
1019,9478406,Spot Grid,1,ETHUSDT,1.0,16933951,16.39,468.41316191,2549.0,0.00752501,5.246700943531651
1020,8373314,Spot Grid,1,BTCUSDC,1.0,34560799,3.31,150.65789097,2586.0,0.01048039,5.245708444975476
1021,9415740,Spot Grid,1,ETHUSD1,1.0,18101259,21.01,2882.7378299,1060.0,0.01875291,5.245668596046609
1022,9938048,Spot Grid,1,WLDUSDC,1.0,4180071,44.28,704.55792421,199.0,0.05729539,5.242618494015975
1023,9291668,Spot Grid,1,BTCUSDT,1.0,20748066,18.3,310.9573409,1823.0,0.01833513,5.241132181676342
1024,9285372,Spot Grid,1,FILUSDT,1.0,16438160,18.59,682.71127729,4840.0,0.06727727,5.2402555704263305
1025,7667621,Spot Grid,1,BTCFDUSD,1.0,27738212,4.61,69.18802255,3890.0,0.01587003,5.239006145729921
1026,9154636,Spot Grid,1,TAOUSDC,1.0,23477182,34.64,103.94981549,1020.0,0.10157227,5.236054343242953
1027,8946293,Spot Grid,1,ETHFDUSD,1.0,27446206,6.63,506.78918015,3628.0,0.0227591,5.229659395505271
1028,9298707,Spot Grid,1,BTCUSDT,1.0,20614233,13.4,80.00757669,2570.0,0.00618764,5.225612417457615
1029,8724185,Spot Grid,1,BNBETH,1.0,30702297,11.27,675.60705147,1898.0,0.02653923,5.22461062562947
1030,9284734,Spot Grid,1,XRPUSDT,1.0,20841647,19.09,473.87451155,2070.0,0.03001376,5.2189327428804795
1031,8780838,Spot Grid,1,BNBETH,1.0,29893899,12.48,120.0555097,1719.0,0.02347336,5.214347873228067
1032,9756348,Spot Grid,1,BTCUSDT,1.0,10638515,17.62,211.52393592,3393.0,0.0056112,5.203630469469042
1033,8946112,Spot Grid,1,BNBUSDC,1.0,27448390,0.49,40.65717813,4953.0,0.01586687,5.20317318563922
1034,7468280,Spot Grid,1,BTCUSDT,1.0,44440401,2.49,13.09656456,1117.0,0.01819754,5.201872223029114
1035,9516391,Spot Grid,1,ETHUSDC,1.0,15954932,20.06,602.11949824,2098.0,0.01637656,5.201723453529993
1036,8822653,Spot Grid,1,BNBETH,1.0,29288689,11.8,33.39046617,1763.0,0.0182014,5.200624919069574
1037,9813624,Spot Grid,1,SUIUSDT,1.0,9045325,33.87,169.38221425,1695.0,0.0517437,5.199754274447609
1038,8943293,Spot Grid,1,ETHUSDT,1.0,27489425,11.45,95.09707187,2172.0,0.01779315,5.194957446601403
1039,8615935,Spot Grid,1,BNBBTC,1.0,31745761,9.93,464.40372903,1093.0,0.00679273,5.193638171735916
1040,8830587,Spot Grid,1,BNBETH,1.0,29146957,15.3,13.14011495,910.0,0.01910088,5.188109952669855
1041,9715783,Spot Grid,1,ASTERUSDT,1.0,11801172,22.58,41.78335921,1801.0,0.00384674,5.1867740045119355
1042,8947751,Spot Grid,1,BTCUSDT,1.0,27427893,1.36,111.41838131,4651.0,0.01520883,5.185893928721154
1043,9274296,Spot Grid,1,BTCUSDC,1.0,21032154,8.44,100.9947791,3719.0,0.00688194,5.184927097490018
1044,9737390,Spot Grid,1,SOLUSDT,1.0,11135694,27.0,640.95551578,1359.0,0.01905743,5.183369407748376
1045,9263805,Spot Grid,1,ETHUSDT,1.0,21262832,15.14,317.74121826,1996.0,0.00926237,5.183246919240203
1046,9542841,Spot Grid,1,DOGEUSDT,1.0,15321723,25.5,15.59437075,520.0,0.00791557,5.179874565873713
1047,9289667,Spot Grid,1,XRPUSDC,1.0,20775751,17.17,119.39794089,2186.0,0.02144656,5.179332427561414
1048,9288401,Spot Grid,1,BTCUSDC,1.0,20786924,19.22,50.94285153,1041.0,0.00831022,5.174995329332218
1049,9494420,Spot Grid,1,ETHUSDT,1.0,16581020,23.55,70.6705178,603.0,0.00495719,5.172634862857108
1050,8669436,Spot Grid,1,BNBETH,1.0,31168838,8.12,28.89822222,2807.0,0.0293092,5.172120116012966
1051,9434435,Spot Grid,1,SOLUSDT,1.0,17767231,25.61,40.78802906,796.0,0.0252713,5.171626877761525
1052,9633887,Spot Grid,1,GIGGLEUSDT,1.0,13603409,30.74,35.63607256,1101.0,0.04206307,5.169388686679048
1053,9359437,Spot Grid,1,BNBUSDT,1.0,19250565,21.42,1214.29740225,1014.0,0.01942095,5.169350401672194
1054,7083105,Spot Grid,1,BTCUSDT,1.0,49793806,1.59,79.81948491,624.0,0.02746995,5.166981067606641
1055,9324580,Spot Grid,1,BTCUSDC,1.0,20076349,16.2,81.0561078,2125.0,0.01239307,5.161100152484181
1056,8944302,Spot Grid,1,ETHUSDT,1.0,27468514,9.15,915.11712809,2550.0,0.01869326,5.161055711405008
1057,8778921,Spot Grid,1,BNBETH,1.0,29928992,11.83,24.55076109,1722.0,0.02183025,5.159779494628915
1058,9285770,Spot Grid,1,BNBEUR,1.0,20829410,21.14,94.50128517,543.0,0.00929972,5.159736311384354
1059,9422730,Spot Grid,1,BTCUSDT,1.0,17968952,5.66,79.3142302,4934.0,0.00520767,5.159061851066627
1060,8579851,Spot Grid,1,BNBBTC,1.0,32243880,8.52,756.06760566,2046.0,0.02426825,5.158787084011617
1061,8093468,Spot Grid,1,ETHUSDT,1.0,37658033,3.87,48.48918848,2015.0,0.01804645,5.14939994080638
1062,9333082,Spot Grid,1,XRPUSDT,1.0,19906595,19.95,59.86236072,1688.0,0.02340407,5.146925753122589
1063,9508070,Spot Grid,1,SOLUSDC,1.0,16162569,23.73,106.84942405,852.0,0.01072704,5.144766886096047
1064,9076258,Spot Grid,1,ETHJPY,1.0,25106376,2.93,92.95293311,4774.0,0.01817442,5.14133016453939
1065,8160463,Spot Grid,1,ETHBTC,1.0,36885651,5.89,126.88059991,1994.0,0.02621638,5.1379924167365525
1066,8724759,Spot Grid,1,BNBETH,1.0,30695551,10.91,296.60131986,1897.0,0.02617559,5.134839220073499
1067,8779692,Spot Grid,1,BNBETH,1.0,29916611,12.14,18.38189765,1718.0,0.02442119,5.133295211941529
1068,7554407,Spot Grid,1,XRPUSDT,1.0,42606231,6.72,54.40040737,1084.0,0.03584282,5.131597330625335
1069,8819818,Spot Grid,1,BNBETH,1.0,29337896,9.59,20.79084375,2224.0,0.01891838,5.128116349861037
1070,8554283,Spot Grid,1,BNBETH,1.0,32600757,12.74,39.1873703,1247.0,0.02955954,5.1273392375290845
1071,9334351,Spot Grid,1,BTCUSDT,1.0,19873373,24.84,19.51432034,72.0,0.016478,5.1256952386708265
1072,9286229,Spot Grid,1,BTCUSDT,1.0,20821313,21.62,160.07160209,168.0,0.00589265,5.119964201657351
1073,8819639,Spot Grid,1,BNBETH,1.0,29339727,5.16,11.2162003,2918.0,0.00992926,5.11286555483007
1074,8943514,Spot Grid,1,ETHUSDT,1.0,27485681,15.64,54.75009788,478.0,0.00802114,5.111257281184172
1075,8568575,Spot Grid,1,ETHUSDT,1.0,32396484,2.92,263.1603895,3170.0,0.01756236,5.107939264119022
1076,8949091,Spot Grid,1,SOLFDUSD,1.0,27402693,7.72,173.56850714,3230.0,0.02338978,5.105523636135474
1077,9311054,Spot Grid,1,BTCUSDT,1.0,20346419,13.76,275.3975945,2280.0,0.00693826,5.099730558634896
1078,8974295,Spot Grid,1,BTCFDUSD,1.0,26949343,4.33,86.59214389,3868.0,0.01644349,5.093261057867663
1079,8139938,Spot Grid,1,BNBUSDT,1.0,37176847,4.7,71.84289108,1794.0,0.01831421,5.091188229388566
1080,9287808,Spot Grid,1,BNBUSDT,1.0,20795068,10.44,1463.9824069,2989.0,0.0123068,5.087122718945309
1081,9743867,Spot Grid,1,币安人生USDT,1.0,10941897,16.38,24.08579622,4824.0,0.03424352,5.083885507159589
1082,9417462,Spot Grid,1,BTCUSD1,1.0,18063757,17.01,2457.23779149,1976.0,0.02048431,5.081589886629382
1083,9714053,Spot Grid,1,PEPEUSDT,1.0,11850349,23.24,34.87187977,2031.0,0.01679188,5.079902575209538
1084,9724177,Spot Grid,1,ASTERUSDT,1.0,11552985,22.0,62.99875401,1731.0,0.00262971,5.077478407694509
1085,8890212,Spot Grid,1,UNIUSDT,1.0,28310704,16.89,33.79711268,685.0,0.0241166,5.07499679823699
1086,8716805,Spot Grid,1,LINKETH,1.0,30772614,14.3,388.59448188,1392.0,0.03725033,5.074968285389728
1087,9851351,Spot Grid,1,ETHUSDT,1.0,7759899,31.51,1103.1027088,375.0,0.01530576,5.072843871019492
1088,9432166,Spot Grid,1,SOLUSDC,1.0,17797306,22.84,114.25373269,552.0,0.00948112,5.071422351613609
1089,9707637,Spot Grid,1,DOGEUSDT,1.0,8849689,21.39,133.13663355,3540.0,0.0266885,5.06954764869895
1090,8538445,Spot Grid,1,BNBBTC,1.0,32779870,7.6,136.1367737,2135.0,0.02409598,5.062270529028825
1091,8950787,Spot Grid,1,BTCFDUSD,1.0,27365110,14.18,42.52225939,1003.0,0.01255637,5.061564379702448
1092,8946276,Spot Grid,1,BTCFDUSD,1.0,27446338,6.9,456.60727983,3166.0,0.02101617,5.060067725567641
1093,8904713,Spot Grid,1,ETHUSDT,1.0,28102804,13.91,39.32711064,824.0,0.01051608,5.059385511447493
1094,9522436,Spot Grid,1,FETUSDC,1.0,15763529,35.04,21.03442736,199.0,0.06013234,5.058281227017614
1095,9330396,Spot Grid,1,ETHUSDC,1.0,19971101,20.95,117.94343837,454.0,0.00698061,5.056361602137352
1096,9333966,Spot Grid,1,AAVEETH,1.0,19884573,5.34,33.50596656,6182.0,0.0420642,5.053229777627492
1097,9610860,Spot Grid,1,XRPUSDT,1.0,14141264,13.15,32.87509589,3643.0,0.00673271,5.048260748495828
1098,9335381,Spot Grid,1,BTCUSDC,1.0,19845325,22.63,67.76416519,399.0,0.01463558,5.045892969290696
1099,9417378,Spot Grid,1,BTCFDUSD,1.0,18065866,17.43,2446.04327124,1796.0,0.02036495,5.045761923068736
1100,9047622,Spot Grid,1,ENAUSDT,1.0,25461706,19.53,195.3986055,772.0,0.03055835,5.037630540703879
1101,8532272,Spot Grid,1,BNBBTC,1.0,32853112,7.53,129.69207529,2137.0,0.02506055,5.036740723465023
1102,9544186,Spot Grid,1,BTCUSDT,1.0,15290018,7.49,123.91187353,4754.0,0.00514433,5.035764501368948
1103,9358245,Spot Grid,1,BTCUSDT,1.0,19283170,23.65,28.13497103,96.0,0.0116456,5.03480252393557
1104,9799189,Spot Grid,1,TAOUSDT,1.0,9539753,11.18,17008.90120077,2977.0,0.05011984,5.032757894838603
1105,9429361,Spot Grid,1,SOLUSDT,1.0,17839305,23.01,79.40188956,632.0,0.01388373,5.027119323678566
1106,7997783,Spot Grid,1,ETHUSDC,1.0,38368882,3.34,31.09011908,1868.0,0.0202242,5.018957521355062
1107,9660477,Spot Grid,1,ASTERUSDT,1.0,13095241,24.63,625.8889036,2170.0,0.03816427,5.01856017829768
1108,9980317,Spot Grid,1,ZECUSDC,1.0,3330836,33.71,337.25573018,543.0,0.01033122,5.01551537548529
1109,9861191,Spot Grid,1,BTCU,1.0,7343922,17.33,277.16270562,4131.0,0.01355786,5.012786660146672
1110,9752380,Spot Grid,1,SOLUSDT,1.0,10714732,30.75,61.50871597,299.0,0.01931008,5.010663167348145
1111,8292266,Spot Grid,1,UNIUSDT,1.0,35526377,16.8,241.155019,571.0,0.05579301,5.008510954737058
1112,9307043,Spot Grid,1,XRPUSDT,1.0,20437046,21.41,74.28551116,1393.0,0.0331814,5.005329937136678
1113,10003590,Spot Grid,1,ENAUSDT,1.0,2671781,42.7,466.42017232,115.0,0.04879986,5.003595228327022
1114,9829189,Spot Grid,1,SOLUSDT,1.0,8466088,30.9,344.5520374,340.0,0.01315983,5.002750633548133
1115,9104427,Spot Grid,1,PORTALUSDT,1.0,24503587,26.96,18.87325263,205.0,0.05564654,5.002106599598925
1116,9275003,Spot Grid,1,XRPUSDT,1.0,21026322,16.91,35.14993883,2098.0,0.02607462,4.998204941225519
1117,8959056,Spot Grid,1,SOLUSDT,1.0,27215275,16.77,74.63896194,795.0,0.02441119,4.9979024139990065
1118,9819986,Spot Grid,1,SOLUSDT,1.0,8816592,37.3,24.62099641,220.0,0.04571306,4.997397642152618
1119,8995167,Spot Grid,1,LINKUSDT,1.0,26485929,15.73,204.61029554,3215.0,0.06770427,4.992089961892314
1120,9417487,Spot Grid,1,BTCUSD1,1.0,18063156,16.55,2186.20650768,1981.0,0.02032212,4.99081776047779
1121,9288031,Spot Grid,1,BTCUSDC,1.0,20791507,14.2,184.70183625,1733.0,0.003637,4.989493221943536
1122,9253421,Spot Grid,1,SHIBUSDT,1.0,21465981,19.37,15.50064041,1537.0,0.02979912,4.989417989041963
1123,8156517,Spot Grid,1,ETHUSDT,1.0,36944038,6.56,131.34300781,1121.0,0.01770539,4.988107879106406
1124,9756101,Spot Grid,1,BTCUSDT,1.0,10645480,16.03,168.15189216,3408.0,0.00570047,4.987856037715
1125,7405538,Spot Grid,1,BTCUSDT,1.0,45312216,2.48,248.07786323,361.0,0.01568019,4.9878275794927855
1126,9315028,Spot Grid,1,BTCUSDT,1.0,20258550,15.79,351.07299238,1509.0,0.00624907,4.9876882820394774
1127,9264983,Spot Grid,1,SOLUSDC,1.0,21234285,15.28,99.32749244,1468.0,0.00546897,4.987634489753589
1128,9688010,Spot Grid,1,WIFUSDC,1.0,12573851,25.17,12.62204164,1199.0,0.01646685,4.986848686505681
1129,8816863,Spot Grid,1,BNBETH,1.0,29379148,12.87,13.99293748,1040.0,0.01764425,4.986582812498684
1130,9687988,Spot Grid,1,WIFUSDC,1.0,12574059,25.12,12.99288668,1200.0,0.01631249,4.984475633305164
1131,9891078,Spot Grid,1,ETHUSDT,1.0,6098235,24.7,5096.41196208,1040.0,0.00922343,4.981172848306685
1132,8873114,Spot Grid,1,BNBETH,1.0,28550689,15.24,409.22623173,690.0,0.022047,4.977954778809022
1133,9703097,Spot Grid,1,PEPEUSDT,1.0,12212640,27.47,27.47012959,403.0,0.01112459,4.97739574723433
1134,9321118,Spot Grid,1,PEPEUSDT,1.0,20129853,21.45,29.40613413,1126.0,0.02740785,4.975442031976273
1135,8476828,Spot Grid,1,BNBBTC,1.0,33397306,10.47,236.75155972,808.0,0.01851949,4.97173977437873
1136,9400645,Spot Grid,1,DOGEUSDT,1.0,18472006,15.28,24.44871524,1971.0,0.00456167,4.971616390294684
1137,9300261,Spot Grid,1,BTCUSDC,1.0,20587479,16.79,252.05973373,1788.0,0.01926288,4.969223981443749
1138,9432748,Spot Grid,1,ETHUSDC,1.0,17786707,14.1,64.60515637,2802.0,0.01307194,4.968899504487837
1139,9209352,Spot Grid,1,ARUSDT,1.0,22419457,22.68,63.1177166,402.0,0.02924416,4.963930073425636
1140,9192489,Spot Grid,1,LINKFDUSD,1.0,22752007,7.98,79.7282903,3251.0,0.01060101,4.9634471713910555
1141,8012670,Spot Grid,1,ETHUSDT,1.0,38278475,7.1,28.43628583,837.0,0.02086572,4.962242978580926
1142,8241245,Spot Grid,1,BNBUSDT,1.0,36081005,10.79,21.59655354,277.0,0.01988777,4.959631812700571
1143,8846806,Spot Grid,1,BNBETH,1.0,28883007,9.38,254.6285479,2244.0,0.02436672,4.955918091320722
1144,8638370,Spot Grid,1,BNBBTC,1.0,31496562,10.89,23.45121824,724.0,0.01047785,4.955332894989836
1145,7796156,Spot Grid,1,SOLUSDT,1.0,40656358,6.51,19.61714473,968.0,0.03084775,4.9542729168179465
1146,9582896,Spot Grid,1,GLMRUSDT,1.0,14650342,38.72,154.88632015,1673.0,0.11161855,4.952922383265889
1147,8852470,Spot Grid,1,BNBETH,1.0,28813425,7.38,18.04432868,2237.0,0.01206808,4.948232814964827
1148,9038434,Spot Grid,1,BTCUSDT,1.0,25649089,5.24,43.061484,3313.0,0.00974261,4.947778679540206
1149,9417485,Spot Grid,1,BTCFDUSD,1.0,18063192,16.82,2215.44724483,1812.0,0.02019441,4.945511114119539
1150,9491240,Spot Grid,1,DOGEUSDC,1.0,16666706,28.39,26.96093921,97.0,0.03010988,4.942839136343791
1151,9022952,Spot Grid,1,BTCFDUSD,1.0,25920443,10.79,107.88840531,1848.0,0.01083939,4.9421486127432575
1152,9517167,Spot Grid,1,SOLUSDT,1.0,15937600,25.23,50.84615706,640.0,0.02141019,4.940375118257583
1153,9417463,Spot Grid,1,BNBUSD1,1.0,18063734,16.44,2048.36651696,2112.0,0.02386739,4.938979088232264
1154,9537038,Spot Grid,1,BTCBRL,1.0,15433848,24.16,464.28527077,1068.0,0.02467411,4.938101037141858
1155,9328059,Spot Grid,1,SOLUSDC,1.0,20015534,21.51,743.67479769,778.0,0.02508097,4.937529994728916
1156,9766452,Spot Grid,1,BTCUSDT,1.0,10421080,28.09,337.11823723,728.0,0.01703439,4.934909080487851
1157,9402115,Spot Grid,1,SOLUSDT,1.0,18450149,23.54,31.33526575,65.0,0.01093938,4.932822599674366
1158,9225047,Spot Grid,1,UNIUSDT,1.0,22087991,40.19,530.9751217,817.0,0.13613497,4.931629312675023
1159,9274973,Spot Grid,1,SOLUSDT,1.0,21026567,18.22,118.47903263,959.0,0.01232797,4.92966909381138
1160,9276576,Spot Grid,1,SOLUSDT,1.0,20991651,8.39,6262.82259355,1769.0,0.00715817,4.928734395545333
1161,8276862,Spot Grid,1,ORCAUSDT,1.0,35731989,22.75,63.29853506,157.0,0.08283943,4.926854415181933
1162,9544083,Spot Grid,1,TAOUSDT,1.0,15292622,25.62,269.04781,176.0,0.01275648,4.923849398694135
1163,7876506,Spot Grid,1,LINKETH,1.0,39431724,12.9,144.14235934,822.0,0.05936176,4.923701804159101
1164,9461099,Spot Grid,1,SOLUSDT,1.0,17362373,20.79,83.16203236,1440.0,0.02100301,4.922732288090301
1165,9629704,Spot Grid,1,PENGUUSDC,1.0,13706268,30.88,154.44593421,217.0,0.03516565,4.920696910237784
1166,9277098,Spot Grid,1,SOLETH,1.0,20980500,6.37,24.93341822,3921.0,0.0098451,4.920278730077803
1167,9779275,Spot Grid,1,XRPUSDT,1.0,10091876,29.18,875.67042069,904.0,0.02881186,4.916827004840391
1168,9380568,Spot Grid,1,ETHJPY,1.0,18824561,21.57,20.47910519,436.0,0.01028586,4.914561865424171
1169,9483574,Spot Grid,1,XRPUSDC,1.0,16829410,14.57,58.99087011,2683.0,0.01120448,4.914148026805651
1170,9417252,Spot Grid,1,BNBUSD1,1.0,18068716,16.4,1992.19681764,2081.0,0.02380104,4.912189399388265
1171,9317950,Spot Grid,1,BNBUSDT,1.0,20188348,22.64,407.61473084,246.0,0.02004502,4.91200268965453
1172,8924040,Spot Grid,1,SOLETH,1.0,27795883,13.15,21.05518214,1146.0,0.01772937,4.910853547551584
1173,9376322,Spot Grid,1,BTCUSDT,1.0,18904668,22.28,26.74563734,373.0,0.01351019,4.907165292684154
1174,9814060,Spot Grid,1,TAOUSDT,1.0,9035678,20.15,10078.48482427,293.0,0.00988512,4.901811157056065
1175,7367757,Spot Grid,1,BTCUSDC,1.0,45729234,2.65,12.94542459,142.0,0.01624092,4.895943717841133
1176,8191616,Spot Grid,1,ETHUSDT,1.0,36507730,1.69,169.71848749,2249.0,0.01696169,4.895739733543869
1177,9757291,Spot Grid,1,BNBFDUSD,1.0,10621965,20.53,499.04908053,2224.0,0.01059368,4.895346057244096
1178,9311484,Spot Grid,1,BTCUSDT,1.0,20336786,19.11,191.08228963,419.0,0.00459932,4.894792770442994
1179,9332174,Spot Grid,1,DOGEFDUSD,1.0,19924626,16.36,28.16498149,2058.0,0.02169895,4.892994954620193
1180,8061353,Spot Grid,1,ETHBTC,1.0,37951272,1.2,270.5550916,1940.0,0.01456617,4.892392644981711
1181,9335258,Spot Grid,1,SUIUSDT,1.0,19848560,28.92,115.69404904,755.0,0.06330643,4.885145673499498
1182,8942455,Spot Grid,1,BTCFDUSD,1.0,27504779,6.99,93.44667126,2747.0,0.01812202,4.88339418229295
1183,8550653,Spot Grid,1,BNBETH,1.0,32639319,5.86,33.44614727,1904.0,0.01583845,4.880994654624538
1184,9284519,Spot Grid,1,XRPUSDT,1.0,20844694,30.1,75.26798996,125.0,0.06077952,4.877817214032206
1185,8782918,Spot Grid,1,FETUSDC,1.0,29862978,25.07,137.95246705,211.0,0.07396542,4.8772855073222345
1186,9776978,Spot Grid,1,ADAUSDT,1.0,10165283,33.44,439.59479495,155.0,0.03598913,4.875997865468521
1187,9339751,Spot Grid,1,LTCUSDC,1.0,19744402,23.13,71.92426253,104.0,0.01777843,4.870167805147039
1188,9358661,Spot Grid,1,BTCUSDT,1.0,19271548,16.58,3873.58985878,714.0,0.01237168,4.8701123120034
1189,7823247,Spot Grid,1,XRPUSDT,1.0,40242139,8.84,41.223304,346.0,0.03219207,4.869308609150461
1190,9688410,Spot Grid,1,SOLUSDT,1.0,12566499,14.52,435.64891215,3251.0,0.00850293,4.868338785521149
1191,9401457,Spot Grid,1,DOGEUSDT,1.0,18459337,23.74,118.93879084,963.0,0.0341628,4.867093491601594
1192,9293247,Spot Grid,1,BTCUSDT,1.0,20718682,14.62,228.66206061,1679.0,0.00964599,4.866543815787259
1193,8929008,Spot Grid,1,BTCUSDT,1.0,27515739,4.96,49.83823189,3122.0,0.01544777,4.866501745070359
1194,9408617,Spot Grid,1,BNBUSDT,1.0,18298492,17.96,199.3764854,1787.0,0.01978866,4.864666944634691
1195,9867898,Spot Grid,1,PEPEUSDT,1.0,7051827,21.45,108.86662615,3774.0,0.03240807,4.86413380905158
1196,9535006,Spot Grid,1,XRPUSDC,1.0,15491213,17.51,73.76187883,1719.0,0.00342921,4.859989610595948
1197,9129502,Spot Grid,1,SOLUSDT,1.0,23867889,19.62,59.2807103,266.0,0.02009415,4.856831578688047
1198,9894653,Spot Grid,1,PENDLEUSDT,1.0,5962460,32.15,83.6115449,83.0,0.0085867,4.851683634768062
1199,9291738,Spot Grid,1,BTCUSDT,1.0,20746811,13.4,205.96895694,1705.0,0.00416741,4.850502665425354
1200,9417464,Spot Grid,1,BNBFDUSD,1.0,18063716,16.5,1995.83923614,1924.0,0.02363486,4.847185114458053
1201,9827193,Spot Grid,1,DOGEUSDT,1.0,8553654,29.81,35.47822115,409.0,0.01377377,4.84504073882117
1202,9361971,Spot Grid,1,ETHUSDT,1.0,19186015,16.77,101.13987499,1366.0,0.00847823,4.8442396124422205
1203,8190263,Spot Grid,1,ETHBTC,1.0,36517663,4.52,62.68460477,1301.0,0.01399689,4.84313350185693
1204,8372116,Spot Grid,1,SOLETH,1.0,34582338,3.13,24.89897839,2461.0,0.0224942,4.8424142013916125
1205,9347559,Spot Grid,1,BTCUSDC,1.0,19545991,18.37,32.6388198,1212.0,0.01529223,4.841010542529418
1206,9332207,Spot Grid,1,BTCUSDC,1.0,19266495,20.99,344.37603531,561.0,0.01645679,4.836246719218652
1207,8990939,Spot Grid,1,ETHFDUSD,1.0,26582048,9.78,980.84758231,1922.0,0.01852244,4.834415612693597
1208,9145665,Spot Grid,1,BTCFDUSD,1.0,23612118,5.57,118.47905408,3539.0,0.01257706,4.8340879615213845
1209,9870820,Spot Grid,1,SOLUSDT,1.0,6923282,31.87,175.68496818,527.0,0.02181339,4.832149479849724
1210,9297417,Spot Grid,1,ETHUSDT,1.0,20633961,19.41,97.07451073,320.0,0.00745186,4.832088314230556
1211,9835008,Spot Grid,1,ZECUSDT,1.0,8254321,73.67,110.51675689,480.0,0.25496542,4.831149083388725
1212,9819173,Spot Grid,1,BTCFDUSD,1.0,8850498,27.96,695.64499235,811.0,0.01739231,4.830761871191632
1213,9466006,Spot Grid,1,ETHUSDC,1.0,17261667,20.92,251.146352,979.0,0.01609005,4.830720978005748
1214,8850074,Spot Grid,1,BNBETH,1.0,28840835,6.22,17.20993387,2241.0,0.01064635,4.830495144689544
1215,8959884,Spot Grid,1,ETHUSDT,1.0,27198254,12.77,62.25284417,1001.0,0.01347811,4.8302148151678574
1216,9417248,Spot Grid,1,BNBFDUSD,1.0,18068781,16.7,1935.9100838,1864.0,0.02398282,4.827032105359471
1217,9411823,Spot Grid,1,ETHJPY,1.0,18202807,21.89,27.69293355,291.0,0.00994074,4.82512764382123
1218,9833942,Spot Grid,1,BTCUSDT,1.0,8291899,24.54,808.94682791,1390.0,0.00958775,4.819144934526104
1219,9294050,Spot Grid,1,BTCEUR,1.0,20703649,19.08,42.64986325,427.0,0.00848064,4.818322202861236
1220,9265710,Spot Grid,1,BTCUSDT,1.0,21218741,20.23,28.90472215,146.0,0.0110678,4.815638507974974
1221,6840692,Spot Grid,1,NEARUSDT,1.0,52704461,19.28,77.15041899,194.0,0.14172866,4.815451195901858
1222,9630833,Spot Grid,1,PEPEUSDC,1.0,13685267,26.4,51.22837945,1466.0,0.04068542,4.815329871386935
1223,9340563,Spot Grid,1,BTCUSDT,1.0,19728389,15.02,893.84777659,1179.0,0.00266837,4.811170094975512
1224,9835297,Spot Grid,1,ADAUSDC,1.0,8248195,32.07,64.17009636,30.0,0.01837929,4.809827905950067
1225,9314831,Spot Grid,1,BTCUSDC,1.0,20261883,19.1,123.04740536,513.0,0.00928764,4.809535147522805
1226,9074254,Spot Grid,1,BTCFDUSD,1.0,25122202,5.7,343.33289214,3333.0,0.01757912,4.808253949512321
1227,9595090,Spot Grid,1,XRPUSDC,1.0,14412721,22.98,21.49571902,703.0,0.00908794,4.807740768344706
1228,9339854,Spot Grid,1,BTCUSDT,1.0,19742632,13.44,92.03985939,1881.0,0.00503247,4.805665320935693
1229,9417492,Spot Grid,1,BNBUSD1,1.0,18063118,16.15,2015.28409095,2066.0,0.02650739,4.805204119191196
1230,9021898,Spot Grid,1,BTCFDUSD,1.0,25945109,3.57,64.32435565,3825.0,0.01853748,4.805195314317831
1231,8956389,Spot Grid,1,ETHUSDC,1.0,27264214,14.2,29.41946284,446.0,0.01086665,4.800538456077767
1232,9671058,Spot Grid,1,NEIROUSDC,1.0,12903641,25.23,12.62137461,2218.0,0.04732283,4.79865401724714
1233,9355660,Spot Grid,1,ETHJPY,1.0,19344939,18.52,46.86951827,714.0,0.00652142,4.79791809933572
1234,8358942,Spot Grid,1,SOLETH,1.0,34769849,2.58,21.05276712,2486.0,0.02261661,4.7970604548804054
1235,8915016,Spot Grid,1,BTCUSDT,1.0,27950331,7.91,79.16834808,1714.0,0.00669014,4.794818934071691
1236,9483038,Spot Grid,1,ETHUSDT,1.0,16842786,20.45,66.90059099,623.0,0.0046936,4.7947272112101915
1237,8992195,Spot Grid,1,ETHUSDT,1.0,26560787,10.88,173.68644754,1650.0,0.016162,4.794168075616115
1238,8384648,Spot Grid,1,SOLETH,1.0,34389125,2.97,26.3340943,2443.0,0.02241531,4.792717122138113
1239,9776980,Spot Grid,1,XRPUSDT,1.0,10165139,20.54,251.40525145,3125.0,0.03069863,4.790428484317341
1240,9467325,Spot Grid,1,SOLUSDT,1.0,17235895,23.01,692.81166979,454.0,0.02031223,4.787627733423321
1241,9845317,Spot Grid,1,SOLFDUSD,1.0,7972399,24.43,115.17012507,1957.0,0.0173412,4.786950830799291
1242,9342561,Spot Grid,1,BTCUSDC,1.0,19668286,21.39,23.54337332,174.0,0.01259546,4.784709389912591
1243,9351745,Spot Grid,1,BTCUSDT,1.0,19446289,19.9,362.79889386,485.0,0.01206721,4.778481398744259
1244,9764608,Spot Grid,1,SOLUSDC,1.0,10464748,23.67,1657.43968223,787.0,0.007373,4.778004991403885
1245,9333733,Spot Grid,1,BTCUSDT,1.0,19891141,20.42,88.19446792,404.0,0.01377063,4.776436594243314
1246,9470557,Spot Grid,1,ETHUSDT,1.0,17156891,18.8,212.71602285,1468.0,0.01639373,4.7758191350279695
1247,9767956,Spot Grid,1,ASTERUSDT,1.0,10382340,10.36,1555.17828878,6751.0,0.0599634,4.774849239374214
1248,9172076,Spot Grid,1,CAKEUSDT,1.0,23117579,13.49,145.82672483,1748.0,0.01862482,4.770074725757499
1249,9323770,Spot Grid,1,ADAUSDT,1.0,20086885,26.13,101.42055054,27.0,0.03843945,4.764182736687861
1250,9628908,Spot Grid,1,PENGUUSDC,1.0,13718293,30.14,30.15383838,218.0,0.03698651,4.760427109645743
1251,9417483,Spot Grid,1,BNBFDUSD,1.0,18063220,16.57,1944.91952449,1861.0,0.02599229,4.7582700947639704
1252,8992615,Spot Grid,1,ETHUSDC,1.0,26550824,12.84,2569.84240171,470.0,0.01582102,4.753890257763774
1253,9304080,Spot Grid,1,BTCUSDT,1.0,20504490,18.41,184.1911349,894.0,0.01726432,4.751266250066012
1254,9836337,Spot Grid,1,ZECUSDT,1.0,8219386,72.17,108.65581445,478.0,0.24982877,4.749650637571894
1255,9816947,Spot Grid,1,BTCUSDT,1.0,8940483,18.5,277.54793962,2633.0,0.00572164,4.748183957684524
1256,7732079,Spot Grid,1,SOLUSDC,1.0,41626190,4.2,42.04883063,1004.0,0.03152341,4.747759638021057
1257,9397480,Spot Grid,1,VIRTUALUSDC,1.0,18522593,31.6,18.96952728,86.0,0.06318534,4.747411172241206
1258,9619027,Spot Grid,1,XRPUSDT,1.0,13944945,22.49,22.49248715,785.0,0.00864593,4.745520274464713
1259,9417713,Spot Grid,1,BTCFDUSD,1.0,18059058,16.42,1354.66235975,1774.0,0.02083555,4.744371815031974
1260,9788021,Spot Grid,1,ADAUSDC,1.0,9819899,30.72,82.67492163,185.0,0.02391948,4.739238886115567
1261,9900134,Spot Grid,1,WIFUSDC,1.0,5726989,24.95,35.89916524,3999.0,0.05535122,4.737969793895734
1262,9912210,Spot Grid,1,CATIUSDT,1.0,5179455,49.08,49.0898909,2301.0,0.14922173,4.737575343359271
1263,8846042,Spot Grid,1,XRPUSDC,1.0,28890856,0.79,395.91635308,3870.0,0.02139028,4.735055119875219
1264,8940755,Spot Grid,1,AAVEUSDT,1.0,27523973,18.08,36.17527584,244.0,0.03183833,4.729159893582378
1265,9319397,Spot Grid,1,ETHUSDT,1.0,20167095,19.32,57.9600176,252.0,0.00753039,4.727355464587647
1266,9320521,Spot Grid,1,BTCUSDT,1.0,20145808,17.86,302.28465407,500.0,0.00623549,4.720322324071767
1267,9096901,Spot Grid,1,TSTUSDT,1.0,24736660,23.3,16.65795945,698.0,0.05852395,4.715997329842417
1268,9440827,Spot Grid,1,LTCUSDC,1.0,17670949,22.09,66.29954339,628.0,0.02052719,4.71465971149965
1269,9528528,Spot Grid,1,SOLUSDC,1.0,15605777,24.71,38.09699326,169.0,0.01621649,4.713783107680241
1270,9301303,Spot Grid,1,BTCUSDT,1.0,20560510,16.96,67.86768385,753.0,0.0075191,4.713126322750702
1271,9131651,Spot Grid,1,AAVEBTC,1.0,23822280,22.49,364.8640078,1155.0,0.06182219,4.711515903268973
1272,9502731,Spot Grid,1,BTCUSDC,1.0,16312266,14.69,155.76165631,2037.0,0.00466463,4.710390608132873
1273,8950309,Spot Grid,1,ETHEUR,1.0,27374087,10.08,132.89427705,1220.0,0.00932825,4.710136387334901
1274,8945103,Spot Grid,1,BTCUSDT,1.0,27460039,10.75,161.39264764,1160.0,0.01225746,4.709686478138189
1275,9328475,Spot Grid,1,BTCUSDT,1.0,20008827,19.82,29.735215,178.0,0.00859345,4.709575897628233
1276,9479217,Spot Grid,1,BTCUSDT,1.0,16909910,2.66,39.92867371,5092.0,0.00550901,4.7082775021445915
1277,9595083,Spot Grid,1,XRPFDUSD,1.0,14412879,21.09,211.22991327,1526.0,0.02125255,4.705190365628547
1278,8906691,Spot Grid,1,ETHUSDT,1.0,28069059,8.87,1330.99491985,1237.0,0.0125371,4.7017076822614925
1279,7793540,Spot Grid,1,HUMAUSDT,1.0,40713477,11.43,84.06657812,1370.0,0.07701322,4.701318651893013
1280,9262774,Spot Grid,1,BTCUSDT,1.0,21283255,10.26,447.75169776,2078.0,0.00442185,4.700868061639561
1281,9281723,Spot Grid,1,XRPUSDC,1.0,20881424,20.17,1192.92537253,726.0,0.03231232,4.697196035892924
1282,5093775,Spot Grid,1,SOLETH,1.0,36456977,11.09,46.85221146,613.0,0.04092297,4.697022533311935
1283,9734004,Spot Grid,1,ETHUSDT,1.0,11248675,17.64,529.34794917,2289.0,0.00695958,4.696874753099378
1284,9787988,Spot Grid,1,ADAUSDC,1.0,9820658,31.85,237.64498888,91.0,0.03065167,4.695997782636835
1285,8965496,Spot Grid,1,BTCUSDT,1.0,27091197,8.15,45.67492074,1881.0,0.01180949,4.692306103709188
1286,8778622,Spot Grid,1,BNBETH,1.0,29932294,9.75,700.18882391,1454.0,0.0270582,4.6919039711315635
1287,9384264,Spot Grid,1,ADAUSDT,1.0,18744841,10.3,309.06769197,4312.0,0.04073205,4.691154098464841
1288,9625964,Spot Grid,1,PENGUUSDC,1.0,13791547,29.39,11.17387375,222.0,0.03605893,4.688805312779707
1289,9274980,Spot Grid,1,BTCEUR,1.0,21026518,15.91,88.92896367,1130.0,0.0129509,4.68570413977615
1290,9662119,Spot Grid,1,SOLUSDC,1.0,13072116,16.77,1028.77762274,2183.0,0.01092538,4.681772219118706
1291,9604437,Spot Grid,1,DOGEUSDT,1.0,14272024,18.4,10.58594205,1486.0,0.00501072,4.681300123841898
1292,8927151,Spot Grid,1,ETHUSDT,1.0,27755312,10.84,115.87020276,788.0,0.00707318,4.680666126529753
1293,9313691,Spot Grid,1,BNBUSDT,1.0,20283781,15.83,65.274072,955.0,0.00575176,4.679785677925542
1294,8954833,Spot Grid,1,BTCUSDC,1.0,27288113,12.54,56.48011081,323.0,0.00430055,4.679056223393493
1295,9491102,Spot Grid,1,BTCFDUSD,1.0,16572417,13.06,261.00310805,2317.0,0.00462481,4.6779461965228
1296,9355626,Spot Grid,1,BNBUSDT,1.0,19232989,19.99,399.92891134,230.0,0.01051721,4.677065057239955
1297,8951744,Spot Grid,1,BTCUSDT,1.0,27348027,11.81,38.98498599,838.0,0.01158253,4.673706611655022
1298,8849975,Spot Grid,1,BNBBTC,1.0,28842202,8.75,79.22252344,1521.0,0.01599597,4.670840195887278
1299,9236734,Spot Grid,1,SOLUSDC,1.0,21287952,16.87,105.3484716,1031.0,0.01796686,4.669398243781893
1300,8609113,Spot Grid,1,TRXUSDT,1.0,31817634,1.29,19.41406397,2665.0,0.01201858,4.665045488544277
1301,9421830,Spot Grid,1,BTCUSDT,1.0,17990977,7.47,62.86919787,3480.0,0.00437712,4.660687065074924
1302,9707588,Spot Grid,1,SOLUSDT,1.0,12053594,23.72,118.6480041,472.0,0.00482492,4.65439053797805
1303,9299044,Spot Grid,1,BNBUSDT,1.0,20609248,20.11,18.63412775,42.0,0.01204386,4.654022538436287
1304,9325609,Spot Grid,1,XRPUSDC,1.0,20061074,16.08,32.18404523,1886.0,0.02678712,4.652595468704508
1305,9812470,Spot Grid,1,SOLUSDT,1.0,9092422,29.87,38.83301611,229.0,0.0204034,4.651106911702767
1306,9389136,Spot Grid,1,BTCUSDT,1.0,18660897,10.73,547.08878292,2414.0,0.00547277,4.649363634027952
1307,8361865,Spot Grid,1,SOLETH,1.0,34727634,1.55,17.64773365,2482.0,0.02268477,4.6479878922603675
1308,8659831,Spot Grid,1,BNBETH,1.0,31281823,9.34,101.58906837,1227.0,0.02460692,4.6444750899820155
1309,9287188,Spot Grid,1,BTCUSDT,1.0,20804650,16.93,84.67703589,577.0,0.00756196,4.643397317450036
1310,9624309,Spot Grid,1,PENGUUSDC,1.0,13835092,29.49,14.7536457,223.0,0.03866181,4.643244867262108
1311,8165177,Spot Grid,1,ETHBTC,1.0,36832498,2.27,48.91129663,1993.0,0.02563513,4.643064067972479
1312,9883676,Spot Grid,1,LUMIAUSDT,1.0,6380913,32.88,117.30900135,683.0,0.0356672,4.641816598432061
1313,9542741,Spot Grid,1,BTCBRL,1.0,15323568,22.96,88.23363066,1017.0,0.02653478,4.641519646179675
1314,9685327,Spot Grid,1,BNBUSDT,1.0,12629925,10.62,10622.77453441,1104.0,0.00351019,4.641466122553737
1315,8702707,Spot Grid,1,BNBETH,1.0,30883861,10.76,292.48517698,1033.0,0.0277237,4.640251395730036
1316,9927936,Spot Grid,1,TSTUSDT,1.0,4655719,16.14,51.58861932,5530.0,0.0389927,4.639340116554807
1317,9456468,Spot Grid,1,SOLUSDT,1.0,17443186,20.9,54.77990399,667.0,0.01692653,4.6369955444811595
1318,8908229,Spot Grid,1,BTCUSDT,1.0,28047560,1.52,101.55888227,3180.0,0.00962262,4.636600284056526
1319,9378463,Spot Grid,1,BTCUSDC,1.0,18862607,17.94,179.54689086,802.0,0.01044338,4.633255488550326
1320,9297371,Spot Grid,1,ETHUSDT,1.0,20635139,14.74,460.74212896,1333.0,0.01342532,4.627364972152873
1321,9791832,Spot Grid,1,ETHEUR,1.0,9697984,20.52,272.91370984,2239.0,0.01652099,4.62701840180498
1322,9370883,Spot Grid,1,BTCUSDT,1.0,19030638,11.71,819.83401963,2139.0,0.00891479,4.6266081179524186
1323,8944342,Spot Grid,1,BTCUSDT,1.0,27469694,12.02,79.34724436,769.0,0.01393814,4.6254411955280315
1324,9782350,Spot Grid,1,ETHUSDT,1.0,9994044,26.66,40.00207639,1200.0,0.02837122,4.622948437630097
1325,9349838,Spot Grid,1,BNBUSDC,1.0,19490215,19.06,62.88600829,540.0,0.01374504,4.617500294534636
1326,9680026,Spot Grid,1,DOGEFDUSD,1.0,12728758,0.77,14.16699639,7895.0,0.04026289,4.613699612005485
1327,9286386,Spot Grid,1,BTCUSDT,1.0,10498883,21.33,213.45297558,1217.0,0.00306889,4.6115811202101336
1328,9375952,Spot Grid,1,BTCUSDT,1.0,18910401,15.6,81.1075082,1618.0,0.01550354,4.610757814831672
1329,9291809,Spot Grid,1,BTCUSDC,1.0,20745217,17.08,69.00222057,497.0,0.00775545,4.608544656761829
1330,9292570,Spot Grid,1,XRPUSDT,1.0,20730941,17.15,77.2180268,1240.0,0.0239704,4.605285895317156
1331,9714523,Spot Grid,1,ETHFDUSD,1.0,11836357,14.86,755.17987062,2858.0,0.01119418,4.603850504605276
1332,9373599,Spot Grid,1,BTCUSDT,1.0,18967511,15.79,86.89833257,988.0,0.00380255,4.602931897681418
1333,9833647,Spot Grid,1,BTCU,1.0,8304601,26.23,422.87473105,749.0,0.01210728,4.600945777481766
1334,9141362,Spot Grid,1,FETUSDT,1.0,23665103,30.82,111.02450273,1072.0,0.10831037,4.5961065816158495
1335,9843048,Spot Grid,1,NOMUSDT,1.0,8032191,43.88,87.88467727,143.0,0.09333559,4.59231523772004
1336,9262434,Spot Grid,1,SOLUSDT,1.0,21287441,17.37,69.48296205,224.0,0.00660406,4.590687739287207
1337,7894089,Spot Grid,1,BTCUSDT,1.0,39148744,1.58,158.61968936,1030.0,0.0140686,4.590315713882977
1338,8943331,Spot Grid,1,BTCUSDT,1.0,27488923,8.94,81.41777369,1482.0,0.01369658,4.5896898152507175
1339,9742222,Spot Grid,1,ASTERUSDT,1.0,10993095,16.33,54.23093014,2606.0,0.0073196,4.58836690959375
1340,9041547,Spot Grid,1,PEPEUSDT,1.0,25595749,11.72,64.59842516,2629.0,0.0450616,4.588116557635247
1341,8848031,Spot Grid,1,ETHBTC,1.0,28870228,7.09,102.8653238,1719.0,0.01473326,4.586408300991722
1342,9273755,Spot Grid,1,BTCUSDT,1.0,21044266,8.97,798.06319449,2408.0,0.00988728,4.582278705007843
1343,7812422,Spot Grid,1,BTCUSDT,1.0,28048970,6.07,87.58472898,1887.0,0.00941922,4.5788726189069155
1344,8918178,Spot Grid,1,UNIBTC,1.0,27892184,15.91,92.30101482,148.0,0.02590261,4.577082248025865
1345,9305758,Spot Grid,1,BTCUSDC,1.0,20465454,19.27,19.28176194,354.0,0.01654369,4.576664689584209
1346,9753908,Spot Grid,1,BTCUSDT,1.0,10692283,12.78,140.58609954,3451.0,0.00540375,4.576526187132679
1347,9047489,Spot Grid,1,CAKEUSDT,1.0,25464473,12.21,36.65865687,1222.0,0.01774332,4.576337017642838
1348,8963064,Spot Grid,1,BTCUSDT,1.0,27154810,14.15,141.59872391,151.0,0.01347634,4.5760776081091175
1349,8389788,Spot Grid,1,SOLETH,1.0,34323502,1.49,12.15449979,2432.0,0.02255479,4.572997229293441
1350,8944589,Spot Grid,1,BTCUSDT,1.0,27465217,13.78,38.61122929,260.0,0.01483204,4.569176121284494
1351,9121598,Spot Grid,1,ETHUSDT,1.0,24070724,7.59,113.23542854,2355.0,0.01130671,4.5653991413969575
1352,8992165,Spot Grid,1,ETHUSDT,1.0,26561296,11.52,242.98901769,1085.0,0.01728408,4.564741442829967
1353,9268096,Spot Grid,1,BTCUSDT,1.0,21167893,12.96,47.96241042,1290.0,0.00546463,4.56423148095991
1354,9307208,Spot Grid,1,BTCUSDT,1.0,20434314,16.49,165.32245073,552.0,0.00677892,4.560685740885793
1355,9268094,Spot Grid,1,BTCUSDT,1.0,21167947,13.77,42.69440698,1045.0,0.00497232,4.557128163638007
1356,7486649,Spot Grid,1,BTCUSDT,1.0,27445154,10.65,69.52140663,1016.0,0.01427487,4.556631728013805
1357,9055837,Spot Grid,1,ETHUSDT,1.0,25305978,10.92,100.11817185,1555.0,0.0182106,4.555606093438767
1358,9929936,Spot Grid,1,XPLUSDT,1.0,4571983,37.93,379.38211906,487.0,0.05623914,4.55549477577148
1359,9428641,Spot Grid,1,SOLUSDC,1.0,17849944,18.27,150.44821931,1278.0,0.02104724,4.553446730725191
1360,9363645,Spot Grid,1,ETHUSDC,1.0,19147429,13.83,276.67872358,1378.0,0.00507463,4.553090646597423
1361,9322533,Spot Grid,1,XRPUSDT,1.0,20103323,13.15,131.55427355,2518.0,0.02890886,4.550682843804778
1362,8928123,Spot Grid,1,ETHFDUSD,1.0,27735221,10.69,91.69090667,1027.0,0.01651776,4.545743378789483
1363,9300738,Spot Grid,1,BTCUSDT,1.0,20575363,18.41,13.81189487,85.0,0.00799378,4.541657556880891
1364,9484043,Spot Grid,1,DOGEUSDT,1.0,16819616,11.72,23.45418128,3486.0,0.02737286,4.540672737218058
1365,9306624,Spot Grid,1,ETHUSDC,1.0,20446368,15.46,201.11687596,748.0,0.00649598,4.53650149515988
1366,9822939,Spot Grid,1,SOLUSDT,1.0,8714437,25.21,2521.75465193,511.0,0.01666415,4.535512932922575
1367,8824066,Spot Grid,1,BNBETH,1.0,29260533,5.08,17.67052082,2217.0,0.01754533,4.53548426472128
1368,9821439,Spot Grid,1,BNBEUR,1.0,8771634,28.66,96.07276217,85.0,0.01432873,4.534821272863818
1369,9543782,Spot Grid,1,ALGOUSDT,1.0,15300450,30.07,57.9208252,285.0,0.05401673,4.53411176471948
1370,9407992,Spot Grid,1,ETHUSDT,1.0,18317180,18.8,57.40691433,501.0,0.00994014,4.530719919167533
1371,9353220,Spot Grid,1,PEPEUSDC,1.0,19404736,4.71,50.11201441,5057.0,0.03385802,4.530158698164194
1372,9461184,Spot Grid,1,SOLUSDC,1.0,17360766,20.85,84.4850297,538.0,0.01808252,4.528481655157364
1373,9291364,Spot Grid,1,BTCUSDC,1.0,20753243,14.72,883.50993388,643.0,0.00544047,4.526681070381844
1374,9264527,Spot Grid,1,BTCFDUSD,1.0,21245184,13.45,201.62650686,1074.0,0.00624302,4.525736736737911
1375,9494019,Spot Grid,1,SOLFDUSD,1.0,16595422,11.0,349.37507353,2641.0,0.00690928,4.524823155017444
1376,8764217,Spot Grid,1,SOLETH,1.0,30153273,4.19,17.08614372,2288.0,0.01842179,4.524734499964292
1377,9292895,Spot Grid,1,XRPUSDT,1.0,20724488,19.93,68.67203469,1028.0,0.03787529,4.524416248472695
1378,9309983,Spot Grid,1,BTCUSDT,1.0,20366336,14.18,49.65892,1111.0,0.00654864,4.524090388070967
1379,8942182,Spot Grid,1,ETHUSDT,1.0,27509212,12.07,241.52476663,595.0,0.01575384,4.520363048020593
1380,9302378,Spot Grid,1,DOGEFDUSD,1.0,20536079,13.12,29.51359456,3931.0,0.06131474,4.51707272269861
1381,9419055,Spot Grid,1,XRPUSDT,1.0,18033865,17.97,62.91011176,885.0,0.01290189,4.516718566832156
1382,8944592,Spot Grid,1,BTCUSDT,1.0,27465139,10.84,216.92631615,760.0,0.01238893,4.515625712033406
1383,9288526,Spot Grid,1,BTCUSDT,1.0,20785436,17.94,28.71480085,159.0,0.00901034,4.515555035241
1384,9136778,Spot Grid,1,SOLUSDC,1.0,23747328,15.83,1663.18959018,341.0,0.02239521,4.515193244272308
1385,9279693,Spot Grid,1,BNBUSDC,1.0,20926978,15.83,39.84126164,642.0,0.00837381,4.5148242548202315
1386,9639529,Spot Grid,1,XRPUSDC,1.0,13454050,16.13,55.19343025,1848.0,0.00367675,4.514564729903048
1387,8862423,Spot Grid,1,ARUSDT,1.0,28672166,17.65,494.22376506,2234.0,0.08751043,4.513576846481586
1388,8384364,Spot Grid,1,SOLETH,1.0,34393439,8.24,223.8616885,1244.0,0.03822064,4.511420191716516
1389,8696969,Spot Grid,1,BNBETH,1.0,30919203,5.34,65.43988257,2648.0,0.03638964,4.511410496211188
1390,9345887,Spot Grid,1,BTCUSDT,1.0,19580688,11.72,542.2622924,2294.0,0.01786984,4.509658576013022
1391,8920673,Spot Grid,1,ARUSDT,1.0,27858610,2.68,283.58317342,4494.0,0.0490027,4.509548079424647
1392,8692160,Spot Grid,1,BNBETH,1.0,30972320,6.3,178.18874352,1688.0,0.02221949,4.509414426316791
1393,8970413,Spot Grid,1,ETHUSDT,1.0,27008445,11.13,72.38731903,922.0,0.01497041,4.509089742798773
1394,9811952,Spot Grid,1,SOLUSDT,1.0,9112293,28.64,39.24964671,230.0,0.01969346,4.503887377805037
1395,9286133,Spot Grid,1,BNBUSDT,1.0,20823139,15.65,313.13737479,379.0,0.00335051,4.50077149068607
1396,8179703,Spot Grid,1,ETHBTC,1.0,36616715,1.39,36.07611125,1971.0,0.02533551,4.494424735817722
1397,8992312,Spot Grid,1,ETHUSDT,1.0,26558737,12.17,10.96088965,116.0,0.0019875,4.493739399412923
1398,8574749,Spot Grid,1,BNBUSDT,1.0,32308792,8.51,85.10226684,505.0,0.01517065,4.493190487020788
1399,9487167,Spot Grid,1,SOLUSDT,1.0,16753522,23.79,29.44874818,345.0,0.02867236,4.492064227398821
1400,9823325,Spot Grid,1,SOLUSDT,1.0,8700558,33.41,22.05305685,207.0,0.04396512,4.491370261847245
1401,8993317,Spot Grid,1,BTCUSDT,1.0,26530820,3.97,59.58062967,2878.0,0.01581085,4.490469014242523
1402,8133053,Spot Grid,1,BNBUSDT,1.0,37260482,4.2,20.66477447,801.0,0.01883391,4.4893987739689685
1403,9281776,Spot Grid,1,BTCBRL,1.0,20880787,16.95,48.89105669,478.0,0.01192292,4.4889170945027645
1404,8068392,Spot Grid,1,ETHUSDT,1.0,37897241,3.34,83.67802517,970.0,0.02098389,4.483551730522755
1405,9266941,Spot Grid,1,BTCUSDT,1.0,21193915,12.68,56.56994278,1112.0,0.00358698,4.4829380260469085
1406,9783942,Spot Grid,1,ETHUSDT,1.0,9951099,23.23,46.4677378,1752.0,0.02679532,4.48186804721795
1407,9455766,Spot Grid,1,SOLUSDT,1.0,17454612,18.78,225.37217714,528.0,0.00970113,4.477875063209297
1408,8946811,Spot Grid,1,BTCUSDT,1.0,27440400,11.35,28.96145063,596.0,0.0121618,4.477679968016726
1409,8981739,Spot Grid,1,VIRTUALUSDC,1.0,26804825,24.05,24.06087729,147.0,0.0694219,4.477666111414208
1410,9367847,Spot Grid,1,ETHUSDT,1.0,19090055,17.58,263.76097418,356.0,0.00678097,4.475444437896861
1411,8206464,Spot Grid,1,ETHBTC,1.0,36385097,3.65,74.30489233,975.0,0.01663718,4.4745133982114345
1412,8195309,Spot Grid,1,SOLETH,1.0,36475075,6.0,10.79069707,760.0,0.02510463,4.472077993152509
1413,8945636,Spot Grid,1,BTCUSDT,1.0,20912610,13.82,138.24427085,1267.0,0.01280868,4.4708358111492155
1414,9293476,Spot Grid,1,BNBUSDC,1.0,20714443,16.46,125.42438789,896.0,0.01855874,4.469220077106094
1415,9465493,Spot Grid,1,LINKUSDT,1.0,17274716,34.88,61.39486087,535.0,0.09682131,4.466007703360075
1416,9772010,Spot Grid,1,DOGEUSDT,1.0,10293363,14.64,15.50045615,3224.0,0.01288498,4.465644898047801
1417,9327819,Spot Grid,1,BNBUSDC,1.0,20020197,18.23,114.7701598,315.0,0.01308133,4.465462466628465
1418,9502659,Spot Grid,1,BTCUSDT,1.0,16314138,16.8,504.27814479,1434.0,0.01511301,4.464933382221275
1419,9444077,Spot Grid,1,BTCFDUSD,1.0,17601685,12.91,1760.27401213,1558.0,0.00848224,4.463172679210469
1420,9691093,Spot Grid,1,PEOPLEUSDT,1.0,12503652,24.66,708.94949752,1364.0,0.04148717,4.463022579486713
1421,9506303,Spot Grid,1,BTCUSDC,1.0,16207662,20.38,152.35782871,529.0,0.01345647,4.460849167512434
1422,9531019,Spot Grid,1,PEPEUSDT,1.0,15559552,28.09,29.55835255,1626.0,0.07550004,4.459780355353284
1423,9594993,Spot Grid,1,LINKFDUSD,1.0,14414315,25.44,152.51755502,436.0,0.03164817,4.457529894139349
1424,8948792,Spot Grid,1,BTCUSDT,1.0,27409853,10.68,106.86246069,705.0,0.01190664,4.456884425902171
1425,9415529,Spot Grid,1,BTCUSD1,1.0,18104875,16.99,2969.82791181,668.0,0.02070099,4.454479231650172
1426,9283923,Spot Grid,1,BTCEUR,1.0,20852042,15.97,267.67140903,227.0,0.0036703,4.453597167638139
1427,8624709,Spot Grid,1,LINKETH,1.0,31659133,10.02,66.71742734,2650.0,0.06757926,4.452493153239242
1428,8942645,Spot Grid,1,BTCUSDT,1.0,27501667,11.77,471.12479584,463.0,0.01519789,4.4523929664530755
1429,9253178,Spot Grid,1,ETHJPY,1.0,21468845,6.14,194.30839293,3310.0,0.01746192,4.451111591832771
1430,8992186,Spot Grid,1,ETHUSDC,1.0,26560893,12.61,87.16693694,519.0,0.01506569,4.45034772739832
1431,9370146,Spot Grid,1,BNBUSDT,1.0,19046372,18.89,100.24406336,386.0,0.01459128,4.449694080855865
1432,9290691,Spot Grid,1,DOGEUSDT,1.0,20764216,22.41,13.4508034,579.0,0.04492057,4.447554305362498
1433,8684123,Spot Grid,1,BTCUSDT,1.0,31026269,3.99,39.99168564,1707.0,0.01200372,4.447073443344961
1434,7513162,Spot Grid,1,BTCUSDT,1.0,44128118,1.49,14.99149824,206.0,0.02244268,4.447056462366216
1435,9355099,Spot Grid,1,BTCUSDC,1.0,19358690,18.7,23.39152138,171.0,0.01025365,4.441947292571795
1436,9442493,Spot Grid,1,ETHUSDT,1.0,17636807,18.94,37.98104883,597.0,0.01330397,4.441716153462515
1437,9370131,Spot Grid,1,BTCUSDT,1.0,19046562,15.66,187.9457812,755.0,0.00552062,4.441060283050394
1438,8689179,Spot Grid,1,BTCUSDT,1.0,30994881,4.03,40.34714973,1680.0,0.01181675,4.439661106814309
1439,8951952,Spot Grid,1,BTCUSDT,1.0,27344556,10.77,28.23607102,263.0,0.00317675,4.436654657249251
1440,9753742,Spot Grid,1,LTCUSDT,1.0,10696244,17.06,695.74149141,3869.0,0.04620457,4.435539740401291
1441,8946848,Spot Grid,1,BTCUSDT,1.0,27439848,10.97,31.83960147,596.0,0.01183928,4.434243865310469
1442,9732244,Spot Grid,1,SOLUSDC,1.0,11306934,17.89,125.27418157,1975.0,0.01042923,4.433610674964887
1443,9337300,Spot Grid,1,XRPUSDT,1.0,19803198,14.89,49.826885,1673.0,0.0237838,4.427844958655628
1444,9521297,Spot Grid,1,BTCUSDT,1.0,15798332,20.34,227.0684126,824.0,0.01945357,4.42748318585401
1445,8777189,Spot Grid,1,BNBETH,1.0,29948068,6.49,17.64758264,1738.0,0.02258603,4.42295039017354
1446,8948350,Spot Grid,1,BTCUSDT,1.0,27419110,8.14,24.43673135,1336.0,0.01247924,4.419363841494157
1447,9282741,Spot Grid,1,BNBUSDT,1.0,20867132,13.76,201.23086128,1326.0,0.01601882,4.417040139315055
1448,9230027,Spot Grid,1,CAKEUSDT,1.0,21975021,24.45,244.53829532,1846.0,0.09051039,4.4162927971723684
1449,9253901,Spot Grid,1,BTCUSDT,1.0,21458347,4.04,202.34738779,3284.0,0.00681873,4.416186933574733
1450,8954801,Spot Grid,1,BTCUSDT,1.0,27288786,10.3,36.05056948,796.0,0.01250575,4.416175566432146
1451,8649650,Spot Grid,1,BNBETH,1.0,31384105,6.09,41.38338444,585.0,0.00264633,4.413415751857032
1452,9545328,Spot Grid,1,SUIFDUSD,1.0,15262336,22.59,628.63584252,4142.0,0.10231729,4.413115302001398
1453,8957061,Spot Grid,1,BTCUSDT,1.0,27255149,11.43,34.29142852,240.0,0.00690728,4.41284492745114
1454,8949221,Spot Grid,1,BTCUSDT,1.0,27399907,12.68,19.9115574,115.0,0.01171928,4.411073388206433
1455,9495953,Spot Grid,1,BTCFDUSD,1.0,16547234,11.64,1070.56537837,1951.0,0.00393932,4.40972109942251
1456,9432287,Spot Grid,1,BTCJPY,1.0,17794725,9.37,14.81983425,2632.0,0.00586575,4.408772211256214
1457,9800704,Spot Grid,1,BTCUSDT,1.0,9484657,11.58,8109.804817,1680.0,0.00395501,4.408094621304164
1458,9091501,Spot Grid,1,BTCUSDT,1.0,24862502,5.57,44.61789135,2424.0,0.01111434,4.406785774182169
1459,9226280,Spot Grid,1,CAKEUSDT,1.0,22062655,24.22,225.29467448,1857.0,0.09015655,4.406421415305354
1460,8197277,Spot Grid,1,ETHBTC,1.0,36455071,0.49,13.88771783,1554.0,0.01431727,4.406421152150122
1461,7735034,Spot Grid,1,ETHUSDT,1.0,41604233,0.05,217.8654426,851.0,0.020108,4.406109417426425
1462,9453742,Spot Grid,1,SOLUSDC,1.0,17476649,18.92,36.01357518,221.0,0.00603739,4.404552079695018
1463,9620325,Spot Grid,1,BNBUSDT,1.0,13919891,8.01,2123.0323338,3320.0,0.00743727,4.404312986670828
1464,9451555,Spot Grid,1,ETHUSDC,1.0,17498287,18.02,1982.78272567,189.0,0.01061567,4.402657350249372
1465,9531774,Spot Grid,1,BTCU,1.0,15544995,13.16,86.8671437,2206.0,0.00884873,4.396294080616912
1466,9092528,Spot Grid,1,ETHUSDC,1.0,24839393,6.41,64.20114167,2370.0,0.01503221,4.39529563791798
1467,8698138,Spot Grid,1,BNBETH,1.0,30908764,7.4,16.28600816,1795.0,0.03401732,4.394424090533162
1468,9276506,Spot Grid,1,BTCUSDT,1.0,20995312,11.95,95.6276072,1645.0,0.01380915,4.39359499900257
1469,8890168,Spot Grid,1,BNBBTC,1.0,28311410,6.69,27.0328585,1470.0,0.01224242,4.393576986358944
1470,9639453,Spot Grid,1,XRPUSDC,1.0,13456500,17.13,43.01671916,1388.0,0.00426964,4.392447694565189
1471,9289828,Spot Grid,1,BTCUSDT,1.0,20774371,16.41,41.03171243,251.0,0.00762115,4.390537921670404
1472,9353027,Spot Grid,1,DOGEUSDT,1.0,19409017,20.44,16.35242369,535.0,0.02973479,4.390190118208714
1473,8944935,Spot Grid,1,ETHUSDT,1.0,27461336,12.78,51.1476894,113.0,0.01348869,4.390128540078614
1474,9033585,Spot Grid,1,ETHUSDT,1.0,25747110,7.71,1722.21968313,1314.0,0.01249534,4.3882326501638556
1475,9843978,Spot Grid,1,FETUSDT,1.0,8001178,21.73,325.9641023,2049.0,0.02173864,4.388100603466976
1476,9297884,Spot Grid,1,BTCUSDC,1.0,20626833,13.85,69.29130832,896.0,0.00703062,4.384111434703231
1477,9293923,Spot Grid,1,DOGEUSDT,1.0,20705695,17.71,17.71861712,840.0,0.0271183,4.3822031776164305
1478,9261577,Spot Grid,1,DOGEUSDT,1.0,21296307,17.13,17.13759195,1410.0,0.03866504,4.378727506078894
1479,9684262,Spot Grid,1,XRPUSDC,1.0,12650636,8.15,106.96263175,3923.0,0.00623995,4.377605234542818
1480,6463419,Spot Grid,1,NEARUSDT,1.0,56078194,3.95,19.77581339,1649.0,0.12038986,4.376130834760303
1481,9257705,Spot Grid,1,ETHUSDT,1.0,21377388,9.08,90.82198133,2281.0,0.0140497,4.371628865555985
1482,8901128,Spot Grid,1,ETHUSDT,1.0,28148425,3.53,1028.30019325,2101.0,0.01369926,4.369994641142533
1483,8723762,Spot Grid,1,BTCUSDT,1.0,30706365,2.32,33.83085041,1893.0,0.00852867,4.369194418187725
1484,9285560,Spot Grid,1,BTCUSDT,1.0,20831892,12.84,97.70674142,883.0,0.00294834,4.366749495126956
1485,9929487,Spot Grid,1,DOGEUSDT,1.0,4596206,35.73,84.25727382,215.0,0.04462653,4.366374948669348
1486,9651681,Spot Grid,1,SOLUSDT,1.0,13214857,23.18,280.20393852,462.0,0.01907338,4.3650716708877075
1487,8898072,Spot Grid,1,PEPEUSDT,1.0,28201918,3.69,16.98718336,4416.0,0.05880934,4.364315875139253
1488,9281823,Spot Grid,1,SOLBNB,1.0,20879798,11.46,3342.67797275,646.0,0.00739566,4.363751994890537
1489,9274958,Spot Grid,1,BTCUSDC,1.0,21026742,16.94,18.3309911,368.0,0.01508245,4.362567160437333
1490,9359590,Spot Grid,1,BTCEUR,1.0,19246547,17.18,57.61238985,201.0,0.00547114,4.362166015180686
1491,9098803,Spot Grid,1,ETHUSDT,1.0,24676194,0.19,44.37271604,4171.0,0.01964617,4.361717290294835
1492,8957926,Spot Grid,1,SOLFDUSD,1.0,27239990,5.99,119.85370655,2812.0,0.03406003,4.359765924974636
1493,9823124,Spot Grid,1,SOLUSDT,1.0,8706868,32.57,32.57311343,207.0,0.04476738,4.358962790924684
1494,9408225,Spot Grid,1,XRPUSDC,1.0,18309700,17.63,90.51627031,1276.0,0.02699501,4.358363656407474
1495,8908606,Spot Grid,1,SOLUSDT,1.0,27765831,15.73,157.33347907,266.0,0.0360579,4.356753157408308
1496,9434035,Spot Grid,1,BTCUSDT,1.0,17771102,14.1,143.04423704,1815.0,0.01715809,4.35563610644591
1497,9482009,Spot Grid,1,SOLUSDT,1.0,16870217,17.02,699.55656417,807.0,0.01085392,4.354857198174117
1498,9422855,Spot Grid,1,BTCUSDT,1.0,17965737,15.24,2221.70084584,948.0,0.01663666,4.354120531632233
1499,9022400,Spot Grid,1,PEPEUSDT,1.0,25934815,19.99,34.43568825,710.0,0.06042118,4.353879369633308
1500,8850475,Spot Grid,1,ETHUSDT,1.0,28834763,11.17,33.53540259,263.0,0.01510481,4.353453057461403
1501,8965419,Spot Grid,1,BTCUSDT,1.0,27109551,8.14,56.99887479,1137.0,0.00977616,4.353062707418796
1502,9196215,Spot Grid,1,ETHUSDT,1.0,22687037,8.37,82.86267566,2284.0,0.01656708,4.3521559419316995
1503,8484919,Spot Grid,1,BNBFDUSD,1.0,33326332,0.93,37.4853918,2262.0,0.02065924,4.351459489689905
1504,9292151,Spot Grid,1,BTCUSDT,1.0,20738853,17.17,22.65851774,65.0,0.0091764,4.351257877909812
1505,9485677,Spot Grid,1,AVAXUSDT,1.0,16788232,16.69,62.64279194,1392.0,0.0179928,4.350029412058239
1506,9461468,Spot Grid,1,SOLUSDC,1.0,17354819,17.26,123.88913468,1106.0,0.01801806,4.344553191158971
1507,7453725,Spot Grid,1,FETUSDT,1.0,44573567,5.4,29.75055404,587.0,0.05799841,4.34454730641438
1508,9675006,Spot Grid,1,WIFUSDT,1.0,12828134,20.43,216.4887195,1981.0,0.03508572,4.342542964867827
1509,9279822,Spot Grid,1,BTCUSDC,1.0,20924303,12.9,35.43274674,1161.0,0.01024228,4.341624192092251
1510,9715486,Spot Grid,1,ASTERUSDT,1.0,11808124,16.21,46.00972554,1806.0,0.00311131,4.341072947974303
1511,9702086,Spot Grid,1,SOLUSDT,1.0,12240816,21.55,322.12602152,1121.0,0.02145071,4.332629684134412
1512,9511608,Spot Grid,1,SOLBTC,1.0,16080446,7.99,13768.76981939,136.0,0.01198005,4.332396355313008
1513,8820169,Spot Grid,1,XLMUSDC,1.0,29333592,21.19,40.70918409,194.0,0.07152908,4.33153875400447
1514,8753512,Spot Grid,1,FETUSDC,1.0,30300187,23.71,118.62333546,1017.0,0.10740341,4.328084828454172
1515,9300211,Spot Grid,1,LINKETH,1.0,20588592,12.55,524.27475633,1077.0,0.00819284,4.327579049122618
1516,8991312,Spot Grid,1,BTCUSDC,1.0,26574843,11.01,38.57192001,461.0,0.0098823,4.326107863333842
1517,9674574,Spot Grid,1,BNBUSDT,1.0,12836344,5.29,135.81048015,4654.0,0.00911172,4.3249434193987195
1518,9507323,Spot Grid,1,BTCUSDT,1.0,16185369,20.26,1163.76187591,295.0,0.01844177,4.3242480938740036
1519,9478296,Spot Grid,1,ETHUSDC,1.0,16938551,17.19,87.74595141,766.0,0.00942136,4.32102356455257
1520,8401714,Spot Grid,1,SOLETH,1.0,34149140,8.33,67.48593507,629.0,0.03155506,4.319659005320904
1521,8774581,Spot Grid,1,BNBETH,1.0,29995668,5.8,88.69652581,1744.0,0.0237324,4.317718576924853
1522,9355705,Spot Grid,1,BNBUSDT,1.0,19344002,16.54,103.6997453,900.0,0.01921452,4.317267043514215
1523,9818638,Spot Grid,1,BTCU,1.0,8860753,23.41,256.37994769,1032.0,0.01562004,4.3161993129924845
1524,9808781,Spot Grid,1,DOGEUSDT,1.0,9217077,14.38,28.76313974,3859.0,0.02642802,4.314676922969694
1525,9822743,Spot Grid,1,BTCUSDT,1.0,8722054,25.35,304.2083427,483.0,0.01435375,4.314227937557981
1526,9805719,Spot Grid,1,ICPUSDT,1.0,9321135,26.14,232.66578935,575.0,0.02282835,4.313930347624809
1527,9306171,Spot Grid,1,BTCUSDT,1.0,20456439,15.36,122.94237992,350.0,0.0061584,4.312692936631426
1528,8788104,Spot Grid,1,ETHUSDT,1.0,29781153,9.73,38.92781178,281.0,0.01340403,4.310488199111152
1529,9618297,Spot Grid,1,SOLUSDT,1.0,13959291,20.3,97.44321009,519.0,0.00900405,4.309217602206964
1530,8886084,Spot Grid,1,UNIUSDC,1.0,28372022,21.45,43.1288504,231.0,0.07055084,4.308783399053056
1531,9807833,Spot Grid,1,LUNAUSDT,1.0,9250066,28.04,12.6214313,188.0,0.02383243,4.30821539833783
1532,8682390,Spot Grid,1,BNBETH,1.0,31034817,4.7,38.33535806,1666.0,0.02064232,4.307833683662623
1533,9754677,Spot Grid,1,DOGEUSDT,1.0,10675703,18.34,18.34882059,1459.0,0.00391033,4.304549514052478
1534,8052411,Spot Grid,1,ETHUSDT,1.0,38013544,3.45,69.02452595,578.0,0.02091662,4.30422606668429
1535,8970042,Spot Grid,1,BTCUSDT,1.0,27016542,11.14,94.78855547,338.0,0.01119493,4.300554791130852
1536,8851594,Spot Grid,1,BNBBTC,1.0,28821345,10.1,23.48304797,272.0,0.01145745,4.300498948692198
1537,9272092,Spot Grid,1,BTCUSDT,1.0,21043385,10.24,81.9503986,1718.0,0.00987418,4.30039300146821
1538,9415645,Spot Grid,1,BNBUSD1,1.0,18102979,17.43,2084.62742892,684.0,0.02509071,4.300018480454993
1539,8959828,Spot Grid,1,BTCUSDT,1.0,27199307,9.6,38.72972917,780.0,0.01266086,4.299329173299013
1540,8960835,Spot Grid,1,BTCFDUSD,1.0,27180326,0.08,534.2289486,3185.0,0.01391402,4.29929033120871
1541,8944284,Spot Grid,1,BTCUSDT,1.0,27471026,9.3,37.20985684,785.0,0.01231818,4.298342683009522
1542,8053398,Spot Grid,1,ETHUSDT,1.0,38005808,4.29,11.02684004,483.0,0.0234486,4.2973462299855525
1543,9627899,Spot Grid,1,SOLBTC,1.0,13742072,1.94,35.46324024,5461.0,0.01234707,4.2965860221455765
1544,9666848,Spot Grid,1,SOLUSDC,1.0,12987251,23.25,465.28120886,283.0,0.01844308,4.295487100804414
1545,9799438,Spot Grid,1,BTCUSDT,1.0,9531732,14.11,169.37685374,2805.0,0.00552691,4.2945617313922915
1546,9800380,Spot Grid,1,BTCUSDT,1.0,9496039,14.06,235.9346027,2801.0,0.00545519,4.2921514108764605
1547,9265719,Spot Grid,1,XRPUSDT,1.0,21218625,18.39,22.07680359,204.0,0.02322926,4.291810341416796
1548,9055697,Spot Grid,1,ETHUSDT,1.0,25174471,7.66,383.17379386,1668.0,0.01430255,4.2904963474507
1549,9219693,Spot Grid,1,PENGUUSDT,1.0,22209584,33.97,16.98579818,55.0,0.10961413,4.290179304296466
1550,9278373,Spot Grid,1,BNBUSD1,1.0,20952228,7.62,106.67386997,2581.0,0.01396251,4.289680791929852
1551,9798902,Spot Grid,1,BTCUSDT,1.0,9547903,14.04,168.5071757,2806.0,0.0055248,4.287213038988447
1552,8905254,Spot Grid,1,BNBETH,1.0,28094054,10.23,13.89589859,509.0,0.01463575,4.285291436823639
1553,9342835,Spot Grid,1,BTCUSDC,1.0,19662547,14.34,234.20202525,997.0,0.01257072,4.284633529754009
1554,9266995,Spot Grid,1,LTCUSDC,1.0,21192519,18.73,374.71732629,329.0,0.02973133,4.284471227485353
1555,8684077,Spot Grid,1,ETHUSDT,1.0,31026483,7.62,38.10949577,584.0,0.01470175,4.282725637818448
1556,9813942,Spot Grid,1,BTCUSDT,1.0,9038385,14.95,161.54813289,2672.0,0.00564466,4.282515243110831
1557,9713475,Spot Grid,1,SOLUSDC,1.0,11867610,22.9,144.9255492,1047.0,0.02680215,4.28194399708303
1558,8379338,Spot Grid,1,LINKETH,1.0,34465170,8.11,33.05591409,531.0,0.03097951,4.281616245033075
1559,8948236,Spot Grid,1,BTCUSDT,1.0,27421026,7.44,22.85092132,1284.0,0.01313054,4.280380978682346
1560,8942047,Spot Grid,1,BTCUSDT,1.0,27510892,9.36,35.59097431,745.0,0.01268381,4.2803796846780875
1561,9465924,Spot Grid,1,XRPUSDT,1.0,17263971,20.37,22.41599467,629.0,0.02668,4.278711041592341
1562,9310550,Spot Grid,1,XRPUSDT,1.0,20354176,5.22,725.74135698,3099.0,0.01288794,4.27791070191492
1563,9847164,Spot Grid,1,SOLUSDT,1.0,7904534,27.28,272.89531368,323.0,0.01935416,4.277400263510679
1564,9398658,Spot Grid,1,BTCUSDT,1.0,18509055,14.03,2240.10600767,634.0,0.00895598,4.275262618406724
1565,8995055,Spot Grid,1,BNBETH,1.0,26487065,14.88,15.2073157,358.0,0.03044806,4.274778432287023
1566,9856155,Spot Grid,1,BTCUSDT,1.0,7552805,17.77,183.71300371,2228.0,0.00577152,4.274439663722006
1567,9183424,Spot Grid,1,ETHUSDT,1.0,22856323,3.5,105.05379807,3407.0,0.01765127,4.274023096257084
1568,9453180,Spot Grid,1,FETUSDC,1.0,17482572,30.16,40.73557595,179.0,0.07197415,4.273478748184949
1569,8965994,Spot Grid,1,BTCUSDT,1.0,27097732,10.42,53.67952868,444.0,0.01073744,4.273057056591376
1570,9129697,Spot Grid,1,SOLBNB,1.0,23863146,14.15,52.04773023,410.0,0.01674189,4.269417504968793
1571,9020594,Spot Grid,1,SUPERUSDT,1.0,25931644,13.48,66.71610639,1000.0,0.03460115,4.266287389027449
1572,8953607,Spot Grid,1,ETHUSDT,1.0,27311065,4.25,46.58878286,2512.0,0.02188164,4.2660535772570185
1573,8874464,Spot Grid,1,BNBETH,1.0,28526190,9.08,46.31735715,403.0,0.0089521,4.264415602010446
1574,8954311,Spot Grid,1,ETHUSDT,1.0,27299221,10.88,217.7212413,366.0,0.01380277,4.260775273136259
1575,9758499,Spot Grid,1,BTCUSDT,1.0,10594634,23.28,279.45976573,681.0,0.01728669,4.259584772361897
1576,9311380,Spot Grid,1,XRPUSDT,1.0,20339111,4.99,874.15443895,3088.0,0.01283461,4.259506311518111
1577,8656490,Spot Grid,1,BNBETH,1.0,31320102,5.04,43.93652025,572.0,0.00257488,4.2587973383414495
1578,9763626,Spot Grid,1,SOLUSDT,1.0,10487443,18.39,91.95989163,1924.0,0.01544915,4.258407420980773
1579,8451182,Spot Grid,1,UNIUSDT,1.0,33583085,7.04,42.29284372,4289.0,0.10185748,4.258011363891557
1580,9271354,Spot Grid,1,BTCUSDT,1.0,21104483,12.22,183.34574998,1190.0,0.01220397,4.253523012715137
1581,9111674,Spot Grid,1,SOLBNB,1.0,24314974,8.42,110.62427175,1951.0,0.02091888,4.252019235693016
1582,9283597,Spot Grid,1,XRPUSDC,1.0,20857425,16.38,635.5907107,1454.0,0.04189074,4.251884918137405
1583,9733994,Spot Grid,1,ETHUSDT,1.0,11249134,19.01,570.3616785,1394.0,0.01363175,4.2512708328187365
1584,8960394,Spot Grid,1,BTCJPY,1.0,27188557,8.72,22.08127565,930.0,0.01291013,4.248959158897417
1585,8495839,Spot Grid,1,TRXUSDC,1.0,33220291,3.39,14.00399376,1123.0,0.01357384,4.248777179833126
1586,9620653,Spot Grid,1,SOLUSDT,1.0,13914019,20.66,41.3292319,1026.0,0.02367467,4.248070790467784
1587,8421675,Spot Grid,1,SOLETH,1.0,33875561,3.49,15.19736636,1436.0,0.02361357,4.247205083256524
1588,9357439,Spot Grid,1,DOGEUSDT,1.0,19304429,20.13,11.30877492,425.0,0.0310075,4.246544407641874
1589,8660117,Spot Grid,1,BNBETH,1.0,31277580,5.03,45.88698545,568.0,0.00279444,4.245585568526874
1590,9760262,Spot Grid,1,BTCUSDT,1.0,10552587,23.25,279.02273976,670.0,0.01729005,4.2450883246147875
1591,9466317,Spot Grid,1,ETHUSDC,1.0,17254753,17.82,89.13179505,438.0,0.01040783,4.243354464287355
1592,8777203,Spot Grid,1,BNBETH,1.0,29947882,5.34,41.23076759,1739.0,0.0236685,4.242836305334484
1593,9838232,Spot Grid,1,ZECUSDT,1.0,8171305,69.05,103.58281208,478.0,0.25301632,4.239415304206886
1594,9415726,Spot Grid,1,BNBUSD1,1.0,18101487,16.56,2038.64944824,734.0,0.02358355,4.239295527227316
1595,9652316,Spot Grid,1,DOGEFDUSD,1.0,13205231,9.25,18.50688525,4638.0,0.03485921,4.239265651279565
1596,9415727,Spot Grid,1,BNBFDUSD,1.0,18101459,16.71,2028.63157458,688.0,0.02343723,4.237859703249295
1597,9379754,Spot Grid,1,BTCUSDT,1.0,18840382,15.78,94.56335558,506.0,0.00788765,4.2334142599341416
1598,9761254,Spot Grid,1,SOLUSDT,1.0,10527977,21.43,814.50322441,422.0,0.00531233,4.230634250983687
1599,9617681,Spot Grid,1,BTCUSDT,1.0,13973820,3.84,57.61235581,4428.0,0.00477668,4.227306468910619
1600,9770458,Spot Grid,1,ZECUSDC,1.0,10328809,36.36,175.30456463,184.0,0.07798234,4.227167958345287
1601,8849964,Spot Grid,1,ETHUSDT,1.0,28842343,9.98,99.8657624,498.0,0.01901651,4.227009956662123
1602,9415737,Spot Grid,1,BNBUSDC,1.0,18101294,16.65,1934.47983764,725.0,0.02390149,4.225542589233834
1603,9703184,Spot Grid,1,SUIUSDT,1.0,12209030,30.75,30.75071486,42.0,0.05167275,4.224631846395377
1604,9296143,Spot Grid,1,BTCUSDT,1.0,20667622,13.48,154.99650182,473.0,0.00312147,4.223521992729759
1605,9685718,Spot Grid,1,RUNEUSDT,1.0,12620396,22.51,1773.2947512,1608.0,0.05052155,4.222384807959853
1606,9415736,Spot Grid,1,BNBUSDT,1.0,18101313,16.68,1932.43066822,718.0,0.02405633,4.221827350705505
1607,8974163,Spot Grid,1,BTCUSDT,1.0,26951996,9.77,977.16953253,335.0,0.01111536,4.220404853474236
1608,8920395,Spot Grid,1,BNBETH,1.0,27862269,10.76,19.00383857,367.0,0.01635465,4.215894957966553
1609,8057969,Spot Grid,1,ETHUSDT,1.0,37974020,2.83,43.06962978,576.0,0.02073993,4.215565559329694
1610,9839558,Spot Grid,1,SOLUSDT,1.0,8133265,25.43,92.09279719,205.0,0.00930966,4.214451088468108
1611,9446919,Spot Grid,1,DOGEUSDT,1.0,17552579,20.2,16.76906399,881.0,0.03504898,4.209917571234702
1612,9487435,Spot Grid,1,SOLUSDT,1.0,16748054,17.88,843.75349393,1085.0,0.02755225,4.208189200674852
1613,8951899,Spot Grid,1,BTCUSDT,1.0,27345260,9.15,104.39720913,764.0,0.01452601,4.207091665690481
1614,8969846,Spot Grid,1,ARBUSDT,1.0,27021052,20.52,30.762902,200.0,0.06309238,4.206073737422562
1615,9535520,Spot Grid,1,BTCUSDC,1.0,15474983,12.69,4442.83932692,884.0,0.00807539,4.205441418730548
1616,8657706,Spot Grid,1,BNBETH,1.0,31309181,4.91,34.63861677,538.0,0.00327857,4.203301806409837
1617,9918676,Spot Grid,1,TSTUSDT,1.0,4934963,9.29,44.89020189,7608.0,0.06421363,4.20154267759964
1618,9598700,Spot Grid,1,SOLUSDT,1.0,14347516,19.99,999.62007659,362.0,0.01463942,4.200808040173843
1619,9820062,Spot Grid,1,BTCU,1.0,8777826,22.66,242.74203072,822.0,0.01143582,4.19699533599404
1620,9862952,Spot Grid,1,BTCUSDT,1.0,7260990,17.51,262.72269544,2183.0,0.0056695,4.196909881834922
1621,8311002,Spot Grid,1,BNBFDUSD,1.0,35288595,7.2,17.9903422,291.0,0.02781479,4.195703247158915
1622,9582920,Spot Grid,1,ETHUSDT,1.0,14650080,9.78,2069.52489421,2552.0,0.01212157,4.195161003694398
1623,9255254,Spot Grid,1,SOLFDUSD,1.0,21430404,8.67,49.41509216,1970.0,0.01240802,4.193157377740551
1624,9765724,Spot Grid,1,BTCUSDT,1.0,10437924,16.43,328.63011076,1727.0,0.00420414,4.192588130634907
1625,9673082,Spot Grid,1,LINKUSDT,1.0,12866819,17.86,535.60531682,816.0,0.0042027,4.192587655353803
1626,9287155,Spot Grid,1,XRPUSDT,1.0,20805319,11.48,242.2064454,2206.0,0.03115417,4.191769669335617
1627,8943817,Spot Grid,1,BNBFDUSD,1.0,27479528,10.08,100.76130938,417.0,0.01362732,4.187219895776435
1628,9466125,Spot Grid,1,BTCFDUSD,1.0,17255420,11.09,164.6421685,1968.0,0.00870217,4.184525595640659
1629,9058476,Spot Grid,1,BNBETH,1.0,25276913,8.89,120.03977252,1696.0,0.02507278,4.18189391403696
1630,9604599,Spot Grid,1,SOLUSDC,1.0,14268971,19.98,99.97426549,305.0,0.00919488,4.1814214709550965
1631,9253807,Spot Grid,1,SOLBNB,1.0,21459964,13.7,45.14608319,236.0,0.00382904,4.181299234444513
1632,8658552,Spot Grid,1,BNBETH,1.0,31299766,4.71,63.93628641,537.0,0.00315833,4.181267690137323
1633,8957135,Spot Grid,1,BTCUSDT,1.0,27254133,9.12,38.90149898,697.0,0.01337403,4.178307913164371
1634,9691804,Spot Grid,1,PEPEUSDC,1.0,12491608,14.1,14.10857877,2261.0,0.01056864,4.17624379192804
1635,9751128,Spot Grid,1,ETHUSDT,1.0,10756968,17.89,1030.29042621,1343.0,0.00971231,4.175899715183868
1636,8926844,Spot Grid,1,BNBUSDT,1.0,27760453,10.93,21.86088527,160.0,0.01412336,4.175102023082195
1637,8049394,Spot Grid,1,ETHUSDT,1.0,38037039,2.47,30.39353474,578.0,0.02064817,4.174936680538107
1638,9310566,Spot Grid,1,XRPUSDT,1.0,20353888,4.89,255.54988591,3104.0,0.01293334,4.174214816996271
1639,9263303,Spot Grid,1,BTCUSDT,1.0,21169914,14.64,43.94490568,149.0,0.00628833,4.171295276927748
1640,8996483,Spot Grid,1,SOLFDUSD,1.0,26471903,1.24,124.172127,3424.0,0.02533026,4.171102255264532
1641,9277764,Spot Grid,1,BNBUSDT,1.0,20963090,10.93,217.54529807,1177.0,0.0078187,4.169423100854221
1642,9018349,Spot Grid,1,BTCUSDT,1.0,26012553,11.06,28.09395113,135.0,0.00710529,4.1691532340613495
1643,9582264,Spot Grid,1,SUIUSDT,1.0,14658906,33.7,146.82830909,223.0,0.08498375,4.168154313577917
1644,9263969,Spot Grid,1,ETHUSDT,1.0,21259443,6.06,17.04335484,2148.0,0.00200615,4.167942880850351
1645,8749416,Spot Grid,1,LINKBTC,1.0,30376118,14.9,96.78985258,355.0,0.05183927,4.167680681914855
1646,9308231,Spot Grid,1,BTCUSDC,1.0,20413482,13.31,84.51708651,464.0,0.0028803,4.165551073410587
1647,8931677,Spot Grid,1,PEPEFDUSD,1.0,27681113,21.0,16.36681316,372.0,0.07375589,4.164987586330676
1648,8942217,Spot Grid,1,BTCUSDT,1.0,27508500,8.02,32.08072479,909.0,0.01342904,4.1649319473790465
1649,9285949,Spot Grid,1,DOGEUSDT,1.0,20826721,15.44,679.11394166,1087.0,0.03269764,4.161677349304117
1650,9459826,Spot Grid,1,ETHUSDT,1.0,17388581,18.49,27.74562216,249.0,0.01364124,4.160964830632665
1651,9404785,Spot Grid,1,BTCUSDT,1.0,18387909,15.85,216.06413829,963.0,0.01976299,4.155417387838227
1652,9589652,Spot Grid,1,NEIROUSDC,1.0,14509439,19.08,17.83647728,1099.0,0.02273108,4.1550991764834215
1653,8955464,Spot Grid,1,BTCUSDT,1.0,27277555,0.63,13.38748745,3280.0,0.02254833,4.152955474059959
1654,9427609,Spot Grid,1,BNBUSDC,1.0,17870160,18.57,398.26745179,130.0,0.01584882,4.152913563753515
1655,9279667,Spot Grid,1,BTCUSDT,1.0,20927664,7.06,4325.77681659,1078.0,0.00618556,4.15290568395996
1656,9846246,Spot Grid,1,SOLUSDT,1.0,7937205,23.49,689.31652056,455.0,0.00870437,4.1524872228674505
1657,9327099,Spot Grid,1,BNBUSDT,1.0,20031254,12.99,1299.20447807,367.0,0.0043557,4.148975947595333
1658,8936846,Spot Grid,1,ETHEUR,1.0,27592021,5.61,188.32459255,1723.0,0.01926438,4.148956193270852
1659,8574814,Spot Grid,1,BNBBTC,1.0,32307587,4.61,290.6602025,942.0,0.01796274,4.148677274060128
1660,8425515,Spot Grid,1,SOLETH,1.0,33835761,2.74,50.6375773,1431.0,0.02339512,4.148123173332817
1661,9606064,Spot Grid,1,ETHFDUSD,1.0,14238330,16.88,53.14644034,1283.0,0.0138916,4.148016931260889
1662,8942144,Spot Grid,1,ETHUSDC,1.0,27509717,10.14,101.50350073,342.0,0.01411987,4.146932765422847
1663,7357081,Spot Grid,1,BTCFDUSD,1.0,27462595,11.6,14.49744317,135.0,0.01738224,4.139441271437125
1664,9869277,Spot Grid,1,DOGEUSDT,1.0,7003401,23.05,2075.51929305,1525.0,0.03262124,4.138813451869561
1665,9296740,Spot Grid,1,BNBUSDT,1.0,20652913,15.66,62.67913119,210.0,0.01236209,4.138559728885785
1666,9337486,Spot Grid,1,BTCUSDT,1.0,19797727,12.65,18.9763147,1404.0,0.017328,4.13714244972181
1667,9455618,Spot Grid,1,BTCJPY,1.0,17457064,7.96,25.39468609,2567.0,0.00629724,4.137092269444073
1668,9515740,Spot Grid,1,ETHUSDC,1.0,15974947,22.15,110.80845655,201.0,0.02802134,4.136522740331579
1669,8949484,Spot Grid,1,BTCUSDT,1.0,27393329,7.29,1750.0781351,651.0,0.01347899,4.13604334958359
1670,9781637,Spot Grid,1,BTCUSDT,1.0,10019058,21.18,211.8694002,743.0,0.00934444,4.133945148323975
1671,9451102,Spot Grid,1,XRPUSDT,1.0,17502648,16.44,34.92723135,651.0,0.01262292,4.131818090909975
1672,9765529,Spot Grid,1,LTCUSDT,1.0,10443096,21.5,322.52328018,789.0,0.01457713,4.1307935300601235
1673,9283907,Spot Grid,1,BNBFDUSD,1.0,20852445,13.58,67.87743048,321.0,0.00455625,4.129872329096169
1674,9827177,Spot Grid,1,SOLUSDT,1.0,8554807,30.76,20.94967068,195.0,0.04319471,4.1275091410561355
1675,9286459,Spot Grid,1,XRPUSDT,1.0,20817014,9.56,567.39474818,2278.0,0.02649039,4.127091797960179
1676,9407617,Spot Grid,1,BTCUSDT,1.0,18326935,10.56,1351.17379392,1418.0,0.00717219,4.12665348956478
1677,9946436,Spot Grid,1,CATIUSDT,1.0,3936417,41.82,1254.87982788,491.0,0.09672183,4.124167711024036
1678,9093646,Spot Grid,1,ETHUSDC,1.0,24808953,12.93,331.4984311,245.0,0.01791408,4.1235310981800515
1679,9818154,Spot Grid,1,ETHUSDT,1.0,8880444,10.18,203.75471002,4071.0,0.01526589,4.118579723642338
1680,8939748,Spot Grid,1,BTCUSDT,1.0,27538736,8.51,170.25977673,465.0,0.00943843,4.118081436588292
1681,9349551,Spot Grid,1,BNBUSDT,1.0,19495736,15.9,98.58335029,412.0,0.01407159,4.116546439801084
1682,8986711,Spot Grid,1,LTCUSDT,1.0,26665621,9.61,100.9456148,979.0,0.02231995,4.116197949721842
1683,8848842,Spot Grid,1,ETHUSDT,1.0,28860347,7.82,27.00904584,743.0,0.01655691,4.115586362281655
1684,8948653,Spot Grid,1,BTCUSDT,1.0,27413010,9.65,30.5899137,305.0,0.01113958,4.115508510227895
1685,9827118,Spot Grid,1,SOLUSDT,1.0,8558811,30.57,20.77279502,195.0,0.04271132,4.11405990423993
1686,9319629,Spot Grid,1,BTCUSDC,1.0,20163437,13.02,130.23797953,474.0,0.00274198,4.113992255624403
1687,9396950,Spot Grid,1,BTCUSDT,1.0,18528066,11.31,78.95485861,1480.0,0.0074814,4.112308061227219
1688,9824298,Spot Grid,1,SOLUSDT,1.0,8677026,30.67,30.67911371,202.0,0.04403773,4.112197839622415
1689,9838329,Spot Grid,1,ZECUSDT,1.0,8169641,66.16,132.33040762,476.0,0.2425259,4.109281875879839
1690,8218603,Spot Grid,1,ETHBTC,1.0,36264365,3.64,12.63917731,504.0,0.02046323,4.109043188412062
1691,8992091,Spot Grid,1,BNBETH,1.0,26562750,7.71,27.58799352,1952.0,0.03200723,4.108325687121997
1692,9265669,Spot Grid,1,BTCUSDC,1.0,21219686,10.9,163.63683646,890.0,0.00495235,4.105926396347461
1693,8934139,Spot Grid,1,BTCJPY,1.0,27632779,8.05,27.84063195,754.0,0.01322087,4.105238375240263
1694,8936634,Spot Grid,1,SOLEUR,1.0,27594991,11.27,62.96423097,331.0,0.02193963,4.104551759001113
1695,9367170,Spot Grid,1,BTCUSDT,1.0,19104382,14.28,128.56589458,653.0,0.00928583,4.104108944419633
1696,9582176,Spot Grid,1,PEPEUSDT,1.0,14660172,8.05,32.88271828,3300.0,0.01176701,4.102581478361485
1697,9295928,Spot Grid,1,BTCUSDC,1.0,20672008,9.41,128.42883521,1423.0,0.00570222,4.102207908168425
1698,9825302,Spot Grid,1,SOLUSDT,1.0,8635853,30.5,20.03771875,198.0,0.0432173,4.101610096991586
1699,9738576,Spot Grid,1,BTCUSDT,1.0,11100615,1.76,22.43901487,5341.0,0.00530809,4.101313582624415
1700,9275966,Spot Grid,1,BTCUSDT,1.0,21008232,9.2,493.08345243,2003.0,0.02023578,4.099741679591945
1701,9265549,Spot Grid,1,BTCEUR,1.0,21221798,12.76,71.28386986,818.0,0.01339472,4.099634533051393
1702,9266515,Spot Grid,1,ADAFDUSD,1.0,21203239,21.45,69.24799121,1180.0,0.06852142,4.0996013175197525
1703,9839040,Spot Grid,1,SOLEUR,1.0,8151244,24.86,111.84317618,763.0,0.02290282,4.096726133254263
1704,9999184,Spot Grid,1,SUIUSDC,1.0,2759341,33.36,315.80094917,278.0,0.03719322,4.095870587751183
1705,9429464,Spot Grid,1,BNBUSDC,1.0,17836966,9.94,1989.54278272,1543.0,0.00885494,4.095719855099395
1706,9512220,Spot Grid,1,BTCUSDT,1.0,16068380,19.31,184.3467883,295.0,0.01718731,4.088181894040624
1707,8908581,Spot Grid,1,BTCUSDT,1.0,28043921,9.4,14.1148272,192.0,0.01111914,4.087466677425714
1708,9973384,Spot Grid,1,SUIUSDT,1.0,3506070,36.98,37.2786185,24.0,0.05373782,4.087196275916045
1709,8066718,Spot Grid,1,ETHBTC,1.0,37910647,1.04,270.34869278,804.0,0.02199065,4.08299285545538
1710,9952245,Spot Grid,1,SUIUSDT,1.0,3855720,35.07,110.37344608,226.0,0.04960802,4.0827530591303285
1711,8933011,Spot Grid,1,ETHUSDT,1.0,27655472,1.68,45.50366901,2488.0,0.01621593,4.080820260427525
1712,9751846,Spot Grid,1,XRPUSDT,1.0,10743168,18.53,148.24557783,1521.0,0.01620526,4.080796463793453
1713,8974055,Spot Grid,1,BTCUSDT,1.0,26953872,9.72,35.36572907,335.0,0.01162795,4.080436825069395
1714,8791529,Spot Grid,1,BNBUSDT,1.0,29726519,0.97,331.7633518,1998.0,0.0123203,4.08002878844189
1715,9824712,Spot Grid,1,SOLUSDT,1.0,8662946,30.43,30.43645332,199.0,0.04390438,4.07970756506423
1716,8995950,Spot Grid,1,BNBETH,1.0,26478250,11.51,29.38645897,975.0,0.03296572,4.078813239232174
1717,9449156,Spot Grid,1,PEPEUSDT,1.0,17524738,22.49,25.87039396,1000.0,0.05531379,4.078279180638038
1718,9410082,Spot Grid,1,BTCUSDC,1.0,18260932,16.17,45.1066501,122.0,0.00542577,4.077570084506709
1719,9626095,Spot Grid,1,PENGUUSDC,1.0,13788799,22.3,346.17894782,1564.0,0.05202521,4.074771708226043
1720,9484334,Spot Grid,1,BTCUSDT,1.0,16813703,12.99,287.41773928,1286.0,0.0079348,4.071970721210507
1721,8789543,Spot Grid,1,BNBUSDT,1.0,29762620,0.98,164.9800751,2019.0,0.01245295,4.071637014538705
1722,9709505,Spot Grid,1,PEPEUSDT,1.0,11989999,22.21,44.43876597,3237.0,0.07782709,4.071299641484287
1723,8974765,Spot Grid,1,BTCUSDT,1.0,26940906,9.49,94.95685745,335.0,0.01104711,4.069810672279569
1724,9001215,Spot Grid,1,ETHUSDC,1.0,26391495,10.18,61.11477147,375.0,0.01315773,4.069540739588907
1725,9437984,Spot Grid,1,BTCUSDT,1.0,17727998,17.91,129.8784161,578.0,0.02310243,4.068883214415994
1726,8510030,Spot Grid,1,BNBUSDT,1.0,33059418,1.97,35.48202935,1703.0,0.02474865,4.068224022563331
1727,9274338,Spot Grid,1,SOLUSDT,1.0,21035203,9.28,234.64151491,1422.0,0.00881396,4.058747443017434
1728,9239317,Spot Grid,1,CAKEUSDT,1.0,21756882,28.75,77.64678199,147.0,0.09070652,4.057744423729549
1729,9179179,Spot Grid,1,ETHUSDT,1.0,22943863,12.51,125.19075998,639.0,0.01756409,4.05765064769761
1730,9833617,Spot Grid,1,ETHUSDT,1.0,8307618,23.77,84.87480794,997.0,0.0239946,4.057479598990712
1731,9798163,Spot Grid,1,SHIBUSDT,1.0,9564157,20.7,14.82273296,1047.0,0.01326851,4.057335251299886
1732,8993194,Spot Grid,1,ETHUSDT,1.0,26534688,9.19,37.69614905,833.0,0.01853793,4.054194419693209
1733,9043447,Spot Grid,1,BTCUSDT,1.0,25552606,2.14,42.91013079,2629.0,0.0137843,4.054177983144583
1734,8698601,Spot Grid,1,BNBETH,1.0,30905025,3.74,51.25127282,1602.0,0.02376696,4.053363876786232
1735,9305311,Spot Grid,1,BTCUSDT,1.0,20477169,12.28,61.43116717,602.0,0.00491874,4.050974099442404
1736,9841829,Spot Grid,1,ZECUSDT,1.0,8068631,65.1,98.19466779,472.0,0.23846303,4.048781707395283
1737,9466304,Spot Grid,1,DOGEUSDC,1.0,17035817,24.65,49.32027663,250.0,0.05050662,4.048169165392788
1738,9033442,Spot Grid,1,PEOPLEUSDT,1.0,25749453,17.62,14.25847617,1340.0,0.07221976,4.046754327279839
1739,9828653,Spot Grid,1,SOLUSDT,1.0,8494369,30.09,19.86070256,194.0,0.04250778,4.0462246151050865
1740,9277615,Spot Grid,1,BTCUSDT,1.0,20966780,10.28,102.88039017,1262.0,0.01053921,4.043610415130132
1741,9858580,Spot Grid,1,SOLUSDT,1.0,7459071,22.58,205.02700443,417.0,0.00276029,4.043576686184753
1742,9732662,Spot Grid,1,SOLUSDT,1.0,11291320,19.79,791.67170756,458.0,0.00778199,4.042972239375534
1743,9828616,Spot Grid,1,SOLUSDT,1.0,8495483,30.09,19.76683992,192.0,0.042646,4.041836308218227
1744,8963071,Spot Grid,1,BNBUSDT,1.0,27154720,9.66,96.68985465,477.0,0.01717741,4.038121773290819
1745,8967411,Spot Grid,1,BTCUSDC,1.0,27074963,9.87,25.57504393,247.0,0.01276843,4.037758402537405
1746,8936642,Spot Grid,1,ETHUSDC,1.0,27594872,9.29,92.97454237,370.0,0.01487998,4.034913539015177
1747,9291973,Spot Grid,1,BNBUSDT,1.0,20742038,13.04,130.40910326,371.0,0.00633664,4.034563532070514
1748,8974878,Spot Grid,1,BTCUSDT,1.0,26939218,8.96,36.51062762,431.0,0.01144558,4.030581661661528
1749,9674866,Spot Grid,1,XRPUSDT,1.0,12830824,15.07,196.02081945,1528.0,0.00872513,4.02758695543644
1750,9429357,Spot Grid,1,ETHUSDT,1.0,17839450,15.74,46.30063838,395.0,0.00914127,4.025576431479691
1751,8694545,Spot Grid,1,BTCUSDC,1.0,30949323,6.85,205.78761177,321.0,0.01580408,4.025086935501656
1752,9988533,Spot Grid,1,METISUSDT,1.0,3040425,29.25,29.25963387,160.0,0.01480016,4.02447193782509
1753,9656036,Spot Grid,1,SOLUSDT,1.0,13152338,22.21,28.85808211,368.0,0.0239138,4.024040316395606
1754,9479327,Spot Grid,1,BNBEUR,1.0,16908217,17.67,29.6182132,59.0,0.00864387,4.022691972809539
1755,8551084,Spot Grid,1,TRXUSDT,1.0,32634966,1.07,38.10844114,1278.0,0.01088639,4.022022936630346
1756,9421694,Spot Grid,1,BTCUSDC,1.0,17993536,12.1,286.21833216,1063.0,0.00545891,4.020294297635729
1757,9832817,Spot Grid,1,DOGEFDUSD,1.0,8342922,19.48,216.97692072,2385.0,0.03225064,4.019217570886672
1758,9531047,Spot Grid,1,BTCU,1.0,15558996,13.61,110.47942003,1261.0,0.006656,4.01892687776319
1759,9262287,Spot Grid,1,BTCUSDT,1.0,21289133,10.61,106.19504574,1015.0,0.00957196,4.01727747077069
1760,9688791,Spot Grid,1,XRPUSDT,1.0,12557567,16.88,52.160751,1564.0,0.01790305,4.017157392920954
1761,9437616,Spot Grid,1,BNBUSDC,1.0,17733576,14.65,37.3732476,528.0,0.00583017,4.017147693980859
1762,9772757,Spot Grid,1,ETHUSDT,1.0,10270234,21.89,94.73238764,503.0,0.01335094,4.016243230676483
1763,9758345,Spot Grid,1,BTCUSDT,1.0,10597888,23.08,25.39707188,311.0,0.01685382,4.016025699223062
1764,9580666,Spot Grid,1,SOLUSDT,1.0,14683081,19.63,49.08571581,372.0,0.01685509,4.015862504973912
1765,9825532,Spot Grid,1,SOLUSDT,1.0,8625337,29.8,26.52785244,198.0,0.04288126,4.014311978861335
1766,8954960,Spot Grid,1,BTCUSDT,1.0,27285697,7.24,21.41711543,906.0,0.01415864,4.0138322267763
1767,9591480,Spot Grid,1,ETHFDUSD,1.0,14477181,15.32,428.57649954,1111.0,0.01007428,4.013394439952298
1768,9736331,Spot Grid,1,BTCUSDT,1.0,11178116,5.68,68.25229844,4083.0,0.00426143,4.012932236849393
1769,9418947,Spot Grid,1,BTCUSDT,1.0,18035559,13.69,50.71450629,758.0,0.00699003,4.012469970403424
1770,9289140,Spot Grid,1,BNBUSDC,1.0,20779683,14.77,120.10593691,529.0,0.02015008,4.01227516283475
1771,8965002,Spot Grid,1,BTCUSDT,1.0,27117683,9.33,93.36293168,370.0,0.013997,4.011611765784494
1772,9405200,Spot Grid,1,BTCUSDT,1.0,18363817,10.52,447.8105452,1421.0,0.00714973,4.011597325126651
1773,8432033,Spot Grid,1,SOLETH,1.0,33773753,1.82,24.76871297,1421.0,0.02326826,4.0107504249148285
1774,9395847,Spot Grid,1,BTCUSDT,1.0,18535706,14.86,29.73921885,490.0,0.00984329,4.010217647743879
1775,9906142,Spot Grid,1,BTCUSDT,1.0,5433362,25.36,2536.32566029,191.0,0.01788593,4.0096408914409505
1776,8943881,Spot Grid,1,BTCFDUSD,1.0,27462594,8.68,867.25871738,455.0,0.01795877,4.004985193248567
1777,8931087,Spot Grid,1,ETHUSDT,1.0,27689152,8.8,52.83999425,554.0,0.01750023,4.004730984392603
1778,8592204,Spot Grid,1,BNBUSDT,1.0,32047509,2.53,26.1791006,1252.0,0.01646693,4.004265513437588
1779,9680593,Spot Grid,1,XRPUSDT,1.0,12719772,13.78,58.90292225,2206.0,0.01580792,4.003244877622861
1780,9484904,Spot Grid,1,BTCJPY,1.0,16804212,15.19,30.51515726,638.0,0.00773441,4.001469516386753
1781,9979027,Spot Grid,1,SUIUSDT,1.0,3349980,35.06,151.12271058,269.0,0.05178542,4.001223012279118
1782,8994240,Spot Grid,1,ETHUSDT,1.0,26502876,6.37,60.7280381,1227.0,0.01361964,3.9995229894881046
1783,9680339,Spot Grid,1,XRPUSDC,1.0,12724202,15.61,31.24269566,1602.0,0.0131149,3.9984027810534943
1784,9297415,Spot Grid,1,BTCUSDT,1.0,20634037,12.19,121.90278336,484.0,0.00502646,3.998309820539233
1785,9468884,Spot Grid,1,BTCUSDT,1.0,17197368,13.26,98.72106315,1092.0,0.0089422,3.998156310271113
1786,8925960,Spot Grid,1,BTCUSDT,1.0,27773042,4.94,21.5175241,1325.0,0.01321071,3.9966447903240554
1787,9495931,Spot Grid,1,BTCUSDT,1.0,16547447,16.59,124.46646454,393.0,0.00985219,3.995142472956771
1788,9397441,Spot Grid,1,LTCUSDT,1.0,18523001,15.64,265.98791267,1355.0,0.0342158,3.9942255086251035
1789,8954226,Spot Grid,1,ETHUSDT,1.0,27300635,6.93,69.37085351,1218.0,0.02031222,3.99046440977385
1790,8944743,Spot Grid,1,BTCUSDT,1.0,27462831,7.32,219.71201829,932.0,0.01790425,3.989414263963194
1791,9697737,Spot Grid,1,BNBUSDT,1.0,12356282,9.72,6809.51017183,1078.0,0.00344817,3.9892968392083317
1792,9828897,Spot Grid,1,SOLUSDT,1.0,8481329,29.67,19.58558626,191.0,0.0423818,3.989131985624308
1793,8925020,Spot Grid,1,UNIUSDT,1.0,27462513,29.59,278.61284478,1481.0,0.15173741,3.988341356602617
1794,8927200,Spot Grid,1,BTCUSDT,1.0,27754117,8.43,843.61332638,317.0,0.01554619,3.9862946162959227
1795,9303280,Spot Grid,1,BNBBTC,1.0,20517939,1.45,48.4700606,3516.0,0.01001492,3.986137465506237
1796,6014823,Spot Grid,1,NEARUSDT,1.0,58558843,1.12,11.2112185,1549.0,0.12909804,3.983959790402104
1797,9458514,Spot Grid,1,ETHUSDT,1.0,17410655,13.96,41.88721491,737.0,0.006466,3.9836064883217026
1798,9627200,Spot Grid,1,PENGUUSDC,1.0,13763011,21.93,60.49914619,1554.0,0.05188816,3.983178735110561
1799,9702923,Spot Grid,1,XRPUSDT,1.0,12219246,21.53,25.84263612,433.0,0.01920862,3.9830834602107212
1800,8961022,Spot Grid,1,ETHUSDT,1.0,27177359,8.8,255.50309102,714.0,0.0206101,3.9830661503170535
1801,9453037,Spot Grid,1,AXSUSDT,1.0,17484190,26.42,20.75544619,172.0,0.06305455,3.979897711546085
1802,8911104,Spot Grid,1,BTCUSDT,1.0,28010741,5.7,28.52383096,1063.0,0.01356356,3.9795949953488954
1803,8995476,Spot Grid,1,BTCUSDT,1.0,26483029,9.09,29.05367707,182.0,0.00698284,3.978736877924516
1804,9856623,Spot Grid,1,BNBUSDT,1.0,7532708,24.74,94.61794724,297.0,0.01439378,3.9787253687871402
1805,9188357,Spot Grid,1,BTCFDUSD,1.0,22797133,6.59,78.95736861,1848.0,0.01307249,3.9781835525476983
1806,9825942,Spot Grid,1,SOLUSDT,1.0,8608711,29.56,29.64262753,197.0,0.0431112,3.973989159773012
1807,9669964,Spot Grid,1,SEIUSDT,1.0,12897598,25.7,45.19690167,192.0,0.04034407,3.972759505380437
1808,9490736,Spot Grid,1,ETHUSDT,1.0,16682719,15.41,60.90261411,480.0,0.00645921,3.9709271397829005
1809,9336067,Spot Grid,1,SOLETH,1.0,19829803,4.61,58.78832818,3289.0,0.02029413,3.9692788384364817
1810,9489692,Spot Grid,1,BNBUSDC,1.0,16708969,15.38,107.50399477,731.0,0.01215641,3.965971048090352
1811,9276030,Spot Grid,1,BTCFDUSD,1.0,21007043,6.76,3211.34140092,1396.0,0.01343292,3.964849176311781
1812,8956401,Spot Grid,1,BTCUSDC,1.0,27264045,1.76,17.639347,2565.0,0.02117477,3.9635922356936844
1813,9262473,Spot Grid,1,BTCUSDT,1.0,21287003,2.23,218.28656996,2710.0,0.0023566,3.9621117880078875
1814,9512331,Spot Grid,1,BNBUSDT,1.0,16066575,13.33,266.68981096,1183.0,0.00888523,3.9582086075735843
1815,9264531,Spot Grid,1,BTCUSDT,1.0,21245313,8.44,144.96515261,1187.0,0.00381268,3.955905110861034
1816,10019657,Spot Grid,1,ARUSDT,1.0,2243686,38.16,331.46900229,131.0,0.06385085,3.9558665476342147
1817,8929109,Spot Grid,1,BTCUSDC,1.0,27717682,7.02,31.2047367,743.0,0.01377109,3.9548718982662745
1818,8688462,Spot Grid,1,BNBETH,1.0,30999338,3.65,37.7126829,421.0,0.0026693,3.9525806319328227
1819,8945718,Spot Grid,1,BNBUSDT,1.0,27453194,8.6,77.47144646,548.0,0.01760155,3.949839121899873
1820,9472336,Spot Grid,1,XRPUSDT,1.0,17106244,15.96,31.92047854,1289.0,0.02912748,3.948994813064045
1821,9501344,Spot Grid,1,DOGEUSDT,1.0,16357247,21.03,10.70376095,683.0,0.04080857,3.9473176257443106
1822,8908175,Spot Grid,1,BTCUSDT,1.0,28048121,8.28,12.67964905,280.0,0.01255965,3.945617252604506
1823,9055284,Spot Grid,1,BTCUSDC,1.0,25314411,5.75,11.91630757,1140.0,0.00522219,3.9455596045752834
1824,9784727,Spot Grid,1,ETHUSDT,1.0,9921735,19.98,53.96454545,913.0,0.01273053,3.945109960692894
1825,9744622,Spot Grid,1,TWTUSDT,1.0,10922982,26.15,196.1908951,167.0,0.03574508,3.9445896889476217
1826,9468752,Spot Grid,1,BTCUSDT,1.0,17200826,14.74,47.2348109,445.0,0.0052608,3.944429229207299
1827,9489432,Spot Grid,1,BTCEUR,1.0,16713600,17.06,20.96630856,258.0,0.01179193,3.9442042969136364
1828,8724150,Spot Grid,1,BNBETH,1.0,30702572,5.52,21.45229942,954.0,0.02316458,3.9441884164965675
1829,9936184,Spot Grid,1,ADAUSDT,1.0,4259670,31.86,105.70275414,86.0,0.03639073,3.943107370224683
1830,9360771,Spot Grid,1,SOMIUSDT,1.0,19217475,14.49,101.4720748,2946.0,0.06579513,3.942209274222065
1831,9546222,Spot Grid,1,BNBEUR,1.0,15244172,18.54,113.94303983,120.0,0.01127596,3.9415301148028896
1832,9496408,Spot Grid,1,BNBUSDT,1.0,16069193,16.57,79.57543071,212.0,0.00580129,3.941284195270104
1833,9453670,Spot Grid,1,BTCBRL,1.0,17477331,17.05,17.42584459,222.0,0.01434485,3.9411450715105754
1834,9633832,Spot Grid,1,XRPUSDT,1.0,13604671,19.03,42.86583791,696.0,0.01885051,3.939532496681479
1835,8964656,Spot Grid,1,SOLUSDT,1.0,27124453,7.88,157.79562333,905.0,0.02065377,3.9390964201879832
1836,8987294,Spot Grid,1,ETHUSDT,1.0,26656381,3.37,30.53787122,2075.0,0.01808626,3.9387222337370393
1837,8941625,Spot Grid,1,BTCUSDT,1.0,27514953,4.45,89.03379824,1583.0,0.0176122,3.937376756969328
1838,8980279,Spot Grid,1,BTCUSDT,1.0,26830865,8.66,23.83072533,334.0,0.01100578,3.9364050386362752
1839,9841991,Spot Grid,1,ZECUSDT,1.0,8064590,65.86,98.80302323,472.0,0.24718151,3.9349130569370034
1840,9796137,Spot Grid,1,ETHUSDT,1.0,9620369,22.98,36.20486008,642.0,0.02261484,3.9306729400993343
1841,8109394,Spot Grid,1,ETHUSDT,1.0,37508978,1.08,10.84285465,764.0,0.02443542,3.9305274232666587
1842,9574597,Spot Grid,1,NIGHTUSDT,1.0,14746605,23.71,62.61850695,318.0,0.04182077,3.9302374046952027
1843,9335363,Spot Grid,1,VETUSDT,1.0,19845785,20.59,1079.60836603,1026.0,0.06693282,3.925757727448658
1844,8987122,Spot Grid,1,LSKUSDT,1.0,26659382,22.12,202.72952492,410.0,0.08690996,3.9252272310229612
1845,9843567,Spot Grid,1,ZECUSDT,1.0,8014629,65.45,98.18879246,471.0,0.24514259,3.9238910440217656
1846,8945084,Spot Grid,1,BTCUSDT,1.0,27460188,6.41,64.11365639,1027.0,0.01676276,3.9236823439583555
1847,9513105,Spot Grid,1,ETHUSDC,1.0,16048364,17.4,38.47066669,201.0,0.01056604,3.9224688995783574
1848,9335077,Spot Grid,1,BTCUSDT,1.0,19852746,11.58,256.04924869,490.0,0.0022136,3.92241631838565
1849,8908152,Spot Grid,1,BTCUSDT,1.0,28048276,8.16,12.48848721,282.0,0.01294059,3.920828088127294
1850,8982386,Spot Grid,1,BTCJPY,1.0,26787024,6.74,21.32957054,903.0,0.01298129,3.920355671484018
1851,8690035,Spot Grid,1,BNBETH,1.0,30988995,3.43,23.3514654,421.0,0.00272869,3.9181868508076403
1852,8687870,Spot Grid,1,BTCUSDT,1.0,30956893,3.71,92.96243209,997.0,0.01671476,3.9170298644288906
1853,9910026,Spot Grid,1,MBLUSDT,1.0,5264518,24.0,281.66211444,2205.0,0.04448678,3.9162704610324797
1854,8952106,Spot Grid,1,ETHUSDT,1.0,27342369,7.36,41.36961974,779.0,0.01640978,3.915822561876117
1855,9089054,Spot Grid,1,BTCUSDT,1.0,24933040,8.74,52.48354063,505.0,0.00798221,3.91435025784525
1856,8774297,Spot Grid,1,BNBETH,1.0,30001879,2.83,77.21180943,1748.0,0.02376872,3.91344289024387
1857,9827962,Spot Grid,1,ETHUSDT,1.0,8519477,21.11,138.20347965,414.0,0.00408067,3.9131305334631197
1858,9453525,Spot Grid,1,ETHUSDT,1.0,17478656,14.62,245.00185857,390.0,0.00696273,3.911624927393642
1859,9262608,Spot Grid,1,BTCUSDT,1.0,21284946,8.83,110.88962547,1477.0,0.01388386,3.9109115581129985
1860,8700574,Spot Grid,1,SOLETH,1.0,30891483,6.29,170.99719603,989.0,0.03107677,3.9097991756549337
1861,9771887,Spot Grid,1,ETHUSDT,1.0,10295960,20.85,273.84851819,436.0,0.01174548,3.904892785067922
1862,9401463,Spot Grid,1,BTCBRL,1.0,18459268,13.14,266.3198172,461.0,0.0049376,3.9048850334863077
1863,9088094,Spot Grid,1,CAKEUSDT,1.0,24957724,34.76,840.62504552,290.0,0.15053359,3.900753331988635
1864,9286063,Spot Grid,1,DOGEUSDT,1.0,20824720,4.42,77.75160451,3813.0,0.03745525,3.9004580177764305
1865,9325627,Spot Grid,1,BNBUSDC,1.0,20060678,9.6,278.70736117,1084.0,0.00592266,3.8982166228997563
1866,9721274,Spot Grid,1,BTCUSDT,1.0,11641649,5.77,120.82486284,3771.0,0.00503474,3.897656374055057
1867,9381779,Spot Grid,1,ASTERUSDT,1.0,18798936,15.28,86.81375247,1572.0,0.04101493,3.896624881578375
1868,9267061,Spot Grid,1,BTCUSDC,1.0,21190993,11.52,305.78707323,633.0,0.01196648,3.8955393372886804
1869,8942459,Spot Grid,1,BTCFDUSD,1.0,27504681,8.01,37.61507761,525.0,0.01619868,3.8926389903080185
1870,9636839,Spot Grid,1,XRPUSDT,1.0,13527557,18.76,65.67560894,634.0,0.0177735,3.891613853542929
1871,9677416,Spot Grid,1,ICPUSDT,1.0,12765513,22.36,22.36802335,72.0,0.02211643,3.8913078823855947
1872,9476616,Spot Grid,1,BTCUSDT,1.0,16984962,15.95,28.66190169,334.0,0.01068738,3.8903641086005694
1873,9458697,Spot Grid,1,XRPUSDT,1.0,17407921,17.14,19.39072054,647.0,0.02558587,3.8902720404081688
1874,9339696,Spot Grid,1,XRPUSDT,1.0,19745383,13.52,394.94946236,1029.0,0.0257983,3.889828536020278
1875,9121468,Spot Grid,1,BTCUSDT,1.0,24073688,1.85,23.35245731,2886.0,0.01783792,3.889216785052559
1876,9274427,Spot Grid,1,LTCUSDT,1.0,21033969,19.16,69.26324246,350.0,0.04617668,3.8886882843894175
1877,9856280,Spot Grid,1,SHIBUSDC,1.0,7548465,27.46,13.73653048,635.0,0.03969861,3.8886701285297844
1878,9732955,Spot Grid,1,SUIUSDT,1.0,11241925,15.62,70.29951013,1471.0,0.00870836,3.8877189755112416
1879,9656210,Spot Grid,1,BNBFDUSD,1.0,13148914,14.39,575.39901003,2275.0,0.0297778,3.886697001539037
1880,8940988,Spot Grid,1,BNBUSDC,1.0,27521007,1.58,23.97916054,2174.0,0.0161911,3.8853440669337727
1881,9181098,Spot Grid,1,BTCUSDT,1.0,22905735,9.8,643.12475172,402.0,0.00715343,3.8850252666648433
1882,8916922,Spot Grid,1,ETHBTC,1.0,27916882,3.68,41.07403274,1615.0,0.01768577,3.8841221020576877
1883,9299633,Spot Grid,1,SOLBTC,1.0,20600618,9.34,80.42958853,1069.0,0.00606695,3.8833727501996402
1884,9756135,Spot Grid,1,ADAUSDC,1.0,10644529,22.52,97.43414732,389.0,0.02137451,3.8824457636665413
1885,9397443,Spot Grid,1,BTCUSDT,1.0,18522993,12.52,62.62387481,555.0,0.00366159,3.882393367586582
1886,9461115,Spot Grid,1,ETHUSDT,1.0,17362130,13.21,44.94208481,735.0,0.00619518,3.8823333981553243
1887,9593795,Spot Grid,1,BNBUSDT,1.0,14439464,12.1,658.96439373,1851.0,0.01441468,3.8818852761796663
1888,9502064,Spot Grid,1,BTCUSDT,1.0,16332352,18.53,13.00715756,140.0,0.01819368,3.8813559451753807
1889,9993780,Spot Grid,1,TSTUSDT,1.0,2948347,23.85,23.85637518,2079.0,0.03125062,3.879495255483894
1890,8862321,Spot Grid,1,ARUSDT,1.0,28673428,18.78,338.78849753,761.0,0.08721085,3.879315673063494
1891,9823506,Spot Grid,1,SOLUSDT,1.0,8694677,27.71,16.07364711,91.0,0.03489578,3.8780409964092835
1892,9394757,Spot Grid,1,DOGEUSDT,1.0,18547704,21.2,10.60295626,457.0,0.04911517,3.8777293190422197
1893,8954642,Spot Grid,1,ETHUSDT,1.0,27292221,8.51,68.96082519,463.0,0.01749346,3.8772715145757677
1894,9269341,Spot Grid,1,SOLUSDT,1.0,21141024,14.82,16.00587499,71.0,0.01718619,3.876752159243768
1895,9664982,Spot Grid,1,SOLUSDT,1.0,11650581,20.93,382.92495276,106.0,0.01268885,3.8766090707068934
1896,7953144,Spot Grid,1,SOLUSDC,1.0,38677493,2.63,26.35511536,423.0,0.03294989,3.8764517733232515
1897,8951717,Spot Grid,1,BTCUSDT,1.0,27348441,7.23,42.37065021,853.0,0.0189279,3.875169549829517
1898,9974297,Spot Grid,1,NEARUSDT,1.0,3485286,35.63,146.7458044,640.0,0.06841132,3.8742112870302576
1899,8990768,Spot Grid,1,LTCUSDT,1.0,26586001,12.11,12.96673215,75.0,0.02580919,3.8740257106574925
1900,9122605,Spot Grid,1,BTCUSDT,1.0,24050522,5.15,61.60620119,1525.0,0.00785864,3.872820951990329
1901,9255586,Spot Grid,1,BTCJPY,1.0,21421520,6.71,21.24050256,1652.0,0.00776449,3.869652731871124
1902,8999101,Spot Grid,1,BTCUSDT,1.0,26425002,4.98,111.34979848,1435.0,0.01558915,3.868856604059254
1903,9264384,Spot Grid,1,ETHFDUSD,1.0,21248996,9.14,394.88654436,1377.0,0.01654477,3.8667620910856493
1904,8957064,Spot Grid,1,BNBUSDT,1.0,27255135,1.87,56.2703919,2268.0,0.01961923,3.8648596888481617
1905,10000248,Spot Grid,1,UNIUSDT,1.0,2732114,19.55,482.60434037,3175.0,0.03296491,3.8639850377969553
1906,9828906,Spot Grid,1,SOLUSDT,1.0,8481001,28.84,28.84093342,191.0,0.04298046,3.862287763313113
1907,9468521,Spot Grid,1,BTCFDUSD,1.0,10505134,17.83,534.53938957,825.0,0.00749849,3.8597016994519513
1908,9393391,Spot Grid,1,BTCUSDT,1.0,18563098,12.07,381.55801149,474.0,0.00224713,3.8587348922504754
1909,8948073,Spot Grid,1,BTCUSDT,1.0,27423872,8.21,29.41570056,436.0,0.01638564,3.858702899888207
1910,10001936,Spot Grid,1,SUIUSDT,1.0,2710126,14.69,589.7726136,4096.0,0.02652824,3.85858396526009
1911,9476024,Spot Grid,1,BNBUSDC,1.0,16999988,15.23,53.3476029,349.0,0.0085543,3.8580322821210413
1912,9635073,Spot Grid,1,SOLUSDT,1.0,13568459,16.8,178.56161793,661.0,0.00972667,3.857935357836754
1913,9461605,Spot Grid,1,ETHUSDT,1.0,17351489,14.51,43.55040839,419.0,0.00758928,3.856984992024875
1914,9264976,Spot Grid,1,SOLUSDC,1.0,21234463,13.11,144.35658209,575.0,0.02035067,3.856839142184884
1915,9242358,Spot Grid,1,BTCUSDT,1.0,21686418,2.84,95.54149792,2887.0,0.01477953,3.855953957152568
1916,8453732,Spot Grid,1,SOLETH,1.0,33563700,0.9,24.45875772,1400.0,0.02311531,3.8557496653975973
1917,8511417,Spot Grid,1,PUMPUSDT,1.0,33044474,13.1,45.85306766,1165.0,0.08281272,3.855402913492483
1918,9292042,Spot Grid,1,BNBUSDT,1.0,20740870,10.93,219.24317814,1037.0,0.01652848,3.855392583829556
1919,8854254,Spot Grid,1,BNBUSDT,1.0,28794434,6.83,36.7817031,558.0,0.01745351,3.8551596131267005
1920,9534949,Spot Grid,1,BTCBRL,1.0,15492404,15.08,11.5903231,519.0,0.00489226,3.852525392052063
1921,9399310,Spot Grid,1,BTCUSDT,1.0,18497846,15.12,16.33888011,91.0,0.00899197,3.850916785259923
1922,9798254,Spot Grid,1,ADAUSDT,1.0,9562228,23.11,76.27076396,257.0,0.01840885,3.8492443598915655
1923,9263034,Spot Grid,1,BTCUSDT,1.0,21278127,9.01,27.03605502,1142.0,0.00985772,3.847750547415383
1924,9277484,Spot Grid,1,BNBUSDT,1.0,20970194,9.46,56.79979888,1059.0,0.00940699,3.847603878912089
1925,9707928,Spot Grid,1,BTCUSDT,1.0,12044200,4.71,70.76061704,3873.0,0.00488025,3.847236597442554
1926,9348497,Spot Grid,1,BTCJPY,1.0,19521979,11.75,14.86683061,492.0,0.00363273,3.845215471655381
1927,9763373,Spot Grid,1,BTCUSDT,1.0,10492552,19.93,389.01055322,169.0,0.00495296,3.8436811040009435
1928,8963809,Spot Grid,1,LINKUSDC,1.0,27142772,16.36,40.75628386,306.0,0.0577435,3.8425086837699576
1929,9468805,Spot Grid,1,BNBUSDT,1.0,17199723,12.72,50.8937241,1620.0,0.02329889,3.8393904022353595
1930,9285783,Spot Grid,1,SOLBTC,1.0,20829309,13.58,215.87101237,863.0,0.02842189,3.8376692861519888
1931,9846560,Spot Grid,1,ZECUSDT,1.0,7924965,64.19,96.29699252,466.0,0.24123638,3.8370494238844888
1932,8881521,Spot Grid,1,PAXGUSDT,1.0,28428475,2.88,11.55553512,1225.0,0.0090183,3.8361496913470865
1933,8980045,Spot Grid,1,BTCUSDT,1.0,26833639,7.88,31.5261169,256.0,0.00925799,3.8338372586430083
1934,9305325,Spot Grid,1,BNBUSDT,1.0,20476699,10.87,56.56753194,610.0,0.00613831,3.832035639300841
1935,9723412,Spot Grid,1,ETHUSDT,1.0,11581418,13.08,170.07972207,1945.0,0.00905041,3.831713632013493
1936,8989615,Spot Grid,1,ETHUSDT,1.0,26610777,8.65,57.65853967,307.0,0.01386356,3.830576784911514
1937,9437489,Spot Grid,1,SHIBUSDC,1.0,17735825,16.88,17.39245229,1015.0,0.03573898,3.8305489634291146
1938,8936173,Spot Grid,1,ETHUSDT,1.0,27600793,7.89,157.93127283,345.0,0.01527776,3.83003532694335
1939,9888274,Spot Grid,1,BTCUSDT,1.0,6203431,16.49,173.56411818,1985.0,0.00569784,3.8289601409920855
1940,9262740,Spot Grid,1,BTCUSDT,1.0,21283797,7.79,286.08367786,1679.0,0.01666843,3.828596319586683
1941,9070540,Spot Grid,1,ETHUSDT,1.0,25161341,9.33,51.33479683,214.0,0.00951949,3.827327854236784
1942,9386133,Spot Grid,1,BTCUSDT,1.0,18706646,13.86,138.46532599,149.0,0.00579186,3.8273252483714235
1943,9587998,Spot Grid,1,XRPUSDC,1.0,14550737,4.79,113.80201928,4350.0,0.02715741,3.827029221229973
1944,9268386,Spot Grid,1,BTCUSDT,1.0,21160952,9.67,52.74612386,654.0,0.00362363,3.826652989318463
1945,8929336,Spot Grid,1,BTCUSDT,1.0,27714660,6.24,58.51181488,718.0,0.01428211,3.825878027373575
1946,9782423,Spot Grid,1,ONDOUSDT,1.0,9992344,39.38,98.85707407,615.0,0.11793374,3.8253963928824755
1947,9010890,Spot Grid,1,BTCUSDC,1.0,26193846,2.8,140.47468657,1961.0,0.01569599,3.825370444477544
1948,9872386,Spot Grid,1,SUIUSDT,1.0,6846745,34.1,85.25855192,421.0,0.07142744,3.825166665908232
1949,8906924,Spot Grid,1,BNBUSDC,1.0,28065702,6.68,33.45408077,474.0,0.01292874,3.8251468498105927
1950,9358556,Spot Grid,1,BTCUSDT,1.0,19274124,10.13,81.08349099,943.0,0.00439868,3.8250855781886695
1951,9309644,Spot Grid,1,ZROUSDT,1.0,20140232,32.33,48.4993468,194.0,0.113583,3.8249317104188774
1952,9108165,Spot Grid,1,BTCUSDT,1.0,24408637,4.97,74.77932382,1512.0,0.01013644,3.8245359062223443
1953,9283585,Spot Grid,1,LTCUSDT,1.0,20857586,18.66,111.45128407,1015.0,0.05955967,3.8242846867567724
1954,8999461,Spot Grid,1,BTCUSDT,1.0,26418526,8.2,22.56401537,323.0,0.0110152,3.8236541618608957
1955,9596399,Spot Grid,1,DOGEUSDT,1.0,14391635,16.16,19.79789752,1689.0,0.03208796,3.8227819258613995
1956,8990322,Spot Grid,1,BTCUSDC,1.0,26596360,8.74,17.4991456,217.0,0.01254999,3.821459164166405
1957,9712072,Spot Grid,1,BTCUSDT,1.0,11901389,4.11,782.93682142,3840.0,0.00499169,3.8213191021855955
1958,8937839,Spot Grid,1,ETHFDUSD,1.0,27574618,1.35,13.79246672,2380.0,0.02207963,3.8203102685399974
1959,9285966,Spot Grid,1,DOGEUSDT,1.0,20826364,15.56,27.70273885,969.0,0.04122927,3.820006303253091
1960,9282583,Spot Grid,1,BNBFDUSD,1.0,20868124,14.12,70.58251086,125.0,0.01593676,3.818872752331571
1961,9838276,Spot Grid,1,SOLUSDT,1.0,8170517,25.68,95.03020184,246.0,0.02762769,3.8183793310155334
1962,8957813,Spot Grid,1,BTCUSDT,1.0,27242465,3.05,61.01039554,1537.0,0.01245686,3.818159549300072
1963,8895894,Spot Grid,1,UNIUSDT,1.0,28226741,4.08,95.28911364,2710.0,0.04735896,3.8165562068892664
1964,8573630,Spot Grid,1,BNBFDUSD,1.0,27490162,4.04,404.07162364,1609.0,0.02233776,3.815255084809848
1965,8252791,Spot Grid,1,UNIUSDT,1.0,35999102,5.4,75.07560534,1354.0,0.05911386,3.8140530837100903
1966,8940665,Spot Grid,1,BTCJPY,1.0,27525303,6.16,29.6291976,868.0,0.01662019,3.8119286104606855
1967,9023434,Spot Grid,1,BTCUSDC,1.0,25907322,8.74,26.24299801,238.0,0.01048357,3.8117574381505808
1968,9744742,Spot Grid,1,BTCUSDT,1.0,10919830,6.34,126.76418876,3600.0,0.00493473,3.811674066374967
1969,9904644,Spot Grid,1,BTCUSDT,1.0,5511205,17.06,439.87122805,1872.0,0.00557626,3.8105550813600626
1970,8676911,Spot Grid,1,BTCUSDC,1.0,31070901,1.46,89.08512842,1057.0,0.01043413,3.8100768925786697
1971,9265077,Spot Grid,1,BTCUSDT,1.0,21232096,7.5,24.84760653,1187.0,0.00387035,3.8096052046619615
1972,9419906,Spot Grid,1,ADAUSDT,1.0,17976523,21.5,215.0559504,140.0,0.04541758,3.809073187593521
1973,9386421,Spot Grid,1,BTCUSDT,1.0,18704526,8.26,165.28916952,1547.0,0.00559887,3.8087367625002555
1974,9263367,Spot Grid,1,BTCUSDC,1.0,21271446,4.81,3560.33300597,1285.0,0.00961086,3.808672788865323
1975,9506864,Spot Grid,1,BTCUSDT,1.0,16195833,14.44,181.91388597,713.0,0.01114751,3.808447920622684
1976,9741289,Spot Grid,1,BTCUSDT,1.0,11016036,6.26,74.63191658,3608.0,0.00494004,3.8084193768977808
1977,9708340,Spot Grid,1,SHIBUSDT,1.0,12032462,14.4,115.20495628,2353.0,0.02754759,3.8069278956088164
1978,9850427,Spot Grid,1,ZECUSDT,1.0,7795588,64.08,96.12752433,465.0,0.24127724,3.806726774084864
1979,9797229,Spot Grid,1,XRPUSDC,1.0,9589358,20.34,132.46006401,928.0,0.0195963,3.8057990088707423
1980,9388706,Spot Grid,1,BTCUSDT,1.0,18670476,13.33,71.72105601,466.0,0.01005416,3.8035781401306097
1981,9986180,Spot Grid,1,TSTUSDT,1.0,3197247,26.35,26.35373573,422.0,0.0140242,3.802989015033271
1982,9055489,Spot Grid,1,BTCUSDC,1.0,25311445,8.19,1987.99519684,230.0,0.01521212,3.80265037602431
1983,9292492,Spot Grid,1,SOLBTC,1.0,20732659,11.44,1145.34340114,804.0,0.02124962,3.80231005006645
1984,9436043,Spot Grid,1,BTCUSDT,1.0,17755970,12.24,38.63870618,1122.0,0.01395627,3.8019010625224863
1985,9381532,Spot Grid,1,BNBUSDT,1.0,18803893,12.27,73.62382367,389.0,0.00329017,3.801439382349149
1986,9278049,Spot Grid,1,ETHBTC,1.0,20957190,10.03,35.78696193,641.0,0.00551509,3.797906112543116
1987,9764295,Spot Grid,1,WLDUSDT,1.0,10474610,37.42,37.42742569,39.0,0.09793107,3.7964048468290352
1988,9439405,Spot Grid,1,BTCUSDC,1.0,17698548,11.69,32.79647956,1079.0,0.00998971,3.796209753112044
1989,9652889,Spot Grid,1,TAOUSDT,1.0,13195545,21.28,98.22098327,1508.0,0.0526689,3.795382098583781
1990,9492556,Spot Grid,1,ETHUSDT,1.0,16636630,16.15,235.51206355,609.0,0.02101243,3.794820002930161
1991,9829765,Spot Grid,1,SOLUSDT,1.0,8441881,28.39,19.00961154,188.0,0.04296435,3.794372859932348
1992,9454340,Spot Grid,1,BTCUSDT,1.0,17471027,10.39,52.5174815,1354.0,0.00792046,3.7937707733542094
1993,9829409,Spot Grid,1,SOLUSDT,1.0,8455459,28.17,19.72256256,188.0,0.04186814,3.7932265924909716
1994,9284636,Spot Grid,1,ADAUSDT,1.0,20842870,18.37,55.47803546,111.0,0.03975293,3.79298560765126
1995,8992317,Spot Grid,1,BTCUSDC,1.0,26558608,9.24,264.64323588,189.0,0.01701314,3.7913424751881135
1996,9548447,Spot Grid,1,ETHUSDT,1.0,15200910,16.71,74.90367015,482.0,0.01465196,3.7892186897115625
1997,9762084,Spot Grid,1,BTCUSDT,1.0,10510355,22.67,15.87598242,82.0,0.01848484,3.7883911858422143
1998,9469880,Spot Grid,1,BTCUSDT,1.0,17172468,14.8,122.51328745,420.0,0.01168652,3.7860721450282306
1999,8677404,Spot Grid,1,BNBBTC,1.0,31066078,1.62,12.70957922,1372.0,0.01854496,3.785574502521357
2000,9226524,Spot Grid,1,SOLUSDT,1.0,22056838,12.5,16.8386514,94.0,0.01260685,3.784350134769955
2001,8683380,Spot Grid,1,BNBBTC,1.0,31029672,2.44,22.28532552,1155.0,0.01838552,3.784315698792363
2002,9585494,Spot Grid,1,SOLETH,1.0,14596444,9.19,124.87091403,2396.0,0.0118911,3.783625176101478
2003,9466038,Spot Grid,1,BTCUSDC,1.0,17260869,12.87,386.32161406,500.0,0.0046846,3.782763781954226
2004,8960914,Spot Grid,1,BTCUSDC,1.0,27179234,6.93,27.6753947,613.0,0.01512661,3.78262440717347
2005,9686009,Spot Grid,1,ETHFDUSD,1.0,12613626,16.69,86.93489394,1107.0,0.01703991,3.782449257283116
2006,9503012,Spot Grid,1,BTCUSDT,1.0,16303197,9.48,243.49801673,1624.0,0.00514799,3.7811997878718975
2007,9038428,Spot Grid,1,BNBUSDT,1.0,25649210,3.47,27.81152649,1726.0,0.01326934,3.7808987702982306
2008,8960240,Spot Grid,1,BNBUSDC,1.0,27191787,7.46,37.33024039,555.0,0.01698951,3.780476727742558
2009,8483859,Spot Grid,1,UNIUSDT,1.0,33335068,0.55,403.85679942,2451.0,0.04747607,3.779411519698134
2010,9869734,Spot Grid,1,BNBUSDT,1.0,6981134,23.87,335.55569814,328.0,0.01720107,3.7787697848350392
2011,9773237,Spot Grid,1,SOLUSDC,1.0,10257350,21.5,55.85068014,88.0,0.01173712,3.778329995962605
2012,9012608,Spot Grid,1,BTCUSDT,1.0,26144973,7.4,37.03019612,415.0,0.0093327,3.777743320721083
2013,9824043,Spot Grid,1,SOLUSDT,1.0,8682382,27.8,18.34932726,125.0,0.04009783,3.7776784864660082
2014,9264872,Spot Grid,1,BTCUSDT,1.0,21236918,10.52,24.71913856,402.0,0.00511014,3.7772097108088767
2015,9869490,Spot Grid,1,BTCUSDC,1.0,6993191,15.2,6917.4267528,722.0,0.01207756,3.776625385309762
2016,9473101,Spot Grid,1,ETHUSDT,1.0,17083277,13.28,465.25616828,527.0,0.00745352,3.775117205098888
2017,9714770,Spot Grid,1,ALGOUSDT,1.0,11828253,14.53,96.1472238,2327.0,0.02812374,3.7724267622165826
2018,9643852,Spot Grid,1,AVAXUSDT,1.0,13352438,18.6,50.22605113,632.0,0.02082442,3.7721842557261507
2019,9466225,Spot Grid,1,BTCUSDC,1.0,17256683,13.73,27.4718837,623.0,0.01057963,3.7715664247927534
2020,9271864,Spot Grid,1,XRPUSDT,1.0,21089702,11.44,38.62068143,1169.0,0.02604854,3.7713852283106473
2021,9829202,Spot Grid,1,SOLUSDT,1.0,8465266,28.14,23.82632477,189.0,0.04269508,3.7706462604911324
2022,8863364,Spot Grid,1,BNBBTC,1.0,28659032,4.2,137.23028094,1058.0,0.0170106,3.7696750013707057
2023,9281503,Spot Grid,1,BNBUSDT,1.0,20885371,11.52,104.58538899,419.0,0.01020687,3.768333601951955
2024,8964951,Spot Grid,1,BTCUSDT,1.0,27118708,4.36,17.47405398,1302.0,0.01604713,3.7647271540547487
2025,9457383,Spot Grid,1,BTCEUR,1.0,17427655,16.09,29.80004821,56.0,0.01253533,3.764251025056938
2026,9013037,Spot Grid,1,BNBETH,1.0,25848014,5.86,31.87457989,1081.0,0.01425331,3.763961530830994
2027,9860952,Spot Grid,1,BNBFDUSD,1.0,7357822,8.86,133.15638315,3923.0,0.01231071,3.7632559184149463
2028,9129459,Spot Grid,1,BTCUSDT,1.0,23868853,8.74,43.37317034,468.0,0.00869372,3.7627211155486466
2029,8994392,Spot Grid,1,BTCUSDC,1.0,26499320,7.34,268.1171138,632.0,0.01691643,3.762360610756034
2030,9460530,Spot Grid,1,BNBUSDC,1.0,17339460,13.8,41.43436061,253.0,0.0039439,3.7620134996171366
2031,9262500,Spot Grid,1,BTCUSDT,1.0,21286707,10.47,20.85227108,548.0,0.00875596,3.7613360064177432
2032,9053072,Spot Grid,1,ETHFDUSD,1.0,21435652,9.68,52.25697358,1028.0,0.01546328,3.759418885820402
2033,9382990,Spot Grid,1,BTCUSDC,1.0,18775218,13.03,296.13054278,120.0,0.00455657,3.7572015915712376
2034,9673107,Spot Grid,1,TSTUSDT,1.0,12866461,32.64,65.2905587,329.0,0.08985869,3.7569856976469045
2035,9475592,Spot Grid,1,BTCEUR,1.0,17010307,9.63,181.01776181,1490.0,0.00704089,3.751178421757198
2036,10083205,Spot Grid,1,SUIFDUSD,1.0,1007936,14.72,182.33997675,4426.0,0.02862589,3.7509482508497087
2037,9878152,Spot Grid,1,BTCUSDT,1.0,6577533,14.2,1420.86702019,2038.0,0.00550095,3.749287769985761
2038,8386465,Spot Grid,1,LINKETH,1.0,34360914,3.83,10.40966883,794.0,0.03399939,3.7478120163712525
2039,9400434,Spot Grid,1,BTCUSDT,1.0,18476423,11.88,33.28044444,561.0,0.00534936,3.747617785613307
2040,8290101,Spot Grid,1,BTCUSDT,1.0,35557416,2.5,34.41663511,122.0,0.01783025,3.7455985638625346
2041,9381772,Spot Grid,1,ZROUSDT,1.0,18799057,21.79,108.53097417,1732.0,0.08624669,3.744545070044372
2042,9445536,Spot Grid,1,BTCUSDT,1.0,17573913,11.42,114.21092844,957.0,0.00791628,3.7439404046714584
2043,9267804,Spot Grid,1,BNBUSDT,1.0,21173919,6.88,48.17251127,1874.0,0.0175304,3.74370689038227
2044,8952293,Spot Grid,1,BTCUSDT,1.0,27339080,4.15,23.31800402,1277.0,0.01620555,3.7432026685798445
2045,9468886,Spot Grid,1,BTCUSDT,1.0,17197277,7.98,279.41682073,1771.0,0.00558376,3.7431586333139144
2046,9442521,Spot Grid,1,BTCUSDT,1.0,17636172,13.42,134.27561028,438.0,0.00828355,3.743107690428138
2047,9760742,Spot Grid,1,RENDERUSDT,1.0,10537556,11.71,223.42683242,3452.0,0.03292367,3.7402269360158016
2048,9314690,Spot Grid,1,ADAUSDT,1.0,20264247,7.25,89.11152427,3112.0,0.0422346,3.73960495397814
2049,9386043,Spot Grid,1,DOGEUSDT,1.0,18707318,19.88,198.81011485,466.0,0.04933,3.7383546513925223
2050,9891475,Spot Grid,1,BTCUSDT,1.0,6086159,15.34,767.47368398,1983.0,0.00557628,3.737809234533334
2051,9265131,Spot Grid,1,BTCUSDT,1.0,21230800,10.22,725.98300484,606.0,0.01302603,3.735849248143007
2052,8975434,Spot Grid,1,ETHUSDT,1.0,26928534,8.47,42.35442137,373.0,0.0194038,3.734737701481547
2053,8936621,Spot Grid,1,BTCUSDC,1.0,27595135,8.06,80.6384711,256.0,0.01778285,3.733447113245875
2054,8693007,Spot Grid,1,BNBBTC,1.0,30965064,3.62,120.55318512,380.0,0.01082053,3.730910522811452
2055,8944942,Spot Grid,1,XRPUSDT,1.0,27461264,1.31,13.13447626,2572.0,0.02910161,3.7290203046821633
2056,8911056,Spot Grid,1,BTCUSDT,1.0,28011471,6.1,32.14974018,509.0,0.01413424,3.7286046435342257
2057,9334021,Spot Grid,1,XRPUSDC,1.0,19883567,15.19,25.89735225,90.0,0.02027088,3.727812687856265
2058,9951023,Spot Grid,1,SUIUSDT,1.0,3868450,24.45,183.44670219,338.0,0.00854589,3.727806900550727
2059,8929832,Spot Grid,1,BTCUSDT,1.0,27706853,6.61,40.98896636,538.0,0.01636993,3.7264186188317323
2060,9879083,Spot Grid,1,BTCFDUSD,1.0,6548008,10.97,57.1619743,3447.0,0.01147106,3.7249993175117893
2061,8928304,Spot Grid,1,ETHUSDT,1.0,27732120,4.42,38.12535524,820.0,0.01052916,3.7243153583604234
2062,9672698,Spot Grid,1,LINKUSDC,1.0,12875108,17.88,84.66822832,436.0,0.01282635,3.7235791607965854
2063,9479548,Spot Grid,1,BTCEUR,1.0,16906149,12.0,134.52068865,798.0,0.00584776,3.7222455963997043
2064,9628870,Spot Grid,1,币安人生USDT,1.0,13718951,23.28,17.97966908,740.0,0.05213361,3.722092389402253
2065,9519302,Spot Grid,1,BTCUSDT,1.0,15863409,14.74,147.44439145,477.0,0.00967059,3.721987571032628
2066,9844320,Spot Grid,1,ADAUSDT,1.0,7993681,23.73,77.388516,340.0,0.02197449,3.7218744366615244
2067,9536552,Spot Grid,1,BTCUSDT,1.0,15445636,16.09,60.85543767,362.0,0.0124759,3.7199561558150207
2068,9321665,Spot Grid,1,LTCUSDT,1.0,20116752,19.34,257.07597757,301.0,0.04999634,3.71873478104643
2069,9779267,Spot Grid,1,BNBUSDT,1.0,10091968,20.85,625.77848223,219.0,0.01558926,3.718238163657954
2070,8966091,Spot Grid,1,ETHUSDT,1.0,27095779,1.15,54.39384649,2343.0,0.02246671,3.718170048649317
2071,8958360,Spot Grid,1,ETHUSDT,1.0,27231175,6.55,46.64274122,679.0,0.01752524,3.713851447047426
2072,9993771,Spot Grid,1,TSTUSDT,1.0,2948479,22.94,22.94250475,1876.0,0.02866219,3.712916036121624
2073,8774363,Spot Grid,1,BNBETH,1.0,30000666,1.95,235.36885573,1285.0,0.01804176,3.7123602890472855
2074,9089042,Spot Grid,1,BTCUSDT,1.0,24933210,7.08,49.54796384,505.0,0.00702856,3.7115573592337956
2075,9512005,Spot Grid,1,ADAUSDT,1.0,16073002,19.52,58.5709169,439.0,0.03588466,3.711518421074106
2076,10054536,Spot Grid,1,TSTUSDT,1.0,1441328,13.4,23.45767831,6338.0,0.0645258,3.7102226847536413
2077,9255535,Spot Grid,1,BTCFDUSD,1.0,21423173,9.52,32.74297459,750.0,0.01055256,3.7096171923554024
2078,8987362,Spot Grid,1,ETHUSDT,1.0,26654792,6.52,57.23290859,621.0,0.01397013,3.707738673502308
2079,9253033,Spot Grid,1,BTCUSDT,1.0,21470087,6.03,90.43950043,1848.0,0.01540434,3.704062520121307
2080,8959865,Spot Grid,1,BTCUSDT,1.0,27198575,6.07,18.21480186,717.0,0.01582894,3.703591302516005
2081,8742081,Spot Grid,1,BNBFDUSD,1.0,21216238,8.16,407.84245209,1433.0,0.01887346,3.7029276206473525
2082,9595291,Spot Grid,1,SOLUSDT,1.0,14409295,13.81,28.6886662,2166.0,0.03438017,3.6998012499621766
2083,8942335,Spot Grid,1,BTCUSDC,1.0,27506550,0.49,82.76246056,2130.0,0.01699784,3.6995542912433748
2084,8959387,Spot Grid,1,BTCUSDT,1.0,27208267,4.34,43.40061422,980.0,0.01229293,3.6987068912399237
2085,9831027,Spot Grid,1,ETHUSDT,1.0,8409260,19.31,386.37318125,408.0,0.00360315,3.6966519117326726
2086,9051301,Spot Grid,1,BTCUSDT,1.0,25376305,6.81,40.65027241,569.0,0.00936035,3.6964439534429365
2087,9762120,Spot Grid,1,SOLUSDT,1.0,10509645,17.18,355.22795126,563.0,0.00408567,3.695617663639699
2088,8712835,Spot Grid,1,BNBBTC,1.0,30804080,0.5,80.44311451,912.0,0.00552615,3.695587618062552
2089,9203705,Spot Grid,1,BNBETH,1.0,22536638,4.92,33.38459342,2705.0,0.03207017,3.695522095980604
2090,8934432,Spot Grid,1,BTCUSDT,1.0,27627139,5.63,74.52950603,666.0,0.01486627,3.69356504011719
2091,9557335,Spot Grid,1,ETHUSDT,1.0,15011680,17.58,17.585926,244.0,0.01712338,3.693378907273992
2092,8928108,Spot Grid,1,BTCFDUSD,1.0,27735440,5.58,55.75489641,625.0,0.01412094,3.6928342416392494
2093,9493489,Spot Grid,1,AVAXUSDT,1.0,16612711,20.53,49.62584504,746.0,0.05105331,3.689481158960107
2094,9330556,Spot Grid,1,LINKETH,1.0,19967380,12.17,34.69980445,889.0,0.02269408,3.686927390414669
2095,9665408,Spot Grid,1,BTCFDUSD,1.0,13008695,9.01,98.48275035,2427.0,0.00859343,3.685175526695527
2096,9671144,Spot Grid,1,SOLUSDT,1.0,12902148,20.65,22.43024519,249.0,0.02539749,3.68441255514173
2097,9244177,Spot Grid,1,BTCUSDC,1.0,21642429,9.62,192.63671592,666.0,0.01214268,3.6832128311594077
2098,9670029,Spot Grid,1,SOLUSDC,1.0,12918019,16.61,132.98290667,540.0,0.01013025,3.683201273288467
2099,9829213,Spot Grid,1,ETHFDUSD,1.0,8464460,22.8,25.06522957,115.0,0.01544268,3.6826682847138072
2100,9548997,Spot Grid,1,ADAUSDT,1.0,15187179,19.44,27.89029467,98.0,0.02548023,3.6818337720333396
2101,9181465,Spot Grid,1,ETHUSDT,1.0,22893942,9.3,35.97249597,550.0,0.01257788,3.680806831257201
2102,8942351,Spot Grid,1,BTCFDUSD,1.0,27479869,0.2,1251.88158563,1691.0,0.01281493,3.6797974990191933
2103,8929090,Spot Grid,1,BTCUSDT,1.0,27717884,7.01,350.56882199,259.0,0.01617829,3.679538983741419
2104,9147431,Spot Grid,1,BNBUSDT,1.0,23585134,4.01,31.6879793,1765.0,0.01231992,3.6794806580828983
2105,9617854,Spot Grid,1,BNBUSDT,1.0,13969998,15.99,47.9886652,399.0,0.00797054,3.679298587685895
2106,8958244,Spot Grid,1,BTCUSDT,1.0,27229293,7.67,46.03356634,237.0,0.0156957,3.6788988447386783
2107,9256076,Spot Grid,1,BTCUSDT,1.0,21410158,3.59,13.30111683,2159.0,0.00907137,3.676849182366774
2108,9760624,Spot Grid,1,BTCUSDT,1.0,10540915,15.12,1101.16225203,1330.0,0.01378446,3.676328110891944
2109,9714127,Spot Grid,1,BTCUSDT,1.0,11847965,3.83,46.00805797,3828.0,0.00502051,3.67608436962134
2110,9903226,Spot Grid,1,XRPUSDT,1.0,5580155,16.2,153.95269489,1670.0,0.000876,3.674725213604542
2111,9218771,Spot Grid,1,SOLUSDC,1.0,22233552,7.45,52.19288449,1427.0,0.01852865,3.674343108503933
2112,9079473,Spot Grid,1,BTCUSDC,1.0,25072171,7.91,79.1757637,558.0,0.0149469,3.6740010574524216
2113,9691911,Spot Grid,1,SOLUSDT,1.0,12489691,18.76,37.53958017,419.0,0.01739893,3.673627308936582
2114,8876313,Spot Grid,1,BNBETH,1.0,28489947,7.14,19.19347104,84.0,0.01503051,3.6733828462416946
2115,9418592,Spot Grid,1,BTCUSDT,1.0,18040809,7.74,38.73592775,1611.0,0.00613793,3.671335465756092
2116,9015558,Spot Grid,1,LINKUSDT,1.0,26070815,9.34,75.16016803,454.0,0.02495871,3.670557924714214
2117,8928956,Spot Grid,1,BTCUSDT,1.0,27719857,7.13,107.09680684,259.0,0.01615718,3.665449533598731
2118,9440329,Spot Grid,1,BTCUSDC,1.0,17679171,13.67,23.15069991,111.0,0.00549596,3.6646716495154656
2119,9813371,Spot Grid,1,SOLUSDT,1.0,9053890,20.28,81.36375054,137.0,0.0056706,3.6641413490262087
2120,9537648,Spot Grid,1,BTCUSDT,1.0,15422514,15.2,1076.5417774,593.0,0.01989856,3.66316002396071
2121,9138429,Spot Grid,1,SOLUSDT,1.0,23717205,5.08,250.9182588,1473.0,0.0143709,3.6625196171566476
2122,9385566,Spot Grid,1,BTCUSDT,1.0,18713537,12.1,242.10420251,121.0,0.00282593,3.6606201323903425
2123,9274879,Spot Grid,1,ETHBTC,1.0,21027742,8.57,78.12932144,1109.0,0.01347432,3.660266953279439
2124,9071957,Spot Grid,1,ETHUSDT,1.0,25139418,8.62,51.75476546,323.0,0.01462789,3.6585399316864815
2125,8955024,Spot Grid,1,BNBETH,1.0,27284782,4.13,56.13898472,1260.0,0.01907817,3.6584255404505597
2126,9261008,Spot Grid,1,ETHUSDT,1.0,21303058,10.98,43.80449794,481.0,0.01449901,3.657223386661032
2127,9750734,Spot Grid,1,ADAUSDT,1.0,10761754,22.09,66.28394844,336.0,0.02729535,3.6570123707691105
2128,9936051,Spot Grid,1,BTCUSDT,1.0,4267611,17.69,181.32593349,1743.0,0.00590298,3.6548507803018158
2129,9423136,Spot Grid,1,ADAUSDT,1.0,17959071,18.14,27.21354903,246.0,0.03446652,3.653846590782206
2130,9646591,Spot Grid,1,BTCFDUSD,1.0,13298766,8.88,181.44390024,2159.0,0.00517345,3.652934063066259
2131,9262632,Spot Grid,1,BTCUSDT,1.0,21285259,11.02,220.42999688,326.0,0.0124799,3.6520181595429237
2132,8942376,Spot Grid,1,BTCUSDC,1.0,27505856,0.22,87.81464079,2130.0,0.01756824,3.649137734724228
2133,8954111,Spot Grid,1,BTCUSDT,1.0,27302836,3.63,32.88768207,1116.0,0.01365535,3.6484048448438706
2134,9261018,Spot Grid,1,BTCUSDT,1.0,21302982,5.01,30.62823627,1723.0,0.00843396,3.647342331713184
2135,9988838,Spot Grid,1,BROCCOLI714USDT,1.0,3109373,19.51,111.05731428,2775.0,0.03269398,3.647152446546315
2136,9908125,Spot Grid,1,BTCUSDT,1.0,5343910,16.14,385.41198267,1841.0,0.00545985,3.6469940356355894
2137,9822941,Spot Grid,1,SOLUSDT,1.0,8714319,26.7,80.11532339,137.0,0.04005913,3.646393503247178
2138,8939401,Spot Grid,1,ETHUSDT,1.0,27545696,6.15,20.75533607,661.0,0.01891192,3.6455027189697975
2139,9748931,Spot Grid,1,BTCBRL,1.0,10810125,17.38,76.8656592,1008.0,0.01647199,3.645224207576789
2140,9453211,Spot Grid,1,BTCUSDT,1.0,17482063,11.99,26.00633301,850.0,0.01195869,3.6435256924146584
2141,9695453,Spot Grid,1,BTCUSDT,1.0,12401690,2.51,37.67766201,3990.0,0.00486546,3.643291252522307
2142,9079517,Spot Grid,1,BTCUSDT,1.0,25071336,7.95,39.76383309,533.0,0.01568992,3.6426474886243385
2143,9861027,Spot Grid,1,WLDUSDT,1.0,7354007,35.72,410.15742947,65.0,0.08408431,3.638832417381151
2144,8837444,Spot Grid,1,LINKUSDC,1.0,28989285,15.2,86.97079471,689.0,0.07585229,3.6377773759908236
2145,9329743,Spot Grid,1,PEPEUSDC,1.0,19987397,18.56,18.56583111,769.0,0.05711973,3.637320343685244
2146,8949336,Spot Grid,1,SOLUSDT,1.0,27397097,9.64,13.50076242,534.0,0.03503746,3.6358953343414964
2147,8690086,Spot Grid,1,BNBBTC,1.0,30988554,1.43,12.36100453,1135.0,0.01822381,3.6345452017208966
2148,9569623,Spot Grid,1,WIFUSDT,1.0,14814577,22.55,38.46840874,455.0,0.05052737,3.631720335114114
2149,9036247,Spot Grid,1,WLDUSDT,1.0,25695828,22.71,186.01718206,1725.0,0.1255464,3.6316672597084128
2150,9506382,Spot Grid,1,BTCUSDC,1.0,16206131,13.09,26.19833575,848.0,0.01302571,3.6300150375104456
2151,9459321,Spot Grid,1,BTCUSDC,1.0,17397216,9.4,58.73601089,1400.0,0.00980034,3.629248609809363
2152,9713648,Spot Grid,1,SOLUSDC,1.0,11863586,22.6,18.41200833,243.0,0.03373877,3.6282218701189124
2153,9805699,Spot Grid,1,DOGEUSDT,1.0,9321788,14.07,42.22764789,2973.0,0.0343266,3.621943351434692
2154,9829862,Spot Grid,1,SOLUSDT,1.0,8438276,27.01,27.01966877,186.0,0.04240354,3.619896092602249
2155,9880077,Spot Grid,1,DOGEUSDT,1.0,6523129,27.93,19.18754534,318.0,0.04206598,3.6183594288064764
2156,9261051,Spot Grid,1,BNBUSDT,1.0,21302655,9.41,282.30981952,309.0,0.00508566,3.617569936901067
2157,9458053,Spot Grid,1,BTCUSDT,1.0,17335837,13.31,45.40991024,176.0,0.00545465,3.617199078151216
2158,9403881,Spot Grid,1,DOGEUSDT,1.0,18411866,19.42,18.24179445,442.0,0.04899247,3.616875355548558
2159,9475960,Spot Grid,1,BTCUSDC,1.0,17001942,8.26,167.41672462,1406.0,0.00312711,3.615076612014212
2160,9296611,Spot Grid,1,DOGEUSDT,1.0,20656244,14.63,73.17455599,619.0,0.03647527,3.6150057419282913
2161,9966473,Spot Grid,1,ZECBTC,1.0,3627850,32.55,302.05940048,989.0,0.07079331,3.6141477889274425
2162,9438970,Spot Grid,1,BTCUSDT,1.0,17708766,13.05,25.65901435,176.0,0.0056588,3.6138512357203694
2163,9294520,Spot Grid,1,PEPEUSDC,1.0,20695056,16.49,230.31434953,1742.0,0.07151707,3.6117848041307363
2164,9199590,Spot Grid,1,BNBETH,1.0,22623462,8.84,748.85453219,777.0,0.02017758,3.610986339056601
2165,8970490,Spot Grid,1,LINKUSDC,1.0,27007386,8.46,677.80765843,2740.0,0.0780693,3.609350235601079
2166,9220864,Spot Grid,1,BTCFDUSD,1.0,22180223,3.75,67.47662552,2104.0,0.0151394,3.6074913641115742
2167,9097620,Spot Grid,1,BTCUSDT,1.0,24715086,7.44,263.99419619,483.0,0.01292054,3.6065685219880037
2168,9274770,Spot Grid,1,BTCUSDT,1.0,21029158,9.74,103.904055,605.0,0.01155093,3.605533816668497
2169,9455851,Spot Grid,1,BNBUSDT,1.0,17453288,13.22,102.89582279,331.0,0.00957639,3.6038238388880774
2170,9687896,Spot Grid,1,SOLUSDC,1.0,12575691,14.93,1493.91286728,455.0,0.00786373,3.603780664316372
2171,9048301,Spot Grid,1,BNBUSDT,1.0,25450770,6.88,35.90094619,400.0,0.01021307,3.603045621727858
2172,9622632,Spot Grid,1,ORDIUSDT,1.0,13779636,20.24,22.6759322,577.0,0.03723704,3.599970820529545
2173,9268945,Spot Grid,1,BNBUSDT,1.0,21149100,7.99,82.02378591,1009.0,0.01118218,3.5990476310976156
2174,9587248,Spot Grid,1,BNBFDUSD,1.0,14563333,13.12,421.96057354,1117.0,0.01526309,3.5959337185473568
2175,8957215,Spot Grid,1,ETHUSDT,1.0,27252739,8.16,11.8446144,323.0,0.02346153,3.5957317340763475
2176,9477949,Spot Grid,1,BNBUSDT,1.0,16949425,14.46,57.76124628,166.0,0.01082636,3.5953365028717625
2177,8970269,Spot Grid,1,BTCUSDT,1.0,27011577,5.17,18.12091013,805.0,0.01636502,3.5940585816118364
2178,9654082,Spot Grid,1,SHIBUSDT,1.0,12249641,11.51,15.31781874,2385.0,0.02137697,3.593971899542524
2179,9314333,Spot Grid,1,ETHBTC,1.0,20270111,7.98,55.79720873,673.0,0.00035872,3.5932648530594227
2180,9398131,Spot Grid,1,XRPUSDT,1.0,18516102,11.8,118.032222,1190.0,0.02505577,3.5924843613987707
2181,8684617,Spot Grid,1,LTCBTC,1.0,31023701,2.53,109.12784021,2141.0,0.04787098,3.592333946301065
2182,9273985,Spot Grid,1,ETHBTC,1.0,21040324,7.92,230.13735689,783.0,0.00660149,3.5918984559479483
2183,9255648,Spot Grid,1,ETHUSDT,1.0,21420134,5.65,3677.25851209,801.0,0.01393852,3.591221290200529
2184,9756465,Spot Grid,1,BTCJPY,1.0,10636193,13.26,15.10750497,1473.0,0.00487749,3.591063402049788
2185,9537042,Spot Grid,1,ADAFDUSD,1.0,15433740,2.77,177.85634936,4050.0,0.02343905,3.5885265569973472
2186,9255553,Spot Grid,1,BTCUSDT,1.0,21422792,7.08,35.41417527,1023.0,0.00786567,3.588165492722781
2187,9531969,Spot Grid,1,ETHUSDT,1.0,15541886,11.73,58.69619828,1089.0,0.00970498,3.5878067941990444
2188,9785253,Spot Grid,1,BNBUSDT,1.0,9906770,20.1,603.06588069,179.0,0.01497936,3.5875454361752936
2189,9220382,Spot Grid,1,SOLFDUSD,1.0,22192193,1.38,15.34829617,3179.0,0.02554548,3.5863541637136667
2190,9487864,Spot Grid,1,SOLBNB,1.0,16739665,9.71,1006.53891014,919.0,0.0051336,3.585685723211439
2191,9761240,Spot Grid,1,ETHUSDT,1.0,10528135,16.92,643.20449565,335.0,0.00382327,3.585465726311119
2192,9260946,Spot Grid,1,BTCUSDT,1.0,21303897,4.68,17.15263301,1727.0,0.00916108,3.5847546091818527
2193,9458737,Spot Grid,1,BTCUSDT,1.0,17407386,8.84,265.31419128,1478.0,0.0112892,3.584499357861797
2194,9433897,Spot Grid,1,SUIUSDT,1.0,17772895,16.97,32.16961649,243.0,0.03002198,3.5843296367928206
2195,9254946,Spot Grid,1,BTCUSDC,1.0,21435029,5.33,26.70146577,1435.0,0.00719963,3.583518519034299
2196,9488185,Spot Grid,1,BTCUSDC,1.0,16734430,14.11,21.5274287,387.0,0.01304261,3.581362333939781
2197,8950544,Spot Grid,1,BNBUSDT,1.0,27369875,4.32,29.26805894,1140.0,0.02090115,3.581330205111944
2198,9264704,Spot Grid,1,BTCUSDT,1.0,21240872,5.69,348.87425798,1170.0,0.00454259,3.5797206720787296
2199,9063405,Spot Grid,1,SOLUSDT,1.0,25215891,8.35,10.85924974,214.0,0.01415096,3.5791117339813097
2200,8688387,Spot Grid,1,BNBBTC,1.0,30999729,2.23,384.71491005,653.0,0.01659391,3.5790965179954934
2201,9384961,Spot Grid,1,BTCUSDT,1.0,18727559,11.8,35.40561015,121.0,0.00347411,3.5786321175847706
2202,8956668,Spot Grid,1,BTCUSDC,1.0,27260097,6.2,19.72366812,757.0,0.02268094,3.5785177496698197
2203,9826140,Spot Grid,1,BTCUSDT,1.0,8601453,21.3,215.92927679,141.0,0.01354341,3.578291611089706
2204,9262555,Spot Grid,1,XRPUSDT,1.0,21286061,11.3,95.6582306,1200.0,0.03512903,3.5707593688897363
2205,9471554,Spot Grid,1,BTCUSDT,1.0,17131976,12.71,38.14506724,398.0,0.00783691,3.5704496730752133
2206,8908491,Spot Grid,1,ETHUSDT,1.0,27599106,7.35,15.48116676,281.0,0.02071876,3.5688599065137305
2207,9545244,Spot Grid,1,TAOUSDT,1.0,15264513,24.0,326.43997367,628.0,0.0680551,3.5687774775843812
2208,10063227,Spot Grid,1,PUMPUSDT,1.0,1299400,36.28,1814.47462441,302.0,0.07635272,3.567917159183592
2209,9757063,Spot Grid,1,BTCUSDT,1.0,10627003,15.98,223.48337625,915.0,0.01001798,3.5654556721507533
2210,9384862,Spot Grid,1,BTCUSDT,1.0,18729719,11.7,35.15015995,121.0,0.00346937,3.5653220881233767
2211,9458095,Spot Grid,1,SHIBUSDT,1.0,17416056,18.28,36.56069801,262.0,0.03691812,3.5637170581406954
2212,9460021,Spot Grid,1,BTCUSDT,1.0,17385355,10.79,29.15352874,975.0,0.01084588,3.5636848683910665
2213,8744018,Spot Grid,1,BNBBTC,1.0,30459993,6.21,13.17940751,80.0,0.02266834,3.5632936959542865
2214,8954229,Spot Grid,1,BNBUSDT,1.0,27300564,6.0,120.07380803,529.0,0.01809378,3.562530925047346
2215,9654072,Spot Grid,1,ADAUSDT,1.0,12111675,15.67,69.12646687,940.0,0.01455871,3.5615776829565364
2216,9428762,Spot Grid,1,BTCFDUSD,1.0,17848287,11.01,169.16710299,525.0,0.00536529,3.5602676820098087
2217,9313599,Spot Grid,1,ETHBTC,1.0,20285746,7.76,66.86955551,669.0,0.00052542,3.5601136648741023
2218,9752940,Spot Grid,1,ETHUSDT,1.0,10714862,14.74,194.09215879,1075.0,0.00707263,3.559703408856367
2219,9122689,Spot Grid,1,BTCUSDC,1.0,24048715,8.92,88.59303625,37.0,0.00971695,3.5596696163025356
2220,9606544,Spot Grid,1,BNBUSDT,1.0,14228698,11.61,116.10639951,999.0,0.00302734,3.5578975971399376
2221,9604960,Spot Grid,1,ADAUSDT,1.0,14261873,17.3,43.26085133,274.0,0.01862489,3.5571354716418715
2222,8245808,Spot Grid,1,HUMAUSDT,1.0,36049456,10.24,20.69009721,282.0,0.07319586,3.5566164948398855
2223,9696879,Spot Grid,1,XRPUSDT,1.0,12378910,15.36,28.74411131,1013.0,0.01558503,3.5555103214779504
2224,9385929,Spot Grid,1,TRXUSDC,1.0,18708173,9.07,690.92647824,638.0,0.00372816,3.554545838661548
2225,9313960,Spot Grid,1,ETHBTC,1.0,20277943,7.9,27.89292632,671.0,0.00133248,3.5543275388451754
2226,9833031,Spot Grid,1,ZKUSDT,1.0,8308425,31.59,122.97429956,213.0,0.07065815,3.553151979594645
2227,9891709,Spot Grid,1,BTCUSDT,1.0,6076074,14.52,162.60856422,1982.0,0.0053563,3.552509634977647
2228,8972552,Spot Grid,1,BTCUSDT,1.0,26625520,6.98,34.9180253,298.0,0.01567326,3.5518951378360684
2229,9490608,Spot Grid,1,BTCUSDT,1.0,16685978,15.66,15.66028363,374.0,0.02228048,3.5497978569237363
2230,8905248,Spot Grid,1,SOLBNB,1.0,28094128,3.6,11.44210052,1054.0,0.0194442,3.5489989216094266
2231,8688367,Spot Grid,1,ETHUSDC,1.0,30999858,2.85,28.53311927,599.0,0.01826831,3.5478460989722045
2232,8518476,Spot Grid,1,UNIUSDT,1.0,32983851,10.94,134.64961914,1333.0,0.08710483,3.5476491611696357
2233,9034503,Spot Grid,1,ETHUSDT,1.0,25729544,6.56,87.55221142,531.0,0.01492161,3.547502273561632
2234,9521861,Spot Grid,1,BTCUSDC,1.0,15778494,8.5,3877.75123449,508.0,0.00200969,3.5474490982531415
2235,9027279,Spot Grid,1,BTCUSDT,1.0,25753448,5.16,51.61402758,949.0,0.01603703,3.547105863057952
2236,9026937,Spot Grid,1,BTCUSDT,1.0,25860575,3.77,37.71143702,1207.0,0.01431019,3.546234236589884
2237,9606703,Spot Grid,1,LTCUSDC,1.0,14225305,21.21,1714.28092166,309.0,0.04972418,3.544097537451814
2238,8945125,Spot Grid,1,SOLUSDT,1.0,27459845,5.0,21.8526031,553.0,0.01410207,3.5426795106829343
2239,9916393,Spot Grid,1,BTCUSDT,1.0,5011665,15.43,771.6421447,1800.0,0.00547173,3.5424570933610613
2240,8949538,Spot Grid,1,BTCUSDT,1.0,27391938,5.41,25.99168914,724.0,0.01970423,3.5424420056996917
2241,9069071,Spot Grid,1,ETHUSDC,1.0,25179793,7.74,216.80778666,314.0,0.01532199,3.542046979852532
2242,9069626,Spot Grid,1,BTCUSDT,1.0,25175347,6.85,34.29547065,570.0,0.0149152,3.5419181162438167
2243,9677989,Spot Grid,1,BTCFDUSD,1.0,12726798,7.43,186.90402151,2517.0,0.00711176,3.5355158510179936
2244,9255220,Spot Grid,1,BTCUSDT,1.0,21430945,6.92,138.44692208,875.0,0.00653948,3.535484020175602
2245,8903569,Spot Grid,1,ETHBTC,1.0,28115592,4.38,23.78527494,760.0,0.01820952,3.5350135745462947
2246,9078968,Spot Grid,1,BTCUSDT,1.0,25081838,7.12,14.24653539,399.0,0.01257058,3.5344864631988777
2247,9063976,Spot Grid,1,BTCUSDC,1.0,25175972,8.02,160.45199127,227.0,0.01512178,3.531731530780376
2248,9447907,Spot Grid,1,BNBUSDC,1.0,17537996,13.23,266.37907769,699.0,0.0216042,3.529520064002331
2249,8975012,Spot Grid,1,BTCUSDT,1.0,26936787,6.37,53.44460803,279.0,0.01429732,3.528529612124911
2250,9831918,Spot Grid,1,SOLUSDT,1.0,8371843,26.13,17.24903997,178.0,0.04077084,3.52810891404286
2251,9013939,Spot Grid,1,BTCUSDC,1.0,26118684,6.6,19.66714204,382.0,0.01409647,3.5277316105722276
2252,9485283,Spot Grid,1,BTCUSDT,1.0,16796247,14.19,11.95174467,86.0,0.00948505,3.5276350401496495
2253,9435042,Spot Grid,1,BTCUSDT,1.0,17763080,13.05,49.69735872,58.0,0.00701303,3.526835154493899
2254,9457581,Spot Grid,1,XRPUSDT,1.0,17424327,16.07,15.82833642,149.0,0.02385607,3.526513600158271
2255,9185992,Spot Grid,1,BNBBTC,1.0,22828232,1.45,25.03200107,2279.0,0.01207071,3.5262274517824745
2256,9458664,Spot Grid,1,BTCUSDT,1.0,17408244,10.29,24.20003932,930.0,0.00875929,3.5256071641189464
2257,9261824,Spot Grid,1,DOGEUSDT,1.0,21293280,2.62,18.32008619,3388.0,0.03541838,3.5243016370372993
2258,9010301,Spot Grid,1,BTCUSDT,1.0,26209456,4.17,15.90260665,1043.0,0.01529548,3.5241530163669745
2259,7460040,Spot Grid,1,PENGUUSDT,1.0,44491962,7.15,13.82510122,328.0,0.09463211,3.5237472568366193
2260,9355297,Spot Grid,1,DOGEUSDT,1.0,19354881,4.88,848.09345264,2440.0,0.0238106,3.521818953189721
2261,9069604,Spot Grid,1,SOLUSDT,1.0,25175555,7.19,14.38127516,660.0,0.01941142,3.5211799109799804
2262,8833176,Spot Grid,1,BNBBTC,1.0,29087591,1.18,18.57439802,1051.0,0.01154355,3.521038694271108
2263,9652248,Spot Grid,1,BTCFDUSD,1.0,13205895,8.3,80.70260536,2053.0,0.00416609,3.520368721585946
2264,9451025,Spot Grid,1,BTCUSDT,1.0,17503335,10.92,27.73731625,807.0,0.01025022,3.5201073637569436
2265,9524987,Spot Grid,1,BTCUSDT,1.0,15698033,13.88,30.54530606,132.0,0.00448024,3.519736641632816
2266,9676207,Spot Grid,1,PEPEUSDT,1.0,12797601,18.9,15.79435432,907.0,0.03588806,3.5194140075485207
2267,9315849,Spot Grid,1,SOLBTC,1.0,20241707,9.3,119.45935092,350.0,0.00396833,3.518232910214473
2268,9067926,Spot Grid,1,BTCUSDT,1.0,25186117,7.06,42.41492309,504.0,0.01570957,3.518173010609879
2269,9161926,Spot Grid,1,BTCUSDT,1.0,22224534,9.42,47.10080119,227.0,0.01018345,3.5168112273825214
2270,9377361,Spot Grid,1,PEPEFDUSD,1.0,18885116,18.72,349.81508867,1916.0,0.08412743,3.5159929746995946
2271,9219974,Spot Grid,1,BTCUSDT,1.0,22202537,8.17,329.46382787,403.0,0.00851798,3.514485668467023
2272,8991406,Spot Grid,1,BTCUSDC,1.0,26573635,6.0,42.07568173,529.0,0.01653118,3.5140839594526962
2273,9749060,Spot Grid,1,SOLBNB,1.0,10805679,19.68,567.46263357,231.0,0.02041186,3.5135644443705054
2274,9832562,Spot Grid,1,SOLUSDT,1.0,8349374,26.14,26.1484569,174.0,0.04128848,3.5132246952597033
2275,9942726,Spot Grid,1,DOGEUSDT,1.0,4005159,29.57,15.97096544,213.0,0.0423049,3.512164096941206
2276,9105320,Spot Grid,1,BNBEUR,1.0,24481558,4.92,71.48662699,758.0,0.00678824,3.511247562149658
2277,9317869,Spot Grid,1,ETHBTC,1.0,20189895,7.74,23.26584836,661.0,0.00161586,3.5102410402529114
2278,8939172,Spot Grid,1,BTCUSDT,1.0,27549533,4.81,19.34122969,628.0,0.01636358,3.509216283975726
2279,9558991,Spot Grid,1,ETHUSDT,1.0,14992420,11.77,2824.83821777,259.0,0.00745734,3.5077189221646545
2280,9533626,Spot Grid,1,ETHUSDT,1.0,15514572,11.8,204.99985587,857.0,0.00910784,3.505830004691562
2281,9458700,Spot Grid,1,DOGEEUR,1.0,17407893,14.35,16.04105671,920.0,0.03152492,3.5056346101521565
2282,9396333,Spot Grid,1,SEIUSDT,1.0,18532771,17.2,55.23893444,1068.0,0.05530596,3.504561772512845
2283,9397111,Spot Grid,1,BTCUSDT,1.0,18526446,10.56,114.63489916,457.0,0.0063259,3.504409356063281
2284,9724492,Spot Grid,1,SOLBTC,1.0,11544344,11.41,235.93467835,1714.0,0.00835581,3.5042716121393718
2285,9260470,Spot Grid,1,BTCUSDT,1.0,21313687,3.95,15.83009042,1731.0,0.00852322,3.504151244860548
2286,9664032,Spot Grid,1,BNBUSDT,1.0,13033053,11.38,1707.58904528,1060.0,0.00834063,3.5029368448232545
2287,8928275,Spot Grid,1,ONDOUSDT,1.0,27732706,8.22,12.00327829,1762.0,0.06005502,3.50192972054595
2288,9337218,Spot Grid,1,LTCETH,1.0,19805761,15.69,426.36747791,552.0,0.04359858,3.501498237803234
2289,9362547,Spot Grid,1,BTCUSDT,1.0,19170959,8.92,69.76925004,576.0,0.0025736,3.4999114375580773
2290,8990578,Spot Grid,1,BTCUSDC,1.0,26590670,7.64,76.44695211,49.0,0.01618182,3.4996052087083935
2291,8720848,Spot Grid,1,BNBBTC,1.0,30730093,3.23,11.98509035,101.0,0.01051254,3.499565786895668
2292,9688831,Spot Grid,1,SOLUSDC,1.0,12556594,16.4,34.30821076,679.0,0.01726642,3.499035313180871
2293,8944685,Spot Grid,1,BTCUSDT,1.0,27463398,6.09,63.93068689,112.0,0.01272577,3.4989258731377233
2294,9100499,Spot Grid,1,BTCUSDT,1.0,24617764,5.64,44.11780438,943.0,0.01563393,3.49755577534403
2295,9264188,Spot Grid,1,BTCUSDT,1.0,21254873,6.68,49.72944047,849.0,0.00504767,3.496131534872668
2296,9517281,Spot Grid,1,BTCUSDT,1.0,15935309,12.38,216.05038468,686.0,0.01096686,3.4946880350268836
2297,9842693,Spot Grid,1,ZECUSDT,1.0,8043716,61.58,98.53664495,471.0,0.24134644,3.4942499044643363
2298,9722136,Spot Grid,1,SUIFDUSD,1.0,11517322,17.0,254.80241664,1178.0,0.0279914,3.4942416360096598
2299,9245992,Spot Grid,1,ETHUSDT,1.0,21610838,9.48,18.96686204,304.0,0.01029598,3.493829192536441
2300,9490745,Spot Grid,1,BTCUSDT,1.0,16682471,11.43,41.264844,479.0,0.00371884,3.493804177317919
2301,8147512,Spot Grid,1,BNBUSDT,1.0,20931543,10.46,20.9381588,261.0,0.01187121,3.493443823843509
2302,9508975,Spot Grid,1,BNBUSDT,1.0,16140371,11.83,144.55790503,389.0,0.00229483,3.491883251543445
2303,8966147,Spot Grid,1,ETHUSDT,1.0,27094760,6.7,39.5484694,229.0,0.01715818,3.490959861787296
2304,9620312,Spot Grid,1,BNBUSDT,1.0,13920055,8.48,1106.15243006,1779.0,0.0088759,3.4906085350101077
2305,9607489,Spot Grid,1,SOLBNB,1.0,14213813,11.36,831.07300153,908.0,0.00616411,3.4877652556224708
2306,9685040,Spot Grid,1,SOLUSDT,1.0,12636841,13.31,202.49656461,1560.0,0.02065911,3.4876977682198183
2307,9456835,Spot Grid,1,XRPEUR,1.0,17436934,14.44,11.13864094,305.0,0.01983804,3.487377067255731
2308,9230540,Spot Grid,1,ETHJPY,1.0,21962654,9.69,27.60787171,421.0,0.01577677,3.486164158066548
2309,9325953,Spot Grid,1,XRPUSDT,1.0,20053634,11.8,27.69397496,1107.0,0.0337133,3.485279561813106
2310,8854671,Spot Grid,1,BNBBTC,1.0,28788471,1.85,15.97894508,1016.0,0.01463591,3.4847324809589115
2311,9537766,Spot Grid,1,LTCUSDT,1.0,15404131,23.67,55.50331985,71.0,0.05711921,3.4828523991977174
2312,9097694,Spot Grid,1,BTCFDUSD,1.0,24671276,7.02,88.79200347,545.0,0.01589726,3.4807926542213785
2313,8943956,Spot Grid,1,BTCUSDT,1.0,27477253,1.68,62.03907292,1368.0,0.01598825,3.479668457898926
2314,9879121,Spot Grid,1,XRPUSDT,1.0,6547183,20.38,284.78395281,765.0,0.01728909,3.4785671888965495
2315,8908623,Spot Grid,1,SOLUSDT,1.0,28043527,6.91,103.76168404,230.0,0.02322076,3.4783527722614234
2316,9444833,Spot Grid,1,BNBUSDT,1.0,17587486,11.54,35.91217399,229.0,0.00350909,3.4779565251596964
2317,9785082,Spot Grid,1,BTCUSDT,1.0,9911041,12.46,149.52719816,1510.0,0.00353664,3.474971865326358
2318,9628190,Spot Grid,1,USTCUSDT,1.0,13734520,18.03,160.39515241,1085.0,0.04152755,3.472457123196303
2319,9510257,Spot Grid,1,BTCUSDT,1.0,16112673,11.53,39.47808432,991.0,0.01354859,3.4715238633611305
2320,9750962,Spot Grid,1,JTOUSDT,1.0,10758920,19.33,60.3293232,5835.0,0.13594522,3.471434992852424
2321,9019325,Spot Grid,1,LINKUSDT,1.0,25989732,5.72,11.4547234,1906.0,0.0432048,3.471111684959833
2322,9454785,Spot Grid,1,BTCUSDC,1.0,17466082,13.09,27.84129408,233.0,0.01185652,3.469470459804457
2323,9455730,Spot Grid,1,BTCUSDT,1.0,17455329,9.32,49.42069179,929.0,0.00601902,3.4693820698656848
2324,9832234,Spot Grid,1,SOLUSDT,1.0,8360433,25.69,16.95584865,175.0,0.04063823,3.468627472465836
2325,8958272,Spot Grid,1,BTCUSDT,1.0,27233089,3.46,284.61566412,1096.0,0.0205573,3.467675155508655
2326,9034974,Spot Grid,1,BTCEUR,1.0,25720137,6.87,10.72814072,88.0,0.01002036,3.4675767155350172
2327,9008575,Spot Grid,1,ETHUSDT,1.0,21435588,7.45,149.15128577,878.0,0.01230791,3.467523387835652
2328,9454855,Spot Grid,1,BTCUSDT,1.0,17465543,11.16,403.58338761,398.0,0.00689492,3.465004771568883
2329,9014290,Spot Grid,1,BTCUSDT,1.0,26109310,6.38,63.86816151,309.0,0.0141521,3.462579714342924
2330,9394673,Spot Grid,1,BTCUSDT,1.0,18548855,10.42,64.08321187,314.0,0.00408724,3.461656480967574
2331,9490840,Spot Grid,1,BTCUSDT,1.0,16679549,11.75,117.53633869,578.0,0.00924893,3.461323955482491
2332,8983431,Spot Grid,1,BTCUSDT,1.0,26756788,5.16,36.38073281,487.0,0.01392051,3.461270465985095
2333,9831233,Spot Grid,1,SOLUSDT,1.0,8402672,25.61,16.90795998,179.0,0.04077084,3.4610219011148606
2334,9586275,Spot Grid,1,DOGEUSDT,1.0,14580303,8.18,24.97813944,3038.0,0.03237579,3.4596644487078034
2335,9630126,Spot Grid,1,BTCUSDT,1.0,13697935,4.51,38.88770222,2876.0,0.00519623,3.4588600586707123
2336,9126515,Spot Grid,1,BTCUSDC,1.0,23948150,4.48,25.55300008,1127.0,0.01178824,3.4585331541292628
2337,8945946,Spot Grid,1,BTCFDUSD,1.0,27450146,5.68,54.09294434,466.0,0.01957291,3.4563887933094146
2338,9880280,Spot Grid,1,SOLBTC,1.0,6517395,8.65,12145.05954088,606.0,0.01150004,3.4561812398329623
2339,9595273,Spot Grid,1,ETHUSDT,1.0,14409522,12.94,28.57814203,1181.0,0.01861673,3.4548837100524747
2340,9362164,Spot Grid,1,DOGEUSDT,1.0,19181507,14.07,15.47868132,1257.0,0.04678215,3.453822993024221
2341,9851329,Spot Grid,1,BNBUSDT,1.0,7760627,22.08,154.60012608,142.0,0.01892502,3.4537675208685945
2342,9782943,Spot Grid,1,ICPUSDT,1.0,9978695,33.21,87.9485004,97.0,0.08804453,3.4531756136355423
2343,9213105,Spot Grid,1,PEPEUSDT,1.0,22353863,16.63,30.00770611,649.0,0.06160819,3.452711038318003
2344,8903548,Spot Grid,1,ETHUSDT,1.0,27764998,2.46,36.95393241,1401.0,0.02314877,3.45246102967903
2345,8079104,Spot Grid,1,BTCUSDT,1.0,21170499,9.49,209.51633649,741.0,0.02036124,3.452321111394887
2346,9856210,Spot Grid,1,ETHUSDC,1.0,7550767,20.57,37.65796011,701.0,0.02105659,3.452106069436868
2347,9052812,Spot Grid,1,BTCUSDT,1.0,25357293,6.35,68.05692235,532.0,0.01602791,3.449758363969182
2348,9460693,Spot Grid,1,ETHUSDT,1.0,17370737,9.81,191.12875703,735.0,0.0057772,3.449117134247755
2349,9865274,Spot Grid,1,BTCUSDT,1.0,7144766,21.22,106.12802042,176.0,0.01230399,3.4475968682777443
2350,9615532,Spot Grid,1,LTCUSDT,1.0,14037752,17.94,137.10414698,780.0,0.03681344,3.4461918809252228
2351,8952510,Spot Grid,1,BTCUSDC,1.0,27334872,5.2,34.72030666,706.0,0.0218449,3.4460944280540464
2352,9518586,Spot Grid,1,BTCUSDC,1.0,15888452,14.23,15.43648277,458.0,0.01699558,3.445879145364262
2353,9534993,Spot Grid,1,BTCBRL,1.0,15491730,14.02,10.77682188,34.0,0.00529328,3.4424595274028635
2354,9528550,Spot Grid,1,ETHUSDC,1.0,15605214,13.91,30.54687354,172.0,0.00820133,3.4423706432518553
2355,9286564,Spot Grid,1,SOLBNB,1.0,20815560,5.89,187.03293686,987.0,0.00474084,3.439650835377813
2356,9341913,Spot Grid,1,BNBBTC,1.0,19688014,10.91,46.97465649,254.0,0.01118184,3.4392229277593307
2357,9064874,Spot Grid,1,BTCUSDC,1.0,25205524,7.19,21.59376104,239.0,0.01402556,3.437621531393979
2358,9842540,Spot Grid,1,SOLUSDT,1.0,8048477,22.45,94.32597655,242.0,0.02464919,3.4372564837370785
2359,9488744,Spot Grid,1,BTCUSDC,1.0,16725967,10.77,54.6640613,634.0,0.00593483,3.436697731316052
2360,8979243,Spot Grid,1,BTCUSDT,1.0,26847569,6.04,54.4067772,209.0,0.01432965,3.436516348543676
2361,9777005,Spot Grid,1,DOGEUSDT,1.0,10164338,16.14,18.3998631,716.0,0.00888965,3.4350238101304935
2362,8982856,Spot Grid,1,BTCUSDC,1.0,26770629,4.83,33.75421835,605.0,0.01574171,3.4342583217261033
2363,8712969,Spot Grid,1,BNBBTC,1.0,30803253,4.8,14.46622278,87.0,0.02182149,3.4326466288461206
2364,9757170,Spot Grid,1,BTCJPY,1.0,10624807,12.15,23.06252692,1460.0,0.00489942,3.4322364591988244
2365,9601134,Spot Grid,1,BNBUSDC,1.0,14313792,13.53,131.63155041,285.0,0.00399523,3.4303416989592423
2366,9563633,Spot Grid,1,ETHUSDT,1.0,14905835,11.07,44.25306929,1170.0,0.01139969,3.4288118298272954
2367,9535010,Spot Grid,1,BTCBRL,1.0,15491171,12.28,14.16579523,332.0,0.00264273,3.428721511138635
2368,9474267,Spot Grid,1,TAOUSDC,1.0,17050981,18.71,172.46767443,1290.0,0.06558323,3.4286738271342934
2369,9383287,Spot Grid,1,SOLBNB,1.0,18768524,11.55,62.37631572,352.0,0.0133717,3.427638733126325
2370,9832882,Spot Grid,1,SOLUSDT,1.0,8341058,25.42,32.68660309,174.0,0.04088593,3.4250977509553056
2371,9805978,Spot Grid,1,BTCUSDT,1.0,9311115,13.95,139.59317541,1632.0,0.01369061,3.424324003794583
2372,9370798,Spot Grid,1,SHIBUSDC,1.0,19032945,6.55,12.60328591,2628.0,0.03522324,3.4230024057707773
2373,9020363,Spot Grid,1,BNBBTC,1.0,25970282,4.35,15.388343,1080.0,0.02011928,3.422547769805284
2374,9231167,Spot Grid,1,ETHUSDT,1.0,21945279,4.79,85.19867969,842.0,0.00066915,3.421960870643074
2375,9770317,Spot Grid,1,BTCUSDT,1.0,10331428,21.13,27.93658834,122.0,0.02494413,3.42131496141415
2376,9004395,Spot Grid,1,BTCUSDC,1.0,26335259,6.32,14.4966408,217.0,0.0142795,3.4204959922409803
2377,9744219,Spot Grid,1,SOLBNB,1.0,10933085,19.23,135.76197341,101.0,0.01726722,3.420348285489679
2378,9675749,Spot Grid,1,PEPEUSDT,1.0,12811607,18.25,18.25148224,911.0,0.03647702,3.4200987589848157
2379,10030100,Spot Grid,1,PUMPUSDT,1.0,1932231,22.2,177.6701231,3541.0,0.06805339,3.420058781607968
2380,9601076,Spot Grid,1,BNBUSDT,1.0,14314544,13.47,130.93561291,286.0,0.00410454,3.419962707869643
2381,9148757,Spot Grid,1,BTCEUR,1.0,23560444,3.69,120.37867345,1375.0,0.01310175,3.4197069128662867
2382,9746436,Spot Grid,1,MANAUSDT,1.0,10867604,20.75,51.8897625,414.0,0.03154599,3.419113666992652
2383,9278103,Spot Grid,1,DOGEUSDT,1.0,20956283,10.34,1444.45647239,363.0,0.02381854,3.4182715094552703
2384,9830216,Spot Grid,1,SOLUSDT,1.0,8429627,25.35,40.5070804,182.0,0.04146429,3.4158019322732374
2385,8922617,Spot Grid,1,BTCFDUSD,1.0,27823172,3.93,39.33958205,589.0,0.0158382,3.413534529273575
2386,9782020,Spot Grid,1,CUSDT,1.0,9728566,24.22,101.73027305,408.0,0.04608355,3.41195756036809
2387,9296580,Spot Grid,1,DOGEUSDT,1.0,20656885,7.42,111.33345559,1979.0,0.03418031,3.4111134031909143
2388,8881449,Spot Grid,1,BNBETH,1.0,28429409,2.71,20.27901648,991.0,0.02028011,3.4105509213368697
2389,10008807,Spot Grid,1,SUIUSDT,1.0,2545713,27.52,2752.57940247,94.0,0.04052828,3.4094803118669588
2390,9674523,Spot Grid,1,PEPEUSDT,1.0,12837877,18.15,18.1544381,911.0,0.0364736,3.409342091113632
2391,9770745,Spot Grid,1,BTCUSDC,1.0,10323584,16.0,37.72282219,771.0,0.01116667,3.4076504274527832
2392,9752398,Spot Grid,1,ETHUSDT,1.0,10716125,17.72,35.44213441,128.0,0.00875295,3.4048781265941193
2393,9830292,Spot Grid,1,SOLUSDT,1.0,8427098,25.28,42.49056808,181.0,0.04151175,3.4045407100487544
2394,9655730,Spot Grid,1,PEPEUSDT,1.0,13157487,7.7,24.32167102,4685.0,0.0607542,3.403776017966558
2395,9938565,Spot Grid,1,BTCUSDT,1.0,4155725,15.96,165.85958751,1736.0,0.00582707,3.4034491809501923
2396,9501168,Spot Grid,1,BTTCUSDT,1.0,16364952,12.87,72.83520259,42.0,0.00479922,3.4031646787363865
2397,9761346,Spot Grid,1,BTCUSDC,1.0,10526604,15.6,31.21884546,1088.0,0.01673864,3.4021782278141384
2398,9769419,Spot Grid,1,DOGEUSDT,1.0,10349703,18.69,11.48919101,1104.0,0.03322025,3.3999218782395744
2399,9956805,Spot Grid,1,SOLUSD1,1.0,3798207,11.27,294.93032703,3355.0,0.01370451,3.399599062562126
2400,9591193,Spot Grid,1,BNBUSDT,1.0,14480325,15.62,102.3482064,183.0,0.01514351,3.3977892079375294
2401,9255671,Spot Grid,1,ETHUSDT,1.0,21419724,9.53,43.52611922,418.0,0.01616638,3.397339329516412
2402,8943934,Spot Grid,1,ETHBTC,1.0,27477486,2.14,64.82525378,683.0,0.00735359,3.396877041209275
2403,9662935,Spot Grid,1,BNBUSDT,1.0,13053713,15.37,39.90268913,297.0,0.00981047,3.3967308045113906
2404,8959993,Spot Grid,1,SOLUSDC,1.0,25181881,7.61,16.75666485,358.0,0.02040501,3.3955640155009044
2405,9183412,Spot Grid,1,BNBUSDT,1.0,22856430,0.94,28.2549696,2371.0,0.01661384,3.395501957850828
2406,9763075,Spot Grid,1,BTCUSDT,1.0,10496014,13.13,65.65246238,1494.0,0.01212655,3.3954825418320698
2407,9827179,Spot Grid,1,BTCUSDC,1.0,8554671,16.31,2371.13472892,148.0,0.00463994,3.3947381140388324
2408,9147439,Spot Grid,1,ETHUSDT,1.0,23585012,1.52,16.12073622,2041.0,0.01595569,3.393070604886915
2409,9384830,Spot Grid,1,BTCUSDT,1.0,18730557,10.19,50.98609548,216.0,0.00438318,3.388988803132173
2410,8692977,Spot Grid,1,BNBETH,1.0,30965328,3.27,38.26607674,536.0,0.0255354,3.3885253350860887
2411,8984501,Spot Grid,1,BTCUSDC,1.0,26732172,2.47,18.51790373,1233.0,0.01773559,3.387821774014451
2412,8965448,Spot Grid,1,BTCUSDC,1.0,27108958,5.76,28.82708206,160.0,0.01470237,3.3878181271621526
2413,9532145,Spot Grid,1,BTCEUR,1.0,15538886,12.73,284.49314537,362.0,0.00900964,3.3870098913665054
2414,8965758,Spot Grid,1,BTCUSDT,1.0,27102522,5.05,30.61418045,534.0,0.01878175,3.386064717580952
2415,8368030,Spot Grid,1,LINKETH,1.0,34643191,6.38,173.3930753,931.0,0.06745079,3.3854766364104325
2416,9261917,Spot Grid,1,LTCUSDT,1.0,21292164,16.19,99.00763959,158.0,0.04740927,3.3834806035945504
2417,9586563,Spot Grid,1,LINKUSDT,1.0,14574879,28.17,29.82051264,111.0,0.08297037,3.3818859910485264
2418,9315358,Spot Grid,1,ETHBTC,1.0,20252384,7.07,278.89113878,1214.0,0.01641605,3.3811446262667704
2419,9253899,Spot Grid,1,BTCUSDT,1.0,21458456,5.83,24.60272827,967.0,0.00826098,3.380920798938815
2420,9541888,Spot Grid,1,ETHUSDT,1.0,15336886,12.61,27.69863565,511.0,0.00959587,3.3801718311448554
2421,9315837,Spot Grid,1,SOLETH,1.0,20241947,8.8,124.29720868,519.0,0.01044293,3.3785729937789992
2422,9429337,Spot Grid,1,BTCUSDT,1.0,17839837,10.7,27.82796639,259.0,0.00459798,3.378018583133107
2423,9762124,Spot Grid,1,BTCUSDT,1.0,10509596,13.38,40.14320357,1371.0,0.01155261,3.377222995638888
2424,9488865,Spot Grid,1,BTCUSDT,1.0,16572418,10.29,308.99451184,736.0,0.00854219,3.3763334314837032
2425,9832266,Spot Grid,1,SOLUSDT,1.0,8359288,25.11,25.11484637,175.0,0.04133813,3.3730983372833636
2426,9546155,Spot Grid,1,ADAUSDC,1.0,15245613,6.66,45.21905029,3499.0,0.04031361,3.371163948035416
2427,9022422,Spot Grid,1,BTCUSDT,1.0,25934224,5.75,16.6835629,345.0,0.0141582,3.3708767932843915
2428,8724385,Spot Grid,1,BNBETH,1.0,30700172,3.78,130.91307008,176.0,0.0207639,3.3708221683410833
2429,9239393,Spot Grid,1,BTCJPY,1.0,21755099,1.86,18.16498168,2016.0,0.01041452,3.3696989782347906
2430,8996526,Spot Grid,1,ETHUSDC,1.0,26471277,5.51,55.19810846,361.0,0.01574314,3.369231682246808
2431,9756451,Spot Grid,1,BTCUSDT,1.0,10636460,12.44,1025.39270222,1265.0,0.0101283,3.368428753550053
2432,9718100,Spot Grid,1,SOLUSDT,1.0,11735040,18.56,20.42535053,65.0,0.01776834,3.368200424341463
2433,9742627,Spot Grid,1,SUIUSDT,1.0,10979782,23.29,230.93181471,724.0,0.05546786,3.367759529200206
2434,9753986,Spot Grid,1,ETHUSDT,1.0,10690728,17.71,106.88025255,263.0,0.01331164,3.367572611711822
2435,10012105,Spot Grid,1,SUIUSDT,1.0,2462985,28.07,1965.48432732,75.0,0.04043822,3.3670651184967824
2436,8942703,Spot Grid,1,BTCFDUSD,1.0,27500635,6.13,11.74294135,299.0,0.02213652,3.3658567179196415
2437,9633435,Spot Grid,1,BNBUSDT,1.0,13612802,15.4,84.71431706,248.0,0.01286959,3.3640825822542615
2438,8993526,Spot Grid,1,BTCUSDC,1.0,26525049,7.07,35.3645412,156.0,0.02036213,3.3619813839146
2439,9506406,Spot Grid,1,BTCUSDT,1.0,16205731,12.19,146.37981059,148.0,0.00469774,3.3613479545514453
2440,9254912,Spot Grid,1,ETHUSDC,1.0,21435413,9.27,92.8148186,422.0,0.01662843,3.360497805713107
2441,9412381,Spot Grid,1,ADAUSDT,1.0,18188459,15.05,40.53293486,1027.0,0.04691761,3.3603442652770688
2442,9265060,Spot Grid,1,SOLETH,1.0,21232496,9.32,295.86915795,562.0,0.0200791,3.359548025262841
2443,9261599,Spot Grid,1,BNBUSDT,1.0,21295974,7.26,14.97284736,560.0,0.00762415,3.358700328502271
2444,10014684,Spot Grid,1,ENAUSDT,1.0,2386871,32.06,450.50202555,222.0,0.05768782,3.356587576647174
2445,9490947,Spot Grid,1,BTCUSDT,1.0,16676019,11.6,29.00095655,440.0,0.00927103,3.35593094157625
2446,9782882,Spot Grid,1,DOGEFDUSD,1.0,9980790,16.3,1412.67000057,2402.0,0.05501498,3.3555306964574894
2447,9540057,Spot Grid,1,XRPUSDT,1.0,15370814,9.98,42.47202362,988.0,0.00657069,3.3539147072189563
2448,9227427,Spot Grid,1,PENDLEUSDT,1.0,22031125,8.65,61.19932009,1010.0,0.02838803,3.3523230194553304
2449,9028926,Spot Grid,1,BTCUSDC,1.0,25821048,3.47,69.5028076,980.0,0.01566693,3.3518688061926025
2450,9458986,Spot Grid,1,BTCUSDT,1.0,17402779,9.66,33.81762354,679.0,0.00701163,3.3517138772825694
2451,8721823,Spot Grid,1,BNBETH,1.0,30720930,3.09,22.97917334,496.0,0.02406542,3.3515605264637616
2452,8993109,Spot Grid,1,BTCUSDT,1.0,26536491,3.4,26.51917284,938.0,0.01726585,3.3510364759377325
2453,9537657,Spot Grid,1,ETHUSDT,1.0,15422414,11.43,30.87722855,764.0,0.01008306,3.3500440564007077
2454,9562172,Spot Grid,1,BTCUSDT,1.0,14932932,9.64,48.21042921,1136.0,0.0062288,3.348194075999985
2455,9497475,Spot Grid,1,BTCUSDT,1.0,16495918,11.46,114.63537517,193.0,0.00326216,3.3481492525591747
2456,9238122,Spot Grid,1,BTCUSDC,1.0,21789600,8.11,12.01631388,182.0,0.00680147,3.3480385962785046
2457,9711991,Spot Grid,1,XRPUSDT,1.0,11904274,13.83,2982.02433559,894.0,0.02619883,3.3477410592100596
2458,9455936,Spot Grid,1,XRPUSDT,1.0,17451910,13.64,19.66936057,719.0,0.0299385,3.3476639528052514
2459,9918361,Spot Grid,1,DOTUSDT,1.0,4946440,28.45,30.73044139,160.0,0.04576873,3.3474699462986215
2460,9938689,Spot Grid,1,BTCUSDT,1.0,4149868,15.47,187.07117362,1735.0,0.00547624,3.3469863335521786
2461,9654368,Spot Grid,1,BNBUSDT,1.0,13176869,15.86,317.30145399,272.0,0.01594418,3.3462379748696223
2462,9865334,Spot Grid,1,SOLUSDT,1.0,7142640,16.31,98.69733058,1324.0,0.0138096,3.344654933670283
2463,9579313,Spot Grid,1,SHIBUSDC,1.0,14703546,10.23,30.71806465,2640.0,0.04036814,3.3441931131754865
2464,8948029,Spot Grid,1,BNBETH,1.0,27424545,5.1,14.24905125,570.0,0.02281249,3.343661742767596
2465,9261311,Spot Grid,1,ETHBTC,1.0,21294895,7.84,25.47144804,405.0,0.00819102,3.3431947009215173
2466,9832018,Spot Grid,1,SOLUSDT,1.0,8367972,24.77,78.52984206,178.0,0.04123043,3.3387980487409505
2467,9621320,Spot Grid,1,BNBUSDT,1.0,13902117,13.01,48.69792399,392.0,0.0049171,3.338469260684561
2468,8951132,Spot Grid,1,BNBBTC,1.0,27358893,5.34,92.06593327,624.0,0.02562775,3.3376913253720226
2469,8947128,Spot Grid,1,BTCUSDT,1.0,27436402,5.55,111.10376327,442.0,0.02340969,3.3363448637226907
2470,9327344,Spot Grid,1,PEPEUSDC,1.0,20027708,8.58,19.48557705,2106.0,0.04307516,3.335883324416284
2471,9499927,Spot Grid,1,BTCUSDT,1.0,16409622,11.47,27.54700541,340.0,0.00613358,3.3351189247584525
2472,9106061,Spot Grid,1,BNBBTC,1.0,24461591,8.19,35.2660548,458.0,0.0251423,3.3350317308814965
2473,8924138,Spot Grid,1,BNBBTC,1.0,27794120,3.82,14.11432883,253.0,0.01113992,3.3322090789715957
2474,8934106,Spot Grid,1,BTCUSDC,1.0,27633358,4.2,10.80849023,789.0,0.02390467,3.330985277060386
2475,9071470,Spot Grid,1,PENDLEUSDT,1.0,25145890,27.61,1048.96520862,641.0,0.14368838,3.328574058521596
2476,9681308,Spot Grid,1,PEPEUSDT,1.0,12705398,17.57,24.98628668,891.0,0.03560974,3.3280640863405804
2477,8988855,Spot Grid,1,BTCUSDC,1.0,26624001,6.66,66.68848962,162.0,0.02019295,3.3280326884568936
2478,9756941,Spot Grid,1,BTCUSDC,1.0,10629474,18.8,20.69080278,128.0,0.01731798,3.327672064638365
2479,8963389,Spot Grid,1,BTCUSDT,1.0,27149453,3.5,39.59708106,657.0,0.01549755,3.3275784710752188
2480,9804032,Spot Grid,1,ETHUSDT,1.0,9377047,17.5,52.5145024,534.0,0.01364609,3.3266127624858686
2481,10025046,Spot Grid,1,SUIFDUSD,1.0,2089067,21.76,131.856055,3335.0,0.06554055,3.3249840309427237
2482,9560368,Spot Grid,1,BNBUSDT,1.0,14973954,15.65,382.66400423,323.0,0.02482272,3.3230633534700225
2483,9862531,Spot Grid,1,AVAXUSDT,1.0,7281683,30.55,72.26775483,814.0,0.08227772,3.322968926240083
2484,9255397,Spot Grid,1,BTCEUR,1.0,21426564,8.92,49.860326,448.0,0.01651821,3.3228076352949625
2485,8967243,Spot Grid,1,BTCUSDC,1.0,27078199,2.88,576.99710201,914.0,0.02024481,3.3215123676003495
2486,9292438,Spot Grid,1,ETHBTC,1.0,20733796,7.13,98.95893124,586.0,0.0070857,3.319012655665969
2487,9738160,Spot Grid,1,BTCUSDT,1.0,11109914,9.84,118.73371603,2086.0,0.01263888,3.3184307761757355
2488,9331501,Spot Grid,1,XRPUSDC,1.0,19939343,9.88,79.08958386,1255.0,0.0328387,3.3178284740954798
2489,8921902,Spot Grid,1,BTCUSDT,1.0,27837576,2.01,60.30818086,941.0,0.01679187,3.317823598062924
2490,9427318,Spot Grid,1,TWTUSDT,1.0,17877888,17.81,77.5200544,472.0,0.05087221,3.3172722325381274
2491,9292131,Spot Grid,1,DOGEUSDT,1.0,20739150,10.69,11.43862811,1448.0,0.04453595,3.3150836503237358
2492,9851867,Spot Grid,1,ZECUSDT,1.0,7742305,64.29,192.89927282,462.0,0.26253277,3.311270847663568
2493,9756886,Spot Grid,1,DOGEUSDT,1.0,10630223,21.79,22.88651363,445.0,0.04110902,3.3100728326212954
2494,9851870,Spot Grid,1,ZECUSDT,1.0,7742111,64.28,192.86287282,462.0,0.26253277,3.309883018523843
2495,9260795,Spot Grid,1,BTCUSDC,1.0,21306805,6.52,20.73332422,733.0,0.00927673,3.309748342327041
2496,9086498,Spot Grid,1,SHIBUSDT,1.0,24999052,5.66,14.69011814,1821.0,0.04334329,3.309693614985887
2497,9756909,Spot Grid,1,BTCUSDT,1.0,10629849,8.21,41.08879322,2310.0,0.00637201,3.30932942833516
2498,9664506,Spot Grid,1,BTCFDUSD,1.0,13024283,2.02,1538.39416542,3359.0,0.01267956,3.308010218107324
2499,9262163,Spot Grid,1,BTCUSDC,1.0,21290639,7.73,37.55637776,480.0,0.01065958,3.307347470447287
2500,9756488,Spot Grid,1,BTCUSDT,1.0,10635696,17.29,17.21133035,81.0,0.00890142,3.30694134670907
2501,8942171,Spot Grid,1,BTCEUR,1.0,27509400,5.54,49.58709837,74.0,0.01674938,3.3068518240141573
2502,9528384,Spot Grid,1,BTCUSDT,1.0,15609894,12.11,26.53815785,390.0,0.00842929,3.3062594579676383
2503,9576702,Spot Grid,1,ETHUSDT,1.0,14733704,12.16,36.5021276,938.0,0.01674212,3.3027937331834845
2504,9828652,Spot Grid,1,BTCUSDC,1.0,8494379,20.01,29.14917418,224.0,0.01789193,3.3026685048083424
2505,9486197,Spot Grid,1,ETCUSDT,1.0,16776274,10.06,120.80619769,3160.0,0.06144682,3.302267774183897
2506,9127564,Spot Grid,1,BTCUSDT,1.0,23911953,3.96,1584.93865154,881.0,0.01797059,3.299992910655991
2507,9082216,Spot Grid,1,ETHUSDT,1.0,25042427,6.27,62.79473012,312.0,0.0156309,3.298671788687335
2508,9527991,Spot Grid,1,BTCUSDT,1.0,15619580,9.98,220.49014382,673.0,0.00410792,3.298571807209528
2509,8954591,Spot Grid,1,BTCUSDT,1.0,27293440,4.39,17.3151084,220.0,0.01279533,3.298398440326135
2510,9023630,Spot Grid,1,ETHUSDT,1.0,25903750,5.88,58.81995705,301.0,0.01695404,3.297954907063077
2511,9550088,Spot Grid,1,ETHUSDT,1.0,15162738,11.93,35.80149633,744.0,0.01348084,3.296032927807546
2512,9825348,Spot Grid,1,BTCUSDT,1.0,8634220,19.43,23.31639942,290.0,0.01700877,3.294532758996912
2513,9264655,Spot Grid,1,BNBUSDT,1.0,21241983,9.41,19.85300882,225.0,0.01468682,3.2942142471544686
2514,9604825,Spot Grid,1,PEPEUSDT,1.0,14264937,11.2,2068.90304389,2478.0,0.05291852,3.2928488766814894
2515,8948151,Spot Grid,1,SOLUSDT,1.0,27422609,6.66,13.61838356,235.0,0.02634262,3.291572606786723
2516,9475778,Spot Grid,1,BTCUSDC,1.0,17006137,9.82,180.84705435,400.0,0.00347129,3.291306973014147
2517,9119365,Spot Grid,1,ETHUSDT,1.0,24135655,5.14,195.15176181,848.0,0.01793879,3.2900322687353345
2518,9831403,Spot Grid,1,DOGEUSDT,1.0,8395368,19.39,1939.93728863,310.0,0.02628131,3.288747798625162
2519,9953043,Spot Grid,1,XRPUSDT,1.0,3847069,22.32,187.63344169,601.0,0.02008835,3.287010023646423
2520,9298684,Spot Grid,1,ETHBTC,1.0,20614561,7.63,46.30208627,763.0,0.01408946,3.286567031782697
2521,9832868,Spot Grid,1,SOLUSDT,1.0,8341392,24.35,17.58412686,173.0,0.04051412,3.2861400686255733
2522,9256797,Spot Grid,1,BTCUSDT,1.0,21395118,4.71,1388.42284199,942.0,0.01233822,3.2815253708997094
2523,9315625,Spot Grid,1,BNBBTC,1.0,20246698,8.68,12.91218885,499.0,0.01273423,3.2808833515991864
2524,8960708,Spot Grid,1,BTCUSDT,1.0,27182211,5.14,36.04767435,112.0,0.01496436,3.2802550697950896
2525,9593054,Spot Grid,1,ADAUSDC,1.0,14454437,12.9,96.17743426,1476.0,0.03230545,3.277448978748209
2526,9165109,Spot Grid,1,PEPEUSDT,1.0,23279643,15.5,25.32286195,351.0,0.06015377,3.275910856279543
2527,8974649,Spot Grid,1,BTCEUR,1.0,26942744,4.52,18.99563214,500.0,0.01886314,3.2754225425541654
2528,9584548,Spot Grid,1,XRPUSDT,1.0,14619567,13.85,56.38419233,805.0,0.0239127,3.27487015073568
2529,9728102,Spot Grid,1,ETHUSDT,1.0,11441613,10.5,345.15079568,1605.0,0.01050173,3.2724886233381376
2530,8938999,Spot Grid,1,BNBBTC,1.0,27552917,3.1,22.43601744,778.0,0.01973715,3.2720020528247975
2531,8931462,Spot Grid,1,BTCUSDT,1.0,27684125,1.84,1847.18714408,573.0,0.01850585,3.270608438860555
2532,9705597,Spot Grid,1,BNBUSDT,1.0,12121518,14.88,240.38261712,764.0,0.01916397,3.269545473247236
2533,8849287,Spot Grid,1,ETHUSDT,1.0,28852938,3.49,34.90478306,372.0,0.01902625,3.268928959799683
2534,9262259,Spot Grid,1,BNBUSD1,1.0,21289531,3.67,73.52746324,1799.0,0.01811002,3.2679501854293616
2535,9767935,Spot Grid,1,SANDUSDT,1.0,10383067,23.16,46.33049987,39.0,0.04077531,3.267880441439583
2536,9524359,Spot Grid,1,BTCUSDT,1.0,15709828,7.73,30.94136852,1575.0,0.01156734,3.2667547902493306
2537,9942268,Spot Grid,1,INJUSDT,1.0,4014396,21.33,106.66867417,1851.0,0.04230228,3.2649398229190725
2538,8894164,Spot Grid,1,UNIUSDT,1.0,28253550,11.41,80.01626006,735.0,0.06788978,3.2646668050988508
2539,9516944,Spot Grid,1,BTCUSDT,1.0,15942290,8.09,40.48100218,1279.0,0.00845152,3.2634224530551195
2540,9755785,Spot Grid,1,BTCUSDT,1.0,10653272,14.64,43.93125596,797.0,0.0115226,3.2630639802321837
2541,9206880,Spot Grid,1,ARBUSDT,1.0,22474462,9.8,29.41483252,2394.0,0.06928726,3.2628734970825413
2542,9260202,Spot Grid,1,BTCUSDT,1.0,21319687,5.87,21.74469334,779.0,0.00866434,3.262162821312202
2543,9454255,Spot Grid,1,ETHUSDT,1.0,17471981,6.86,568.20573908,1356.0,0.01265587,3.2620870579390173
2544,8963212,Spot Grid,1,BNBBTC,1.0,27152378,3.17,20.11944019,996.0,0.02341117,3.261974841456519
2545,9268450,Spot Grid,1,ADAUSDT,1.0,21159138,4.98,58.62620975,2792.0,0.04589904,3.261850910426614
2546,8906849,Spot Grid,1,BTCUSDT,1.0,28052405,2.9,29.08656743,606.0,0.0176332,3.2605423789504373
2547,8990241,Spot Grid,1,ETHUSDT,1.0,26597871,3.29,108.61029098,613.0,0.01411013,3.2604651764727293
2548,9433692,Spot Grid,1,SOLBTC,1.0,17775008,10.0,86.16049015,401.0,0.00860486,3.2582503590096996
2549,9799020,Spot Grid,1,ETHUSDT,1.0,9544015,16.63,41.91501267,546.0,0.01262283,3.2562837005860352
2550,8984099,Spot Grid,1,SOLUSDT,1.0,26741270,5.89,58.98144894,307.0,0.02245686,3.25462668546694
2551,9079713,Spot Grid,1,BTCUSDT,1.0,25067186,6.39,694.47729777,50.0,0.01589032,3.2540707375673295
2552,9868733,Spot Grid,1,XRPUSDT,1.0,7031160,17.73,319.16157737,973.0,0.01853823,3.2518743463381723
2553,9684047,Spot Grid,1,XRPUSDT,1.0,12654025,8.75,52.54210584,2593.0,0.0263371,3.251790742080439
2554,9694187,Spot Grid,1,PEPEUSDT,1.0,12430969,14.98,74.94697046,2172.0,0.05071032,3.2511741566406003
2555,9536479,Spot Grid,1,ETHUSDC,1.0,15447282,14.25,12.12135589,33.0,0.01409723,3.2495163747945504
2556,10048065,Spot Grid,1,AAVEUSDT,1.0,1579656,31.46,94.39917402,52.0,0.04988413,3.2480732258000224
2557,9351126,Spot Grid,1,ETHBTC,1.0,19464399,10.5,48.51652642,46.0,0.01134043,3.246243966318848
2558,8743554,Spot Grid,1,BNBBTC,1.0,30465353,0.68,117.81229823,824.0,0.02153464,3.243922628257411
2559,9583889,Spot Grid,1,BTCUSDT,1.0,14634377,6.3,95.39752455,1762.0,0.00437573,3.2432678845158867
2560,9349250,Spot Grid,1,DOGEUSDT,1.0,19501947,16.65,26.11925006,474.0,0.0542298,3.2429390841938273
2561,9838375,Spot Grid,1,SOLUSDT,1.0,8168780,18.63,37.35246066,445.0,0.01607542,3.2426788782791705
2562,9527372,Spot Grid,1,BTCUSDT,1.0,15639750,11.4,47.21355611,737.0,0.01470806,3.2418052685029135
2563,9260401,Spot Grid,1,BTCUSDT,1.0,21314944,5.82,87.35198367,890.0,0.01189607,3.2412544726128165
2564,9628046,Spot Grid,1,BTCUSDT,1.0,13738072,5.34,374.21578893,2053.0,0.00302786,3.2396219033159555
2565,9105873,Spot Grid,1,BTCUSDT,1.0,24466435,5.43,32.63955955,539.0,0.01560029,3.239394440405209
2566,9780325,Spot Grid,1,RENDERUSDT,1.0,10060708,15.68,79.57119014,2495.0,0.0517486,3.239176891926318
2567,9572977,Spot Grid,1,BTCBRL,1.0,14769842,7.45,105.29068123,1481.0,0.00559794,3.2371923733741133
2568,9802295,Spot Grid,1,ETHUSDT,1.0,9440041,15.64,273.56148885,533.0,0.00850367,3.235698353961966
2569,9543277,Spot Grid,1,BTCUSDT,1.0,15314131,9.42,942.25750712,731.0,0.00724752,3.234565071665861
2570,9839509,Spot Grid,1,BTCUSDT,1.0,8135411,17.07,170.45230925,386.0,0.00722009,3.2330134150383985
2571,9121676,Spot Grid,1,BTCUSDT,1.0,24069116,4.3,52.32424284,823.0,0.01418955,3.230388267715139
2572,8408135,Spot Grid,1,LTCUSDC,1.0,34061721,3.62,79.73297959,141.0,0.03889618,3.2303419029470697
2573,9279282,Spot Grid,1,BNBUSDT,1.0,20936048,8.86,31.77890799,198.0,0.01245537,3.2295779745229214
2574,9052758,Spot Grid,1,BTCUSDC,1.0,25357761,8.03,28.91865824,46.0,0.02358807,3.229466419418575
2575,9162769,Spot Grid,1,BTCUSDT,1.0,23329967,4.4,775.78022355,761.0,0.01406133,3.2285163297072677
2576,8928212,Spot Grid,1,BTCUSDT,1.0,27733770,2.67,26.79654947,778.0,0.01995713,3.227742575736144
2577,9822380,Spot Grid,1,BTCUSDT,1.0,8735683,16.13,32.33404053,774.0,0.01236598,3.227398928261867
2578,9789581,Spot Grid,1,SHIBUSDT,1.0,9773413,18.09,26.01764467,1099.0,0.03440299,3.226617305214161
2579,8952075,Spot Grid,1,ETHUSDT,1.0,27342912,7.17,43.03594664,186.0,0.03056561,3.2253931056914835
2580,9595584,Spot Grid,1,BTCUSDC,1.0,14404198,14.2,284.08076627,72.0,0.01258118,3.224804334660688
2581,10000037,Spot Grid,1,TSTUSDT,1.0,2736642,18.56,18.57020946,2527.0,0.03718539,3.223740880486481
2582,8942318,Spot Grid,1,BTCUSDT,1.0,27506890,4.48,12.04928494,241.0,0.01764229,3.2230885063652917
2583,9440081,Spot Grid,1,BTCUSDC,1.0,17684174,8.47,169.60981897,447.0,0.00266619,3.2228914525534385
2584,9623565,Spot Grid,1,GIGGLEUSDT,1.0,13854968,15.44,24.53427109,1124.0,0.03802929,3.2226280938014153
2585,9042615,Spot Grid,1,BTCUSDT,1.0,25569473,4.83,66.03074896,463.0,0.01631526,3.2214765359821893
2586,9799780,Spot Grid,1,BNBUSDT,1.0,9519330,17.79,90.21678628,206.0,0.0133237,3.2213457658020985
2587,9758835,Spot Grid,1,ETHUSDC,1.0,10545567,16.62,32.60946752,92.0,0.00861131,3.2210492932315757
2588,9222070,Spot Grid,1,LTCUSDT,1.0,22156992,7.32,27.64363557,965.0,0.0258006,3.2209229078665476
2589,8908486,Spot Grid,1,ETHUSDT,1.0,28044983,2.12,42.58833525,1014.0,0.0236447,3.220451295841726
2590,9237830,Spot Grid,1,ETHUSDC,1.0,21796349,7.83,156.81848801,421.0,0.01625232,3.2197406114747813
2591,9454886,Spot Grid,1,ETHFDUSD,1.0,17465236,9.82,528.63601335,907.0,0.02082368,3.219736121689784
2592,9733892,Spot Grid,1,BTCUSDT,1.0,11253716,4.4,44.06987805,2928.0,0.00488168,3.219629154687033
2593,9093078,Spot Grid,1,BTCUSDT,1.0,24826511,5.23,70.60096557,521.0,0.01665871,3.219492742732013
2594,9552134,Spot Grid,1,BTCUSDT,1.0,15102311,10.67,117.85214873,681.0,0.0084985,3.21929214983382
2595,9064832,Spot Grid,1,BTCUSDT,1.0,25205732,6.46,211.50795909,118.0,0.01721816,3.219271523116453
2596,10014265,Spot Grid,1,NEARUSDT,1.0,2398783,53.29,1065.8284341,1111.0,0.20145066,3.2182355590231944
2597,9112639,Spot Grid,1,BTCUSDT,1.0,24289933,5.46,78.30694045,546.0,0.0163026,3.2167465454912483
2598,9192590,Spot Grid,1,BNBBTC,1.0,22750587,4.22,11.48311069,1433.0,0.02137931,3.216248532892311
2599,9840090,Spot Grid,1,SOLUSDT,1.0,8114238,18.5,46.45317605,444.0,0.01623647,3.215790183006681
2600,8957053,Spot Grid,1,TAOUSDC,1.0,27255288,16.99,33.99206493,412.0,0.08905417,3.215736051491784
2601,9801811,Spot Grid,1,ETHUSDT,1.0,9454130,16.61,49.84191778,542.0,0.01373115,3.2153061033144117
2602,9513977,Spot Grid,1,SOLBNB,1.0,16031167,12.73,101.45537321,164.0,0.01290842,3.214596520162929
2603,9010126,Spot Grid,1,BTCUSDT,1.0,26212453,3.46,15.92681384,646.0,0.01545701,3.214590883372601
2604,9671987,Spot Grid,1,ETHUSDT,1.0,12833458,10.32,68.08188762,1285.0,0.00961943,3.21401930938364
2605,8856313,Spot Grid,1,ETHBTC,1.0,28760217,3.64,45.57467133,319.0,0.02059295,3.2139399148959082
2606,9509560,Spot Grid,1,ETHUSDT,1.0,10758714,15.22,87.98373273,303.0,0.00694847,3.2126178816483013
2607,9258610,Spot Grid,1,ETHBTC,1.0,21360827,5.57,19.18782399,667.0,0.00681732,3.212327247287024
2608,9269031,Spot Grid,1,SOLBNB,1.0,21147290,6.21,64.09239936,658.0,0.00949229,3.211211590967468
2609,9918187,Spot Grid,1,DOGEUSDT,1.0,4952667,22.65,22.65716189,384.0,0.02427824,3.209889398662596
2610,8908012,Spot Grid,1,BNBFDUSD,1.0,28049729,5.2,10.39287578,220.0,0.02403754,3.208462918308535
2611,9834088,Spot Grid,1,SOLUSDT,1.0,8284959,23.88,18.13349238,169.0,0.04075578,3.208042169848409
2612,9298016,Spot Grid,1,BNBBTC,1.0,20624190,9.0,17.78459168,177.0,0.01228934,3.2067432012216277
2613,9879560,Spot Grid,1,BTCUSDC,1.0,6535312,18.51,539.02866882,684.0,0.01752269,3.2065833667164605
2614,9789630,Spot Grid,1,BNBUSDC,1.0,8853095,18.0,179.47864535,152.0,0.01153773,3.206504282258691
2615,9653261,Spot Grid,1,TAOUSDC,1.0,13189711,19.63,78.54228013,552.0,0.04699391,3.205136339661791
2616,8990808,Spot Grid,1,BTCUSDT,1.0,26585228,5.75,72.13931376,205.0,0.02092584,3.2050182431324985
2617,8904183,Spot Grid,1,LINKUSDT,1.0,28109388,6.39,100.25369464,364.0,0.03450264,3.2037572859205303
2618,8925128,Spot Grid,1,BTCUSDT,1.0,27777386,4.1,648.16985217,182.0,0.01953222,3.203419145612126
2619,9252975,Spot Grid,1,BTCUSDT,1.0,21470611,8.5,19.12978629,146.0,0.0126598,3.2033179441713417
2620,9927487,Spot Grid,1,SOLUSDT,1.0,4675266,13.53,51.09935343,2366.0,0.01564951,3.2002594244081126
2621,9832647,Spot Grid,1,BTCUSDC,1.0,8347447,17.62,90.53938941,120.0,0.00653578,3.197205531953668
2622,9564901,Spot Grid,1,BTCUSDC,1.0,14887822,9.58,479.58565495,850.0,0.00794692,3.197023282894533
2623,9772509,Spot Grid,1,XRPUSDT,1.0,10278764,20.35,135.68086617,796.0,0.04428088,3.1968291205495754
2624,9796658,Spot Grid,1,ENJUSDT,1.0,5872725,24.22,484.49456243,10.0,0.03183565,3.195691214800711
2625,9861277,Spot Grid,1,ETHUSDT,1.0,7337621,17.08,28.49035609,1432.0,0.02676573,3.1956457400941494
2626,8917435,Spot Grid,1,ETHUSDT,1.0,27906557,3.22,29.07592176,382.0,0.01663455,3.1954893729260374
2627,8947731,Spot Grid,1,BTCUSDT,1.0,27428104,0.95,932.87304207,621.0,0.01191568,3.194386650260597
2628,9830573,Spot Grid,1,WLDUSDC,1.0,8419685,31.98,218.06774034,559.0,0.09558269,3.1920082272159553
2629,9717248,Spot Grid,1,BTCFDUSD,1.0,11765122,4.75,2084.40905732,2221.0,0.00566941,3.190967593787471
2630,9253657,Spot Grid,1,BTCUSDC,1.0,21462388,7.34,20.62038254,179.0,0.00748254,3.1908649077751448
2631,8945219,Spot Grid,1,ETHUSDT,1.0,27458620,2.97,38.27426657,508.0,0.01625728,3.190696510082433
2632,9898737,Spot Grid,1,SHIBUSDT,1.0,5782014,21.77,43.54605766,155.0,0.019065,3.1900953221153188
2633,9252622,Spot Grid,1,ETHUSDT,1.0,21473196,0.15,56.48449861,2307.0,0.01343238,3.1897623346535737
2634,8956308,Spot Grid,1,BTCEUR,1.0,27265237,3.77,20.83794725,790.0,0.02572408,3.1897312816370134
2635,9046180,Spot Grid,1,BTCUSDT,1.0,25492738,4.04,40.41899288,609.0,0.01591754,3.189200338227986
2636,8944259,Spot Grid,1,BTCUSDC,1.0,27471553,1.14,107.81575502,753.0,0.01190698,3.1890034099354634
2637,9257186,Spot Grid,1,BTCUSDT,1.0,21387489,5.46,16.38300077,707.0,0.00810956,3.1887147762496895
2638,8994374,Spot Grid,1,ETHUSDT,1.0,26499782,5.17,36.60219796,481.0,0.02370562,3.1885240281206615
2639,8914147,Spot Grid,1,BTCUSDT,1.0,27961708,2.15,28.22269068,633.0,0.01664816,3.1873375904055257
2640,9089076,Spot Grid,1,BTCUSDT,1.0,24932665,2.46,32.77632197,622.0,0.0051989,3.187051628732545
2641,9231170,Spot Grid,1,ETHUSDT,1.0,21945242,4.42,74.36780417,724.0,0.00555984,3.1862333728577013
2642,9579251,Spot Grid,1,BTCUSDC,1.0,14704747,7.28,72.86570836,1431.0,0.00523991,3.185525903774875
2643,8943869,Spot Grid,1,BTCUSDT,1.0,27478703,3.13,27.33046382,200.0,0.01089764,3.184432526437876
2644,9495498,Spot Grid,1,ADAUSDT,1.0,16555434,17.19,77.74301285,627.0,0.05050236,3.182936310101572
2645,9598857,Spot Grid,1,BNBFDUSD,1.0,14345221,11.1,76.36651711,668.0,0.0085908,3.1828482098962483
2646,9623973,Spot Grid,1,ETHUSDT,1.0,13844630,10.57,77.31982143,752.0,0.00550594,3.1785334826849874
2647,8984954,Spot Grid,1,TAOUSDC,1.0,26718410,6.09,175.19787995,2286.0,0.06898142,3.1784379388803394
2648,9560013,Spot Grid,1,BNBUSDT,1.0,14979026,8.57,22.82230462,1993.0,0.02540611,3.178025314142458
2649,9597927,Spot Grid,1,GIGGLEUSDT,1.0,14365166,12.67,14.89417696,540.0,0.01444555,3.1778218951365225
2650,8947133,Spot Grid,1,BTCUSDT,1.0,27436388,2.8,77.53894642,343.0,0.01247253,3.177510611332805
2651,9763034,Spot Grid,1,OGUSDT,1.0,10496387,15.25,228.0203005,360.0,0.0093575,3.1767643494167435
2652,9237120,Spot Grid,1,SOLFDUSD,1.0,21809467,1.66,166.40719391,2558.0,0.02954837,3.176335431997533
2653,9599875,Spot Grid,1,ETHUSDT,1.0,14330965,13.44,67.21389791,120.0,0.0099666,3.176071017255032
2654,9260821,Spot Grid,1,ETHUSDC,1.0,21306279,6.73,16.77096597,589.0,0.01277542,3.174836067805325
2655,9904188,Spot Grid,1,AVAXUSDT,1.0,5533559,20.96,209.62342489,3092.0,0.07718731,3.174547850053808
2656,9002639,Spot Grid,1,BTCUSDT,1.0,26369941,2.25,199.73903958,465.0,0.00823537,3.174479969625943
2657,9344053,Spot Grid,1,BNBBTC,1.0,19633719,8.45,13.64036004,187.0,0.00657732,3.1733439493742814
2658,8975042,Spot Grid,1,BNBBTC,1.0,26936023,2.06,11.01789703,1058.0,0.02124964,3.1730193506977775
2659,9658923,Spot Grid,1,XRPUSDC,1.0,13110293,14.38,35.96707148,515.0,0.01821506,3.1729393408948576
2660,8283944,Spot Grid,1,XLMUSDT,1.0,31041854,11.51,28.78651359,204.0,0.07256473,3.172378130896679
2661,9050368,Spot Grid,1,BTCUSDT,1.0,25396160,0.92,29.31375061,1491.0,0.01771961,3.1721279628891077
2662,9291117,Spot Grid,1,XRPUSDT,1.0,20756996,9.13,101.42169839,1090.0,0.03472665,3.171598339188017
2663,9774138,Spot Grid,1,APEUSDT,1.0,10241190,18.49,751.85997005,2475.0,0.07367245,3.1709528218389864
2664,9701774,Spot Grid,1,BNBUSDT,1.0,12247605,13.7,205.59486072,341.0,0.00815183,3.169087781283622
2665,9254883,Spot Grid,1,ETHUSDT,1.0,21435805,7.84,107.22986131,423.0,0.01668056,3.1667735622816244
2666,9758424,Spot Grid,1,BTCUSDT,1.0,10596465,10.65,53.286127,1542.0,0.00913237,3.166516363572368
2667,9822817,Spot Grid,1,BTCUSDT,1.0,8718965,14.0,129.51142342,731.0,0.00270039,3.1658437420265075
2668,9784156,Spot Grid,1,BTCUSDT,1.0,9942796,13.77,251.11252591,1114.0,0.01557661,3.1614876804187766
2669,9493243,Spot Grid,1,ADAFDUSD,1.0,16619677,17.46,23.32877763,229.0,0.04444614,3.160728442492787
2670,9701027,Spot Grid,1,XRPUSDT,1.0,12270027,5.7,26.24513413,2161.0,0.0023887,3.160681492155612
2671,9555140,Spot Grid,1,ETHUSDC,1.0,15048376,11.62,141.77095731,224.0,0.00629598,3.1601624057888356
2672,9914580,Spot Grid,1,BTCUSDT,1.0,5078564,21.49,214.90237626,182.0,0.01719043,3.1599147957290734
2673,9640452,Spot Grid,1,BNBFDUSD,1.0,13432688,13.85,27.34314769,335.0,0.01338227,3.15944039519332
2674,9529386,Spot Grid,1,DOGEUSDT,1.0,15584110,13.05,26.49492566,906.0,0.03031429,3.1585134988406596
2675,9387016,Spot Grid,1,NEXOUSDT,1.0,10740032,18.38,624.99629496,588.0,0.03513297,3.1583515967702187
2676,9346382,Spot Grid,1,SOLETH,1.0,19569325,5.21,327.05544124,1459.0,0.0177007,3.158258713791473
2677,8974249,Spot Grid,1,BTCUSDT,1.0,26950169,2.82,70.6408752,648.0,0.01770558,3.1579776919944584
2678,8681094,Spot Grid,1,BOMEUSDT,1.0,31039599,5.45,29.68118086,844.0,0.05353766,3.1574165782776915
2679,9711418,Spot Grid,1,PEPEUSDT,1.0,11925083,11.45,44.60619448,3324.0,0.05722363,3.1571412305133855
2680,8960865,Spot Grid,1,BTCUSDT,1.0,27179804,2.55,55.23888298,440.0,0.01278139,3.1566906553754173
2681,9481453,Spot Grid,1,ADAUSDT,1.0,16881072,9.68,67.7718924,2685.0,0.05541712,3.1547680711365094
2682,8930317,Spot Grid,1,BTCUSDT,1.0,27698219,3.91,175.63585352,147.0,0.01695709,3.1542779967409555
2683,8999164,Spot Grid,1,ETHEUR,1.0,26424195,4.13,11.53519833,477.0,0.01885411,3.154250929931896
2684,9513130,Spot Grid,1,BTCUSDT,1.0,16047644,11.12,22.24508794,168.0,0.006272,3.154178810838863
2685,9059568,Spot Grid,1,BTCUSDT,1.0,25267531,6.74,14.32061108,22.0,0.01859313,3.153948228167553
2686,9125998,Spot Grid,1,BTCUSDT,1.0,23962110,5.21,29.03870992,560.0,0.01610263,3.1538392960953705
2687,9616700,Spot Grid,1,BTCUSDT,1.0,14000757,6.24,53.71143758,1896.0,0.00764224,3.15157902350287
2688,8944046,Spot Grid,1,BTCUSDT,1.0,27475448,0.86,252.64096532,329.0,0.00368265,3.1512304771752793
2689,9448107,Spot Grid,1,SHIBUSDT,1.0,17535829,10.91,12.34966279,925.0,0.02759259,3.150609183629886
2690,9722312,Spot Grid,1,XRPUSDT,1.0,11613056,15.35,180.36144817,885.0,0.02660424,3.150278729795057
2691,9154113,Spot Grid,1,BTCUSDT,1.0,23485414,5.26,73.70050742,470.0,0.0128171,3.1500305620568687
2692,9614546,Spot Grid,1,BNBUSDT,1.0,14057267,13.87,180.32338989,221.0,0.01496486,3.1487724352401094
2693,9496209,Spot Grid,1,BTCUSDT,1.0,16541473,10.58,26.45755939,190.0,0.00614549,3.14843701381696
2694,9770347,Spot Grid,1,BTCUSDT,1.0,10330691,13.69,136.91291596,625.0,0.00640318,3.148057064991487
2695,8989558,Spot Grid,1,BTCUSDT,1.0,26611706,0.1,4607.88579359,189.0,0.01541337,3.1476077313552073
2696,9613130,Spot Grid,1,ETHUSDT,1.0,14095535,13.46,167.44074906,748.0,0.02403922,3.1470057897117307
2697,9157192,Spot Grid,1,BTCUSDC,1.0,22224560,6.65,66.60314974,502.0,0.01584101,3.145892572165019
2698,9125792,Spot Grid,1,BTCUSDC,1.0,23967189,0.2,43.31210067,1766.0,0.01462451,3.145657418677001
2699,8934986,Spot Grid,1,BTCUSDT,1.0,27617967,2.73,10.64159528,562.0,0.01844353,3.145429430557757
2700,9951647,Spot Grid,1,ETHFDUSD,1.0,3862438,10.48,909.525389,3055.0,0.01676835,3.143181626456086
2701,9098604,Spot Grid,1,ETHUSDT,1.0,24682795,5.41,147.45905566,311.0,0.0160854,3.142218701967512
2702,9519371,Spot Grid,1,SOLETH,1.0,15861807,10.28,1396.71269769,633.0,0.01829545,3.1415317482242626
2703,9288014,Spot Grid,1,BTCUSDC,1.0,10497156,11.92,2386.48197737,483.0,0.00626397,3.1413183281429156
2704,9236705,Spot Grid,1,ETHUSDC,1.0,21435589,5.9,50.56974669,830.0,0.01544953,3.1402069697221884
2705,9560690,Spot Grid,1,ETHUSDT,1.0,14967195,11.99,263.67525282,218.0,0.00927721,3.1401594301757485
2706,8970549,Spot Grid,1,SOLUSDT,1.0,27006526,3.82,711.92948504,507.0,0.02456375,3.137317093053612
2707,9667506,Spot Grid,1,ETHUSDT,1.0,12971649,16.32,15.84380328,367.0,0.02648361,3.1361100681540703
2708,9225771,Spot Grid,1,BTCUSDT,1.0,22073479,6.72,19.4962556,265.0,0.01075854,3.1350181018320518
2709,8951529,Spot Grid,1,ETHUSDC,1.0,27351499,5.9,93.42789455,127.0,0.0263002,3.1348382921194893
2710,8940918,Spot Grid,1,BTCUSDT,1.0,27521775,2.75,29.15362917,564.0,0.01872041,3.134447366927432
2711,9702502,Spot Grid,1,BNBUSDT,1.0,12230549,13.54,124.88918811,340.0,0.00818179,3.133865613158166
2712,9415332,Spot Grid,1,DOGEUSDT,1.0,18108476,12.25,17.15024446,859.0,0.0367241,3.1326289469641533
2713,9281524,Spot Grid,1,ETHBTC,1.0,20884755,6.15,135.05750635,522.0,0.00870996,3.1320212396363525
2714,9266178,Spot Grid,1,BNBUSDT,1.0,21210409,3.31,66.52967097,1172.0,0.00796152,3.131976572797713
2715,9556788,Spot Grid,1,BTCUSDT,1.0,15019448,10.06,108.14266264,555.0,0.00572078,3.128902792843076
2716,8960166,Spot Grid,1,BTCUSDT,1.0,27193176,2.51,42.35632417,438.0,0.01373176,3.1262988326462704
2717,9737387,Spot Grid,1,BTCUSDT,1.0,11135863,9.08,363.53680808,1782.0,0.01115789,3.125724567131702
2718,9558839,Spot Grid,1,BTCUSDC,1.0,14994027,9.27,64.0089461,862.0,0.00769617,3.1254399466606104
2719,9695779,Spot Grid,1,SOLUSDT,1.0,12397380,15.62,15.62920339,37.0,0.01367123,3.1247539188897595
2720,8974787,Spot Grid,1,BTCUSDT,1.0,26940542,2.69,13.45786922,642.0,0.01788477,3.1242964346158093
2721,9500365,Spot Grid,1,DOGEFDUSD,1.0,16391259,6.56,32.79247288,3631.0,0.0573136,3.1241501366480326
2722,9718815,Spot Grid,1,BNBUSDT,1.0,11716646,10.95,356.45019839,1261.0,0.01289053,3.123839416458433
2723,8903969,Spot Grid,1,BTCUSDC,1.0,28111859,3.74,37.4767207,199.0,0.0194175,3.1235803601430545
2724,8954945,Spot Grid,1,ETHBTC,1.0,27285918,2.65,132.94165116,382.0,0.01429635,3.1232879141358443
2725,9384794,Spot Grid,1,SOLBNB,1.0,18731383,6.12,145.59472394,1271.0,0.01562971,3.1223655233266174
2726,9750203,Spot Grid,1,BTCFDUSD,1.0,10772899,16.22,19.77161924,105.0,0.01161127,3.121255215142508
2727,9834171,Spot Grid,1,ADABTC,1.0,8280509,15.22,45.85777458,646.0,0.00711579,3.119989786309372
2728,9050102,Spot Grid,1,BTCUSDT,1.0,25403962,4.11,86.41045886,511.0,0.01688447,3.1194822954605606
2729,9255506,Spot Grid,1,BTCUSDT,1.0,21424117,2.21,57.37312534,1337.0,0.00687407,3.117661004433637
2730,9732202,Spot Grid,1,ICPBTC,1.0,11307813,16.3,70.1886302,695.0,0.02722295,3.117636701302668
2731,8788990,Spot Grid,1,BOMEUSDT,1.0,29769505,4.16,53.46056534,844.0,0.04279227,3.117057495286943
2732,9927779,Spot Grid,1,ADAUSDC,1.0,4663929,19.38,341.23713874,1212.0,0.02807728,3.1159781773375372
2733,9615625,Spot Grid,1,XRPUSDT,1.0,14035938,12.89,130.11987846,921.0,0.02539887,3.1154981470777985
2734,9113625,Spot Grid,1,BTCUSDT,1.0,24259715,3.55,34.02803055,539.0,0.00942006,3.1152897894047538
2735,9732243,Spot Grid,1,ICPBTC,1.0,11306945,16.28,70.12817665,699.0,0.02729223,3.1151936797953317
2736,9684768,Spot Grid,1,BNBUSDT,1.0,12642330,12.92,393.4442808,334.0,0.00858383,3.11443038172752
2737,9757588,Spot Grid,1,BNBUSDT,1.0,10614387,13.87,85.04784883,503.0,0.00714875,3.113306735394378
2738,9800517,Spot Grid,1,BNBUSDT,1.0,9490655,14.28,1428.35198475,226.0,0.00565168,3.1129389806530168
2739,9435254,Spot Grid,1,BNBUSDC,1.0,17761811,7.74,42.51285178,1174.0,0.01818774,3.1119226342873256
2740,9578759,Spot Grid,1,ETHUSDT,1.0,14712779,9.77,97.78839054,727.0,0.00716859,3.1099819494423127
2741,9271787,Spot Grid,1,BNBFDUSD,1.0,21092161,1.6,76.51687208,1496.0,0.00589709,3.109748595923506
2742,9945001,Spot Grid,1,ADAUSDT,1.0,3957636,24.1,84.36569064,119.0,0.02670101,3.1095467064228255
2743,9255452,Spot Grid,1,BTCUSDT,1.0,21425489,2.6,29.87380646,1666.0,0.01616598,3.109382983945365
2744,9796165,Spot Grid,1,BTCUSDC,1.0,9619887,17.34,23.93402404,241.0,0.01620255,3.109007565862698
2745,9577444,Spot Grid,1,ETHEUR,1.0,14728615,10.18,46.75092108,611.0,0.00687516,3.1071972101217473
2746,9904190,Spot Grid,1,ADAUSDT,1.0,5533518,15.72,159.46357454,2660.0,0.04185205,3.106358102640714
2747,8957199,Spot Grid,1,BTCUSDT,1.0,27253172,1.4,22.97724326,883.0,0.01806911,3.1053815861810574
2748,9281577,Spot Grid,1,DOGEUSDT,1.0,20883737,9.53,16.26012519,1296.0,0.04404728,3.1051356273410975
2749,9858950,Spot Grid,1,ETHUSDT,1.0,7442589,8.99,147.58238256,2766.0,0.01541527,3.10508103021325
2750,9815935,Spot Grid,1,ETHUSDT,1.0,8970819,15.2,1612.07352773,132.0,0.00774835,3.104774017079289
2751,8944479,Spot Grid,1,BTCFDUSD,1.0,27467137,0.3,683.64797999,967.0,0.01816462,3.1047409049849586
2752,9518177,Spot Grid,1,BTCUSDT,1.0,15904955,8.35,35.7473448,699.0,0.00384919,3.103334407814357
2753,9877334,Spot Grid,1,BNBUSDT,1.0,6607510,18.07,40.37930649,93.0,0.00452443,3.1027758771405716
2754,9811564,Spot Grid,1,SOLFDUSD,1.0,9123700,15.93,125.53623336,277.0,0.00794796,3.1015759513449823
2755,9849991,Spot Grid,1,SOLFDUSD,1.0,7776789,10.75,657.95235756,1596.0,0.00456846,3.0995523661186586
2756,8966359,Spot Grid,1,BNBUSDC,1.0,27090987,2.65,23.51137849,549.0,0.01741099,3.0989522850352853
2757,9300943,Spot Grid,1,SUIUSDT,1.0,20569780,18.22,461.41092437,1934.0,0.10636596,3.0972475300835214
2758,9257078,Spot Grid,1,BTCUSDT,1.0,21389583,6.53,150.35505346,451.0,0.01308845,3.0930696603618073
2759,9756287,Spot Grid,1,BTCUSDT,1.0,10639875,13.06,174.21091823,416.0,0.00226304,3.092885700736788
2760,9646925,Spot Grid,1,ETHUSDT,1.0,13293031,7.64,45.87081938,1347.0,0.00304019,3.091395801356712
2761,9007608,Spot Grid,1,BTCEUR,1.0,26266933,4.15,46.44618728,260.0,0.01644474,3.090389729070603
2762,10022636,Spot Grid,1,XNOUSDT,1.0,2171756,20.94,45.3529666,375.0,0.00776063,3.090347533842698
2763,8991172,Spot Grid,1,BTCUSDT,1.0,26577896,2.33,15.58332852,928.0,0.02187025,3.088347464945755
2764,9740839,Spot Grid,1,TAOUSDC,1.0,11027088,20.58,205.8697278,1259.0,0.06326753,3.087965926859106
2765,8908263,Spot Grid,1,AAVEUSDC,1.0,27507742,6.92,2223.33274058,590.0,0.05523255,3.086713880564006
2766,9302964,Spot Grid,1,ADAUSDT,1.0,20523246,11.41,227.40176614,793.0,0.04401659,3.0857635650538424
2767,9437244,Spot Grid,1,ADAUSDT,1.0,17740555,14.03,29.91850392,273.0,0.03444778,3.0856297650137967
2768,8933556,Spot Grid,1,BTCUSDT,1.0,27642945,2.33,23.33328261,713.0,0.0220413,3.0851772766927827
2769,9367792,Spot Grid,1,ETHBTC,1.0,19091000,3.62,625.11049526,1313.0,0.00834299,3.084952118640342
2770,9294541,Spot Grid,1,SOLETH,1.0,20694668,7.4,35.88602054,592.0,0.0176117,3.084650096051699
2771,9262963,Spot Grid,1,ETHBTC,1.0,21279434,5.66,95.02198278,619.0,0.01162224,3.0807229078156766
2772,9498980,Spot Grid,1,BTCUSDT,1.0,16450047,11.0,16.51078824,79.0,0.00838548,3.0804187588687717
2773,9702221,Spot Grid,1,BNBUSDT,1.0,12237089,13.23,38.5157848,341.0,0.00827327,3.079512965408949
2774,9286523,Spot Grid,1,BNBUSD1,1.0,20816142,13.43,126.42308111,382.0,0.04742771,3.077808677914352
2775,1284127,Marketplace type 10,10,SOXLUSDT,1.0,2248707,40.91,923.80686636,0.0,0.1144769,3.0774738341436123
2776,9861408,Spot Grid,1,DOGEUSDT,1.0,7278166,17.61,40.52324965,844.0,0.02184789,3.0757798155811433
2777,9517270,Spot Grid,1,XRPUSDT,1.0,15935551,8.75,87.53184271,2283.0,0.04107101,3.075379828753903
2778,9503951,Spot Grid,1,BTCUSDT,1.0,16279741,10.44,20.89298705,142.0,0.00618242,3.074590060727739
2779,9401709,Spot Grid,1,BNBUSDT,1.0,18455499,7.78,101.93871139,405.0,0.00693388,3.073923385796763
2780,8927445,Spot Grid,1,BTCUSDT,1.0,27749029,0.9,57.8161917,704.0,0.01513056,3.0733613173605554
2781,9458203,Spot Grid,1,XRPUSDT,1.0,17414300,8.77,61.232701,1454.0,0.02991359,3.0732235439851006
2782,9222574,Spot Grid,1,BNBBTC,1.0,22147589,6.59,46.82725572,197.0,0.01163132,3.0711425231568454
2783,8130004,Spot Grid,1,MINAUSDT,1.0,37293392,3.17,20.4230406,329.0,0.06032784,3.0708061839293155
2784,9620821,Spot Grid,1,FILUSDT,1.0,13911073,20.21,465.85022104,1509.0,0.08088803,3.070758117363702
2785,9512711,Spot Grid,1,DOGEUSDT,1.0,16057130,15.26,760.7639866,766.0,0.04878326,3.0704148281409256
2786,9654107,Spot Grid,1,PEPEUSDT,1.0,13160209,20.09,100.45063566,362.0,0.05090435,3.0700334291037974
2787,8951313,Spot Grid,1,BTCUSDC,1.0,27355653,1.98,87.85196668,983.0,0.02555368,3.0699504511306412
2788,9578130,Spot Grid,1,BTCUSDC,1.0,14721229,7.57,1723.58346307,788.0,0.00644702,3.069398360925995
2789,9546856,Spot Grid,1,BTCUSDT,1.0,15236005,6.8,544.21780389,993.0,0.00277441,3.067683001806741
2790,9912893,Spot Grid,1,XLMUSDT,1.0,5152101,29.87,1460.48184399,141.0,0.07262939,3.0671367486507743
2791,9520006,Spot Grid,1,BTCUSDC,1.0,15844067,9.5,23.76979708,547.0,0.00808346,3.066520584468451
2792,8500864,Spot Grid,1,UNIUSDT,1.0,33157386,9.35,19.72832079,325.0,0.07659653,3.0654185656480784
2793,8975528,Spot Grid,1,ETHUSDT,1.0,26927032,2.31,12.94715738,741.0,0.02022314,3.0649470739596376
2794,9086593,Spot Grid,1,LINKUSDT,1.0,24997167,8.14,82.15795923,1379.0,0.05777517,3.063892261652943
2795,9833554,Spot Grid,1,BTCUSDC,1.0,8311486,17.86,26.79817583,275.0,0.01600374,3.063836556821715
2796,9731225,Spot Grid,1,ETHUSDC,1.0,11349090,8.74,43.68988806,1751.0,0.01041534,3.0632952497390704
2797,9761219,Spot Grid,1,OGUSDT,1.0,10528363,14.73,222.0214494,347.0,0.01092808,3.0625968569003845
2798,9870337,Spot Grid,1,BTCUSDT,1.0,6953995,18.76,155.79569258,245.0,0.01522234,3.0621600034685046
2799,9800710,Spot Grid,1,BNBFDUSD,1.0,9484416,13.03,1664.93730776,646.0,0.01096784,3.0611332494912173
2800,10020798,Spot Grid,1,INJUSDT,1.0,2217152,14.23,64.05778169,2152.0,0.01015536,3.0597506336125164
2801,9700704,Spot Grid,1,BTCUSDT,1.0,12283959,5.52,557.17456225,2274.0,0.01064461,3.0595939948852267
2802,9698561,Spot Grid,1,LTCUSDC,1.0,12334545,12.72,184.92696659,1872.0,0.03985591,3.059284117395233
2803,9034439,Spot Grid,1,BTCUSDT,1.0,25730547,3.63,29.09107141,483.0,0.01719346,3.0590567924872007
2804,9595547,Spot Grid,1,BTCUSDC,1.0,14404717,12.09,120.965394,156.0,0.00863672,3.0589363496896422
2805,9381731,Spot Grid,1,ADAUSDT,1.0,18799606,13.17,29.37487313,415.0,0.03834677,3.058819239825499
2806,9769484,Spot Grid,1,BTCUSDC,1.0,10348526,16.81,16.82199979,319.0,0.0200489,3.058752611391948
2807,9519516,Spot Grid,1,BTCUSDT,1.0,15857882,9.24,216.6579449,427.0,0.00560638,3.055725495821551
2808,9703015,Spot Grid,1,BNBUSDT,1.0,12215835,13.11,33.84434866,341.0,0.00851272,3.054340865492887
2809,9741942,Spot Grid,1,BTCUSDT,1.0,10762735,12.07,120.73689582,666.0,0.00393347,3.0543249259540435
2810,9791284,Spot Grid,1,BTCUSDC,1.0,9716230,16.72,23.18092928,332.0,0.01733946,3.0543171657458577
2811,9748927,Spot Grid,1,ETHUSDT,1.0,10810257,16.26,17.38985137,58.0,0.01368808,3.053911199794588
2812,9051156,Spot Grid,1,FETUSDC,1.0,25379572,21.48,103.095784,226.0,0.10859268,3.0522939211738804
2813,9498934,Spot Grid,1,ADAUSDT,1.0,16451752,16.04,1123.48172813,58.0,0.04242293,3.050544301899404
2814,10028737,Spot Grid,1,PUMPUSDT,1.0,1980328,26.54,106.18704996,3293.0,0.10124491,3.050337633799309
2815,9762224,Spot Grid,1,DOGEUSDT,1.0,10507833,15.52,42.62000913,441.0,0.0167231,3.0503137707296792
2816,9484003,Spot Grid,1,ATOMUSDT,1.0,16820368,18.98,20.8870295,116.0,0.05569246,3.049349158371953
2817,9226447,Spot Grid,1,BTCEUR,1.0,22058831,5.47,39.79083092,608.0,0.01467248,3.0489738322614106
2818,9499916,Spot Grid,1,ADAUSDT,1.0,16410375,14.26,39.65133507,1031.0,0.04760007,3.048472406281659
2819,9280089,Spot Grid,1,BNBUSDT,1.0,20917829,6.78,115.63977152,423.0,0.01351129,3.0472035528606978
2820,9092449,Spot Grid,1,BTCUSDT,1.0,24841266,5.33,37.36849518,139.0,0.01595206,3.0468047609101587
2821,8920087,Spot Grid,1,SOLUSDC,1.0,27865921,4.5,50.32473338,222.0,0.02626584,3.0442119025924823
2822,9819832,Spot Grid,1,DOGEUSDT,1.0,8825727,20.33,35.59460417,491.0,0.03713303,3.043948702631826
2823,9202901,Spot Grid,1,BTCUSDT,1.0,22556310,6.9,30.41549982,126.0,0.01458172,3.04392058703529
2824,9599308,Spot Grid,1,BNBUSDT,1.0,14338262,11.23,44.8457919,202.0,0.00486538,3.043067983029921
2825,9734480,Spot Grid,1,BTCUSDT,1.0,11231837,14.23,1423.4163276,573.0,0.02298618,3.042002580799733
2826,9799761,Spot Grid,1,SOLFDUSD,1.0,9520087,15.0,66.32761601,231.0,0.00569518,3.0413237849974437
2827,8988280,Spot Grid,1,BTCUSDC,1.0,26637166,4.37,43.80392315,159.0,0.01921711,3.0372017798581443
2828,9493788,Spot Grid,1,BTCUSDT,1.0,16572418,9.81,19.63751006,153.0,0.00573353,3.036709616586538
2829,9575506,Spot Grid,1,ETHJPY,1.0,14739516,8.32,11.05262004,736.0,0.00205295,3.0362631421092496
2830,9240302,Spot Grid,1,ETHUSDT,1.0,21732723,4.95,26.27769979,874.0,0.01653538,3.0354223823559656
2831,9039460,Spot Grid,1,BTCEUR,1.0,25628984,3.68,41.13368622,372.0,0.01569899,3.0353406312757896
2832,9628938,Spot Grid,1,PENGUUSDT,1.0,13717769,26.08,13.04137166,75.0,0.08094278,3.035269804903643
2833,9626261,Spot Grid,1,BTCUSDT,1.0,13785221,8.15,263.84126129,1125.0,0.00661789,3.035160133118094
2834,9726234,Spot Grid,1,BNBUSDT,1.0,11488704,17.38,335.57938848,97.0,0.02596269,3.0343976619274815
2835,9778749,Spot Grid,1,BTCUSDC,1.0,10111874,12.62,575.85737083,448.0,0.00271628,3.033741871117394
2836,9752605,Spot Grid,1,BTCUSDT,1.0,10725097,8.71,43.59707719,1622.0,0.00607849,3.0328110469048575
2837,9904533,Spot Grid,1,ADAUSDT,1.0,5515729,18.24,182.4664691,862.0,0.02066802,3.031081162403319
2838,9918050,Spot Grid,1,BNBUSDC,1.0,4957650,21.7,345.41654869,49.0,0.0209054,3.029818566124093
2839,9875718,Spot Grid,1,TAOUSDT,1.0,6671174,22.65,72.13610115,267.0,0.03666461,3.0290994607507478
2840,9901883,Spot Grid,1,ADAUSDT,1.0,5646908,20.3,694.20564023,191.0,0.02102714,3.0288502400736035
2841,8965835,Spot Grid,1,BNBUSDT,1.0,27100970,1.83,177.33216639,633.0,0.0183719,3.0283074487020443
2842,9124860,Spot Grid,1,BTCUSDT,1.0,23987603,4.38,111.26361345,548.0,0.01689088,3.028045045286221
2843,9541366,Spot Grid,1,DOGEUSDC,1.0,15342942,16.59,18.65015299,459.0,0.04440678,3.027846160750678
2844,9496699,Spot Grid,1,DOGEUSDT,1.0,16527413,14.02,36.97370471,1009.0,0.04720521,3.0261272883688233
2845,9861646,Spot Grid,1,DOGEUSDT,1.0,7319166,22.82,19.39811553,270.0,0.04030706,3.0253655214189337
2846,9600873,Spot Grid,1,ETHUSDT,1.0,14317069,10.03,89.92345933,774.0,0.01127843,3.0247194750220356
2847,9091996,Spot Grid,1,BTCUSDC,1.0,24851877,3.19,89.65477144,579.0,0.01477099,3.0242291942944513
2848,9587406,Spot Grid,1,DOGEUSDT,1.0,14560592,6.5,84.27351923,3208.0,0.04453357,3.023106603235246
2849,9492273,Spot Grid,1,DOTUSDT,1.0,16642419,16.5,15.87272638,41.0,0.04097479,3.0187890950275102
2850,9101613,Spot Grid,1,BTCUSDT,1.0,24587461,4.13,248.12658329,517.0,0.0185386,3.017993759363692
2851,9644856,Spot Grid,1,ETHUSDT,1.0,13330165,12.97,129.72446775,136.0,0.0102243,3.015537061217568
2852,9538356,Spot Grid,1,BTCUSDT,1.0,15410194,11.1,14.38012851,262.0,0.01096786,3.0152054574146736
2853,9314243,Spot Grid,1,ETHBTC,1.0,20272259,6.27,57.20809457,457.0,0.00966746,3.0151387998926316
2854,9572118,Spot Grid,1,SOLETH,1.0,14784755,13.93,37.85251397,299.0,0.02477573,3.012950314702479
2855,9008358,Spot Grid,1,BNBETH,1.0,26246010,1.13,133.56692639,1090.0,0.02095005,3.012876241243856
2856,8715744,Spot Grid,1,LTCBTC,1.0,30783134,7.47,28.96097311,663.0,0.06548537,3.0124478121123928
2857,9421588,Spot Grid,1,BTCUSDT,1.0,17995916,8.62,34.49548269,45.0,0.00412421,3.0111479479908714
2858,9470826,Spot Grid,1,BNBUSDC,1.0,17150824,7.97,65.71060312,411.0,0.00488721,3.010437938864448
2859,9729198,Spot Grid,1,XRPUSDT,1.0,11403465,14.05,140.58476726,879.0,0.0238811,3.010390444670797
2860,9256930,Spot Grid,1,BTCFDUSD,1.0,21392835,4.22,173.90198603,605.0,0.00720373,3.009323932312112
2861,8995980,Spot Grid,1,ETHUSDT,1.0,26477915,2.84,11.69103343,615.0,0.0207969,3.0085450661668824
2862,9576998,Spot Grid,1,ETHUSDT,1.0,14731621,8.9,75.19465162,686.0,0.00560219,3.0079571215836207
2863,9539173,Spot Grid,1,BTCEUR,1.0,15392888,10.97,23.66459439,98.0,0.00710976,3.006508086767674
2864,8977586,Spot Grid,1,ETHUSDT,1.0,26889829,2.36,11.82765875,647.0,0.0207356,3.0053826103469503
2865,9327882,Spot Grid,1,ETHBTC,1.0,20018906,6.11,42.12524446,409.0,0.00704532,3.004443909963965
2866,8846677,Spot Grid,1,BNBEUR,1.0,28884161,2.32,11.67536664,192.0,0.01945403,3.00439516106672
2867,9685520,Spot Grid,1,BNBUSDT,1.0,12625073,12.35,38.920749,336.0,0.00806204,3.003580000704016
2868,9788836,Spot Grid,1,BTCUSDT,1.0,9800878,10.35,72.95167618,1197.0,0.00344115,3.0034522430914836
2869,8933355,Spot Grid,1,BTCUSDT,1.0,27647960,2.01,100.95162574,513.0,0.01976923,3.003265849532607
2870,9758648,Spot Grid,1,ETHUSDC,1.0,10591320,15.03,29.05038532,117.0,0.00949644,2.9999534585545953
2871,9824067,Spot Grid,1,BNBUSDT,1.0,8681966,20.65,20.65064799,48.0,0.03058933,2.999903106281349
2872,8991838,Spot Grid,1,BNBUSDT,1.0,26567242,3.45,13.65566369,267.0,0.01752613,2.9995388470598705
2873,9322382,Spot Grid,1,BNBBTC,1.0,20104735,2.34,63.80292107,1497.0,0.01022599,2.9966070243664706
2874,9509782,Spot Grid,1,BTCUSDC,1.0,16121062,6.77,29.03594315,911.0,0.00487507,2.996327323463041
2875,9812476,Spot Grid,1,BTCUSDT,1.0,9091936,10.95,218.75186246,1110.0,0.00288987,2.996319650832399
2876,9539785,Spot Grid,1,XRPUSDT,1.0,15377534,6.75,126.2064057,1620.0,0.01710171,2.995973303474379
2877,8947460,Spot Grid,1,BNBEUR,1.0,27431995,3.16,15.93577794,430.0,0.02325378,2.995608092921445
2878,9237385,Spot Grid,1,BTCUSDT,1.0,21804139,1.43,51.63868438,1653.0,0.01579296,2.9954926170128777
2879,10017529,Spot Grid,1,ARKMUSDT,1.0,2306158,13.69,82.19765138,2319.0,0.01383717,2.99427083115551
2880,8950019,Spot Grid,1,ETHUSDT,1.0,27379884,0.31,5315.53924319,154.0,0.02891316,2.9940391550641223
2881,9256478,Spot Grid,1,BTCUSDT,1.0,21401471,5.71,21.38352525,595.0,0.0151065,2.991702988941242
2882,9336294,Spot Grid,1,DOGEUSDT,1.0,19825948,1.73,38.93753816,1859.0,0.01342807,2.991602197620506
2883,8985106,Spot Grid,1,BTCEUR,1.0,26713523,3.27,18.14997649,454.0,0.02146834,2.9915100456688557
2884,8958975,Spot Grid,1,ETHUSDC,1.0,27217074,2.42,18.20214132,692.0,0.02400696,2.991457077751129
2885,9275092,Spot Grid,1,ETHBTC,1.0,21025108,3.04,95.99710021,1108.0,0.01016556,2.9906530703663163
2886,9829309,Spot Grid,1,BTCUSDT,1.0,8460145,19.12,17.20946595,46.0,0.02158359,2.9905556917581304
2887,9920817,Spot Grid,1,ADAFDUSD,1.0,4882090,19.74,341.61831996,1046.0,0.03251759,2.9903013234204203
2888,9539988,Spot Grid,1,BTCUSDT,1.0,15372465,10.69,27.79836975,143.0,0.00714513,2.989536789948354
2889,9605990,Spot Grid,1,ETHUSDT,1.0,14240010,9.79,146.93659972,488.0,0.00536804,2.9876186523728068
2890,8927258,Spot Grid,1,BTCUSDT,1.0,27753032,2.12,468.49252914,152.0,0.01570998,2.9874025882626554
2891,9763085,Spot Grid,1,BTCUSDT,1.0,10495918,8.86,53.17463779,1494.0,0.00521435,2.984174205443642
2892,9183357,Spot Grid,1,BNBETH,1.0,22856987,3.22,52.5269414,1071.0,0.01832319,2.9819783667414006
2893,9263425,Spot Grid,1,BNBUSDT,1.0,21270375,4.8,758.16544688,445.0,0.01057682,2.981866051575112
2894,9701876,Spot Grid,1,BNBUSDT,1.0,12245822,13.23,43.15020533,217.0,0.00968898,2.9804700369854604
2895,8697198,Spot Grid,1,LINKUSDT,1.0,30916944,9.13,79.20389748,721.0,0.07791519,2.980381600190131
2896,9872199,Spot Grid,1,SOLUSDT,1.0,6858006,16.06,49.01200719,1850.0,0.03674214,2.9800504986916625
2897,9522093,Spot Grid,1,BTCUSDT,1.0,10744157,16.83,84.163234,86.0,0.02043128,2.9799507324976564
2898,9765910,Spot Grid,1,MASKUSDT,1.0,10430878,23.85,191.9641317,223.0,0.06100045,2.9789992423544094
2899,9541596,Spot Grid,1,BTCUSDT,1.0,15340397,8.52,1529.65783567,315.0,0.00695687,2.9780515125231557
2900,9772752,Spot Grid,1,BTCUSDT,1.0,10270345,14.0,60.59767655,403.0,0.00958807,2.97786477283342
2901,9590225,Spot Grid,1,BTCEUR,1.0,14495416,11.12,124.27906382,175.0,0.00740798,2.9774497814878513
2902,8757856,Spot Grid,1,BNBBTC,1.0,30239059,1.31,11.36351326,376.0,0.02471597,2.9768523380459846
2903,8831425,Spot Grid,1,BNBETH,1.0,29127482,1.96,48.10047118,446.0,0.02519879,2.9766711041757707
2904,9290481,Spot Grid,1,DOGEUSDT,1.0,20767190,9.5,33.34348203,1170.0,0.04603606,2.9749445262661296
2905,9051238,Spot Grid,1,BTCUSDT,1.0,25362821,4.77,23.89505131,29.0,0.01563727,2.9741795749345536
2906,9561326,Spot Grid,1,BTCUSDT,1.0,14953233,9.2,92.00939253,379.0,0.00314186,2.9741120679405335
2907,9743261,Spot Grid,1,ALGOUSDC,1.0,10959810,15.33,18.86701986,79.0,0.01290493,2.973862643717794
2908,9024386,Spot Grid,1,BNBUSDT,1.0,25887568,4.5,13.500024,55.0,0.01691597,2.9737668041247525
2909,9193415,Spot Grid,1,BTCUSDT,1.0,22735981,5.58,193.09393395,133.0,0.01196327,2.9728996933876246
2910,9889542,Spot Grid,1,XNOUSDT,1.0,6158400,23.05,25.47178588,277.0,0.03890333,2.9725815859568483
2911,9265556,Spot Grid,1,BNBEUR,1.0,21221643,8.11,22.65509852,125.0,0.01841311,2.9698293789014554
2912,9599689,Spot Grid,1,ETHUSDT,1.0,13869657,9.7,97.0211795,590.0,0.00591453,2.9696724171384528
2913,9081101,Spot Grid,1,BTCUSDC,1.0,25049176,2.62,29.08033265,320.0,0.00892286,2.9689800580666676
2914,8993615,Spot Grid,1,BTCUSDT,1.0,26522428,1.19,39.98241122,657.0,0.01460452,2.9683874331015554
2915,9183364,Spot Grid,1,BNBETH,1.0,22856935,3.15,55.56625048,899.0,0.01487704,2.968022161184953
2916,9645839,Spot Grid,1,BTCUSDT,1.0,13309047,5.25,5254.39263894,549.0,0.00491092,2.9674502781854026
2917,9821614,Spot Grid,1,BTCUSDT,1.0,8767468,14.89,241.89347849,535.0,0.01219555,2.9670097573560685
2918,9948937,Spot Grid,1,SOLUSDT,1.0,3894087,21.32,78.11413448,168.0,0.01806521,2.964022736191145
2919,9239849,Spot Grid,1,SOLUSDT,1.0,21742454,6.81,68.15081642,623.0,0.0245421,2.9636849619417305
2920,9170491,Spot Grid,1,BTCUSDT,1.0,23159920,4.4,21.59927498,510.0,0.01480744,2.963057173997796
2921,9799691,Spot Grid,1,ETHUSDC,1.0,9522885,11.73,426.73615796,750.0,0.00383671,2.9618846978997566
2922,9133579,Spot Grid,1,BTCUSDC,1.0,23799576,4.86,15.76945742,234.0,0.01426773,2.9611148741065243
2923,9054172,Spot Grid,1,BTCUSDC,1.0,25341978,4.85,29.14308445,58.0,0.0171882,2.960195266667953
2924,9344378,Spot Grid,1,DOGEUSDT,1.0,19623962,9.57,42.94285234,1294.0,0.04483052,2.959374617540512
2925,9756479,Spot Grid,1,BTCUSDT,1.0,10635875,9.46,231.35394914,1203.0,0.00489928,2.9581930001709065
2926,8842174,Spot Grid,1,BTCFDUSD,1.0,28897844,0.3,15.12638443,643.0,0.01987847,2.958064916832834
2927,9591320,Spot Grid,1,DOGEUSDT,1.0,14478987,16.09,16.90371949,465.0,0.04095451,2.9566620972323947
2928,9963473,Spot Grid,1,SOLFDUSD,1.0,3686072,19.72,29.56076888,113.0,0.00731173,2.956426685927927
2929,9752125,Spot Grid,1,BTCUSDC,1.0,10736127,9.61,404.09814721,1166.0,0.0063261,2.956404945574882
2930,10070621,Spot Grid,1,NEARUSDT,1.0,1177294,14.63,52.70184409,2367.0,0.01659279,2.9551064985158733
2931,9698773,Spot Grid,1,XRPUSDT,1.0,12329711,11.83,35.51573479,1418.0,0.02877968,2.954995308146169
2932,9249011,Spot Grid,1,BTCJPY,1.0,21551431,5.13,38.46582609,618.0,0.0146287,2.954835231768561
2933,9783896,Spot Grid,1,BTCUSDT,1.0,9952802,13.62,27.25311332,745.0,0.01414369,2.9547526505744006
2934,9735337,Spot Grid,1,SHIBUSDC,1.0,11206591,19.54,28.10690171,158.0,0.03949812,2.95444215485878
2935,9578942,Spot Grid,1,BTCUSDT,1.0,14709747,11.58,14.48384231,248.0,0.01276248,2.9540175079689357
2936,9327863,Spot Grid,1,PEPEUSDT,1.0,20019269,11.08,16.62745257,1634.0,0.06207392,2.953598084430381
2937,9780329,Spot Grid,1,BTCUSDT,1.0,10060548,8.03,42.42949459,1939.0,0.0093993,2.953587391098599
2938,9830944,Spot Grid,1,BTCUSDT,1.0,8411356,18.79,11.08889436,46.0,0.02107593,2.9522557816009742
2939,9281463,Spot Grid,1,SOLBTC,1.0,20886178,7.78,496.89912306,264.0,0.02127206,2.951927102272693
2940,8928633,Spot Grid,1,SOLBTC,1.0,27725734,3.01,12.96681549,262.0,0.02188128,2.9517279330392467
2941,9124862,Spot Grid,1,ETHUSDT,1.0,23987564,4.61,115.38575295,327.0,0.01659218,2.95092976140272
2942,9712426,Spot Grid,1,ETHUSDT,1.0,11890574,10.0,30.0212421,1703.0,0.02310802,2.9495509226077417
2943,9622017,Spot Grid,1,BNBUSDT,1.0,13886050,10.66,29.87158647,620.0,0.01233829,2.949488388485593
2944,9661184,Spot Grid,1,BTCFDUSD,1.0,13087035,1.69,932.71699289,2467.0,0.00369658,2.9459559328595977
2945,9215994,Spot Grid,1,XLMUSDT,1.0,22289265,6.99,357.12090529,848.0,0.03487104,2.9447629530996493
2946,9045268,Spot Grid,1,BTCUSDC,1.0,25517075,2.95,13.38328889,456.0,0.01657847,2.9427641420063955
2947,9007816,Spot Grid,1,SOLETH,1.0,26260537,3.51,95.06672804,679.0,0.02798388,2.942149998017305
2948,9815754,Spot Grid,1,DOGEUSDT,1.0,8970516,13.86,25.65184576,734.0,0.01157373,2.940898017078481
2949,8926777,Spot Grid,1,BTCUSDT,1.0,27761650,3.22,161.26297766,165.0,0.02233833,2.940676772508848
2950,10069312,Spot Grid,1,STGUSDT,1.0,1187666,21.32,196.42929455,3889.0,0.08679455,2.940022182262467
2951,9724563,Spot Grid,1,SOLBTC,1.0,11542700,14.19,230.02687166,309.0,0.0164748,2.939881926663406
2952,8994713,Spot Grid,1,BTCUSDT,1.0,26492214,3.56,10.68975708,259.0,0.02002772,2.939664504147138
2953,9043588,Spot Grid,1,BTCUSDC,1.0,25550049,2.94,13.24053875,473.0,0.01714908,2.9396408124157882
2954,9657540,Spot Grid,1,BNBBTC,1.0,13125804,12.93,127.34902229,357.0,0.01688292,2.9386643964864576
2955,9255126,Spot Grid,1,ETHFDUSD,1.0,21432496,6.2,12.39214847,338.0,0.01457669,2.9384309016897223
2956,9594295,Spot Grid,1,ETHUSDT,1.0,14427989,10.99,109.94352735,158.0,0.00762038,2.936482260118816
2957,9070161,Spot Grid,1,ETHUSDT,1.0,25167796,2.33,23.79622284,690.0,0.01697486,2.9358411633580936
2958,8915812,Spot Grid,1,BNBBTC,1.0,27938543,2.32,16.00644718,87.0,0.01601914,2.9345212518687553
2959,9098619,Spot Grid,1,BTCUSDC,1.0,24682495,2.58,12.9087356,422.0,0.01069766,2.931976128233242
2960,9557802,Spot Grid,1,BTCUSDT,1.0,15004606,10.57,66.92657134,509.0,0.01518908,2.931566641955685
2961,9255823,Spot Grid,1,ETHUSDT,1.0,21416127,6.49,125.79309464,513.0,0.02067672,2.9310298702395707
2962,9800515,Spot Grid,1,BNBUSDT,1.0,9490718,14.17,1417.22006399,134.0,0.01036002,2.930844937126486
2963,9275021,Spot Grid,1,ADAUSDC,1.0,21026110,11.84,71.07832587,341.0,0.04439434,2.9303534253802406
2964,8920289,Spot Grid,1,SOLUSDC,1.0,27863624,5.4,10.65864034,357.0,0.03842658,2.929856178476525
2965,8843687,Spot Grid,1,LTCUSDC,1.0,22392021,9.85,60.63344717,443.0,0.04147576,2.9296380881781277
2966,9866003,Spot Grid,1,SNXUSDT,1.0,7126666,25.39,76.19912419,832.0,0.06968951,2.9268095489507084
2967,9613258,Spot Grid,1,BTCUSDT,1.0,14091968,11.2,487.42295998,175.0,0.01009908,2.924909412932479
2968,9895185,Spot Grid,1,WINUSDT,1.0,5939717,19.88,397.75057823,143.0,0.02162758,2.924593619506169
2969,9252964,Spot Grid,1,LTCUSDT,1.0,21470709,8.22,48.99795809,254.0,0.02482688,2.922962699152676
2970,9920809,Spot Grid,1,DOGEFDUSD,1.0,4882253,19.38,222.46673967,806.0,0.02764417,2.920924769858745
2971,9132152,Spot Grid,1,BTCUSDT,1.0,23814544,3.8,21.97759575,559.0,0.01705711,2.92082378302078
2972,9694114,Spot Grid,1,ETHUSDC,1.0,12433080,13.69,34.27604368,120.0,0.01330973,2.9206957733388745
2973,9788997,Spot Grid,1,FETUSDT,1.0,9795778,20.36,40.7209421,343.0,0.04331489,2.920058734213242
2974,9693245,Spot Grid,1,BNBUSDT,1.0,12462325,11.79,70.74747722,355.0,0.0082371,2.919683207488584
2975,9703048,Spot Grid,1,BTCUSDT,1.0,12214723,7.53,3768.62978799,876.0,0.0139069,2.919669366370377
2976,9204755,Spot Grid,1,BTCUSDT,1.0,22517277,4.17,84.22644808,435.0,0.0113004,2.919153474391564
2977,9219630,Spot Grid,1,BTCUSDC,1.0,22211397,5.82,49.93269296,224.0,0.01439227,2.918898685481217
2978,9281431,Spot Grid,1,SOLETH,1.0,20887121,6.15,16.73096539,673.0,0.01988613,2.9184042506504264
2979,9532416,Spot Grid,1,BTCUSDT,1.0,10789582,14.11,705.53495811,305.0,0.01604177,2.9183905845608025
2980,9254927,Spot Grid,1,ETHUSDT,1.0,21435255,2.06,55.03115059,1500.0,0.01757073,2.9176506609708497
2981,9764385,Spot Grid,1,BTCUSDT,1.0,10471543,12.93,38.80052985,480.0,0.00857231,2.9165470880180564
2982,9304642,Spot Grid,1,ETHBTC,1.0,20493337,2.74,76.66599739,689.0,0.00026499,2.916494638942864
2983,9260514,Spot Grid,1,SOLBTC,1.0,21312603,6.38,27.47906181,298.0,0.01516679,2.9163659201257315
2984,9670842,Spot Grid,1,ETHUSDT,1.0,12907284,10.29,51.16856299,536.0,0.00580683,2.9160044599265915
2985,9577269,Spot Grid,1,BTCUSDT,1.0,14729758,6.76,20.28503216,1261.0,0.00947739,2.915552308117831
2986,9404491,Spot Grid,1,ADAUSDC,1.0,18395130,14.55,43.66688438,394.0,0.04957671,2.9149711909882914
2987,9515804,Spot Grid,1,ADAUSDC,1.0,15972768,15.47,154.82350284,499.0,0.04720202,2.911186153505932
2988,9218685,Spot Grid,1,BTCUSDT,1.0,22235739,4.95,1094.03992584,194.0,0.01482348,2.9101034040996216
2989,9825312,Spot Grid,1,AVAUSDT,1.0,8635407,26.02,117.04166195,422.0,0.07181381,2.9095870714769614
2990,9581338,Spot Grid,1,ETHUSDT,1.0,14672178,9.8,55.32246727,373.0,0.0075398,2.908595949598672
2991,9759556,Spot Grid,1,DOGEUSDT,1.0,10572621,8.66,30.31891711,2423.0,0.02705103,2.90784177352389
2992,9015262,Spot Grid,1,BTCUSDT,1.0,26079057,5.3,21.20119008,20.0,0.02412689,2.906163867620099
2993,9774415,Spot Grid,1,BTCUSDT,1.0,10236357,11.01,110.15615615,944.0,0.0076977,2.9052415511983303
2994,9610131,Spot Grid,1,ETHUSDT,1.0,14157550,9.0,37.80604467,603.0,0.00590755,2.904374833592634
2995,9403939,Spot Grid,1,DOGEUSDT,1.0,18367623,9.99,19.69761116,726.0,0.03184436,2.9040395553583696
2996,9576948,Spot Grid,1,BTCUSDT,1.0,14732022,10.71,107.11818004,83.0,0.00710826,2.9035705979473954
2997,9702733,Spot Grid,1,ETHUSDT,1.0,12111649,12.85,385.61825354,78.0,0.00900826,2.901994487572448
2998,9834646,Spot Grid,1,BTCUSDT,1.0,8263164,17.2,32.39069933,132.0,0.01571739,2.901286283898751
2999,9874356,Spot Grid,1,SOLUSDC,1.0,6732308,16.43,46.03264448,477.0,0.0124412,2.8984960705384406
3000,9491792,Spot Grid,1,ADAUSDT,1.0,16653235,15.35,39.9134201,516.0,0.04975207,2.8980071192633265
3001,9088467,Spot Grid,1,BTCUSDC,1.0,24948222,3.67,36.73273017,346.0,0.01780323,2.894877464048018
3002,9753616,Spot Grid,1,BTCUSDT,1.0,10699504,11.63,423.14547871,431.0,0.00424608,2.8947946523578647
3003,9263545,Spot Grid,1,BNBUSDT,1.0,21268059,6.15,36.76020532,455.0,0.01799974,2.8936435885941427
3004,9859430,Spot Grid,1,BTCUSDT,1.0,7417035,15.11,75.58783354,225.0,0.00319494,2.8927658538834873
3005,8248379,Spot Grid,1,XLMUSDT,1.0,36031112,2.18,11.3061025,984.0,0.07050326,2.8920942660593587
3006,9594534,Spot Grid,1,REQUSDT,1.0,14423090,15.29,61.17583,996.0,0.05041022,2.8916662007826304
3007,9722880,Spot Grid,1,AVAXUSDT,1.0,11599743,13.45,21.65902175,195.0,0.01118609,2.8900707855680783
3008,9110123,Spot Grid,1,BTCUSDT,1.0,24351321,3.77,39.67705094,113.0,0.01112236,2.8889554356549647
3009,9263656,Spot Grid,1,ETHBTC,1.0,21265912,4.9,203.94316797,628.0,0.01586648,2.888748922549528
3010,9360509,Spot Grid,1,ETCUSDT,1.0,19223327,16.96,58.0723455,850.0,0.07711764,2.8878282747497503
3011,9986630,Spot Grid,1,FETUSDT,1.0,3180176,27.47,76.38540483,462.0,0.05794332,2.8877761960041135
3012,9732103,Spot Grid,1,ETHUSDT,1.0,11311417,12.12,24.21037562,993.0,0.01967835,2.887414744200319
3013,9571675,Spot Grid,1,BTCUSDT,1.0,14791598,5.9,32.75043632,1311.0,0.00730891,2.8868806361519948
3014,9489504,Spot Grid,1,BTCUSDT,1.0,16712438,7.23,36.88056475,375.0,0.00303331,2.886458005882346
3015,9580780,Spot Grid,1,BTCUSDT,1.0,14681191,10.22,45.75053655,377.0,0.01080897,2.8862684108260233
3016,9665206,Spot Grid,1,ONDOUSDT,1.0,13013331,15.86,96.24510606,745.0,0.04260269,2.8859557887118767
3017,9127880,Spot Grid,1,BTCUSDT,1.0,23903356,4.42,27.96888578,152.0,0.01369473,2.884842922093753
3018,9257270,Spot Grid,1,SOLUSDT,1.0,21386120,5.5,14.0973579,315.0,0.01222449,2.8847854679091367
3019,9574239,Spot Grid,1,BTCUSDC,1.0,14751305,7.37,30.13237777,796.0,0.00436574,2.884544251418815
3020,9858083,Spot Grid,1,BTCUSDC,1.0,7477105,19.82,13.88070936,77.0,0.02618551,2.8826378172704294
3021,9752630,Spot Grid,1,BTCUSDT,1.0,10724110,11.57,219.06883112,435.0,0.00358857,2.881584717893421
3022,9897947,Spot Grid,1,ETHUSDT,1.0,5821072,18.86,61.81953193,91.0,0.01450224,2.879986762627509
3023,9657101,Spot Grid,1,LINKUSDT,1.0,13132627,24.72,148.32963584,720.0,0.0915915,2.8796487618693787
3024,9853808,Spot Grid,1,SOLUSDT,1.0,7659414,21.54,21.65226158,143.0,0.03798194,2.878453970007525
3025,9711713,Spot Grid,1,ETHUSDT,1.0,11913735,11.86,27.88474476,505.0,0.01089164,2.878270566535099
3026,9108630,Spot Grid,1,ETHUSDT,1.0,24398801,4.27,25.65091781,266.0,0.01766908,2.8779360772814133
3027,9556676,Spot Grid,1,BTCUSDC,1.0,15021550,9.52,18.58685918,378.0,0.008653,2.8778419235639627
3028,9238800,Spot Grid,1,BTCUSDT,1.0,21772767,4.59,45.90744181,653.0,0.01651033,2.8773566907607737
3029,9784401,Spot Grid,1,BTCUSDT,1.0,9934017,8.22,41.14895543,1831.0,0.01068503,2.8769436417154326
3030,9341342,Spot Grid,1,ETHBTC,1.0,19706542,5.21,674.39337502,375.0,0.00846474,2.876281880934964
3031,9562968,Spot Grid,1,ETHUSDT,1.0,14915996,10.03,95.02501539,216.0,0.00803805,2.8758599538471588
3032,9262154,Spot Grid,1,BNBUSDC,1.0,21290676,1.56,77.14391432,1101.0,0.00762244,2.8744792500809275
3033,8335469,Spot Grid,1,PEPEUSDT,1.0,31041940,1.4,19.6008629,1384.0,0.05415612,2.873605727693771
3034,9757186,Spot Grid,1,BTCEUR,1.0,10624563,11.5,529.29076672,570.0,0.00760879,2.872194065586806
3035,9238104,Spot Grid,1,BTCUSDT,1.0,21790197,4.07,12.13422892,676.0,0.01432182,2.8706399393554167
3036,9515750,Spot Grid,1,BNBBTC,1.0,15974522,5.18,37.03364531,1536.0,0.01387936,2.8701552611048617
3037,8932746,Spot Grid,1,ETHBTC,1.0,27661237,0.11,98.89947264,667.0,0.01805713,2.869284915148666
3038,8975160,Spot Grid,1,BTCUSDT,1.0,26933681,0.24,94.53148547,373.0,0.0094565,2.868273844111205
3039,9682383,Spot Grid,1,ETHUSDT,1.0,12681669,10.91,59.99711213,652.0,0.0127899,2.864843121315899
3040,9800173,Spot Grid,1,DOGEUSDT,1.0,9502968,19.66,27.55593824,336.0,0.04024072,2.8646855172408565
3041,9656400,Spot Grid,1,BNBUSDT,1.0,13145274,13.6,514.1909788,395.0,0.02642685,2.8639556059368814
3042,9866358,Spot Grid,1,BTCUSDT,1.0,6906128,15.4,81.43833687,255.0,0.00445409,2.8631071832439203
3043,9458240,Spot Grid,1,BNBUSDC,1.0,17413918,6.32,93.80803536,645.0,0.0080535,2.8616488557817754
3044,9761245,Spot Grid,1,BNBUSDT,1.0,10528041,13.81,525.11825282,129.0,0.01093742,2.860954422094326
3045,8952787,Spot Grid,1,BTCUSDT,1.0,27329381,4.16,10.81696943,102.0,0.02675914,2.8602322843008223
3046,9991799,Spot Grid,1,SUIUSDC,1.0,3002181,26.67,115.95843744,602.0,0.0570911,2.8598626325692953
3047,9187597,Spot Grid,1,BTCUSDT,1.0,22808806,0.95,128.21169746,1070.0,0.01099592,2.8591530021666784
3048,9961980,Spot Grid,1,SOLUSDT,1.0,3718677,3.63,363.62492734,3950.0,0.00621422,2.858875571058815
3049,8994406,Spot Grid,1,BTCUSDC,1.0,26498954,3.36,13.71821959,156.0,0.0200812,2.857931433017592
3050,9274362,Spot Grid,1,XRPUSDT,1.0,21034678,10.73,10.73632794,62.0,0.03505998,2.8577350333247384
3051,9213776,Spot Grid,1,BTCUSDT,1.0,22340280,1.32,13.49417466,1271.0,0.01474563,2.8575340866877865
3052,8848271,Spot Grid,1,ETHUSDT,1.0,28866973,0.9,45.24109824,356.0,0.02128662,2.8541474274465632
3053,9258039,Spot Grid,1,ETHFDUSD,1.0,21371995,5.3,92.73639599,327.0,0.01300224,2.853058168471702
3054,9657964,Spot Grid,1,SUIUSDT,1.0,13119940,25.52,153.13445864,160.0,0.08516767,2.8528673669489057
3055,9220131,Spot Grid,1,ETHUSDT,1.0,22198578,5.31,53.10692847,330.0,0.01647774,2.8523658091231914
3056,9252431,Spot Grid,1,BTCFDUSD,1.0,21475437,1.66,12.92551264,1571.0,0.01951481,2.851032066188838
3057,9754622,Spot Grid,1,BTCUSDT,1.0,10676756,11.68,81.82675723,427.0,0.00436579,2.8503947404649175
3058,9256762,Spot Grid,1,BTCUSDT,1.0,21395900,1.67,224.89489072,971.0,0.00765924,2.8501893779061085
3059,8946078,Spot Grid,1,TAOUSDC,1.0,27448818,8.17,146.43479315,1014.0,0.069659,2.8489862884139168
3060,9871578,Spot Grid,1,ETHUSDT,1.0,6880682,14.04,70.24504354,1332.0,0.02020549,2.848812677622136
3061,9700122,Spot Grid,1,ETHUSDT,1.0,12304244,7.7,38.9299599,1428.0,0.01056618,2.848738418826483
3062,9126208,Spot Grid,1,BTCUSDT,1.0,22157320,5.69,43.15976298,163.0,0.01495671,2.848377990075159
3063,9264524,Spot Grid,1,SUIUSDT,1.0,21245495,17.65,114.70051478,568.0,0.08546754,2.847867931036516
3064,9525826,Spot Grid,1,BNBBTC,1.0,15681089,8.05,22.8847837,735.0,0.01223193,2.847240799521591
3065,9578963,Spot Grid,1,BTCUSDT,1.0,14541471,10.67,44.81725897,234.0,0.0112171,2.847104471843828
3066,9068607,Spot Grid,1,BTCUSDT,1.0,25182790,3.71,37.16823853,303.0,0.02011629,2.8451075677963544
3067,9070246,Spot Grid,1,SOLBNB,1.0,25166556,3.05,410.53998131,500.0,0.02254531,2.844556785590842
3068,9110011,Spot Grid,1,BTCUSDT,1.0,24355605,3.49,26.57726574,546.0,0.02049054,2.8444262110383645
3069,9237625,Spot Grid,1,ETHUSDT,1.0,21800732,3.65,365.11994434,977.0,0.02133278,2.843732535147907
3070,9631989,Spot Grid,1,ETHUSDT,1.0,13652213,10.2,32.65371669,391.0,0.00823907,2.8437144969929595
3071,9543684,Spot Grid,1,BTCUSDT,1.0,15303289,8.12,24.38621172,467.0,0.00551043,2.8429396132452367
3072,9052691,Spot Grid,1,BTCUSDC,1.0,25358482,4.5,64.08821139,178.0,0.02278787,2.842531503828204
3073,9668196,Spot Grid,1,BTCUSDT,1.0,12953503,2.62,174.76745836,2292.0,0.00480948,2.8415164691407138
3074,9694912,Spot Grid,1,ETHUSDT,1.0,12410978,11.83,59.18710084,210.0,0.00826678,2.8410693014480746
3075,9653456,Spot Grid,1,ETHUSDT,1.0,13187250,6.66,142.535401,1388.0,0.00865382,2.840820096104118
3076,9702334,Spot Grid,1,BTCUSDT,1.0,12234340,5.96,596.05448031,1871.0,0.01335726,2.8394203723603653
3077,9114916,Spot Grid,1,BTCUSDT,1.0,24232920,0.01,28.67681157,1237.0,0.01575926,2.839268245653239
3078,9523993,Spot Grid,1,BNBBTC,1.0,15719656,8.0,20.66678436,737.0,0.01252645,2.8379694552622934
3079,9752792,Spot Grid,1,BTCUSDC,1.0,10719708,11.45,114.59603412,421.0,0.00388661,2.836593719116158
3080,8993894,Spot Grid,1,XRPUSDC,1.0,26513518,3.36,670.94143431,422.0,0.03001864,2.8363361590911498
3081,9035575,Spot Grid,1,BTCUSDT,1.0,25708561,2.37,23.70514,577.0,0.02115465,2.835241303374194
3082,9832671,Spot Grid,1,BTCUSDT,1.0,8346558,14.59,114.50488055,173.0,0.00576844,2.834358607143554
3083,9454852,Spot Grid,1,XRPUSDT,1.0,17447003,9.29,22.63073607,1093.0,0.03465781,2.834333136870381
3084,9685384,Spot Grid,1,XRPUSDT,1.0,12392063,15.54,77.71696348,390.0,0.03272664,2.8327523893268194
3085,8947041,Spot Grid,1,ETHUSDT,1.0,27437355,0.07,501.09369806,297.0,0.01261215,2.8321719140385637
3086,9605657,Spot Grid,1,BNBUSDT,1.0,14247246,8.25,28.88737836,999.0,0.01353262,2.829341502544897
3087,9842911,Spot Grid,1,SOLUSDT,1.0,8035926,14.34,143.40298086,378.0,0.0077757,2.828946304029671
3088,9733619,Spot Grid,1,ADAUSDT,1.0,11263575,9.7,15.96409922,747.0,0.003363,2.828165148569315
3089,8966480,Spot Grid,1,BTCUSDC,1.0,27089038,0.02,269.79871754,785.0,0.02014928,2.8280761596687287
3090,9668841,Spot Grid,1,BNBUSDT,1.0,12939040,9.79,33.29270171,706.0,0.01025034,2.827886079677856
3091,9703259,Spot Grid,1,PEPEUSDC,1.0,12206385,20.26,20.27154788,781.0,0.06601047,2.826025605216517
3092,9231215,Spot Grid,1,ETHUSDT,1.0,21944298,3.57,48.74443665,519.0,0.01096384,2.8245060247352365
3093,9668481,Spot Grid,1,TAOUSDC,1.0,12946509,12.71,381.19971374,1436.0,0.04365111,2.8240244772086025
3094,8845362,Spot Grid,1,BTCUSDT,1.0,28077781,0.21,43.20353085,162.0,0.01123424,2.8239691240357625
3095,8903429,Spot Grid,1,BTCUSDT,1.0,28117104,1.32,200.03043288,154.0,0.01822613,2.821180399806538
3096,9286491,Spot Grid,1,SOLETH,1.0,20816534,6.08,86.66667707,285.0,0.01525976,2.821111443286951
3097,9754471,Spot Grid,1,BTCUSDT,1.0,10679969,13.06,35.98799045,218.0,0.00847422,2.8205130267967014
3098,9254193,Spot Grid,1,SOLFDUSD,1.0,21452941,4.64,152.56495947,986.0,0.02529515,2.8204793077652703
3099,9590304,Spot Grid,1,BTCUSDT,1.0,14493643,7.99,33.93971929,844.0,0.01034129,2.8185943879235626
3100,9106098,Spot Grid,1,BTCUSDT,1.0,24460449,1.15,28.95860894,950.0,0.01775895,2.8178797375527145
3101,9702038,Spot Grid,1,BTCUSDT,1.0,12242398,5.82,578.42668435,1873.0,0.01344649,2.8177774285492045
3102,9685396,Spot Grid,1,ETHUSDC,1.0,12628293,10.59,32.19400338,323.0,0.00561059,2.8174446111694307
3103,8903893,Spot Grid,1,ETHUSDT,1.0,28112467,0.63,12.61775435,478.0,0.02055379,2.81539291886939
3104,9836928,Spot Grid,1,LTCUSDC,1.0,8199202,20.34,28.64208087,62.0,0.03458008,2.8153243507938313
3105,9231743,Spot Grid,1,ETHUSDT,1.0,21930498,6.13,30.68721211,119.0,0.01675014,2.8147627353545257
3106,9147780,Spot Grid,1,ETHUSDC,1.0,22159125,4.86,15.05302971,179.0,0.01198036,2.8144136268941375
3107,8938543,Spot Grid,1,BTCEUR,1.0,27560993,2.07,182.21901724,137.0,0.01980312,2.8136859333869566
3108,9805819,Spot Grid,1,DOGEUSDT,1.0,9317270,19.5,35.65182493,742.0,0.049274,2.813117081337149
3109,9760915,Spot Grid,1,ETHUSDC,1.0,10497108,11.36,113.63425861,405.0,0.00305005,2.812917412811363
3110,9565378,Spot Grid,1,BTCUSDC,1.0,14878921,7.71,88.65658145,790.0,0.00983083,2.812717933431399
3111,10018889,Spot Grid,1,SUIUSDT,1.0,2273065,25.47,98.47493761,125.0,0.03914139,2.8121622939789033
3112,9001183,Spot Grid,1,BNBBTC,1.0,26391946,3.63,16.44355771,161.0,0.02307142,2.811864868347184
3113,9221189,Spot Grid,1,BTCUSDT,1.0,22172808,4.85,97.07753265,316.0,0.01541783,2.8115918524186028
3114,9720829,Spot Grid,1,SOLBNB,1.0,11652525,11.96,103.59494908,170.0,0.00631999,2.8111485346153433
3115,9647756,Spot Grid,1,ASTERUSDC,1.0,13279049,15.29,275.32098179,924.0,0.04834153,2.81090851260168
3116,9204912,Spot Grid,1,CAKEUSDT,1.0,22514332,15.01,145.05732141,1535.0,0.09857688,2.8100740404578053
3117,9258848,Spot Grid,1,BTCUSDT,1.0,21354078,4.12,18.16264664,499.0,0.01146727,2.809644500176191
3118,9109460,Spot Grid,1,BTCUSDC,1.0,24374163,3.35,67.088147,419.0,0.01872461,2.8095819244189473
3119,9217407,Spot Grid,1,BNBETH,1.0,22258280,3.84,61.98885974,770.0,0.01980723,2.8084445361988104
3120,9226569,Spot Grid,1,SOLUSDT,1.0,22055805,4.19,100.77954537,812.0,0.0219959,2.8071825629634897
3121,9523541,Spot Grid,1,BNBBTC,1.0,15732907,7.64,26.33370781,739.0,0.01198261,2.8056483154908043
3122,9756593,Spot Grid,1,OGUSDT,1.0,10633992,14.32,214.82911639,319.0,0.01884799,2.8051192542181997
3123,9700756,Spot Grid,1,BNBUSDT,1.0,12282024,11.17,29.26949717,346.0,0.00828011,2.8048953577217346
3124,8939862,Spot Grid,1,BTCUSDC,1.0,27536453,1.86,14.82363454,239.0,0.0201994,2.804890286643365
3125,9221198,Spot Grid,1,XRPUSDT,1.0,22172639,6.84,67.75715509,312.0,0.02636302,2.8043467378340714
3126,9606801,Spot Grid,1,BNBBTC,1.0,14223843,10.48,323.59772322,503.0,0.01767695,2.803973185403366
3127,9149974,Spot Grid,1,BTCFDUSD,1.0,23543978,0.88,23.34281661,1038.0,0.01478451,2.8032466345440836
3128,9621594,Spot Grid,1,ETHUSDT,1.0,13896149,9.78,29.34885692,340.0,0.00753249,2.8027540072590074
3129,9525609,Spot Grid,1,BNBBTC,1.0,15685554,7.79,19.92287912,737.0,0.01265405,2.8024549747487146
3130,9737085,Spot Grid,1,DOGEUSDT,1.0,11147891,6.94,10.42419304,2534.0,0.02659654,2.801950574072258
3131,8938836,Spot Grid,1,BTCFDUSD,1.0,27555306,0.58,11.59412122,467.0,0.01820959,2.8017228403985706
3132,9724473,Spot Grid,1,ADAUSDT,1.0,11544797,12.71,210.06934378,695.0,0.02199834,2.8017033900855615
3133,9787876,Spot Grid,1,DOGEUSDT,1.0,9823167,13.93,13.16599658,1128.0,0.02947834,2.8013452519026663
3134,9133675,Spot Grid,1,BTCUSDT,1.0,23798800,2.82,28.30769767,549.0,0.01624853,2.801295629779908
3135,9264119,Spot Grid,1,BTCUSDT,1.0,21256499,2.5,484.14547967,1259.0,0.02102261,2.8006309030610668
3136,9735006,Spot Grid,1,SUIFDUSD,1.0,11217247,13.62,946.43255796,1158.0,0.03927231,2.7989315704843856
3137,9154877,Spot Grid,1,PENDLEUSDT,1.0,23473495,5.04,64.0656347,271.0,0.0214219,2.7984900082123634
3138,9136551,Spot Grid,1,BTCUSDT,1.0,23752336,2.96,29.64189627,531.0,0.01658864,2.797647219055347
3139,9784863,Spot Grid,1,OGUSDT,1.0,9917215,8.04,123.70376849,2203.0,0.02111294,2.7975266565178116
3140,9599870,Spot Grid,1,ETHUSDT,1.0,14330999,9.98,49.91111585,139.0,0.00655001,2.7974995279250554
3141,9040723,Spot Grid,1,BTCFDUSD,1.0,25612961,2.35,16.47915379,462.0,0.01975359,2.7957221619174057
3142,9835259,Spot Grid,1,BTCUSDT,1.0,8249480,13.8,36.00210802,1019.0,0.02008754,2.7954649067479695
3143,9835965,Spot Grid,1,BTCUSDT,1.0,8230731,17.64,12.34955085,43.0,0.02036837,2.792540109707324
3144,10048718,Spot Grid,1,BTCUSD1,1.0,1560636,9.87,11459.82815297,493.0,0.01783458,2.7899002809733715
3145,9848102,Spot Grid,1,BNBUSDT,1.0,7833623,4.74,37.4192718,3013.0,0.01114902,2.7898483647053043
3146,9213101,Spot Grid,1,PEPEUSDC,1.0,22353952,11.65,16.03302973,900.0,0.06624125,2.7892605040440146
3147,9603251,Spot Grid,1,BTCUSDT,1.0,14292861,7.02,22.47852141,864.0,0.00576672,2.788024141781558
3148,9572883,Spot Grid,1,BTCUSDT,1.0,14771474,7.04,704.24322175,572.0,0.0053572,2.785364853467348
3149,9730625,Spot Grid,1,ETHUSDT,1.0,11365452,13.18,17.80540948,66.0,0.01025876,2.782990708603566
3150,9906795,Spot Grid,1,REUSDT,1.0,5402861,22.14,95.9542672,271.0,0.03866498,2.7799813987128124
3151,9188108,Spot Grid,1,LINKUSDT,1.0,22800931,6.19,12.39871787,527.0,0.03077895,2.7788691832059667
3152,9209574,Spot Grid,1,LTCUSDT,1.0,22415616,8.17,49.03757951,539.0,0.04053086,2.7758553313279024
3153,9241512,Spot Grid,1,SOLEUR,1.0,21707818,2.91,15.95459679,894.0,0.01607037,2.7756083729057233
3154,9883079,Spot Grid,1,ETHUSDT,1.0,6403508,12.64,885.46999212,1193.0,0.01470035,2.7755053555411835
3155,8934687,Spot Grid,1,BTCEUR,1.0,27622810,1.24,119.28322446,108.0,0.01613065,2.775276222159453
3156,9263906,Spot Grid,1,SOLBTC,1.0,21260583,5.94,15.81983833,91.0,0.01376862,2.7751574716422986
3157,8991392,Spot Grid,1,ALGOUSDT,1.0,26573788,11.08,33.2431835,1847.0,0.10185197,2.775127073129966
3158,9235492,Spot Grid,1,BTCUSDT,1.0,21836218,3.76,63.31928505,664.0,0.01667873,2.7748513798877146
3159,9332194,Spot Grid,1,SOLETH,1.0,19924281,6.65,256.05768518,273.0,0.01704046,2.7748493579930487
3160,9982136,Spot Grid,1,SOLUSDC,1.0,3299578,5.51,10149.21648194,1243.0,0.01115401,2.774492515257588
3161,9875969,Spot Grid,1,LINKUSDT,1.0,6659798,20.53,61.59054204,171.0,0.03315557,2.774481204635059
3162,9437481,Spot Grid,1,AXSUSDT,1.0,17028604,17.94,179.42080024,10.0,0.06051483,2.7742068186180164
3163,9831709,Spot Grid,1,BTCJPY,1.0,8381172,13.77,252.67245391,677.0,0.01522158,2.774134726934447
3164,9770112,Spot Grid,1,BTCUSDT,1.0,10335863,11.96,33.14614885,408.0,0.00693574,2.7720383149853194
3165,9832966,Spot Grid,1,BNBUSDT,1.0,8338957,13.56,102.00052555,160.0,0.00229473,2.771247549908865
3166,9702183,Spot Grid,1,XRPUSDT,1.0,12237762,11.91,119.10500649,908.0,0.02589199,2.7700617240970993
3167,9003418,Spot Grid,1,BTCUSDT,1.0,26356887,1.72,17.25083101,373.0,0.01863883,2.770028683684804
3168,9756625,Spot Grid,1,OGUSDT,1.0,10633633,14.06,212.2197311,320.0,0.01884628,2.7698907025823196
3169,9525750,Spot Grid,1,BTCUSDT,1.0,15682570,7.58,75.85338425,342.0,0.0047555,2.769270022292846
3170,9240926,Spot Grid,1,BTCUSDT,1.0,21720794,3.72,28.2796285,644.0,0.01559732,2.7690196697331535
3171,10079714,Spot Grid,1,SUIUSDT,1.0,1064647,10.37,311.21093213,3734.0,0.03057479,2.7677479761743813
3172,9120500,Spot Grid,1,BTCUSDT,1.0,24099988,4.22,12.687832,110.0,0.01718681,2.767494832368362
3173,9604231,Spot Grid,1,ETHUSDT,1.0,14276330,7.84,32.53977566,617.0,0.00584845,2.7671354268916404
3174,9528546,Spot Grid,1,BTCUSDC,1.0,15605314,8.59,16.736241,146.0,0.00569508,2.764454979135009
3175,9129824,Spot Grid,1,BTCUSDT,1.0,23860547,3.0,16.3896751,302.0,0.01370021,2.7642036591415895
3176,9936135,Spot Grid,1,SOLUSDT,1.0,4263324,11.13,34.16580486,2708.0,0.02542184,2.7640898352281487
3177,9800597,Spot Grid,1,BTCUSDT,1.0,9487512,13.94,69.73406773,96.0,0.0080868,2.7632080230236604
3178,9169122,Spot Grid,1,AAVEUSDT,1.0,23191818,10.18,46.14174952,222.0,0.04865416,2.762727482359903
3179,8920372,Spot Grid,1,AAVEUSDC,1.0,27862556,9.83,98.36493099,544.0,0.07381832,2.7619090135286797
3180,9576219,Spot Grid,1,BTCUSDC,1.0,14736186,8.24,428.16400997,603.0,0.01195713,2.7617693783885273
3181,9833197,Spot Grid,1,SUIUSDT,1.0,8329754,19.42,38.85879737,104.0,0.03321302,2.761334988104317
3182,9300949,Spot Grid,1,ASTERUSDT,1.0,20569665,10.42,641.19284737,1977.0,0.07903894,2.7605129518728835
3183,9268110,Spot Grid,1,ETHBTC,1.0,21167592,6.73,100.64716224,51.0,0.01789063,2.7600636417809303
3184,9458767,Spot Grid,1,XRPUSDC,1.0,17406648,10.84,21.69972619,116.0,0.02533435,2.7585966074749844
3185,9579416,Spot Grid,1,BNBUSDC,1.0,14701655,8.29,83.00770848,392.0,0.00598386,2.75828467338626
3186,9667509,Spot Grid,1,ETHUSDT,1.0,12971535,13.66,25.84761097,397.0,0.02780443,2.7578658319917277
3187,9558197,Spot Grid,1,BTCUSDT,1.0,14998789,9.67,82.2746042,356.0,0.01415717,2.7553836163007372
3188,9835547,Spot Grid,1,XRPUSDT,1.0,8242093,17.36,25.17974713,96.0,0.02157764,2.7550520411297916
3189,8846742,Spot Grid,1,ETHUSDT,1.0,27764998,2.94,11.76982902,80.0,0.0257265,2.754609278802464
3190,9591202,Spot Grid,1,BTCUSDT,1.0,14480246,8.27,324.34300309,517.0,0.0091113,2.7508770914790497
3191,9902187,Spot Grid,1,DOGEUSDT,1.0,5631503,18.79,13.1576216,514.0,0.02722395,2.750123839497948
3192,9631915,Spot Grid,1,ADAUSDT,1.0,13654357,15.13,22.16650232,312.0,0.03726519,2.750031961223235
3193,9995674,Spot Grid,1,CFGUSDT,1.0,2888871,26.32,350.14597451,161.0,0.05097959,2.749961904327676
3194,9219951,Spot Grid,1,SOLUSDT,1.0,22203141,1.7,91.37037595,875.0,0.01258879,2.7497894590185474
3195,10025294,Spot Grid,1,UNIUSDT,1.0,2077883,16.32,832.66785318,1463.0,0.02282337,2.749773446930108
3196,9127927,Spot Grid,1,BTCFDUSD,1.0,23902191,2.25,18.61037207,593.0,0.01652753,2.7496247712757356
3197,9713977,Spot Grid,1,BNBUSDT,1.0,11853317,12.35,13.45321431,29.0,0.00836799,2.748851210863975
3198,9237727,Spot Grid,1,SOLUSDT,1.0,21798809,5.18,10.52065468,296.0,0.01734052,2.747263206054935
3199,9597758,Spot Grid,1,BTCEUR,1.0,14368880,8.84,14.82242441,617.0,0.01243154,2.7470664439333037
3200,8962151,Spot Grid,1,BTCEUR,1.0,27165019,2.1,23.70667169,281.0,0.02319985,2.7466180760938452
3201,9737871,Spot Grid,1,BTCUSDT,1.0,11119981,12.87,332.21111394,592.0,0.02176073,2.7455913154462204
3202,8935701,Spot Grid,1,BTCUSDT,1.0,27606583,1.07,21.56751762,362.0,0.02120639,2.745298188743815
3203,9601841,Spot Grid,1,ETHUSDT,1.0,14306522,7.64,38.20590439,619.0,0.00592574,2.7429529349099755
3204,9751023,Spot Grid,1,SOLETH,1.0,10758166,4.5,13.3488351,1978.0,0.00229632,2.740528571167103
3205,9481445,Spot Grid,1,ETHBTC,1.0,16881213,6.65,29.66180956,111.0,0.00089726,2.7385873377769427
3206,9597571,Spot Grid,1,BTCEUR,1.0,14372452,8.43,15.07464893,690.0,0.01212268,2.7377587787826356
3207,9220982,Spot Grid,1,ETHUSDT,1.0,22177262,1.66,16.62297593,1170.0,0.0186423,2.73669107739272
3208,9899027,Spot Grid,1,ETHUSDC,1.0,5767885,15.64,187.79928365,359.0,0.00873099,2.736586386412278
3209,9714786,Spot Grid,1,ETHUSDC,1.0,11827787,11.58,28.29879727,211.0,0.00854714,2.7345307017020897
3210,9018541,Spot Grid,1,BTCUSDT,1.0,26008473,1.9,27.21842714,341.0,0.01894075,2.7343765368705566
3211,9801809,Spot Grid,1,DOGEUSDT,1.0,9454154,14.21,15.04239098,689.0,0.02285627,2.73408879179269
3212,9757188,Spot Grid,1,BTCEUR,1.0,10624518,11.43,525.77672517,235.0,0.00566876,2.7340391241200517
3213,9595532,Spot Grid,1,BTCUSDT,1.0,14404974,6.9,24.85513163,679.0,0.00391058,2.7326727007875666
3214,9723481,Spot Grid,1,SOLBTC,1.0,11578308,8.66,673.6766733,703.0,0.00532395,2.7321752654000333
3215,9693748,Spot Grid,1,FILUSDT,1.0,12444145,15.54,227.66459382,702.0,0.04438399,2.731605650619402
3216,9757294,Spot Grid,1,DOGEUSDT,1.0,10608594,18.75,37.51252636,187.0,0.0422471,2.731197922373424
3217,9278182,Spot Grid,1,SUIUSDT,1.0,20955227,18.19,43.13628371,124.0,0.08210999,2.7311018186225167
3218,9565858,Spot Grid,1,BTCUSDT,1.0,14869047,8.02,22.55820004,328.0,0.00465325,2.7309875311630227
3219,9916070,Spot Grid,1,ETHUSDT,1.0,5026108,18.1,905.13247755,410.0,0.02406883,2.7296638651891856
3220,9677740,Spot Grid,1,TAOUSDT,1.0,12758089,10.77,107.75388576,2118.0,0.04905376,2.729366713973167
3221,9701972,Spot Grid,1,BNBUSDT,1.0,12243821,9.71,72.88941732,318.0,0.00284875,2.7279645650974937
3222,9353629,Spot Grid,1,BNBBTC,1.0,19395381,2.18,57.12694705,1448.0,0.01604561,2.7277527454660873
3223,9831910,Spot Grid,1,NIGHTUSDT,1.0,8372500,24.67,57.77496431,58.0,0.06266267,2.7261774486588446
3224,9130649,Spot Grid,1,BTCUSDT,1.0,23841270,0.06,216.98755045,919.0,0.0131472,2.7260352918028063
3225,9789643,Spot Grid,1,BTCUSDT,1.0,9771571,13.02,43.66253088,80.0,0.00530116,2.7256763733722025
3226,9260604,Spot Grid,1,BTCUSDT,1.0,21310769,3.86,19.25086218,369.0,0.01051301,2.7250289968593466
3227,9649087,Spot Grid,1,BTCUSDC,1.0,13261980,4.85,31.48071281,1376.0,0.00291639,2.724463386518173
3228,9076934,Spot Grid,1,SOLFDUSD,1.0,25095226,2.17,43.36609904,1207.0,0.03540111,2.722390805579315
3229,9860533,Spot Grid,1,ETHUSDT,1.0,7376505,15.41,47.12067125,175.0,0.01044732,2.7187790671133447
3230,9473999,Spot Grid,1,ETHBTC,1.0,17059379,2.67,17.30549528,1055.0,0.00058607,2.7186918741992043
3231,9475569,Spot Grid,1,TRXXRP,1.0,17010995,7.99,17.51808029,42.0,0.00808996,2.717996087106718
3232,9606347,Spot Grid,1,BTCBRL,1.0,14232808,9.98,38.37176002,316.0,0.01301007,2.717969092780468
3233,8964462,Spot Grid,1,SOLUSDT,1.0,27128674,1.24,17.68379632,518.0,0.02452692,2.7166032357893632
3234,9783990,Spot Grid,1,BNBUSDT,1.0,9949072,13.87,27.74689929,522.0,0.02036237,2.7161851896681446
3235,9721095,Spot Grid,1,XRPUSDT,1.0,11646990,12.24,100.2482132,883.0,0.02671224,2.7161454857227625
3236,9997206,Spot Grid,1,XNOUSDT,1.0,2830185,12.01,295.80913315,2110.0,0.0147621,2.715368238330902
3237,9578023,Spot Grid,1,BTCUSDT,1.0,14722689,9.39,47.92620241,398.0,0.01376488,2.715341448503186
3238,9499109,Spot Grid,1,DOGEUSDT,1.0,16445060,15.08,30.16253047,47.0,0.04475958,2.7150653844997588
3239,9680811,Spot Grid,1,ETHUSDT,1.0,12715922,9.64,48.20470533,574.0,0.01033073,2.7140782413547373
3240,9790722,Spot Grid,1,BTCUSDC,1.0,9732952,13.19,79.16226385,144.0,0.00813577,2.712412678573756
3241,9239661,Spot Grid,1,SOLUSDC,1.0,21747171,2.88,14.44825197,771.0,0.01605913,2.7110045757319456
3242,9841900,Spot Grid,1,BTCUSDC,1.0,8066271,13.13,24.18803016,870.0,0.01582615,2.7107756314613742
3243,9692119,Spot Grid,1,ADAUSDT,1.0,12257384,13.79,68.98873272,345.0,0.02651631,2.70977744423226
3244,9810137,Spot Grid,1,BTCUSDT,1.0,9174310,12.94,26.50309008,449.0,0.01075362,2.7076363582686818
3245,9947832,Spot Grid,1,DOGEUSDT,1.0,3915224,14.75,15.39133383,2362.0,0.03864817,2.7063106730524304
3246,9587802,Spot Grid,1,BTCUSDT,1.0,10759022,12.74,63.72393546,24.0,0.00771944,2.705477904608616
3247,9798259,Spot Grid,1,ETHUSDT,1.0,9562143,12.77,42.15903208,86.0,0.00398272,2.705118507567507
3248,9863561,Spot Grid,1,LUMIAUSDT,1.0,7230596,18.8,77.08828657,384.0,0.03352537,2.704490077027687
3249,9874442,Spot Grid,1,BTCUSDC,1.0,6725803,17.42,13.94237151,65.0,0.01676306,2.703956161933909
3250,9256988,Spot Grid,1,ETHUSDC,1.0,21391657,3.38,29.93167622,452.0,0.01089452,2.703826602982861
3251,9758644,Spot Grid,1,BTCUSDC,1.0,10591445,12.19,26.74906937,168.0,0.00694954,2.7029920652226287
3252,9855207,Spot Grid,1,ETHUSDT,1.0,7590326,10.79,161.92068342,1281.0,0.01071846,2.7025950134724703
3253,9832691,Spot Grid,1,BONKUSDT,1.0,8346161,20.85,18.00371386,714.0,0.05631287,2.7014466688577405
3254,9558463,Spot Grid,1,BTCUSDT,1.0,14996807,8.84,14.96717892,189.0,0.0079772,2.6993618547871927
3255,9304497,Spot Grid,1,SOLETH,1.0,20496646,5.31,45.55986769,682.0,0.02277159,2.6989871040345808
3256,9220617,Spot Grid,1,BTCUSDC,1.0,22186004,2.42,12.13802483,770.0,0.01588974,2.6984268605262796
3257,9693690,Spot Grid,1,FILUSDT,1.0,12445751,15.31,180.7022082,703.0,0.04429407,2.6971908361502908
3258,9841254,Spot Grid,1,ETHUSDT,1.0,8082907,12.32,55.4765542,644.0,0.0074186,2.6964673485994024
3259,9623065,Spot Grid,1,BTCUSDT,1.0,13865165,7.18,32.31420793,762.0,0.00641791,2.695623258143741
3260,9260206,Spot Grid,1,XRPUSDT,1.0,21319599,6.76,67.64900924,768.0,0.0363145,2.6950822203213995
3261,9991405,Spot Grid,1,TSTUSDT,1.0,3030176,19.51,16.4992821,238.0,0.01643901,2.6949352744891715
3262,8778202,Spot Grid,1,BNBBTC,1.0,29936545,0.42,82.17669072,132.0,0.02508192,2.694819134333491
3263,9620403,Spot Grid,1,DOGEUSDT,1.0,13918728,12.87,136.08116019,579.0,0.03448479,2.694694011125172
3264,9595299,Spot Grid,1,BTCUSDT,1.0,14409160,5.98,14.46305864,1321.0,0.01397699,2.693986920922888
3265,9061795,Spot Grid,1,BTCUSDT,1.0,25232283,2.68,21.80537709,283.0,0.02029566,2.693067034657748
3266,9595017,Spot Grid,1,ADAFDUSD,1.0,14414007,13.81,69.02319646,286.0,0.03526785,2.6930587340757826
3267,9779454,Spot Grid,1,BTCUSDT,1.0,10084970,13.24,113.85817438,87.0,0.00972027,2.6916566282922108
3268,9091486,Spot Grid,1,SOLUSDC,1.0,24862945,3.13,78.96371061,629.0,0.02890411,2.6903220615444425
3269,9839289,Spot Grid,1,BTCUSDC,1.0,8143856,9.85,2318.1547866,910.0,0.01171253,2.689344803904773
3270,9867959,Spot Grid,1,ETHUSDC,1.0,7050663,15.15,25.68621516,401.0,0.01352833,2.6882689693348616
3271,9627057,Spot Grid,1,BTCUSDT,1.0,13766487,7.24,25.66468753,668.0,0.00461413,2.6878391788728324
3272,9989712,Spot Grid,1,XVGUSDT,1.0,3077948,22.27,290.676163,107.0,0.03069078,2.6873437704651164
3273,9091923,Spot Grid,1,ETHUSDC,1.0,24853486,0.97,27.83086949,729.0,0.01902247,2.6871672286991646
3274,9136441,Spot Grid,1,ETHUSDT,1.0,23754607,1.89,12.62731555,620.0,0.01699599,2.6866600793459936
3275,9634818,Spot Grid,1,BTCUSDT,1.0,13577275,8.39,40.31386416,465.0,0.00594826,2.68611911578597
3276,9599944,Spot Grid,1,BTCUSDT,1.0,14330080,5.8,64.62739209,927.0,0.00489575,2.6860253254833992
3277,9893814,Spot Grid,1,BTCUSDT,1.0,5997647,15.15,185.07423685,470.0,0.0114995,2.683468059018566
3278,9231724,Spot Grid,1,LTCUSDT,1.0,21930944,7.65,38.27140273,460.0,0.03760876,2.6831826222140034
3279,9109339,Spot Grid,1,XRPUSDT,1.0,24377767,4.4,22.04873536,357.0,0.02803321,2.6828435028103677
3280,9026939,Spot Grid,1,BTCUSDC,1.0,25460284,3.34,34.20159668,26.0,0.01994744,2.6821387168071373
3281,9941823,Spot Grid,1,BTCFDUSD,1.0,4018751,9.79,97.79423093,1931.0,0.00427401,2.6808656517200466
3282,9952538,Spot Grid,1,METUSDT,1.0,3852692,34.11,120.49380416,211.0,0.10042737,2.679749819738385
3283,9275890,Spot Grid,1,BNBUSD1,1.0,21010377,1.66,505.9715996,827.0,0.01124037,2.678772903391501
3284,9007817,Spot Grid,1,BTCUSDT,1.0,26260533,1.86,186.38373333,196.0,0.01979003,2.6786075384475345
3285,9172051,Spot Grid,1,BTCUSDT,1.0,23118041,2.44,55.14554354,582.0,0.01705911,2.677707110817938
3286,9603659,Spot Grid,1,BTCUSDC,1.0,14287005,6.84,353.92972402,908.0,0.01184951,2.677047367969611
3287,9085901,Spot Grid,1,LTCUSDT,1.0,25010249,6.31,20.7761727,87.0,0.0357491,2.675903840347036
3288,9729076,Spot Grid,1,BTCUSDT,1.0,11408905,7.12,218.95595882,1408.0,0.0110149,2.675768533994031
3289,9963601,Spot Grid,1,SOLUSDT,1.0,3683917,12.11,242.31831558,1555.0,0.00854439,2.675457774270626
3290,9710444,Spot Grid,1,BNBUSDC,1.0,11962543,12.68,25.37446198,181.0,0.01686898,2.675379675701223
3291,9724999,Spot Grid,1,BNBUSDT,1.0,11532494,10.09,80.73831898,606.0,0.01014821,2.6750099373174154
3292,9260794,Spot Grid,1,BTCUSDC,1.0,21306809,2.92,75.47620856,551.0,0.01155617,2.6736280303159776
3293,9630556,Spot Grid,1,ETHUSDT,1.0,13690679,9.8,94.96006607,189.0,0.0091582,2.671996019177936
3294,9670148,Spot Grid,1,FILUSDT,1.0,12916270,15.01,900.74653935,1807.0,0.07274251,2.671836761195894
3295,9731833,Spot Grid,1,SUIUSDT,1.0,11323507,17.49,174.90536003,1021.0,0.05916341,2.671342265140216
3296,9486819,Spot Grid,1,BNBUSDT,1.0,16761675,8.96,53.76274374,921.0,0.03301806,2.670642159169854
3297,9230274,Spot Grid,1,BTCUSDC,1.0,21968747,2.93,29.40202618,654.0,0.01651632,2.6702997718602512
3298,9059519,Spot Grid,1,BTCUSDT,1.0,25268026,0.7,87.50843657,535.0,0.01622619,2.6695675679975936
3299,9851065,Spot Grid,1,BTCJPY,1.0,7771157,10.66,13.48611627,944.0,0.00424581,2.6687559188618106
3300,9032607,Spot Grid,1,BTCUSDT,1.0,25765193,1.12,22.64520406,430.0,0.01813955,2.66845227529404
3301,9630327,Spot Grid,1,BTCUSDT,1.0,13694081,9.68,72.966061,500.0,0.01521297,2.666265305671492
3302,9733494,Spot Grid,1,BTCUSDT,1.0,11268283,10.5,105.04936103,829.0,0.01650472,2.6650734711516346
3303,9120747,Spot Grid,1,BTCUSDT,1.0,24091619,3.22,322.91651135,128.0,0.01778564,2.6646474106291422
3304,9073212,Spot Grid,1,ETHUSDT,1.0,25129748,0.9,264.97053837,433.0,0.0157536,2.6628614563120134
3305,9690553,Spot Grid,1,BNBUSDT,1.0,12514557,12.06,37.26784759,138.0,0.0154917,2.6628152845906983
3306,9276866,Spot Grid,1,SOLETH,1.0,20986407,2.92,12.78690089,724.0,0.01397378,2.6624387295372047
3307,9775365,Spot Grid,1,BNBUSDT,1.0,10214271,13.95,17.44435329,107.0,0.01527941,2.661938097929372
3308,9226112,Spot Grid,1,BTCUSDT,1.0,22066820,2.66,21.34958237,653.0,0.01577925,2.660742605647292
3309,9003009,Spot Grid,1,BTCFDUSD,1.0,26363604,1.01,64.62674933,348.0,0.018893,2.6605735738456033
3310,9685807,Spot Grid,1,XRPUSDT,1.0,12618150,10.42,73.15753688,929.0,0.02397556,2.660422263386569
3311,9985006,Spot Grid,1,COMPUSDT,1.0,3236734,25.69,59.74662708,61.0,0.04906221,2.6590228043735107
3312,9443419,Spot Grid,1,ADAUSDC,1.0,17615718,15.3,33.67425034,413.0,0.06099885,2.6585567155465792
3313,9962853,Spot Grid,1,BTCU,1.0,3697709,6.81,6873.35020705,1240.0,0.00774342,2.6578698549706465
3314,9764918,Spot Grid,1,BTCUSDT,1.0,10457494,9.22,461.12585125,661.0,0.00461992,2.6573808395141763
3315,8943929,Spot Grid,1,BNBUSDT,1.0,27463574,1.12,11.268004,119.0,0.01926652,2.655867382271523
3316,9459542,Spot Grid,1,XRPUSDC,1.0,17393722,9.94,76.07890468,223.0,0.02706559,2.6548167091188297
3317,9595245,Spot Grid,1,DOGEUSDT,1.0,14410075,6.53,28.54764255,2056.0,0.03425542,2.653112928309368
3318,9984869,Spot Grid,1,ADAUSDT,1.0,3238692,26.43,27.69692051,289.0,0.05801984,2.6530327825031095
3319,9792497,Spot Grid,1,BTCUSDT,1.0,9377083,7.01,56.13509554,1557.0,0.00496698,2.652757806440502
3320,9756979,Spot Grid,1,BTCUSDC,1.0,10628755,7.65,32.14312095,1140.0,0.00492388,2.651512651434883
3321,9745959,Spot Grid,1,BTCUSDT,1.0,10880761,13.45,271.82874079,403.0,0.02338616,2.651399959168799
3322,8712147,Spot Grid,1,RUNEUSDT,1.0,30808854,7.69,22.7806698,116.0,0.06972946,2.650564728796821
3323,9599887,Spot Grid,1,BTCUSDT,1.0,14330837,9.26,46.34776386,78.0,0.00723096,2.6498382096757136
3324,8933847,Spot Grid,1,BTCEUR,1.0,27638181,0.84,11.27373424,336.0,0.02332789,2.6494892622810995
3325,9487890,Spot Grid,1,ADAUSDC,1.0,16739234,11.74,23.49793307,981.0,0.05012654,2.6488072440812997
3326,9630198,Spot Grid,1,BTCUSDT,1.0,13696759,8.38,34.11585902,323.0,0.00489853,2.6480150311031556
3327,9795612,Spot Grid,1,BTCUSDC,1.0,9629786,10.88,838.17578267,291.0,0.00469843,2.646892878696604
3328,9815860,Spot Grid,1,BTCUSDT,1.0,8973291,13.22,26.4567105,107.0,0.00663573,2.6467606193972384
3329,9645878,Spot Grid,1,ETHUSDT,1.0,13308601,9.59,47.96867293,267.0,0.00886705,2.6450389739885347
3330,9541588,Spot Grid,1,BTCUSDC,1.0,15340447,7.22,72.23724216,274.0,0.00485572,2.6450303982119765
3331,9721906,Spot Grid,1,XRPUSDT,1.0,11623874,12.07,53.18116184,1236.0,0.03577766,2.64473579603277
3332,9183780,Spot Grid,1,BTCUSDT,1.0,22852745,0.48,19.34651452,1008.0,0.01540052,2.643528675873484
3333,9525195,Spot Grid,1,ADAUSDT,1.0,15693949,12.71,34.3331475,942.0,0.05041926,2.643281586339277
3334,9832367,Spot Grid,1,BNBUSDT,1.0,8355356,13.58,183.67579855,77.0,0.00628345,2.643145882983714
3335,9611215,Spot Grid,1,BTCUSDT,1.0,14135815,7.31,113.058037,865.0,0.01300896,2.64263491345078
3336,9460282,Spot Grid,1,ETHBTC,1.0,17380211,6.02,68.97770267,225.0,0.00606888,2.64217958444156
3337,9253469,Spot Grid,1,ETHUSDT,1.0,21465174,4.5,22.53119664,388.0,0.01846179,2.6411870879975705
3338,8858356,Spot Grid,1,LINKUSDT,1.0,28732560,7.03,21.10720144,620.0,0.06833084,2.639760125974173
3339,9754291,Spot Grid,1,BNBUSDT,1.0,10679840,11.99,20.64734238,43.0,0.00612113,2.639148305455035
3340,9665829,Spot Grid,1,BTCUSDT,1.0,13004483,5.26,126.21345932,1462.0,0.00996832,2.6347783512133653
3341,9753021,Spot Grid,1,BTCUSDT,1.0,10713096,9.26,926.26418786,342.0,0.00248868,2.6346184510135253
3342,9962773,Spot Grid,1,SHIBUSDT,1.0,3699599,17.46,104.76305904,381.0,0.01403179,2.63342469114101
3343,9079524,Spot Grid,1,BNBUSDT,1.0,25071226,2.19,14.6619018,230.0,0.01816979,2.633258602572512
3344,9562294,Spot Grid,1,SOLETH,1.0,14930074,8.75,152.00393087,516.0,0.01748984,2.6329534368764875
3345,9778886,Spot Grid,1,USTCUSDT,1.0,10105921,6.87,241.98348597,2791.0,0.0351792,2.6328602217690427
3346,9719956,Spot Grid,1,LINKUSDT,1.0,11687984,25.76,49.46165635,858.0,0.10344954,2.632400747109503
3347,9268452,Spot Grid,1,BNBUSDT,1.0,21159100,4.06,88.6187692,423.0,0.01619221,2.6320672905726274
3348,9044462,Spot Grid,1,BTCUSDT,1.0,25533848,0.93,14.97191068,527.0,0.01958608,2.632041318609913
3349,9004848,Spot Grid,1,BTCFDUSD,1.0,26326424,0.69,69.89284246,646.0,0.0244884,2.6313532163296935
3350,9639457,Spot Grid,1,ETHBTC,1.0,13456418,3.39,2926.29628905,1084.0,0.00820737,2.631348298932248
3351,9674785,Spot Grid,1,BTCUSDT,1.0,12832341,6.37,539.18775126,906.0,0.00580896,2.6312562352238436
3352,9079854,Spot Grid,1,ETHUSDC,1.0,25063733,2.38,16.67259663,375.0,0.02240441,2.629555291248697
3353,9753147,Spot Grid,1,BTCUSDC,1.0,10710280,9.53,102.05060676,478.0,0.00281425,2.6291041519894387
3354,9797211,Spot Grid,1,BTCUSDC,1.0,9589848,11.52,115.24575396,290.0,0.00502034,2.6287350139475576
3355,9102900,Spot Grid,1,BTCUSDT,1.0,24549689,1.93,156.18832757,61.0,0.01185897,2.6285505042812365
3356,9975295,Spot Grid,1,SUIUSDC,1.0,3452691,34.34,34.34014923,201.0,0.10137991,2.628502162822014
3357,9253355,Spot Grid,1,SOLUSDT,1.0,21466769,5.23,52.34038203,282.0,0.02090009,2.628093816646916
3358,9530811,Spot Grid,1,BTCUSDT,1.0,15562578,6.65,18.64753157,332.0,0.00432134,2.6280021789384747
3359,9731594,Spot Grid,1,SUIUSDT,1.0,11335635,17.14,171.47549153,1025.0,0.05911203,2.627891844364478
3360,9845289,Spot Grid,1,SOLUSDT,1.0,7973149,10.71,171.44885532,724.0,0.00321672,2.62702678218376
3361,9626379,Spot Grid,1,BTCUSDT,1.0,13783264,8.86,55.85923948,493.0,0.01244843,2.6269822797191353
3362,9467650,Spot Grid,1,ETHBTC,1.0,17228829,5.71,16.24989834,286.0,0.00537718,2.6264327510828203
3363,9868081,Spot Grid,1,ETHUSDT,1.0,7048215,8.22,43.82758533,1946.0,0.01097523,2.6235128650191974
3364,9606632,Spot Grid,1,BTCEUR,1.0,14226868,7.05,82.57607008,529.0,0.00550383,2.6228643731122117
3365,9752310,Spot Grid,1,DOGEUSDT,1.0,10639967,11.79,11.09026743,532.0,0.01584706,2.62186485703605
3366,9915405,Spot Grid,1,ETHEUR,1.0,5053518,12.16,1699.51717078,950.0,0.01152419,2.6217397573174983
3367,9657219,Spot Grid,1,ETHUSDT,1.0,13130861,9.8,579.46753661,696.0,0.02204424,2.6206922775706984
3368,9003360,Spot Grid,1,SOLUSDC,1.0,26357885,1.93,11.83085936,395.0,0.0262488,2.6201735388833116
3369,9739213,Spot Grid,1,ETHFDUSD,1.0,11080415,11.54,28.60725126,79.0,0.00693865,2.6200950138753494
3370,10063826,Spot Grid,1,FETUSDT,1.0,1285215,23.63,131.91028695,302.0,0.03648067,2.6200877227130777
3371,8932623,Spot Grid,1,FFUSDT,1.0,27663725,1.46,112.83393114,2978.0,0.08443104,2.620072660298756
3372,9947464,Spot Grid,1,PEPEFDUSD,1.0,3922843,27.2,25.08880051,490.0,0.07072868,2.619885431582865
3373,9431976,Spot Grid,1,ADAUSDT,1.0,17733577,2.68,69.8029102,3126.0,0.05162883,2.6186118962100093
3374,9741699,Spot Grid,1,BTCUSDT,1.0,11007099,11.06,42.79476631,270.0,0.00818694,2.6182396214857664
3375,9411858,Spot Grid,1,ETHBTC,1.0,18201860,5.64,341.7758193,412.0,0.01392085,2.6157891202450023
3376,9711684,Spot Grid,1,ETHUSDT,1.0,11914881,14.42,11.54319419,338.0,0.03184432,2.6154680144246885
3377,9069888,Spot Grid,1,XRPUSDT,1.0,25171786,3.44,18.96229119,344.0,0.02862426,2.614587379205266
3378,9633432,Spot Grid,1,BTCUSDT,1.0,13612867,9.55,63.04154232,489.0,0.01594905,2.6145175367313174
3379,9735467,Spot Grid,1,BCHUSDT,1.0,11202301,9.82,491.41154932,2444.0,0.05072951,2.6134769784427117
3380,9769845,Spot Grid,1,BTCUSDT,1.0,10341067,11.01,31.50464356,410.0,0.00818026,2.613010539350175
3381,9724839,Spot Grid,1,ASTERUSDT,1.0,11536723,3.96,60.22194844,1725.0,0.00274115,2.6114680960555074
3382,9297881,Spot Grid,1,BNBETH,1.0,20626867,6.27,85.17115696,700.0,0.03268413,2.6114046287124273
3383,9534134,Spot Grid,1,BTCUSDT,1.0,15507644,6.57,20.15079218,329.0,0.004335,2.6095276790998407
3384,9627629,Spot Grid,1,SOLBNB,1.0,13749224,8.04,170.52519868,410.0,0.0074242,2.6076847085176587
3385,9697370,Spot Grid,1,XRPUSDT,1.0,12366340,13.67,28.71278102,371.0,0.03077299,2.6075810447716132
3386,9647848,Spot Grid,1,BNBBTC,1.0,13278175,11.69,146.6370197,114.0,0.01901466,2.607320292503476
3387,9260635,Spot Grid,1,BTCUSDT,1.0,21310034,4.18,14.05375014,384.0,0.01734176,2.6057687761129293
3388,9442530,Spot Grid,1,ETHBTC,1.0,17635955,5.34,52.68245334,474.0,0.01009158,2.605667562536279
3389,9534309,Spot Grid,1,BTCUSDT,1.0,15504478,6.55,26.77559571,330.0,0.00453191,2.602938157904061
3390,9622357,Spot Grid,1,BTCUSDT,1.0,13877952,9.07,19.88340323,59.0,0.00561004,2.602711093679103
3391,9692468,Spot Grid,1,ETHUSDT,1.0,12480792,10.67,21.35308471,150.0,0.01035325,2.6020490261525584
3392,9214622,Spot Grid,1,SOLUSDT,1.0,22325323,4.74,31.33185531,379.0,0.02487925,2.6020377716941954
3393,9242713,Spot Grid,1,BTCUSDC,1.0,21676710,1.48,822.45978689,391.0,0.00862545,2.601125423379404
3394,9091800,Spot Grid,1,SOLUSDT,1.0,24856635,6.34,18.58901166,52.0,0.03752822,2.600630578982615
3395,9259370,Spot Grid,1,ETHUSDT,1.0,21340778,4.72,155.55065123,109.0,0.01558628,2.5995830171028396
3396,9601430,Spot Grid,1,BTCUSDT,1.0,14311011,8.72,30.5408626,321.0,0.0113236,2.5982341805949507
3397,9624506,Spot Grid,1,BTCUSDT,1.0,13829349,7.55,331.8590468,519.0,0.00865463,2.596888676834912
3398,9839951,Spot Grid,1,BNBUSDT,1.0,8119925,14.84,22.26962978,316.0,0.01828593,2.59616438811143
3399,9801105,Spot Grid,1,BTCUSDC,1.0,9472472,10.9,352.59532022,418.0,0.0063778,2.595785962786792
3400,9218759,Spot Grid,1,BTCEUR,1.0,22233792,3.21,28.84377508,427.0,0.01740811,2.5948090143370077
3401,9821482,Spot Grid,1,BTCUSDT,1.0,8770813,7.66,68.07769157,1469.0,0.00651292,2.593482867860098
3402,10010242,Spot Grid,1,ENAUSDT,1.0,2507490,26.73,256.04884132,1488.0,0.08553955,2.5917416447468224
3403,9608959,Spot Grid,1,BTCUSDT,1.0,14186275,6.32,228.22511962,655.0,0.00600298,2.591673807526258
3404,9631775,Spot Grid,1,BTCUSDT,1.0,13658887,8.37,27.35468835,193.0,0.00419293,2.590845131090342
3405,9251495,Spot Grid,1,BTCUSDT,1.0,21494920,1.82,28.02807997,925.0,0.01738362,2.589614408711744
3406,9798413,Spot Grid,1,BTCUSDC,1.0,9558277,11.37,45.57275342,289.0,0.00530589,2.588379715503227
3407,9811281,Spot Grid,1,BCHUSDT,1.0,9132385,28.75,31.05206609,226.0,0.09719346,2.588302614991231
3408,9717315,Spot Grid,1,BTCUSDT,1.0,11762586,5.72,114.58597362,1494.0,0.00969266,2.5875142777650515
3409,9685296,Spot Grid,1,SOLBTC,1.0,12630601,11.76,279.16243989,234.0,0.02072047,2.5856488315217945
3410,9219492,Spot Grid,1,BTCUSDT,1.0,22215507,2.66,22.94589797,500.0,0.01621563,2.585312300399796
3411,9660032,Spot Grid,1,BTCU,1.0,13099682,7.33,26.05349173,858.0,0.01043835,2.5842618501732826
3412,9624167,Spot Grid,1,BTCJPY,1.0,13839234,6.26,12.67422175,846.0,0.00743544,2.5839105958388426
3413,9799814,Spot Grid,1,ETHBTC,1.0,9516989,8.06,69.40797043,1089.0,0.00431061,2.582230365086264
3414,9615660,Spot Grid,1,BTCUSDT,1.0,14035114,8.42,124.20692757,410.0,0.01152007,2.581979188754998
3415,9579174,Spot Grid,1,BTCUSDT,1.0,14706046,3.55,17.12591415,1259.0,0.00532304,2.57763408630814
3416,9754558,Spot Grid,1,WLDUSDT,1.0,10678037,31.35,313.56427741,1651.0,0.15005962,2.5776290759064824
3417,9162295,Spot Grid,1,BTCUSDT,1.0,23343790,2.3,12.41792815,415.0,0.01753458,2.577379630435718
3418,9188040,Spot Grid,1,BTCUSDT,1.0,22802178,2.88,23.54966174,190.0,0.0137239,2.576544804981233
3419,9567971,Spot Grid,1,BNBETH,1.0,14831755,9.97,137.76504417,440.0,0.02436514,2.575682802014325
3420,9061525,Spot Grid,1,BTCUSDT,1.0,25235572,1.2,15.52458306,295.0,0.01719454,2.5744908197386387
3421,9617166,Spot Grid,1,BTCUSDC,1.0,13986958,7.98,119.7779648,401.0,0.00906898,2.572621171463217
3422,9858262,Spot Grid,1,BTCUSDC,1.0,7471497,17.13,12.51377359,89.0,0.02414447,2.5724854954905485
3423,9254405,Spot Grid,1,BTCUSDT,1.0,21447989,3.03,21.90262512,285.0,0.0109578,2.5715611617553984
3424,9579375,Spot Grid,1,FILUSDT,1.0,14702479,17.67,53.03476523,485.0,0.06665327,2.571053378828434
3425,9726479,Spot Grid,1,ADAUSDT,1.0,11480323,5.43,16.29578064,3181.0,0.04275414,2.5708711327483575
3426,8731046,Spot Grid,1,WLDUSDT,1.0,30625925,4.5,27.02923601,1577.0,0.08564003,2.5704583251591764
3427,9548412,Spot Grid,1,BNBBTC,1.0,15201514,6.21,660.01449811,236.0,0.00405855,2.567721923927858
3428,9204344,Spot Grid,1,SOLBNB,1.0,22524810,4.1,43.28909837,350.0,0.02308988,2.5668729256449687
3429,9769353,Spot Grid,1,BNBUSDC,1.0,10351055,11.71,23.44493095,38.0,0.00606104,2.565226768835437
3430,9644869,Spot Grid,1,BTCUSDT,1.0,13329847,9.5,95.09141765,111.0,0.00866239,2.5639922840470724
3431,9617654,Spot Grid,1,BTCUSDT,1.0,13974441,7.98,79.81476006,311.0,0.0072531,2.5639744373877256
3432,9750558,Spot Grid,1,BNBUSDT,1.0,10764790,8.45,169.05600895,849.0,0.00797271,2.5633279224616152
3433,9987192,Spot Grid,1,AAVEUSDT,1.0,3162899,31.48,91.59978785,124.0,0.08579868,2.562684003259311
3434,9601592,Spot Grid,1,BTCUSDT,1.0,14309078,7.8,23.41663225,264.0,0.00651689,2.561413900437799
3435,9226120,Spot Grid,1,ETHUSDT,1.0,22066720,3.45,17.59572521,366.0,0.0180104,2.5611605691401467
3436,9645223,Spot Grid,1,BTCUSDT,1.0,13320719,8.3,415.41406456,387.0,0.00976136,2.558557828182277
3437,9284569,Spot Grid,1,DOGEUSDT,1.0,20843919,6.01,22.07889329,656.0,0.03306526,2.558333945901947
3438,9995619,Spot Grid,1,CHIPUSDT,1.0,2890601,24.47,244.75454536,169.0,0.04821706,2.55757881893857
3439,9253180,Spot Grid,1,BTCUSDC,1.0,21468814,4.48,73.16936332,299.0,0.02010841,2.5574551197479636
3440,9635380,Spot Grid,1,BTCUSDT,1.0,13560662,6.11,122.20688333,727.0,0.00454529,2.557123455195709
3441,8682794,Spot Grid,1,ICPUSDT,1.0,31032996,4.29,648.55712139,1242.0,0.08291718,2.556079494036614
3442,9603113,Spot Grid,1,XRPUSDT,1.0,14294984,12.05,24.18544487,553.0,0.03605828,2.555811547096376
3443,9661162,Spot Grid,1,BTCUSDT,1.0,13087297,4.37,358.33032759,1470.0,0.00999386,2.555627039014816
3444,9841286,Spot Grid,1,ONDOUSDT,1.0,8082462,25.44,91.84801226,573.0,0.0835589,2.5556045108720333
3445,9486388,Spot Grid,1,DOGEUSDT,1.0,16772025,10.15,50.76314575,1011.0,0.04612319,2.5546233869754813
3446,9390036,Spot Grid,1,ETHBTC,1.0,18641403,3.63,588.57930997,482.0,0.01004629,2.553643072041874
3447,9941567,Spot Grid,1,BTCUSDT,1.0,4020515,17.37,225.93329299,323.0,0.01754224,2.5528777838940755
3448,9625286,Spot Grid,1,DOGEUSDT,1.0,11650314,8.16,12.24086684,1711.0,0.02805475,2.5520532386633246
3449,9070960,Spot Grid,1,ETHUSDT,1.0,25094365,2.14,78.09477527,254.0,0.02214288,2.550753159536405
3450,9602104,Spot Grid,1,BTCFDUSD,1.0,14304700,7.96,202.19300333,501.0,0.01373609,2.550741795173351
3451,9619764,Spot Grid,1,BTCFDUSD,1.0,13932390,6.59,28.37740622,506.0,0.00389662,2.5498082698747675
3452,9196348,Spot Grid,1,SOLETH,1.0,22685380,5.59,16.08443829,309.0,0.03165174,2.5487283262601794
3453,9646980,Spot Grid,1,DOTUSDT,1.0,13291579,13.03,41.896517,1117.0,0.04946202,2.548190612057547
3454,9142645,Spot Grid,1,BTCUSDT,1.0,23648095,1.38,11.38419054,491.0,0.01659253,2.5477697777438477
3455,9297887,Spot Grid,1,BNBETH,1.0,20626817,4.51,50.92001665,701.0,0.02548382,2.5470061177766827
3456,9743112,Spot Grid,1,ETHUSDT,1.0,10965499,14.62,12.24216284,317.0,0.03120762,2.546558803716411
3457,9583671,Spot Grid,1,BTCUSDT,1.0,14638788,5.53,55.37023251,689.0,0.00526016,2.5464650100529607
3458,9595395,Spot Grid,1,BTCUSDC,1.0,14407410,7.97,22.99624519,80.0,0.00460091,2.5457674050703756
3459,9217093,Spot Grid,1,BTCEUR,1.0,22264877,3.89,21.74319905,73.0,0.01571865,2.5454500239977342
3460,9226436,Spot Grid,1,BTCUSDC,1.0,22058972,1.39,222.61621709,799.0,0.01755842,2.5452482667258214
3461,9121645,Spot Grid,1,BTCUSDT,1.0,24069639,2.0,140.40248188,262.0,0.01779017,2.5431835608844846
3462,9606238,Spot Grid,1,BTCUSDT,1.0,14235029,7.37,33.32516746,552.0,0.01077682,2.541858640118103
3463,9559633,Spot Grid,1,1MBABYDOGEUSDT,1.0,14984617,7.28,47.16538108,690.0,0.01649079,2.5415735293317443
3464,9880205,Spot Grid,1,ETHUSDC,1.0,6519452,13.08,30.61660024,843.0,0.01522501,2.540907979180107
3465,9302452,Spot Grid,1,BNBBTC,1.0,20534182,2.65,24.37442607,667.0,0.01432691,2.540188308411247
3466,9830496,Spot Grid,1,BTCUSDT,1.0,8422231,11.93,71.62345676,470.0,0.0094272,2.539844405670253
3467,9156997,Spot Grid,1,BTCUSDT,1.0,23450280,1.49,14.99481328,545.0,0.01783945,2.5395669249534367
3468,9741516,Spot Grid,1,NIGHTUSDT,1.0,11010572,21.19,104.94729192,474.0,0.07143596,2.539520057993947
3469,9667836,Spot Grid,1,BTCFDUSD,1.0,12962184,7.91,158.36013611,423.0,0.00631642,2.539081129380103
3470,9284560,Spot Grid,1,ADAUSDC,1.0,20844088,6.3,324.45910762,1139.0,0.04733244,2.535791263261389
3471,9468839,Spot Grid,1,ADAUSDT,1.0,17198630,13.94,13.94088197,226.0,0.05267327,2.535119706057496
3472,9106051,Spot Grid,1,ETHFDUSD,1.0,24461805,0.79,23.70599113,792.0,0.02382879,2.533949049294017
3473,9816568,Spot Grid,1,BNBUSDT,1.0,8952616,12.37,61.89035013,647.0,0.01808069,2.53278248830129
3474,10012756,Spot Grid,1,SUIUSDT,1.0,2445683,20.98,41.09460468,31.0,0.02424537,2.532771866913483
3475,9344518,Spot Grid,1,ADAUSDC,1.0,19619741,4.38,13.16050614,2581.0,0.06063044,2.5325244681028756
3476,8870758,Spot Grid,1,AAVEUSDC,1.0,28580158,4.43,19.52297225,737.0,0.06023461,2.5322885634017385
3477,9609257,Spot Grid,1,BTCUSDT,1.0,14179688,6.1,15.80207857,822.0,0.00965914,2.5307373527756662
3478,9122561,Spot Grid,1,BTCUSDT,1.0,24051585,2.17,65.10383171,318.0,0.0199464,2.5305972663212137
3479,9218130,Spot Grid,1,BTCUSDT,1.0,22247228,2.55,16.63351801,481.0,0.01752291,2.530335856235903
3480,9256882,Spot Grid,1,ETHUSDT,1.0,21393782,2.65,33.65630034,414.0,0.01311201,2.5298388495734385
3481,10036291,Spot Grid,1,FETUSDT,1.0,1730091,30.19,161.7899012,37.0,0.07247084,2.5294188918723397
3482,9662909,Spot Grid,1,BTCUSDT,1.0,13054290,4.4,62.06035323,1469.0,0.00953479,2.529168940039616
3483,9951307,Spot Grid,1,DOGEFDUSD,1.0,3865924,12.61,4890.87011266,2274.0,0.05711041,2.5277449669575973
3484,9944829,Spot Grid,1,BTCUSDT,1.0,3959368,9.39,6000.97738149,623.0,0.01067007,2.5276685321172163
3485,9743089,Spot Grid,1,BTCUSDT,1.0,10966470,8.54,85.42618434,648.0,0.00609741,2.5271579648789526
3486,9868282,Spot Grid,1,BNBUSDT,1.0,7043817,12.41,124.11869593,338.0,0.00417258,2.526561897710442
3487,9035871,Spot Grid,1,SOLUSDC,1.0,25703483,2.11,23.08540553,323.0,0.02675395,2.525990654952827
3488,9265985,Spot Grid,1,BNBUSDT,1.0,21213609,4.36,98.51061224,126.0,0.01623661,2.522457754966129
3489,9998564,Spot Grid,1,XVGUSDT,1.0,2781107,21.87,26.25545644,93.0,0.03220136,2.5224092589244185
3490,9904777,Spot Grid,1,ZECUSDT,1.0,5504590,38.58,78.25303462,274.0,0.13938883,2.5223379610804715
3491,9667607,Spot Grid,1,BTCUSDT,1.0,12968673,4.57,24.73059803,1377.0,0.008245,2.5220906634893727
3492,9483747,Spot Grid,1,BNBBTC,1.0,16825623,2.95,12.4462605,785.0,0.00336826,2.5198479127227733
3493,9712836,Spot Grid,1,BTCFDUSD,1.0,11881319,4.57,88.13380175,1759.0,0.0120958,2.5198327008263
3494,9891046,Spot Grid,1,SHIBUSDT,1.0,6099354,12.17,40.44880851,1837.0,0.03041979,2.5187551130567463
3495,9607332,Spot Grid,1,BTCUSDT,1.0,14215946,8.16,816.18315115,558.0,0.02013638,2.517838803641881
3496,9876787,Spot Grid,1,ETHUSDT,1.0,6622137,8.2,44.29998473,1707.0,0.0082809,2.5166888309596787
3497,9238186,Spot Grid,1,BTCJPY,1.0,21787850,3.4,32.27853461,312.0,0.0172773,2.5163561849042586
3498,9932369,Spot Grid,1,ZECUSDT,1.0,4461739,21.23,270.21308191,489.0,0.0458086,2.515119962311639
3499,9286962,Spot Grid,1,BNBBTC,1.0,20808820,4.04,198.33291557,606.0,0.02373704,2.514661238951744
3500,9462138,Spot Grid,1,XRPUSDT,1.0,17339541,7.71,18.69854889,412.0,0.02397508,2.514364269561092
3501,9926871,Spot Grid,1,BTCUSDT,1.0,4699335,15.38,170.1109632,238.0,0.00902818,2.5140367174785645
3502,9204100,Spot Grid,1,DOGEUSDT,1.0,21293453,7.48,14.96339751,835.0,0.04856286,2.5139947089274934
3503,9611501,Spot Grid,1,BTCUSDC,1.0,14130843,6.86,16.32952864,847.0,0.01483394,2.5134876695502033
3504,9868948,Spot Grid,1,LTCETH,1.0,7021403,13.61,13.68567385,395.0,0.0118885,2.5114570691887432
3505,10036600,Spot Grid,1,WLDUSDC,1.0,1718335,28.1,502.28243594,97.0,0.06480031,2.5095813329958934
3506,9271236,Spot Grid,1,BNBUSDT,1.0,21107754,1.53,113.05137371,470.0,0.00817582,2.509358760883974
3507,9860833,Spot Grid,1,BTCJPY,1.0,7363492,9.97,31.55079135,903.0,0.00435881,2.50925810117433
3508,9732168,Spot Grid,1,BTCUSDT,1.0,11308996,6.05,89.00895132,1168.0,0.00567886,2.5091384075187095
3509,9901274,Spot Grid,1,BNBUSDT,1.0,5669410,15.2,114.0399174,229.0,0.01192294,2.508760391960044
3510,9954568,Spot Grid,1,XRPUSDT,1.0,3823797,10.65,63.929724,2517.0,0.02728816,2.508644890793427
3511,9004912,Spot Grid,1,BTCFDUSD,1.0,26325133,0.54,11.5300917,237.0,0.01966727,2.5078943289255378
3512,8690178,Spot Grid,1,INJUSDC,1.0,30987791,2.35,11.76388484,330.0,0.05150508,2.5070787184774947
3513,9747983,Spot Grid,1,BTCUSDT,1.0,10834152,10.02,54.15015903,325.0,0.00745992,2.5066579546585
3514,9222151,Spot Grid,1,BTCUSDT,1.0,22155907,1.65,16.52804321,500.0,0.01372144,2.502631857022745
3515,9619049,Spot Grid,1,BTCUSDT,1.0,13944611,7.55,37.66293257,322.0,0.00733375,2.5006003654058704
3516,9667650,Spot Grid,1,ETHBTC,1.0,12967668,8.28,25.32808693,264.0,0.00594726,2.498480446647329
3517,9443552,Spot Grid,1,BTTCUSDT,1.0,17612672,16.6,25.24849112,60.0,0.06703855,2.497962146795466
3518,9610542,Spot Grid,1,BTCUSDT,1.0,14148659,7.09,21.27512068,327.0,0.00584677,2.497197960128149
3519,9027219,Spot Grid,1,BTCUSDC,1.0,25855712,0.2,20.06169025,371.0,0.01915176,2.4961228331040104
3520,9068611,Spot Grid,1,ETHUSDT,1.0,25182737,2.2,22.06670062,244.0,0.02458389,2.495116747518351
3521,9801808,Spot Grid,1,BTCUSDC,1.0,9454156,10.18,330.52297082,418.0,0.00632144,2.4943120781540857
3522,9223587,Spot Grid,1,BTCUSDT,1.0,22125715,2.34,117.01855296,442.0,0.01702739,2.4934380389164494
3523,9130603,Spot Grid,1,SOLUSDT,1.0,23842311,3.36,13.47585493,237.0,0.02509749,2.492937716757154
3524,9658860,Spot Grid,1,BTCUSDT,1.0,13110826,7.4,73.94725943,356.0,0.00420139,2.4919693899922173
3525,9818595,Spot Grid,1,BNBUSDT,1.0,8862910,14.47,14.47919299,54.0,0.01811217,2.490142097222877
3526,9774646,Spot Grid,1,BNBUSDT,1.0,10231352,9.66,96.60283189,439.0,0.00625121,2.4890335044095493
3527,8943054,Spot Grid,1,BTCUSDT,1.0,27494048,0.11,102.70258434,118.0,0.02102957,2.4887813997135413
3528,9800624,Spot Grid,1,BTCUSDT,1.0,9486704,12.14,121.56844114,77.0,0.0091596,2.4877868214886676
3529,9601270,Spot Grid,1,BTCFDUSD,1.0,14312410,7.71,37.00883613,23.0,0.00402178,2.4864191508042564
3530,9900977,Spot Grid,1,LINKUSDT,1.0,5680700,19.8,99.04115801,471.0,0.04311507,2.485671927348859
3531,9624239,Spot Grid,1,BTCUSDT,1.0,13836982,7.58,15.47879701,328.0,0.00768035,2.48492388473795
3532,9295110,Spot Grid,1,LTCETH,1.0,20687440,10.31,33.6677088,481.0,0.0552391,2.484793128087772
3533,9765144,Spot Grid,1,BTCUSDT,1.0,10451554,10.13,111.90520399,91.0,0.00270378,2.4834765135453423
3534,9602522,Spot Grid,1,BTCUSDT,1.0,14300715,7.42,246.39492584,287.0,0.00917307,2.4832824965729063
3535,9917776,Spot Grid,1,BTCUSDT,1.0,4965110,13.83,124.55838242,482.0,0.00789207,2.4821141739167545
3536,9445752,Spot Grid,1,XRPUSDT,1.0,17570397,7.39,38.35258367,984.0,0.03673906,2.4813648916325732
3537,9659184,Spot Grid,1,BTCUSDT,1.0,13107992,4.0,104.20575018,1476.0,0.00988984,2.4806273517023985
3538,9635431,Spot Grid,1,BTCUSDT,1.0,13559516,8.06,806.23398953,333.0,0.01350114,2.479757942601903
3539,8989062,Spot Grid,1,ETHUSDT,1.0,26621748,1.16,86.89489534,352.0,0.02830129,2.479200473487978
3540,9584676,Spot Grid,1,SOLBNB,1.0,14616219,9.2,364.56275119,843.0,0.03283249,2.4783385291719013
3541,9983155,Spot Grid,1,PUMPUSDT,1.0,3275051,25.8,258.0950026,309.0,0.06336408,2.4780418311803873
3542,9685580,Spot Grid,1,BNBUSDT,1.0,12623385,10.98,42.85534641,383.0,0.02273133,2.4767681456413966
3543,9926113,Spot Grid,1,TWTUSDT,1.0,4722868,15.71,116.7771594,399.0,0.0155727,2.476541611570286
3544,9648678,Spot Grid,1,BTCUSDT,1.0,13266132,5.25,193.93330697,1050.0,0.00907242,2.475214162953978
3545,9736969,Spot Grid,1,BTCUSDC,1.0,11153111,8.4,420.31724919,522.0,0.00728263,2.4749465384937674
3546,9950925,Spot Grid,1,ETHUSDT,1.0,3869120,5.44,108.95939965,2690.0,0.00422237,2.474769773421831
3547,9883472,Spot Grid,1,BTCUSDT,1.0,6390360,13.68,149.02281239,269.0,0.0091309,2.47344979191056
3548,8991533,Spot Grid,1,BNBUSDT,1.0,26571435,2.45,12.26413079,107.0,0.02981313,2.4733580115163307
3549,9659787,Spot Grid,1,BTCUSDT,1.0,13102284,4.0,35.21477174,1476.0,0.00983897,2.4724524821041616
3550,9219536,Spot Grid,1,BTCFDUSD,1.0,22214368,1.81,18.11929552,661.0,0.01949175,2.471999878125246
3551,9762932,Spot Grid,1,ETHBTC,1.0,10497584,11.81,305.18613517,163.0,0.01508056,2.471803661554601
3552,9300969,Spot Grid,1,ZENUSDT,1.0,20569279,12.83,1057.07017818,3759.0,0.14367992,2.4713785911457524
3553,9822589,Spot Grid,1,BTCUSDT,1.0,8728640,4.57,107.5128013,2121.0,0.00833711,2.4710542216168228
3554,9848480,Spot Grid,1,BTCUSDT,1.0,7856838,11.14,92.54311059,286.0,0.00167282,2.4708517832248376
3555,8945264,Spot Grid,1,BNBUSDT,1.0,21293629,4.91,24.5890572,62.0,0.01993469,2.4706619902277174
3556,10016141,Spot Grid,1,AAVEUSDT,1.0,2347403,21.82,626.7522501,430.0,0.0424199,2.4694315021275264
3557,9477296,Spot Grid,1,TRXUSDT,1.0,16968442,3.36,18.12570067,694.0,0.00635892,2.4692432681732415
3558,9183354,Spot Grid,1,BTCUSDC,1.0,22857015,1.14,13.73432398,606.0,0.01754456,2.4680524838027478
3559,9645836,Spot Grid,1,BTCUSDT,1.0,13309077,4.73,23.66880155,1163.0,0.00823849,2.467418637926523
3560,9685228,Spot Grid,1,SOLBNB,1.0,12632129,6.79,571.8738175,640.0,0.00839124,2.466949310611958
3561,9737480,Spot Grid,1,BTCUSDC,1.0,11132802,9.11,106.60413871,605.0,0.011586,2.465932879248588
3562,9159696,Spot Grid,1,BTCUSDT,1.0,23396039,0.29,21.99552848,422.0,0.01145303,2.4654023732230455
3563,9858954,Spot Grid,1,SOLUSDT,1.0,7442526,9.53,156.39366028,1073.0,0.00829816,2.465173154008705
3564,9732241,Spot Grid,1,BNBBTC,1.0,11306957,4.41,75.99883622,1720.0,0.01011728,2.464067726290068
3565,9596661,Spot Grid,1,GPSUSDT,1.0,14387969,6.84,67.5763279,306.0,0.00673498,2.461356337491437
3566,9650329,Spot Grid,1,BTCUSDT,1.0,13242115,4.88,34.09109502,1078.0,0.00728925,2.4609235776107017
3567,9711948,Spot Grid,1,BTCUSDT,1.0,11904998,4.18,211.11451235,1401.0,0.005544,2.459504851842041
3568,9831556,Spot Grid,1,BTCUSDT,1.0,8388535,11.82,120.14586644,182.0,0.00609744,2.4586794606794906
3569,9681876,Spot Grid,1,BTCFDUSD,1.0,12692823,6.64,19.91160001,862.0,0.01003218,2.4583804851471505
3570,9589993,Spot Grid,1,BTCUSDT,1.0,14500946,7.12,58.30720404,96.0,0.00438489,2.4582356608916043
3571,9647902,Spot Grid,1,BTCEUR,1.0,13277221,6.93,77.44749028,350.0,0.00363811,2.4569515933308352
3572,9738599,Spot Grid,1,XRPUSDT,1.0,11100007,8.01,136.28630112,1304.0,0.02077097,2.4558881539389263
3573,9462090,Spot Grid,1,ETHBTC,1.0,17340433,4.31,13.01613791,354.0,0.00650035,2.4549988330600674
3574,9240044,Spot Grid,1,BTCUSDT,1.0,21435650,5.39,334.66633121,29.0,0.02469949,2.4548670056894455
3575,9630052,Spot Grid,1,AVAXUSDC,1.0,13699440,13.35,34.36036928,1218.0,0.05880477,2.4548253979192527
3576,10010833,Spot Grid,1,FILUSDT,1.0,2493257,22.1,147.68063617,512.0,0.0444368,2.4547408670157913
3577,9260834,Spot Grid,1,BTCUSDC,1.0,21306086,4.41,23.9874674,200.0,0.02083125,2.4541553521886796
3578,9708528,Spot Grid,1,BTCUSDT,1.0,12025851,4.53,110.82417777,1254.0,0.00456597,2.4541302823471054
3579,9238788,Spot Grid,1,SOLFDUSD,1.0,21773147,4.83,14.48442721,123.0,0.02350425,2.4527607024224185
3580,9800289,Spot Grid,1,BTCUSDT,1.0,9499644,7.45,28.42388416,1155.0,0.00734179,2.451320188538573
3581,9806197,Spot Grid,1,DOGEUSDT,1.0,9304779,14.83,29.67747076,686.0,0.03702164,2.4502794219223842
3582,9784677,Spot Grid,1,IOUSDT,1.0,9923594,21.2,21.20788997,129.0,0.0627021,2.4501959799996786
3583,9598134,Spot Grid,1,BNBBTC,1.0,14360494,8.51,127.24365861,206.0,0.0144104,2.4498389537000147
3584,9670142,Spot Grid,1,ETHUSDT,1.0,12916405,8.81,99.46706493,183.0,0.00927259,2.449271620590852
3585,9168200,Spot Grid,1,BTCUSDT,1.0,23206220,1.74,17.12879385,357.0,0.01786079,2.4483666795084478
3586,9734532,Spot Grid,1,ADAFDUSD,1.0,11231012,10.33,96.83956457,537.0,0.0179623,2.4467889658150854
3587,9752703,Spot Grid,1,BTCUSDT,1.0,10722363,8.04,205.78613463,741.0,0.00814879,2.446378314549081
3588,9636965,Spot Grid,1,BTCUSDT,1.0,13525594,5.65,79.77606548,716.0,0.00588984,2.446012011289008
3589,9252983,Spot Grid,1,BTCFDUSD,1.0,21470562,2.52,61.24715969,607.0,0.02047479,2.44218030315225
3590,9650074,Spot Grid,1,BTCUSDT,1.0,13247387,7.58,53.12320159,172.0,0.00377008,2.442176885019219
3591,9192905,Spot Grid,1,SOLETH,1.0,22745494,4.58,16.82577662,157.0,0.02748487,2.4412834016396943
3592,9697187,Spot Grid,1,BNBUSDT,1.0,12371591,8.29,83.25978597,352.0,0.00792711,2.440883976511544
3593,9699215,Spot Grid,1,BTCUSDT,1.0,12319775,4.98,996.99171257,899.0,0.00587475,2.4406091245929327
3594,9103761,Spot Grid,1,BTCUSDT,1.0,24463166,0.89,23.95069455,346.0,0.01870079,2.4404900022308076
3595,9897703,Spot Grid,1,DOGEUSDT,1.0,5832610,16.14,33.1715965,355.0,0.02276112,2.440379867329953
3596,9774335,Spot Grid,1,BTCUSDC,1.0,10237735,9.11,48.7663278,362.0,0.00337124,2.4397924350439286
3597,9982161,Spot Grid,1,LTCUSDT,1.0,3299028,22.39,120.97869222,221.0,0.04379939,2.439173270074604
3598,8541020,Spot Grid,1,PUMPUSDT,1.0,32746717,8.11,16.72375718,64.0,0.08775033,2.4371894756513632
3599,9111429,Spot Grid,1,BTCUSDT,1.0,24321120,1.92,19.42113316,132.0,0.01932355,2.4369006214787814
3600,9222782,Spot Grid,1,PEPEUSDC,1.0,22143674,6.03,13.90098116,1866.0,0.06917508,2.43667583382183
3601,9620521,Spot Grid,1,BTCUSDC,1.0,13916578,6.16,308.20511882,624.0,0.00996656,2.4363988921691933
3602,10014815,Spot Grid,1,FETUSDT,1.0,2384578,21.36,225.50620052,122.0,0.03282969,2.4358646327597913
3603,9486631,Spot Grid,1,DOGEUSDT,1.0,16766460,11.25,98.9691145,154.0,0.03906377,2.4344099406394584
3604,9800414,Spot Grid,1,BTCUSDT,1.0,9494745,9.32,55.92011381,626.0,0.00722727,2.433306631178409
3605,9425239,Spot Grid,1,DOGEUSDT,1.0,17921810,4.45,12.12643917,2082.0,0.04718193,2.433205818482448
3606,9643598,Spot Grid,1,BTCUSDT,1.0,13357235,6.88,88.67057565,304.0,0.00375216,2.43302116372508
3607,9099201,Spot Grid,1,BTCUSDT,1.0,24666078,0.99,18.99670428,389.0,0.02130915,2.4327851842998944
3608,9641097,Spot Grid,1,BTCUSDC,1.0,13418282,5.01,25.09036517,780.0,0.00355609,2.432204657478907
3609,9945482,Spot Grid,1,DOGEUSDT,1.0,3951175,11.74,202.76504308,1057.0,0.0067058,2.4318733051767065
3610,9190395,Spot Grid,1,BNBUSDT,1.0,22770946,0.99,247.97699487,548.0,0.01779071,2.431767586574249
3611,9602177,Spot Grid,1,BTCUSDT,1.0,14304013,6.25,27.14374196,550.0,0.00946186,2.4274921142061463
3612,9262264,Spot Grid,1,BNBUSD1,1.0,21289444,3.95,11.08098026,289.0,0.02113171,2.427456493821864
3613,9764473,Spot Grid,1,BTCUSDC,1.0,10454157,9.12,547.59698933,132.0,0.00255096,2.4273288047542767
3614,9625046,Spot Grid,1,BTCUSDT,1.0,13814752,4.29,31.43487658,977.0,0.00570917,2.4272757507331413
3615,9462908,Spot Grid,1,XRPUSDT,1.0,17328243,4.15,73.0910288,1058.0,0.02190843,2.4268097643892013
3616,9653165,Spot Grid,1,BTCUSDT,1.0,13190898,8.64,86.48681098,132.0,0.00935376,2.4247743791970024
3617,9750598,Spot Grid,1,BNBUSDC,1.0,10763864,8.6,38.74317383,464.0,0.00553976,2.4247532877961726
3618,9331458,Spot Grid,1,XRPFDUSD,1.0,19940414,5.28,34.29218165,122.0,0.01934509,2.4245848804146224
3619,9008485,Spot Grid,1,LINKUSDC,1.0,26243162,1.57,54.28646854,1700.0,0.05948146,2.424361148061819
3620,9629236,Spot Grid,1,BTCUSDC,1.0,13713774,5.24,31.39349746,741.0,0.00560266,2.42429988244427
3621,9904567,Spot Grid,1,1INCHUSDT,1.0,5514444,16.6,366.02632328,812.0,0.03595158,2.424134726961676
3622,9061001,Spot Grid,1,ETHUSDC,1.0,25246861,1.66,19.997832,115.0,0.02207948,2.4225016886802218
3623,9958617,Spot Grid,1,LDOUSDT,1.0,3779539,25.56,38.34236836,167.0,0.06231185,2.422292112224514
3624,9204370,Spot Grid,1,BTCUSDT,1.0,22224559,2.18,19.14976286,267.0,0.01522729,2.42226079652322
3625,9957599,Spot Grid,1,SPKUSDC,1.0,3792323,20.0,109.53456616,110.0,0.03121385,2.41944276892501
3626,9819002,Spot Grid,1,BTCUSDT,1.0,8853639,7.01,140.33375996,1251.0,0.00619968,2.4159511868048478
3627,9843987,Spot Grid,1,BNBUSDT,1.0,8000903,12.32,30.81369992,23.0,0.00508251,2.415627167952332
3628,9600440,Spot Grid,1,BTCUSDT,1.0,14322807,7.24,18.55631506,97.0,0.00580903,2.415606593732251
3629,9944301,Spot Grid,1,BTCUSDT,1.0,3973908,9.04,106.51533016,1666.0,0.00514006,2.413867048307855
3630,9997100,Spot Grid,1,DOGEUSDT,1.0,2826806,9.81,19.634288,2081.0,0.012817,2.4130432345005963
3631,9709536,Spot Grid,1,FLOKIUSDT,1.0,11988996,13.8,13.77827104,690.0,0.04438155,2.412439627124276
3632,9658711,Spot Grid,1,BTCUSDC,1.0,13111990,4.2,513.83694446,1034.0,0.00650852,2.4121130121834304
3633,9121906,Spot Grid,1,SOLUSDT,1.0,24064751,1.97,11.79380361,359.0,0.02428488,2.411501933071962
3634,9722721,Spot Grid,1,SHIBUSDT,1.0,11603206,15.28,21.1510544,199.0,0.04052148,2.4114457141203722
3635,9652926,Spot Grid,1,BTCUSDT,1.0,13195004,4.31,21.5920658,1117.0,0.00671955,2.4113732612737198
3636,9118169,Spot Grid,1,BTCUSDC,1.0,24161184,2.34,23.39192143,177.0,0.02295593,2.410880625142456
3637,9465576,Spot Grid,1,BNBBTC,1.0,17272364,3.89,11.87136995,1177.0,0.02309535,2.410731407899118
3638,9838702,Spot Grid,1,BNBUSDT,1.0,8160772,10.67,64.05557599,467.0,0.00652509,2.4100464178801873
3639,9216089,Spot Grid,1,BTCUSDT,1.0,22286912,1.58,79.48881011,446.0,0.01680624,2.4098496669435683
3640,9589987,Spot Grid,1,DOGEUSDT,1.0,14501048,15.72,24.52449467,82.0,0.05293707,2.4094881726616286
3641,9883137,Spot Grid,1,SNXUSDT,1.0,6404609,23.88,71.64791456,437.0,0.07081315,2.407594275537498
3642,9501737,Spot Grid,1,TRXUSDT,1.0,16343223,5.54,27.70979139,139.0,0.00640395,2.40748769736736
3643,9640524,Spot Grid,1,BTCUSDT,1.0,13431315,6.64,66.46475195,390.0,0.00560172,2.4046133233334333
3644,9794100,Spot Grid,1,BTCUSDT,1.0,9647444,8.89,272.81332544,415.0,0.00341173,2.4025925020389267
3645,9685356,Spot Grid,1,SOLBNB,1.0,12629218,7.51,665.45847965,302.0,0.00825861,2.4019815485343416
3646,9250563,Spot Grid,1,SOLUSDT,1.0,21475874,3.82,31.07979915,47.0,0.01725459,2.4012002686224903
3647,9253022,Spot Grid,1,BTCUSDT,1.0,21470195,2.26,43.77117338,658.0,0.02169339,2.4010026462825076
3648,9744592,Spot Grid,1,BNBUSDT,1.0,10923811,7.6,56.21619783,1014.0,0.01343275,2.4009632125766838
3649,9629228,Spot Grid,1,BTCUSDT,1.0,13713863,5.1,30.61352301,735.0,0.00568492,2.399925558514329
3650,9175630,Spot Grid,1,BTCUSDT,1.0,23026018,2.13,10.66877882,200.0,0.01782616,2.399660557892895
3651,9475511,Spot Grid,1,ETHBTC,1.0,17012957,3.51,27.33588779,1030.0,0.01732894,2.399463360422739
3652,9611568,Spot Grid,1,BTCUSDT,1.0,14129591,7.0,29.69724145,368.0,0.0101705,2.397931517350226
3653,9637477,Spot Grid,1,BTCUSDC,1.0,13515478,9.18,11.57871614,109.0,0.01390298,2.397923339267671
3654,9286793,Spot Grid,1,DOGEUSDT,1.0,20811953,2.73,21.52131744,859.0,0.02571724,2.397832725578914
3655,9620842,Spot Grid,1,BTCUSDT,1.0,13910627,6.66,12.80819226,405.0,0.00808228,2.3976211548244657
3656,9942397,Spot Grid,1,ETHUSDT,1.0,4012160,14.81,88.86804052,295.0,0.00847857,2.396545816822419
3657,9100150,Spot Grid,1,BTCUSDC,1.0,24635453,0.65,27.54702081,188.0,0.01664433,2.394558554233618
3658,9701182,Spot Grid,1,BTCUSDT,1.0,12263586,6.22,622.69864042,789.0,0.01007538,2.3931269958619557
3659,9943846,Spot Grid,1,ETHUSDT,1.0,3985879,13.6,34.0023122,492.0,0.00582237,2.3917627155517214
3660,9792806,Spot Grid,1,ETHBTC,1.0,9675108,10.7,1167.43499392,195.0,0.013823,2.39160318134685
3661,9367479,Spot Grid,1,ETHBTC,1.0,19098014,4.65,150.28442524,323.0,0.01848255,2.391298207075313
3662,9645790,Spot Grid,1,BTCUSDT,1.0,13309228,5.37,16.15937837,757.0,0.00617091,2.3912877576722913
3663,9826982,Spot Grid,1,ETHBTC,1.0,8564940,11.41,1410.65299303,223.0,0.01487424,2.3899096967893447
3664,9892796,Spot Grid,1,ETHUSDT,1.0,6032543,13.32,134.56283514,435.0,0.0124378,2.3895748822725515
3665,9699430,Spot Grid,1,TAOUSDT,1.0,12317842,14.04,33.34851473,269.0,0.03928167,2.3878523668605705
3666,9962795,Spot Grid,1,XRPFDUSD,1.0,3697910,1.96,75.19574104,4181.0,0.01932814,2.387370464001154
3667,9253767,Spot Grid,1,LTCUSDT,1.0,21460466,3.25,5196.51343983,852.0,0.05824326,2.386829556919638
3668,9930687,Spot Grid,1,SOLUSDC,1.0,4541137,14.35,43.07455699,324.0,0.00900252,2.386534385071931
3669,9297756,Spot Grid,1,SOLETH,1.0,20628835,3.35,69.88071431,395.0,0.01928859,2.3846533988882874
3670,9462408,Spot Grid,1,ETHBTC,1.0,17335420,3.47,35.3415762,658.0,0.01127944,2.3840197443394406
3671,9973333,Spot Grid,1,SOLUSDT,1.0,3507083,10.11,125.40027026,1557.0,0.00810144,2.381244764876236
3672,9971803,Spot Grid,1,SEIUSDT,1.0,3535930,21.59,159.40663426,177.0,0.04204696,2.380758353311655
3673,9650724,Spot Grid,1,ETHBTC,1.0,13233198,3.39,93.26779922,984.0,0.00065335,2.3802378719703428
3674,9977665,Spot Grid,1,BOMEUSDT,1.0,3384306,12.26,12.26187142,2236.0,0.0332047,2.3792953033265207
3675,9848940,Spot Grid,1,BNBUSDT,1.0,7835414,10.71,87.08657419,746.0,0.0126402,2.3785338638228843
3676,9707441,Spot Grid,1,BTCUSDT,1.0,12056501,8.62,18.2138068,236.0,0.00812217,2.3780238842721686
3677,9309471,Spot Grid,1,BNBBTC,1.0,20379165,2.59,145.10360811,442.0,0.01583323,2.374949558185688
3678,9906480,Spot Grid,1,ZECUSDT,1.0,5416132,36.01,72.02001203,271.0,0.13078253,2.3746523760010922
3679,9562188,Spot Grid,1,BTCFDUSD,1.0,14932326,4.25,217.6734576,448.0,0.00219327,2.373493324200454
3680,9638019,Spot Grid,1,BTCUSDC,1.0,13502936,6.69,100.43074281,833.0,0.01698626,2.373305596533047
3681,10036190,Spot Grid,1,ZILUSDT,1.0,1733359,17.34,17.34871002,78.0,0.00864988,2.3710092978635626
3682,9813753,Spot Grid,1,DOGEUSDT,1.0,9041964,14.89,11.91603802,287.0,0.03093245,2.369638262301207
3683,9259713,Spot Grid,1,BTCUSDT,1.0,21330424,2.09,47.40969266,519.0,0.01850575,2.369574958495102
3684,9747398,Spot Grid,1,AVAXUSDT,1.0,10844711,17.8,89.0421443,166.0,0.05249601,2.3672516674782575
3685,9900126,Spot Grid,1,ZECUSDT,1.0,5727286,35.21,326.60737819,278.0,0.1295293,2.3662537951771965
3686,9478599,Spot Grid,1,ETHBTC,1.0,16928084,4.41,114.14392551,432.0,0.01105691,2.365328452335937
3687,10070653,Spot Grid,1,PUMPUSDC,1.0,1177144,28.67,61.08541349,263.0,0.0727046,2.3638003130382312
3688,9234274,Spot Grid,1,BTCUSDC,1.0,21871480,2.26,67.91149188,169.0,0.01474765,2.3621470829737614
3689,9950223,Spot Grid,1,SOLUSDC,1.0,3874268,16.74,28.64646442,310.0,0.01986853,2.361446242200814
3690,9696969,Spot Grid,1,BNBBTC,1.0,12377292,7.66,103.61100054,415.0,0.00919429,2.3598939792043923
3691,9811098,Spot Grid,1,BNBUSDC,1.0,9137859,9.31,92.0357404,529.0,0.00680628,2.3579723153522436
3692,9670486,Spot Grid,1,BTCEUR,1.0,12911325,7.35,41.66670704,299.0,0.00709228,2.3577900973131363
3693,9475704,Spot Grid,1,ETHBTC,1.0,17007478,5.74,13.3491066,132.0,0.012127,2.357416867547309
3694,9596853,Spot Grid,1,ADAUSDT,1.0,14384717,13.84,13.84735588,116.0,0.04493707,2.3566758641946324
3695,9271921,Spot Grid,1,DOGEUSDT,1.0,21088530,4.85,1044.90507895,115.0,0.02969679,2.356171464893457
3696,9650978,Spot Grid,1,BTCUSDC,1.0,12257384,7.78,23.36258816,544.0,0.011839,2.3553128375509376
3697,9677923,Spot Grid,1,BTCUSDC,1.0,12753732,4.79,479.18768793,975.0,0.00914636,2.353182633301598
3698,10022605,Spot Grid,1,SOLFDUSD,1.0,2168927,7.15,196.53828424,2591.0,0.00955544,2.3531002106965926
3699,9237349,Spot Grid,1,ETHUSDT,1.0,21804949,0.04,279.65774447,425.0,0.00918849,2.35295902759464
3700,9455011,Spot Grid,1,VIRTUALUSDT,1.0,17463505,17.73,37.95356369,77.0,0.07884359,2.3527178259773027
3701,9469964,Spot Grid,1,ETHBTC,1.0,17170388,4.54,25.49406309,496.0,0.01422554,2.352299388646788
3702,9673637,Spot Grid,1,BTCUSDT,1.0,12855637,2.91,91.55744811,1425.0,0.00685837,2.352246904163671
3703,9787355,Spot Grid,1,DOGEUSDT,1.0,9840934,15.46,110.03871646,218.0,0.03721787,2.3520601913501844
3704,9823580,Spot Grid,1,BTCUSDT,1.0,8692531,10.98,28.41039293,275.0,0.00860721,2.351336343711117
3705,9961304,Spot Grid,1,ADAUSDC,1.0,3737635,10.06,277.54168552,2229.0,0.0250249,2.3510808061895734
3706,9744432,Spot Grid,1,BTCUSDT,1.0,10928238,9.2,68.52485027,328.0,0.00979477,2.3502334461132617
3707,9469408,Spot Grid,1,ETHBTC,1.0,17182991,6.53,14.06704321,82.0,0.0165106,2.348348706408095
3708,9771637,Spot Grid,1,BTCUSDC,1.0,10301599,11.06,13.83596835,31.0,0.01082753,2.347808191388915
3709,9083277,Spot Grid,1,BTCUSDT,1.0,25036988,0.8,10.59188261,94.0,0.01917714,2.3429833847952675
3710,9646500,Spot Grid,1,BTCUSDC,1.0,13300303,6.13,101.03241745,987.0,0.01753671,2.3429320362629764
3711,9668208,Spot Grid,1,BTCUSDT,1.0,12953167,6.0,119.33785735,556.0,0.00636214,2.341803953970758
3712,9599286,Spot Grid,1,ADAUSDT,1.0,14338527,12.59,26.81879602,299.0,0.04244303,2.3415980081380936
3713,9968367,Spot Grid,1,ENAUSDT,1.0,3593082,33.26,718.52843976,2262.0,0.15478163,2.339980978946019
3714,9737568,Spot Grid,1,DOTUSDT,1.0,11129734,13.52,443.18240173,726.0,0.04507859,2.3394324439060177
3715,9211883,Spot Grid,1,BNBUSDT,1.0,22376502,1.17,11.74263412,447.0,0.01748844,2.3383882059644834
3716,9249010,Spot Grid,1,BTCJPY,1.0,21551442,1.81,13.34021306,383.0,0.01611936,2.338359921363729
3717,9906143,Spot Grid,1,ETHUSDT,1.0,5433244,16.4,13.1229354,59.0,0.02029238,2.3362797862601794
3718,9649316,Spot Grid,1,BTCUSDT,1.0,13259034,7.42,23.75384635,179.0,0.00721333,2.3358145954349685
3719,9660160,Spot Grid,1,XRPUSDT,1.0,13098510,9.23,809.23642682,785.0,0.03333339,2.334816488397666
3720,9720190,Spot Grid,1,FILBTC,1.0,11677496,14.13,26.7812221,1293.0,0.06084217,2.3337240060576403
3721,9423788,Spot Grid,1,DOGEUSDT,1.0,17943463,7.53,13.9031559,1096.0,0.04730411,2.3329676970305133
3722,9928453,Spot Grid,1,BNBUSDT,1.0,4634938,15.56,217.853164,242.0,0.01735112,2.332708554881989
3723,9929111,Spot Grid,1,SOLUSDT,1.0,4612528,15.05,30.38843789,94.0,0.01039226,2.3321287312852594
3724,9933589,Spot Grid,1,RIFUSDT,1.0,4402913,12.13,47.6632798,769.0,0.00797424,2.3299409542885856
3725,9724863,Spot Grid,1,BTCUSDT,1.0,11535935,8.42,129.40989767,229.0,0.00720165,2.3288407925746393
3726,9854161,Spot Grid,1,BTCUSDT,1.0,7645816,9.58,26.82750363,811.0,0.0087202,2.3285122763391968
3727,9894984,Spot Grid,1,ETHUSDT,1.0,5948208,14.37,13.08555637,70.0,0.0120299,2.3259981659988864
3728,9181370,Spot Grid,1,BTCUSDT,1.0,22897293,1.45,14.69813741,234.0,0.01725902,2.325855447079811
3729,9467260,Spot Grid,1,ETHBTC,1.0,17236997,6.23,100.53097107,81.0,0.01645003,2.3252732481114484
3730,9184524,Spot Grid,1,BTCUSDT,1.0,22844731,1.89,22.58707082,86.0,0.01639394,2.324800459115527
3731,9511192,Spot Grid,1,BNBBTC,1.0,16093370,5.96,75.04175736,336.0,0.01537493,2.3246000903563857
3732,10034084,Spot Grid,1,SOLETH,1.0,1778982,7.35,13317.05199028,91.0,0.02473536,2.324020860820623
3733,9939669,Spot Grid,1,BTCUSDT,1.0,4105048,14.92,208.93282654,216.0,0.01137319,2.3231102332959965
3734,9403892,Spot Grid,1,LTCBTC,1.0,18411652,7.54,17.54844446,57.0,0.02779443,2.3230634322022556
3735,9944005,Spot Grid,1,ETHUSDT,1.0,3982493,10.11,1011.50131487,1006.0,0.00545059,2.32105648641788
3736,9667071,Spot Grid,1,ICPBTC,1.0,12982594,8.65,37.27866641,844.0,0.02756289,2.319358356140183
3737,9500271,Spot Grid,1,BNBBTC,1.0,16394281,4.3,24.38659409,743.0,0.01616556,2.318666675289663
3738,9830640,Spot Grid,1,BTCUSDT,1.0,8418582,11.36,17.04860084,12.0,0.00530102,2.3162799698731957
3739,9943840,Spot Grid,1,SOLUSDT,1.0,3986000,12.72,130.52640573,919.0,0.01358,2.31601395576873
3740,9737346,Spot Grid,1,TAOUSDT,1.0,11136875,6.49,254.23714576,1229.0,0.01731876,2.3142559256593747
3741,9091386,Spot Grid,1,BTCUSDT,1.0,24865211,1.46,17.28707986,56.0,0.02244697,2.3140581061771086
3742,9771840,Spot Grid,1,BTCUSDT,1.0,10297071,7.33,72.72713076,593.0,0.00395647,2.313757237746475
3743,9542653,Spot Grid,1,XRPUSDC,1.0,15324997,12.28,15.36163256,246.0,0.04493707,2.3128658337501036
3744,9839956,Spot Grid,1,BNBUSDT,1.0,8119720,12.7,12.70109069,18.0,0.01161205,2.3125262047861814
3745,9705276,Spot Grid,1,BTCUSDT,1.0,12114685,6.01,18.10323409,663.0,0.00578997,2.311576054952927
3746,9169710,Spot Grid,1,BTCUSDT,1.0,23180768,1.44,16.66954028,151.0,0.01728689,2.310499687797954
3747,9092772,Spot Grid,1,SOLUSDT,1.0,24833864,1.31,10.51503558,478.0,0.03058261,2.309152589701723
3748,9659772,Spot Grid,1,BTCFDUSD,1.0,13102422,4.97,44.80097491,798.0,0.0074216,2.308902769267536
3749,9752768,Spot Grid,1,BNBUSDT,1.0,10720659,7.61,1053.076764,289.0,0.00611263,2.3086995165095088
3750,9831649,Spot Grid,1,BTCUSDT,1.0,8384168,10.81,59.35215172,315.0,0.00908149,2.3085794048395782
3751,9489520,Spot Grid,1,ADAUSDT,1.0,16711969,12.96,48.33422674,148.0,0.05289473,2.3076018149673314
3752,9468411,Spot Grid,1,ETHBTC,1.0,17210313,6.14,35.08802537,82.0,0.01627678,2.3066313002995056
3753,9459792,Spot Grid,1,ETHBTC,1.0,17389430,4.81,12.60201965,159.0,0.01137604,2.304176029277455
3754,9754191,Spot Grid,1,SHIBUSDT,1.0,10686585,16.84,12.09149283,38.0,0.046069,2.3023587885286334
3755,9653220,Spot Grid,1,BTCUSDT,1.0,13190295,4.91,31.95327331,738.0,0.00643459,2.3014030699564736
3756,9653181,Spot Grid,1,BTCUSDC,1.0,13190729,4.24,90.93624255,758.0,0.00351429,2.3009560405510667
3757,9707645,Spot Grid,1,BTCUSDT,1.0,12052142,8.39,83.96807116,59.0,0.0065673,2.300117376340757
3758,9764767,Spot Grid,1,ETHBTC,1.0,10461495,6.95,120.74991883,589.0,0.00337678,2.2979553274191042
3759,9647164,Spot Grid,1,BTCUSDT,1.0,13288214,5.62,23.07490212,669.0,0.00950202,2.2947088005251652
3760,9840831,Spot Grid,1,XRPUSDT,1.0,8092173,14.45,93.67722145,549.0,0.03345215,2.294350241368797
3761,9654099,Spot Grid,1,BTCUSDT,1.0,13180096,4.39,43.92394808,981.0,0.00912697,2.2919683553858436
3762,9724475,Spot Grid,1,ETHBTC,1.0,11544708,8.68,201.83386426,432.0,0.01483736,2.2912958030406654
3763,9470311,Spot Grid,1,ETHBTC,1.0,17162121,6.09,11.12681342,81.0,0.01632808,2.2898176826808543
3764,9256078,Spot Grid,1,ETHUSDT,1.0,21410016,0.05,471.86741112,928.0,0.02173034,2.2896012144200397
3765,9603852,Spot Grid,1,ETHBTC,1.0,14283822,5.98,34.65775985,75.0,0.00346507,2.288611514448295
3766,9662394,Spot Grid,1,ETHBTC,1.0,13066630,6.79,223.37758868,595.0,0.01469917,2.2878129938027003
3767,9374507,Spot Grid,1,BNBBTC,1.0,18948296,1.99,52.81934786,715.0,0.01530866,2.285965143095212
3768,9468567,Spot Grid,1,ETHBTC,1.0,17205544,6.0,27.64987881,82.0,0.01628502,2.2858908806404186
3769,9821568,Spot Grid,1,BTCUSDT,1.0,8768446,7.68,46.19708778,830.0,0.00535105,2.2854826915760724
3770,9064459,Spot Grid,1,BTCUSDT,1.0,25208505,0.42,35.98094692,132.0,0.02110734,2.284672208102602
3771,9796117,Spot Grid,1,BTCUSDT,1.0,9620758,9.86,15.64464272,271.0,0.00898403,2.2843984014973824
3772,9778105,Spot Grid,1,BNBFDUSD,1.0,10136106,9.66,28.96119479,131.0,0.00719911,2.2843934569601974
3773,9688608,Spot Grid,1,AVAXUSDT,1.0,12562300,6.49,114.31136287,1521.0,0.03010893,2.283413028241103
3774,9747092,Spot Grid,1,BTCUSDT,1.0,10851119,8.98,17.68349858,342.0,0.01098537,2.2832722056568264
3775,9675660,Spot Grid,1,SOLBNB,1.0,12813960,2.71,15.30540451,1780.0,0.01550419,2.2825377851772912
3776,9839411,Spot Grid,1,BTCUSDC,1.0,8139395,10.81,22.17088375,447.0,0.01168669,2.2824375499190426
3777,9637859,Spot Grid,1,ETHBTC,1.0,13506821,6.46,17.24831601,201.0,0.00561237,2.281999196731425
3778,9702372,Spot Grid,1,BTCUSDT,1.0,12233189,6.29,45.51759866,504.0,0.0058414,2.2808136696356134
3779,9650494,Spot Grid,1,BTCUSDT,1.0,13238574,6.87,68.76843727,171.0,0.00641186,2.280202799638783
3780,9231219,Spot Grid,1,ETHUSDT,1.0,21944259,1.34,20.03571983,305.0,0.01598869,2.2791509955710816
3781,9648873,Spot Grid,1,BTCUSDT,1.0,13264414,5.62,22.49169089,337.0,0.00300216,2.279047145950597
3782,9868472,Spot Grid,1,ETHUSDT,1.0,7038359,12.57,25.15115617,170.0,0.0109833,2.2770438190361744
3783,9714749,Spot Grid,1,BTCUSDT,1.0,11828854,6.61,72.74139107,408.0,0.00413387,2.2768125366866157
3784,9750499,Spot Grid,1,BTCUSDT,1.0,10766241,6.06,242.72942543,707.0,0.00379625,2.276456640748339
3785,9076013,Spot Grid,1,BTCUSDT,1.0,25107990,0.58,18.22710574,110.0,0.02137449,2.2752617429838318
3786,9654218,Spot Grid,1,BTCUSDT,1.0,13178721,6.63,430.91130376,110.0,0.00562349,2.2749988689628315
3787,9987169,Spot Grid,1,ADAUSDT,1.0,3163590,14.44,295.06394221,1095.0,0.02572359,2.2742745302077774
3788,9665297,Spot Grid,1,BTCUSDT,1.0,13011951,6.72,124.38552113,309.0,0.00811593,2.2730335049274806
3789,9507114,Spot Grid,1,BNBBTC,1.0,16191437,6.16,65.88752662,107.0,0.01412998,2.27148351226794
3790,9668804,Spot Grid,1,BTCUSDT,1.0,12939772,4.84,58.11658764,709.0,0.00572432,2.2709611065687927
3791,9774132,Spot Grid,1,ETHBTC,1.0,10241268,9.68,833.95302007,188.0,0.01370012,2.269551938595581
3792,9702331,Spot Grid,1,BTCUSDT,1.0,12234405,8.13,813.48423874,492.0,0.02014584,2.267515510955334
3793,9987161,Spot Grid,1,ADAUSDC,1.0,3163729,14.4,333.83975975,1072.0,0.02549008,2.2675026140072183
3794,9260884,Spot Grid,1,BTCUSDT,1.0,21305352,3.94,24.47131076,190.0,0.02560365,2.2660123826019736
3795,9298729,Spot Grid,1,ADAUSDT,1.0,20613841,0.6,303.96498087,1294.0,0.0291836,2.265533369612728
3796,9662094,Spot Grid,1,BTCUSDC,1.0,13072646,4.05,161.27597815,746.0,0.0035074,2.2653580224140852
3797,10017193,Spot Grid,1,NEARUSDC,1.0,2298080,29.63,144.43059757,555.0,0.0933308,2.2648450811684913
3798,9384531,Spot Grid,1,BNBBTC,1.0,18737653,1.89,16.30575453,1201.0,0.02484897,2.26372200929286
3799,9737475,Spot Grid,1,RENDERUSDT,1.0,11132848,13.64,13.6463174,325.0,0.03810154,2.2635947449105664
3800,9665756,Spot Grid,1,BTCUSDT,1.0,13005527,6.07,31.00672207,531.0,0.00914338,2.263188942073979
3801,9466748,Spot Grid,1,ETHBTC,1.0,17245817,5.79,25.76574259,83.0,0.01623597,2.2630707694979644
3802,9217081,Spot Grid,1,BNBEUR,1.0,22265043,1.85,10.37247897,41.0,0.01520693,2.261941565320151
3803,9726594,Spot Grid,1,BNBUSDT,1.0,11476622,9.33,14.0059509,157.0,0.01251861,2.261435387913395
3804,9691878,Spot Grid,1,BTCUSDT,1.0,12490299,6.86,27.44862428,489.0,0.01043694,2.2612083635432727
3805,9845974,Spot Grid,1,DOGEUSDT,1.0,7948298,9.92,145.06044914,1045.0,0.02015704,2.2606824863827044
3806,9841223,Spot Grid,1,BTCUSDT,1.0,8083349,7.82,56.32432232,873.0,0.00516684,2.2601792634018714
3807,9908252,Spot Grid,1,ETHUSDT,1.0,5338033,10.87,325.81250366,628.0,0.00633127,2.260033028039185
3808,9669041,Spot Grid,1,BTCUSDC,1.0,12934883,6.34,22.22295704,386.0,0.007352,2.2595546413618055
3809,9673719,Spot Grid,1,BTCUSDC,1.0,12854115,6.35,19.0775153,383.0,0.0069872,2.259420869465602
3810,9944299,Spot Grid,1,ETHUSDT,1.0,3973919,11.3,40.25816493,749.0,0.00403161,2.2578734784940098
3811,9540563,Spot Grid,1,SOLBNB,1.0,15359168,3.76,49.7576584,503.0,0.00629492,2.2575074101127504
3812,9653133,Spot Grid,1,BTCUSDC,1.0,13191417,3.98,25.74212317,758.0,0.003526,2.2569643974438636
3813,9097518,Spot Grid,1,SOLUSDT,1.0,24718464,0.84,117.51651476,192.0,0.02413256,2.2564701783377625
3814,9589120,Spot Grid,1,FETUSDT,1.0,14523153,8.07,1553.10013864,1523.0,0.05568554,2.255867872365986
3815,9612431,Spot Grid,1,BTCUSDT,1.0,14112836,5.21,15.6394642,320.0,0.00492199,2.25584714117865
3816,9859027,Spot Grid,1,BNBUSDC,1.0,7439323,12.67,21.41938303,684.0,0.02496735,2.2554512189454945
3817,9742267,Spot Grid,1,BNBUSDT,1.0,10991206,7.36,73.65094057,761.0,0.01300904,2.254946920015002
3818,9404191,Spot Grid,1,BNBBTC,1.0,17413341,2.6,40.38294859,384.0,0.00627,2.254809074343871
3819,9966693,Spot Grid,1,SOLUSDT,1.0,3622056,15.8,39.51518521,77.0,0.0130865,2.2540393232152445
3820,9722297,Spot Grid,1,BTCUSDT,1.0,11613429,7.14,57.12247268,435.0,0.00761304,2.2516992939704368
3821,9263020,Spot Grid,1,ADAUSDT,1.0,20867956,8.59,61.70712302,92.0,0.04790148,2.2510201967644594
3822,9663750,Spot Grid,1,BTCUSDC,1.0,13037932,6.14,30.71860807,394.0,0.00728731,2.2501838702393506
3823,9686577,Spot Grid,1,ETHBTC,1.0,12600079,5.96,532.48166021,288.0,0.004773,2.2500708285857396
3824,9633305,Spot Grid,1,BTCFDUSD,1.0,11650344,8.13,91.08721381,96.0,0.00625795,2.2500335533625337
3825,9673790,Spot Grid,1,BTCUSDC,1.0,12852532,6.0,81.8619409,950.0,0.01776776,2.249867216135011
3826,9653134,Spot Grid,1,BTCUSDT,1.0,13191407,5.14,25.73887874,650.0,0.00790347,2.2491374681210834
3827,9676563,Spot Grid,1,BTCUSDT,1.0,12786308,4.68,46.89689093,790.0,0.00685563,2.245892251361896
3828,9493798,Spot Grid,1,BNBBTC,1.0,16602068,3.31,12.29451713,1210.0,0.02444755,2.2441387697054735
3829,9721497,Spot Grid,1,SUIUSDT,1.0,11634973,19.66,65.62650933,149.0,0.07052928,2.2438495078042493
3830,9858948,Spot Grid,1,BTCUSDT,1.0,7442625,5.52,90.56948239,1801.0,0.01031507,2.2436489739863688
3831,9702032,Spot Grid,1,BTCUSDT,1.0,12242469,7.96,796.93438921,493.0,0.02014584,2.2436185082971605
3832,9732212,Spot Grid,1,BTCUSDC,1.0,11307694,5.9,26.5683137,621.0,0.00363953,2.2432036148012986
3833,9548628,Spot Grid,1,ETHBTC,1.0,15196939,4.69,13.81925757,117.0,0.00291462,2.2431865394124095
3834,9694137,Spot Grid,1,BTCUSDT,1.0,12432287,6.89,88.70210763,536.0,0.01242476,2.242231087197538
3835,9724550,Spot Grid,1,ETHBTC,1.0,11542987,8.36,208.91303769,395.0,0.01430514,2.2421792384781964
3836,9673675,Spot Grid,1,BTCUSDT,1.0,12854954,4.61,22.17528881,763.0,0.00622097,2.2420738141474557
3837,9238583,Spot Grid,1,SOLUSDT,1.0,21778327,0.12,340.55433897,683.0,0.01974184,2.2419755693837793
3838,9682245,Spot Grid,1,1INCHUSDT,1.0,12684380,9.52,23.80097924,323.0,0.02308555,2.241466927123163
3839,9701815,Spot Grid,1,BTCEUR,1.0,12246613,6.55,36.59036579,460.0,0.0079414,2.241062711111725
3840,9192195,Spot Grid,1,BNBBTC,1.0,22755971,0.46,14.85186279,291.0,0.01590262,2.239741303753336
3841,9714392,Spot Grid,1,BTCUSDT,1.0,11840537,6.42,13.48128044,408.0,0.00436671,2.2387829436886584
3842,9655328,Spot Grid,1,BTCUSDC,1.0,13162736,3.95,16.40933425,757.0,0.00390117,2.2387618566163416
3843,9692396,Spot Grid,1,BTCUSDT,1.0,12481774,6.16,12.33819504,381.0,0.00513116,2.2382002583407
3844,9842981,Spot Grid,1,RENDERUSDT,1.0,8034009,13.34,161.86832176,698.0,0.03289681,2.237965366015329
3845,9903729,Spot Grid,1,ETHUSDT,1.0,5560188,5.5,27.54161827,2823.0,0.0237017,2.2375671777089745
3846,8863463,Spot Grid,1,LINKUSDC,1.0,28658029,3.53,129.77143653,1657.0,0.08755626,2.236444473415218
3847,9813193,Spot Grid,1,BNBUSDT,1.0,9060908,10.43,52.1556984,261.0,0.01163228,2.23595196566967
3848,9753870,Spot Grid,1,FETUSDC,1.0,10692993,16.38,54.5920097,279.0,0.05157644,2.2356344115480193
3849,9830232,Spot Grid,1,BTCUSDC,1.0,8429269,10.47,255.51948481,178.0,0.00852255,2.233921937872281
3850,9464132,Spot Grid,1,ETHBTC,1.0,17309144,5.51,18.0110212,84.0,0.01615657,2.2331705057879874
3851,9929231,Spot Grid,1,PEPEUSDT,1.0,4608287,21.26,28.50775319,335.0,0.05347105,2.2319584769878063
3852,9719902,Spot Grid,1,BNBUSDT,1.0,11689535,8.75,17.080209,313.0,0.01475736,2.2318976126968946
3853,9944609,Spot Grid,1,ETHJPY,1.0,3964912,10.45,26.21986099,900.0,0.00350961,2.2318401788403124
3854,9659112,Spot Grid,1,BTCUSDT,1.0,13108657,4.99,3846.27684273,84.0,0.01510523,2.2316406355648253
3855,9749473,Spot Grid,1,BTCUSDT,1.0,10793133,4.16,16.66706373,1295.0,0.00663577,2.2305311431621977
3856,9570987,Spot Grid,1,FETUSDT,1.0,14801422,24.79,173.57882043,471.0,0.12007069,2.2298005281528006
3857,9690814,Spot Grid,1,BNBBTC,1.0,12508724,8.0,21.42562382,87.0,0.00949983,2.229299920056621
3858,9673711,Spot Grid,1,XRPUSDC,1.0,12854292,11.59,34.79152825,472.0,0.03885184,2.228945688139635
3859,9645884,Spot Grid,1,BTCUSDT,1.0,10652861,8.32,42.43917927,160.0,0.00499123,2.228784435339275
3860,9667582,Spot Grid,1,BTCUSDT,1.0,12969488,6.84,20.53047737,170.0,0.00695163,2.227335072453381
3861,9675045,Spot Grid,1,BTCUSDT,1.0,12827061,4.5,17.4007053,785.0,0.00659984,2.225661963371782
3862,9691542,Spot Grid,1,BNBBTC,1.0,12496243,4.88,71.70910974,740.0,0.00664511,2.2243525939801003
3863,9476900,Spot Grid,1,LTCETH,1.0,16979012,9.43,33.72534627,456.0,0.04453736,2.2235008453504372
3864,9477856,Spot Grid,1,BNBBTC,1.0,16952926,3.28,55.3115611,624.0,0.01447066,2.222618249130672
3865,10003528,Spot Grid,1,BTCUSDT,1.0,2673283,5.94,12991.06315445,49.0,0.02234978,2.2226125678467086
3866,9630581,Spot Grid,1,PENGUUSDC,1.0,13690337,21.4,48.17941427,264.0,0.09203597,2.222554580563399
3867,9654797,Spot Grid,1,BTCUSDC,1.0,13170267,3.76,18.84911814,756.0,0.00355926,2.2219737814039053
3868,9698772,Spot Grid,1,BTCUSDT,1.0,12329760,8.06,11.78454937,94.0,0.00952293,2.2203062317205546
3869,9494753,Spot Grid,1,BNBBTC,1.0,16570101,3.18,42.61477477,1208.0,0.02473476,2.2187018760009964
3870,9896630,Spot Grid,1,BTCUSDT,1.0,5880138,14.26,12.54807012,126.0,0.01665691,2.217994824058215
3871,9664327,Spot Grid,1,BTCUSDT,1.0,13027965,3.59,17.95495497,942.0,0.00613118,2.2174946525351067
3872,9259984,Spot Grid,1,BNBUSDT,1.0,21324455,1.57,41.29356007,447.0,0.02019071,2.2174275185823085
3873,9895942,Spot Grid,1,BTCUSDC,1.0,5915535,12.4,980.04630814,256.0,0.01440196,2.216837180009068
3874,9711611,Spot Grid,1,BTCUSDT,1.0,11917615,7.26,363.14975344,403.0,0.0118857,2.2163734100170376
3875,9503378,Spot Grid,1,BTCUSDT,1.0,10652862,8.18,40.94556866,160.0,0.00473364,2.21593133095597
3876,9694698,Spot Grid,1,BTCUSDT,1.0,12416684,6.3,122.93058013,873.0,0.01760695,2.213058988372216
3877,9668318,Spot Grid,1,BTCUSDT,1.0,12950057,4.44,116.10960173,1307.0,0.01885702,2.213011600313938
3878,9832429,Spot Grid,1,ETHUSDT,1.0,8353353,10.45,313.71246621,121.0,0.00802691,2.2128836148888085
3879,9673564,Spot Grid,1,BTCUSDC,1.0,12857154,6.0,12.59861833,333.0,0.00588759,2.2122659979262735
3880,9847308,Spot Grid,1,BNBUSDT,1.0,7899984,9.85,75.06433505,151.0,0.00224202,2.212156158726184
3881,9707275,Spot Grid,1,BTCUSDT,1.0,12060671,7.67,153.45091043,266.0,0.01093544,2.2121039812417824
3882,9993273,Spot Grid,1,ETCUSDT,1.0,2967895,14.2,710.4753705,425.0,0.01403783,2.211955169350913
3883,9838602,Spot Grid,1,ASTERUSDT,1.0,8163824,8.86,102.5085793,1202.0,0.02034806,2.21168965030491
3884,9748494,Spot Grid,1,BNBUSDT,1.0,10822658,9.52,28.5605802,128.0,0.01228565,2.2101119248567156
3885,9953275,Spot Grid,1,SOLUSDT,1.0,3844254,15.24,30.49241692,241.0,0.01621572,2.2087094251021058
3886,9905326,Spot Grid,1,BTCUSDT,1.0,5481428,11.43,114.34648054,241.0,0.00282571,2.207941891312733
3887,9706170,Spot Grid,1,BTCUSDT,1.0,12100543,7.27,72.76493901,405.0,0.01161889,2.2077185297898567
3888,9449312,Spot Grid,1,ADAUSDT,1.0,17522558,9.43,20.23941085,249.0,0.04307238,2.2070568579703664
3889,9836097,Spot Grid,1,BTCUSDC,1.0,8227086,10.37,103.74820483,61.0,0.00494731,2.206729192355816
3890,9645721,Spot Grid,1,BTCUSDT,1.0,13310479,6.61,15.00683983,43.0,0.00533048,2.2050443842254484
3891,9916073,Spot Grid,1,SOLUSDT,1.0,5025913,17.06,512.09090965,443.0,0.03816191,2.2041150082227143
3892,9895559,Spot Grid,1,ETHUSDC,1.0,5926356,8.22,213.88303249,1117.0,0.00640917,2.2028918349490225
3893,9736299,Spot Grid,1,SOLETH,1.0,11178969,6.06,15.07074982,825.0,0.00986498,2.2022929481433167
3894,9395962,Spot Grid,1,BTCFDUSD,1.0,13310504,5.27,2349.97447319,211.0,0.01369504,2.2016882972575624
3895,9723891,Spot Grid,1,BTCUSDC,1.0,11562816,6.04,60.4628288,648.0,0.00791369,2.2015773923762456
3896,9308623,Spot Grid,1,ADAFDUSD,1.0,20402705,1.8,1219.53262423,1311.0,0.04252068,2.200694298341898
3897,9495294,Spot Grid,1,BNBBTC,1.0,16559979,2.94,15.52740347,1208.0,0.02403246,2.19894121277426
3898,9875932,Spot Grid,1,BTCJPY,1.0,6661193,8.47,10.65756843,847.0,0.00432064,2.1989131792270666
3899,9852119,Spot Grid,1,BTCUSDT,1.0,7734632,9.9,25.95068011,320.0,0.0056702,2.1987515090334244
3900,9509568,Spot Grid,1,TAOUSDC,1.0,16125695,13.7,14.83170798,341.0,0.06273302,2.1984595016739528
3901,9268471,Spot Grid,1,ADAUSDT,1.0,21158510,2.96,26.61842136,2017.0,0.06106353,2.1966603014031163
3902,9661946,Spot Grid,1,BTCUSDT,1.0,13074737,5.76,41.51543735,371.0,0.00711536,2.1958732085790102
3903,9368501,Spot Grid,1,BNBBTC,1.0,19075661,0.29,11.39011617,749.0,0.01067715,2.195809411665706
3904,9502389,Spot Grid,1,BNBBTC,1.0,16322165,3.16,24.13774523,1199.0,0.02423988,2.1948044122698755
3905,9659475,Spot Grid,1,BTCUSDC,1.0,13105333,3.65,20.7246911,752.0,0.00372675,2.1940383867130584
3906,9721034,Spot Grid,1,BTCUSDT,1.0,11648029,4.18,20.88460274,1201.0,0.00990889,2.193772022182329
3907,9217890,Spot Grid,1,BTCUSDT,1.0,22250476,1.74,69.73943957,57.0,0.01798822,2.192186189483794
3908,9688447,Spot Grid,1,BTCUSDT,1.0,12565777,4.47,38.9316758,946.0,0.01021255,2.1913846893153384
3909,9326032,Spot Grid,1,DOGEUSDT,1.0,20051771,6.54,18.50842094,291.0,0.03961072,2.190552277125754
3910,9407865,Spot Grid,1,DOGEUSDT,1.0,18320912,9.28,21.49653464,439.0,0.05041098,2.1891177231030956
3911,9994571,Spot Grid,1,UNIUSDT,1.0,2918650,6.35,84.81306115,3639.0,0.03656762,2.189091893079315
3912,9052381,Spot Grid,1,BTCFDUSD,1.0,25361207,0.8,19.13495594,32.0,0.02554593,2.187356920554743
3913,9626394,Spot Grid,1,BTCUSDC,1.0,13312943,6.95,39.32558348,515.0,0.01803635,2.187032611334085
3914,9722342,Spot Grid,1,BTCUSDT,1.0,11612475,6.72,803.32535786,405.0,0.01114582,2.1861590243219986
3915,9662666,Spot Grid,1,BTCUSDT,1.0,13059877,4.48,129.68965108,696.0,0.00776753,2.186138592790595
3916,9928156,Spot Grid,1,TSTUSDT,1.0,4645312,28.09,857.28076765,1310.0,0.11775794,2.1856303615144683
3917,9921185,Spot Grid,1,SOLUSDT,1.0,4873877,12.67,57.0322735,296.0,0.00881203,2.1848237856180064
3918,9594353,Spot Grid,1,BNBETH,1.0,14426722,7.2,23.44981357,433.0,0.02249229,2.183462545822444
3919,9700248,Spot Grid,1,BTCUSDT,1.0,12300677,5.07,355.52179048,691.0,0.00891663,2.183401458220809
3920,9205616,Spot Grid,1,ETHFIUSDT,1.0,22502909,10.16,52.6273733,544.0,0.07583883,2.180301648072592
3921,9668775,Spot Grid,1,BTCUSDT,1.0,12940238,6.18,11.25239735,230.0,0.00634846,2.1797306363246562
3922,9495362,Spot Grid,1,BNBBTC,1.0,16558430,2.88,20.86985558,1209.0,0.02452661,2.1795089740328395
3923,9284088,Spot Grid,1,BNBBTC,1.0,20849562,0.62,22.64844679,856.0,0.02314481,2.176954318512706
3924,9904018,Spot Grid,1,LINKUSDT,1.0,5542544,17.9,179.07687335,2545.0,0.08882998,2.176650733780241
3925,9661282,Spot Grid,1,BTCUSDT,1.0,13008602,5.43,12.28891821,383.0,0.00590256,2.1766459489341905
3926,9682303,Spot Grid,1,AVAXUSDC,1.0,12683356,11.11,78.53620107,875.0,0.04636054,2.176290174928509
3927,9854975,Spot Grid,1,BTCUSDT,1.0,7601507,9.9,39.71081484,545.0,0.01087702,2.1752295916331916
3928,9658761,Spot Grid,1,BNBBTC,1.0,13111663,5.23,225.32493807,654.0,0.01224861,2.1723932347753787
3929,9871183,Spot Grid,1,BTCUSDT,1.0,6903246,8.4,156.48027914,1155.0,0.01333229,2.1716827726764105
3930,9731527,Spot Grid,1,BNBBTC,1.0,11338390,4.57,26.70699943,969.0,0.00673694,2.171467454023481
3931,9651134,Spot Grid,1,BTCUSDT,1.0,13223644,6.46,12.93280504,161.0,0.00807644,2.168889587967489
3932,9960053,Spot Grid,1,PENGUUSDT,1.0,3714821,24.19,241.93449405,1281.0,0.08938902,2.1674646622092477
3933,9694652,Spot Grid,1,TAOUSDT,1.0,12417969,10.73,107.35230413,1804.0,0.06330801,2.1673701786149793
3934,9912275,Spot Grid,1,SOLBTC,1.0,5176666,8.95,2331.29381714,434.0,0.00506982,2.1672617878408267
3935,9821161,Spot Grid,1,BTCUSDT,1.0,8776304,9.07,90.73244448,140.0,0.0033956,2.1666337944317147
3936,9668389,Spot Grid,1,BTCUSDT,1.0,12948504,4.39,26.35252094,579.0,0.0045861,2.166369817572246
3937,9238157,Spot Grid,1,ETHUSDC,1.0,21788629,2.22,22.23004762,136.0,0.02111205,2.166189657751931
3938,9653870,Spot Grid,1,BTCUSDT,1.0,13182899,4.73,34.09803719,597.0,0.00787961,2.166114758611897
3939,9750993,Spot Grid,1,DOGEUSDT,1.0,10758472,5.94,17.83162833,2153.0,0.03700414,2.1653841342589457
3940,9724528,Spot Grid,1,ADAUSDT,1.0,11543536,13.39,119.02508561,302.0,0.04252719,2.164430012849409
3941,10021141,Spot Grid,1,PROMUSDT,1.0,2210642,16.7,28.18206168,798.0,0.0308801,2.1617810914822995
3942,9899891,Spot Grid,1,ETHUSDT,1.0,5737770,13.23,13.34792672,69.0,0.011526,2.160327196402333
3943,10011449,Spot Grid,1,TSTUSDT,1.0,2477508,11.99,53.37003198,2117.0,0.03440328,2.1587375712279937
3944,9465152,Spot Grid,1,ETHBTC,1.0,17284680,4.96,21.38954176,83.0,0.01607303,2.157613977822212
3945,9716637,Spot Grid,1,BTCUSDT,1.0,11783251,6.5,17.09829366,273.0,0.00500244,2.1571089199814
3946,9273650,Spot Grid,1,PEPEUSDT,1.0,21047010,10.19,20.7802432,613.0,0.0720214,2.156755862929016
3947,9572877,Spot Grid,1,BNBETH,1.0,14771545,5.43,29.65518748,382.0,0.01431094,2.156619310661582
3948,10024997,Spot Grid,1,NEARUSDT,1.0,2090811,22.99,83.2264337,609.0,0.06128253,2.1566009089426617
3949,9664372,Spot Grid,1,BTCUSDT,1.0,13027060,5.41,48.53278304,795.0,0.01559107,2.1563316077029278
3950,9584138,Spot Grid,1,ADAUSDC,1.0,14629656,12.81,25.63418471,128.0,0.04870911,2.156320235222548
3951,10021884,Spot Grid,1,TSTUSDT,1.0,2194870,15.58,12.81578222,244.0,0.0131689,2.1546719700165466
3952,9648912,Spot Grid,1,BTCUSDC,1.0,13263989,6.14,21.89247099,306.0,0.01019479,2.154368460450241
3953,9650922,Spot Grid,1,ADAUSDT,1.0,13228595,6.47,34.66011649,2548.0,0.05935941,2.1541193815571975
3954,9244977,Spot Grid,1,1INCHUSDT,1.0,21614454,4.58,36.68150555,90.0,0.03287907,2.1538583526184416
3955,9345989,Spot Grid,1,DOGEUSDT,1.0,19578102,2.13,112.21930356,771.0,0.02559748,2.1530072549552526
3956,9160098,Spot Grid,1,BTCUSDT,1.0,23317422,1.0,11.47893998,42.0,0.01948507,2.1522818205352467
3957,9160112,Spot Grid,1,BTCUSDT,1.0,23317422,1.01,11.62049278,42.0,0.01968121,2.1487790768984243
3958,9854960,Spot Grid,1,BTCUSDT,1.0,7602162,9.61,23.93605161,545.0,0.01027761,2.1486900963605575
3959,9650459,Spot Grid,1,BTCUSDT,1.0,13239627,5.48,27.44306891,193.0,0.00437068,2.1480418077024988
3960,9952809,Spot Grid,1,SUIUSDC,1.0,3849913,24.44,72.70023998,1328.0,0.09224761,2.1478215658307365
3961,9984669,Spot Grid,1,SUIUSDT,1.0,3242041,16.21,84.29037596,600.0,0.02931494,2.1466402707035117
3962,9851002,Spot Grid,1,BTCUSDT,1.0,7774380,9.35,96.64941097,565.0,0.01048348,2.1463131936480435
3963,9648299,Spot Grid,1,BTCUSDT,1.0,13271340,4.79,56.49188874,390.0,0.00512634,2.146080040313213
3964,9944731,Spot Grid,1,XRPUSDT,1.0,3961927,12.75,482.73868005,345.0,0.01013431,2.146067481489824
3965,9706700,Spot Grid,1,BTCUSDC,1.0,12080675,6.37,59.27494427,223.0,0.00520101,2.1451685705176304
3966,9921300,Spot Grid,1,ENSOUSDT,1.0,4871111,17.33,13.91756585,522.0,0.0404709,2.14476562794757
3967,9867323,Spot Grid,1,BNBEUR,1.0,7074010,10.61,53.22776209,209.0,0.00670891,2.1443439834260674
3968,9795392,Spot Grid,1,ETHBTC,1.0,9632326,6.62,50.50873487,434.0,0.00057803,2.143786645223308
3969,9551519,Spot Grid,1,BNBETH,1.0,15123412,6.77,16.35118019,195.0,0.01965968,2.1432675618983934
3970,9108771,Spot Grid,1,BNBUSDT,1.0,21303609,2.36,19.42084799,78.0,0.01956612,2.141223975921199
3971,9991807,Spot Grid,1,XRPUSDC,1.0,3014952,7.8,234.32148082,2467.0,0.02282557,2.1408306760037332
3972,9500450,Spot Grid,1,BNBBTC,1.0,16387991,2.81,14.4638724,1202.0,0.02479187,2.1407202239572176
3973,9718110,Spot Grid,1,ETHBTC,1.0,11734538,5.12,269.61421941,439.0,0.00280895,2.138284299858586
3974,9916577,Spot Grid,1,ETHUSDC,1.0,5003401,8.15,46.65694044,1791.0,0.01812127,2.137149036399394
3975,9855175,Spot Grid,1,BTCUSDT,1.0,7591981,9.41,22.11426275,545.0,0.00960798,2.13679496095816
3976,9439125,Spot Grid,1,BNBBTC,1.0,17704962,2.07,24.0580785,639.0,0.01469433,2.136120441084261
3977,9598707,Spot Grid,1,ADAUSDT,1.0,14347416,10.74,1127.17091604,228.0,0.04487828,2.1333401916887236
3978,9984853,Spot Grid,1,XLMUSDT,1.0,3238976,23.61,20.61624259,164.0,0.06078514,2.133231378394663
3979,9316234,Spot Grid,1,BNBBTC,1.0,20232122,1.02,681.24196106,287.0,0.01579938,2.13322908882686
3980,9728412,Spot Grid,1,BTCUSDT,1.0,11432774,2.11,13.75147844,1537.0,0.00721139,2.132059942451342
3981,9265695,Spot Grid,1,BNBBTC,1.0,21219103,1.77,97.56257888,395.0,0.02348267,2.1313176759662755
3982,9587887,Spot Grid,1,ETCBTC,1.0,14552484,9.18,158.17172555,1404.0,0.0572021,2.131173450460818
3983,9500115,Spot Grid,1,BNBBTC,1.0,16401336,2.64,11.40706578,1202.0,0.02430111,2.1308048951366674
3984,9661076,Spot Grid,1,BTCUSDT,1.0,13088308,4.43,23.92213515,673.0,0.00882065,2.1304733469410237
3985,9703133,Spot Grid,1,BTCUSDT,1.0,12211271,5.91,40.87412233,323.0,0.0058779,2.1298584166683754
3986,9251044,Spot Grid,1,BTCUSDT,1.0,21506318,1.46,14.62072047,248.0,0.01956873,2.129040127453902
3987,9237042,Spot Grid,1,SOLUSDT,1.0,21804124,0.95,31.26902135,937.0,0.03272037,2.128872319471533
3988,9723877,Spot Grid,1,BTCUSDT,1.0,11563256,6.44,32.24719088,302.0,0.00558958,2.1281179440951683
3989,9957161,Spot Grid,1,SOLUSDT,1.0,3796198,13.08,112.77284311,182.0,0.00665601,2.1267597109754526
3990,9714028,Spot Grid,1,BTCUSDC,1.0,11851633,4.95,49.60771231,480.0,0.00257899,2.126735359984194
3991,9237975,Spot Grid,1,DOGEFDUSD,1.0,21793384,4.06,20.30655963,357.0,0.03747196,2.1262468038997486
3992,9860525,Spot Grid,1,BTCUSDT,1.0,7376838,11.14,15.03991976,89.0,0.00895397,2.124789363090656
3993,9879472,Spot Grid,1,PEPEUSDT,1.0,6537543,27.79,166.79694561,669.0,0.10957173,2.123888722148423
3994,9752397,Spot Grid,1,OGUSDT,1.0,10729505,9.8,160.8972236,342.0,0.02209149,2.1238794447320424
3995,10069396,Spot Grid,1,PUMPUSDT,1.0,1187070,29.32,146.6016607,254.0,0.0861932,2.123797614006899
3996,9862784,Spot Grid,1,BTCUSDT,1.0,7269423,4.5,12.50582755,2005.0,0.01272969,2.1235838375083143
3997,9458510,Spot Grid,1,ETHBTC,1.0,17410685,4.46,163.15776837,88.0,0.01607942,2.123525528239565
3998,9501859,Spot Grid,1,BNBBTC,1.0,16339041,2.68,22.4706074,1201.0,0.02460479,2.1229541446167866
3999,9732209,Spot Grid,1,ICPBTC,1.0,11307734,12.01,82.75541871,833.0,0.04670176,2.1224353031875713
4000,9219428,Spot Grid,1,ETHUSDT,1.0,22217060,0.24,17.96836491,434.0,0.02020447,2.1210318603356693
4001,9531821,Spot Grid,1,ETHBTC,1.0,15544304,3.99,33.27988318,266.0,0.00873522,2.1208396205183866
4002,9852933,Spot Grid,1,BTCUSDT,1.0,7701282,9.32,31.93059855,556.0,0.010584,2.1189156416320967
4003,9852907,Spot Grid,1,BTCUSDT,1.0,7702833,9.3,43.11640993,556.0,0.01054364,2.118792810625215
4004,9869032,Spot Grid,1,BTCUSDT,1.0,7016831,6.08,42.55053015,1578.0,0.01161667,2.118611953345468
4005,9855116,Spot Grid,1,BTCUSDT,1.0,7594571,9.34,72.4667648,545.0,0.01025023,2.117989918264235
4006,10004238,Spot Grid,1,UNIUSDT,1.0,2655558,20.92,655.32469861,704.0,0.05889491,2.1174049285894725
4007,9465266,Spot Grid,1,ETHBTC,1.0,17281500,4.65,52.94442444,83.0,0.01617427,2.1165571846054236
4008,9776524,Spot Grid,1,BNBUSDT,1.0,10178199,9.7,12.13526086,50.0,0.01256043,2.1160180572395193
4009,9423564,Spot Grid,1,SOLETH,1.0,17949070,3.17,236.93427869,205.0,0.01449427,2.11560244191339
4010,9944197,Spot Grid,1,BTCUSDT,1.0,3977054,14.1,193.44265865,309.0,0.01661786,2.1141876713264547
4011,9505204,Spot Grid,1,ETHBTC,1.0,16240589,5.56,11.36134938,72.0,0.01637365,2.113683221272956
4012,9858952,Spot Grid,1,BNBUSDT,1.0,7442558,4.99,81.90749372,1946.0,0.01568199,2.1130764450436037
4013,9267553,Spot Grid,1,SOLETH,1.0,21179844,2.73,37.20889635,394.0,0.02898676,2.1126488965922774
4014,8741312,Spot Grid,1,CAKEUSDT,1.0,30486668,4.12,825.13820765,298.0,0.07839768,2.1126463725347526
4015,9431563,Spot Grid,1,DOGEUSDT,1.0,17806924,6.18,32.00035908,88.0,0.02706212,2.109814104531712
4016,9653490,Spot Grid,1,ETHBTC,1.0,13186843,4.7,27.4411372,149.0,0.00048931,2.109606151365767
4017,9467699,Spot Grid,1,ADAUSDT,1.0,17226969,11.53,23.13159987,161.0,0.05543921,2.1078405746505484
4018,9959179,Spot Grid,1,ADAUSDT,1.0,3771777,13.12,78.75377094,1133.0,0.02754373,2.1061515273114715
4019,9943951,Spot Grid,1,ETHUSDT,1.0,3983683,8.06,93.15743174,1392.0,0.00636101,2.1049392083615777
4020,9945804,Spot Grid,1,ETHUSDT,1.0,3946213,10.26,442.71938997,972.0,0.01115809,2.104791564399848
4021,9261070,Spot Grid,1,BNBUSDC,1.0,21297304,0.75,952.91942708,489.0,0.02569115,2.104716762534676
4022,9841392,Spot Grid,1,BTCUSDC,1.0,8080523,9.18,32.42024,300.0,0.00662318,2.104028339729413
4023,9869157,Spot Grid,1,BTCUSDT,1.0,7010793,9.33,26.14278947,558.0,0.0083089,2.103748488129993
4024,9968931,Spot Grid,1,SOLUSDT,1.0,3587435,15.43,19.75864392,445.0,0.02478641,2.099960976073914
4025,9659233,Spot Grid,1,BTCUSDC,1.0,13107572,5.38,369.53675365,239.0,0.00794157,2.0994904795185736
4026,9865275,Spot Grid,1,BTCUSDT,1.0,7144678,4.78,36.50673269,1760.0,0.00963749,2.099463369950853
4027,9738652,Spot Grid,1,BTCUSDT,1.0,11098670,9.39,20.03293784,108.0,0.01674928,2.099013927246276
4028,9830485,Spot Grid,1,BTCUSDT,1.0,8422422,8.66,246.95214909,175.0,0.00392212,2.0984386316470953
4029,9523477,Spot Grid,1,BNBETH,1.0,15734595,2.74,15.33812289,804.0,0.01498239,2.0963368864289316
4030,9845309,Spot Grid,1,XLMUSDT,1.0,7972489,10.22,74.12377479,1467.0,0.03711047,2.0952445375319346
4031,10036284,Spot Grid,1,WLDUSDT,1.0,1730334,27.79,150.60325932,41.0,0.07683087,2.0945604969142115
4032,9866914,Spot Grid,1,BTCUSDT,1.0,7091550,4.1,20.96396831,1775.0,0.00613386,2.0943004309845206
4033,9852760,Spot Grid,1,BTCUSDT,1.0,7711909,9.01,36.54087348,557.0,0.00997146,2.0941762454253476
4034,9684605,Spot Grid,1,BTCUSDC,1.0,12645162,4.37,43.73997345,683.0,0.00838217,2.0938579387391028
4035,9948038,Spot Grid,1,SOLUSDC,1.0,3910037,12.73,307.67841853,228.0,0.00855069,2.0932017358946045
4036,9862565,Spot Grid,1,ETHUSDT,1.0,7279934,7.94,79.49996453,718.0,0.00595118,2.0928165943622608
4037,9742618,Spot Grid,1,BNBUSDT,1.0,10979975,6.65,29.94129423,509.0,0.0100548,2.092225575128738
4038,9389299,Spot Grid,1,SOLETH,1.0,18657081,1.9,15.53508857,762.0,0.02217065,2.0918468869703446
4039,9497840,Spot Grid,1,BNBBTC,1.0,16481838,2.36,13.56805506,1205.0,0.02476739,2.091469625769941
4040,9744192,Spot Grid,1,ETHBTC,1.0,10933724,8.37,202.96740529,225.0,0.01418782,2.0913105952519064
4041,9680856,Spot Grid,1,BTCUSDT,1.0,12715091,4.07,13.07796993,734.0,0.00807984,2.0908904685738694
4042,9957471,Spot Grid,1,ETCUSDT,1.0,3793775,15.57,80.9843544,477.0,0.02785911,2.089189781543959
4043,9656867,Spot Grid,1,BTCUSDT,1.0,13112581,4.13,13.24400854,646.0,0.00834149,2.0885210839654045
4044,9953668,Spot Grid,1,SOLUSDT,1.0,3839347,13.93,19.2108904,49.0,0.00980794,2.086652052548546
4045,10031677,Spot Grid,1,ADAUSDT,1.0,1689347,21.67,141.71464928,43.0,0.04351321,2.0857760986476093
4046,9661352,Spot Grid,1,ETHBTC,1.0,13085027,6.71,54.48376817,237.0,0.01408783,2.0838857740809424
4047,9570169,Spot Grid,1,ETHBTC,1.0,14808077,3.51,13.63746307,102.0,0.00089607,2.0833558921990876
4048,9662104,Spot Grid,1,BTCUSDC,1.0,13072310,3.92,113.44907431,958.0,0.01434828,2.0832479811686664
4049,9679630,Spot Grid,1,BTCUSDT,1.0,12733641,5.07,91.39326136,893.0,0.01772747,2.0826978240656113
4050,9652726,Spot Grid,1,BTCUSDT,1.0,13198363,4.81,39.04652469,462.0,0.00892093,2.082255585841681
4051,10051150,Spot Grid,1,ADAUSDT,1.0,1510592,12.81,37.1671867,535.0,0.00434684,2.080480214556086
4052,9256174,Spot Grid,1,ADAUSDC,1.0,21407755,4.83,24.17609619,1338.0,0.06274335,2.0781724961946697
4053,9706237,Spot Grid,1,BTCUSDT,1.0,12059086,5.55,19.445003,344.0,0.00572165,2.076819415450772
4054,9852230,Spot Grid,1,BTCUSDT,1.0,7732300,8.93,89.31081176,559.0,0.01064746,2.0764259481870653
4055,9668093,Spot Grid,1,BTCUSDC,1.0,12955751,3.32,110.41219989,715.0,0.00570648,2.075859314036501
4056,9514666,Spot Grid,1,ETHBTC,1.0,16015615,4.07,17.56090009,223.0,0.01203731,2.075022699826283
4057,9946875,Spot Grid,1,BTCUSDT,1.0,3930380,6.76,77.83381549,1630.0,0.00525003,2.0732057709938214
4058,9945626,Spot Grid,1,BTCUSDT,1.0,3948988,6.9,260.18754969,1528.0,0.00487868,2.073127086634195
4059,9708758,Spot Grid,1,ETHBTC,1.0,12016435,7.8,178.45067817,136.0,0.01443545,2.0726898414060524
4060,9734369,Spot Grid,1,BTCUSDT,1.0,11233799,4.9,17.7197045,682.0,0.00597867,2.071847701652013
4061,9969963,Spot Grid,1,SOLUSDC,1.0,3570080,12.73,124.76717394,91.0,0.00411637,2.071837829060445
4062,9965415,Spot Grid,1,XRPFDUSD,1.0,3655934,2.96,143.70471017,2515.0,0.0024097,2.0715727406285156
4063,9484111,Spot Grid,1,TRXXRP,1.0,16818262,1.11,242.4988962,1701.0,0.03190122,2.0699305311948843
4064,9733080,Spot Grid,1,BTCUSDC,1.0,11279276,5.69,12.52288628,618.0,0.00919333,2.0699119305660907
4065,9766828,Spot Grid,1,BTCUSDT,1.0,10413380,7.13,214.08986399,42.0,0.00224171,2.0694346744359224
4066,9856170,Spot Grid,1,BTCUSDT,1.0,7552370,9.1,81.92748209,542.0,0.01069749,2.069293567179502
4067,9907042,Spot Grid,1,ZECUSDT,1.0,5394376,33.74,108.93096393,271.0,0.13083292,2.0665162276966327
4068,9291964,Spot Grid,1,DOGEUSDT,1.0,20742138,2.5,174.61029661,447.0,0.02957667,2.0655518620796007
4069,9031175,Spot Grid,1,ENAUSDT,1.0,25787544,4.05,30.31263759,285.0,0.0555896,2.0622399044559625
4070,9461578,Spot Grid,1,ETHBTC,1.0,17352091,4.14,28.57016983,87.0,0.01586499,2.061267674727439
4071,9670309,Spot Grid,1,ETHBTC,1.0,12913895,4.08,133.75303332,504.0,0.00597421,2.0601330041805523
4072,9743617,Spot Grid,1,BNBUSDC,1.0,10949244,7.77,91.4808997,462.0,0.01667649,2.059816175507724
4073,9121701,Spot Grid,1,BTCUSDC,1.0,24068469,0.04,23.96094823,152.0,0.0235494,2.059761302508777
4074,8658961,Spot Grid,1,PUMPUSDC,1.0,31293799,7.6,130.36232667,50.0,0.09429773,2.05723434023548
4075,9856760,Spot Grid,1,BTCUSDT,1.0,7525687,8.99,40.27666691,541.0,0.01033614,2.054602832075474
4076,9599492,Spot Grid,1,ADAUSDT,1.0,14335795,11.12,22.25165665,282.0,0.04554648,2.0542088113440613
4077,10038704,Spot Grid,1,ICPUSDT,1.0,1659623,16.4,82.00706639,309.0,0.02121012,2.052327141734007
4078,9659819,Spot Grid,1,BTCUSDT,1.0,13101939,3.76,16.87133995,533.0,0.00536406,2.052046327357069
4079,9803871,Spot Grid,1,BTCUSDC,1.0,9378588,4.5,90.0389817,891.0,0.00145375,2.051915075747023
4080,9708618,Spot Grid,1,BTCUSDT,1.0,12022047,5.69,69.73002042,420.0,0.00925516,2.05044975439662
4081,9396514,Spot Grid,1,BNBETH,1.0,18531754,2.14,174.81229195,905.0,0.02852022,2.0488422188614694
4082,9742358,Spot Grid,1,BNBUSDT,1.0,10988093,6.88,98.71126009,673.0,0.01696374,2.0476065569883186
4083,9840748,Spot Grid,1,BTCUSDT,1.0,8093920,8.55,85.57083735,96.0,0.00147594,2.0471152772222334
4084,9829568,Spot Grid,1,BTCUSDT,1.0,8447798,8.14,203.58605928,222.0,0.00405235,2.046250688687011
4085,9689985,Spot Grid,1,BTCUSDC,1.0,12526445,4.92,98.47142289,667.0,0.01276237,2.0456859953502384
4086,9220493,Spot Grid,1,SOLFDUSD,1.0,22189229,0.51,51.55742289,553.0,0.02732578,2.044540628697516
4087,9176299,Spot Grid,1,RENDERUSDC,1.0,23012600,6.28,31.43470321,679.0,0.06505684,2.042731123114676
4088,9678300,Spot Grid,1,BTCUSDT,1.0,12747464,4.56,15.51958723,456.0,0.00698222,2.042300864319439
4089,9966114,Spot Grid,1,TAOUSDT,1.0,3636263,23.73,82.18983476,115.0,0.06607654,2.0421939763695547
4090,9739484,Spot Grid,1,ADAUSDT,1.0,11069425,14.06,42.19518611,475.0,0.05244646,2.0395879439290185
4091,9582768,Spot Grid,1,PEPEUSDT,1.0,14651840,11.02,42.47220936,1266.0,0.06787745,2.0391548071879755
4092,9716608,Spot Grid,1,BTCUSDT,1.0,11783980,7.86,173.93523762,258.0,0.01771486,2.038163041380378
4093,9215303,Spot Grid,1,PEPEUSDC,1.0,22309671,7.07,10.87352138,839.0,0.06986342,2.037537103601332
4094,9419691,Spot Grid,1,DOGEFDUSD,1.0,10634432,3.54,22.62109456,1884.0,0.02280979,2.037496245601568
4095,9909916,Spot Grid,1,GRAMUSDT,1.0,5268456,12.0,31.20935695,487.0,0.01667697,2.0370159348699874
4096,9795420,Spot Grid,1,XRPUSDT,1.0,9632029,10.68,81.88927812,755.0,0.03408412,2.035829705392464
4097,9985634,Spot Grid,1,XLMUSDC,1.0,3218691,21.38,14.92459054,76.0,0.05052729,2.035541134930873
4098,9328582,Spot Grid,1,ADAUSDC,1.0,20007445,2.34,43.58114444,1148.0,0.04095424,2.0347687144343083
4099,9653879,Spot Grid,1,BTCUSDT,1.0,13182804,4.21,42.19230147,501.0,0.00832197,2.034707406913139
4100,9695422,Spot Grid,1,BTCUSDT,1.0,12402047,4.82,72.34733658,872.0,0.01644788,2.0317022742395716
4101,9711465,Spot Grid,1,BTCUSDT,1.0,11923483,5.46,109.36127617,295.0,0.00589205,2.0315845204156577
4102,9740887,Spot Grid,1,ADAUSDT,1.0,11025849,14.03,42.10252457,474.0,0.05244774,2.0302922445525935
4103,9237939,Spot Grid,1,BTCFDUSD,1.0,21471758,0.62,541.72552804,302.0,0.02265407,2.0300309717553358
4104,9965274,Spot Grid,1,PORTALUSDT,1.0,3658827,24.03,12.01815668,9.0,0.0657159,2.0296284583333586
4105,8568561,Spot Grid,1,MINAUSDT,1.0,32372052,5.24,84.51421313,661.0,0.09979296,2.0295959928582095
4106,9695277,Spot Grid,1,BTCUSDT,1.0,12321100,5.34,53.42132483,369.0,0.0083086,2.0292026504257406
4107,9455577,Spot Grid,1,XRPUSDT,1.0,17457437,7.3,36.50512595,142.0,0.03612115,2.0286967041113475
4108,9801807,Spot Grid,1,DOGEUSDT,1.0,9454227,11.54,17.35467822,420.0,0.03093301,2.027810691478169
4109,9695921,Spot Grid,1,SOLBNB,1.0,12395478,5.11,50.69575419,384.0,0.00774488,2.0273680447223534
4110,9736018,Spot Grid,1,FILUSDT,1.0,11186731,8.87,121.4338863,3169.0,0.08250558,2.0257634452327493
4111,9659125,Spot Grid,1,BTCUSDT,1.0,13108602,5.24,20.96768872,276.0,0.00914563,2.025404460088239
4112,9665533,Spot Grid,1,ADAUSDT,1.0,13008646,10.57,17.9702511,241.0,0.03719483,2.0238159172278043
4113,9465472,Spot Grid,1,SUIUSDT,1.0,17275223,16.41,31.50820246,280.0,0.08830791,2.0232959933585017
4114,10012688,Spot Grid,1,UNIBTC,1.0,2447522,19.19,95.86758478,491.0,0.04501127,2.021380493766592
4115,9666772,Spot Grid,1,BTCUSDT,1.0,12988578,6.12,61.26352863,239.0,0.01305459,2.0208789655680994
4116,9697945,Spot Grid,1,BTCUSDT,1.0,12349587,5.3,159.06694204,291.0,0.0074494,2.020616362981116
4117,9856669,Spot Grid,1,BTCUSDT,1.0,7530050,8.65,25.97803733,542.0,0.00980861,2.0205714984158307
4118,9681322,Spot Grid,1,SUIUSDT,1.0,12705015,10.08,26.23096133,335.0,0.03540432,2.0198902660641775
4119,9906536,Spot Grid,1,BTCUSDT,1.0,5412982,14.16,12.88110673,181.0,0.02324313,2.0196860015715723
4120,9636424,Spot Grid,1,ETHBTC,1.0,13533632,3.19,156.98904736,742.0,0.01061135,2.017715942946918
4121,9690575,Spot Grid,1,TAOUSDT,1.0,12514137,9.29,92.90406701,1836.0,0.06254899,2.015305858039696
4122,9240546,Spot Grid,1,SOLUSDC,1.0,21728295,2.16,10.81591462,55.0,0.02482302,2.015070589678042
4123,9660061,Spot Grid,1,BTCUSDT,1.0,13099409,2.62,262.74759889,948.0,0.01072605,2.01303787545897
4124,9804494,Spot Grid,1,ETHBTC,1.0,9366849,9.02,233.05824737,182.0,0.01355111,2.0101722419444923
4125,9589826,Spot Grid,1,DOGEUSDT,1.0,14504647,7.55,88.98936174,935.0,0.04269131,2.0093647308511353
4126,9666867,Spot Grid,1,BTCUSDC,1.0,12986945,5.87,176.21574719,476.0,0.01778848,2.0083412168659134
4127,9964905,Spot Grid,1,ETHUSDC,1.0,3666669,5.27,29.04000955,1983.0,0.00581709,2.0077041307275594
4128,9907023,Spot Grid,1,BTCUSDT,1.0,5394784,13.4,25.1441691,92.0,0.01769162,2.007104814862122
4129,9853924,Spot Grid,1,BTCUSDT,1.0,7654805,7.41,370.78706207,524.0,0.00550162,2.0067984896785354
4130,9506522,Spot Grid,1,ZROUSDT,1.0,14614428,19.76,31.0999997,216.0,0.09461798,2.0056919248927376
4131,9877101,Spot Grid,1,DYDXUSDT,1.0,6612606,17.32,84.35943223,273.0,0.04857496,2.0048303488366686
4132,9507230,Spot Grid,1,ETHBTC,1.0,16187984,4.13,29.6592843,41.0,0.01220129,2.0031386993770464
4133,9176065,Spot Grid,1,BTCUSDT,1.0,23017239,0.99,10.91597696,19.0,0.02371835,2.001386346246864
4134,9691979,Spot Grid,1,BTCUSDT,1.0,12488381,5.68,56.83883745,420.0,0.01314188,2.000297383059839
4135,9944666,Spot Grid,1,BTCUSDT,1.0,3963376,13.24,198.72777007,309.0,0.01655337,1.9978374821193898
4136,10006553,Spot Grid,1,ZECUSDT,1.0,2596087,25.43,611.00308679,1156.0,0.09746935,1.99758689868519
4137,9830661,Spot Grid,1,BNBUSDT,1.0,8418159,7.51,150.28518856,450.0,0.00700552,1.997007234645378
4138,9724500,Spot Grid,1,BNBBTC,1.0,11544097,3.86,93.20617277,916.0,0.00996823,1.996766758999948
4139,9909139,Spot Grid,1,ZECUSDT,1.0,5305447,32.78,65.5790696,269.0,0.12784061,1.9941462153856782
4140,9871284,Spot Grid,1,BTCUSDT,1.0,6898016,4.76,28.59531378,1683.0,0.01105091,1.9937228782746255
4141,9943832,Spot Grid,1,CFXUSDT,1.0,3986217,15.63,128.12368332,524.0,0.03408354,1.9936668930724086
4142,10033086,Spot Grid,1,TUTUSDT,1.0,1824627,21.68,21.68233698,317.0,0.05303427,1.993448249119715
4143,9958307,Spot Grid,1,SOLUSDC,1.0,3784554,8.56,85.70671852,1210.0,0.00883984,1.9933318499617194
4144,9967610,Spot Grid,1,ZECUSDT,1.0,3602410,20.42,122.52297708,481.0,0.05777153,1.9923286103755182
4145,9944255,Spot Grid,1,SOLUSDT,1.0,3975538,6.79,67.90078539,1705.0,0.01040159,1.99207360256309
4146,9742059,Spot Grid,1,BNBUSDC,1.0,10997771,7.23,69.61174973,187.0,0.01073724,1.9916178293831486
4147,9257998,Spot Grid,1,ETHUSDT,1.0,21372589,1.39,12.01122126,124.0,0.02167289,1.9872296044459816
4148,9692253,Spot Grid,1,BTCUSDT,1.0,12483936,4.71,12.7363215,316.0,0.00593713,1.9866097268069063
4149,9808864,Spot Grid,1,BTCUSDT,1.0,9214374,7.01,28.27263756,219.0,0.00264676,1.9848371864547847
4150,9495455,Spot Grid,1,ETHBTC,1.0,16556344,4.74,86.2766816,104.0,0.01947826,1.9847130162115205
4151,9661246,Spot Grid,1,XRPUSDT,1.0,13086273,6.13,41.8669445,762.0,0.02597136,1.9840554239921628
4152,9536142,Spot Grid,1,ETHBTC,1.0,15456601,4.18,13.84458145,129.0,0.01195568,1.9825576715236315
4153,9698559,Spot Grid,1,BTCUSDT,1.0,12320674,5.37,26.85382394,184.0,0.00634257,1.981341746193673
4154,9658378,Spot Grid,1,XRPUSDT,1.0,13115203,5.82,41.55287456,824.0,0.02583144,1.9809986949708998
4155,9697327,Spot Grid,1,BTCUSDT,1.0,12367496,4.48,67.26679538,871.0,0.01644823,1.9805133890141682
4156,9660088,Spot Grid,1,BTCUSDT,1.0,13098279,4.53,17.27664313,571.0,0.0132492,1.9803196633655005
4157,9856797,Spot Grid,1,BTCUSDT,1.0,7523817,8.36,25.08736522,542.0,0.0098105,1.9802339143714838
4158,9222105,Spot Grid,1,BTCUSDT,1.0,22156588,0.3,21.41278728,122.0,0.01937832,1.9794323269583054
4159,9239156,Spot Grid,1,BTCUSDT,1.0,21761029,0.84,12.64718653,59.0,0.01927841,1.9790898051098669
4160,9243076,Spot Grid,1,BTCUSDC,1.0,21667942,1.12,16.96575896,75.0,0.02079473,1.978562068563451
4161,9686838,Spot Grid,1,BTCUSDT,1.0,12594908,5.41,14.7871894,182.0,0.00778862,1.9773760243998832
4162,9856886,Spot Grid,1,BTCUSDT,1.0,7520184,8.43,20.49562665,541.0,0.01025201,1.9772777280713763
4163,10010764,Spot Grid,1,DYDXUSDT,1.0,2494840,15.59,31.18422698,230.0,0.02143106,1.977229698821592
4164,9741833,Spot Grid,1,BNBUSDT,1.0,11003768,6.31,105.06965752,451.0,0.01211437,1.9762216965525634
4165,9282130,Spot Grid,1,ADAUSDC,1.0,20874834,7.97,27.75990876,116.0,0.05590968,1.976187388442917
4166,9857497,Spot Grid,1,BTCUSDT,1.0,7496854,8.42,37.0503702,541.0,0.01024576,1.9757076305048205
4167,9509509,Spot Grid,1,BNBETH,1.0,16126904,0.76,62.83634273,1676.0,0.02939822,1.9748080270369794
4168,9677445,Spot Grid,1,BTCUSDT,1.0,12764872,5.58,24.31116153,504.0,0.01641243,1.9747525058026967
4169,9741765,Spot Grid,1,BNBUSDT,1.0,11005410,8.35,41.77140854,186.0,0.01741428,1.9747002526869777
4170,9679751,Spot Grid,1,BNBBTC,1.0,12732467,7.22,41.63548416,163.0,0.01813995,1.974339749227352
4171,9887738,Spot Grid,1,ETHUSDT,1.0,6224079,10.05,30.86572208,230.0,0.00718203,1.974006699597119
4172,9822785,Spot Grid,1,BTCUSDT,1.0,8720153,7.13,53.95699037,192.0,0.00119878,1.9737065095778499
4173,9732210,Spot Grid,1,BNBBTC,1.0,11307721,4.19,108.39568128,944.0,0.01237385,1.973373636435043
4174,9944182,Spot Grid,1,ETHUSDT,1.0,3977763,9.32,2343.13952792,426.0,0.00965174,1.9733044973963176
4175,10040166,Spot Grid,1,XRPUSDT,1.0,1611435,13.07,39.2299019,395.0,0.00757077,1.9728882421795542
4176,9330306,Spot Grid,1,XRPUSDC,1.0,19973657,3.77,95.01941187,75.0,0.02868407,1.9728831630960564
4177,10009320,Spot Grid,1,LTCUSDT,1.0,2535583,20.13,216.8804019,481.0,0.05292658,1.9719857754416301
4178,9973382,Spot Grid,1,DOGEUSDC,1.0,3506076,6.23,12.47319376,2627.0,0.02538949,1.971223302910676
4179,9958594,Spot Grid,1,PEPEUSDT,1.0,3417244,16.12,42.69004224,1829.0,0.0624151,1.9709740692470727
4180,9949679,Spot Grid,1,ETHUSDT,1.0,3881283,9.93,44.69940513,897.0,0.01086301,1.9697935665477082
4181,9399144,Spot Grid,1,ADAUSDT,1.0,18500269,6.76,67.69054609,1142.0,0.06134215,1.9689188556000596
4182,9907148,Spot Grid,1,CTKUSDT,1.0,5389879,19.84,195.32038298,684.0,0.06811,1.9623881444549969
4183,9220196,Spot Grid,1,LTCUSDT,1.0,22197398,5.66,15.489404,141.0,0.04996014,1.9619271009664276
4184,9602592,Spot Grid,1,ETHBTC,1.0,14300048,3.44,31.49067492,535.0,0.01255306,1.959893714228112
4185,9781803,Spot Grid,1,BNBUSDT,1.0,10012769,5.71,28.57931999,578.0,0.00755171,1.9597048041220464
4186,9822791,Spot Grid,1,ETHUSDT,1.0,8720014,7.68,37.38308412,122.0,0.00321105,1.9595346102268312
4187,9999301,Spot Grid,1,ETHFDUSD,1.0,2755049,8.34,72.19987649,1735.0,0.01577624,1.9559101140758663
4188,9591736,Spot Grid,1,ETHBTC,1.0,14473856,3.17,21.6812036,402.0,0.00921458,1.9534080786513295
4189,9457301,Spot Grid,1,XRPUSDT,1.0,17428964,3.15,106.47306093,399.0,0.02215887,1.9521816283804345
4190,9975611,Spot Grid,1,ADAUSDC,1.0,3441127,15.21,17.8294078,36.0,0.02023884,1.9519458376932173
4191,9454207,Spot Grid,1,XRPUSDT,1.0,17472498,4.57,21.08612143,220.0,0.02592086,1.951405556586489
4192,10009276,Spot Grid,1,UNIUSDT,1.0,2536628,11.28,488.07122846,1609.0,0.03070146,1.9485238100351097
4193,9688216,Spot Grid,1,BTCUSDT,1.0,12569929,4.27,12.82851971,238.0,0.00396055,1.9439471332344904
4194,9932488,Spot Grid,1,ETHUSDT,1.0,4458287,11.42,22.84306334,460.0,0.0131663,1.943879270878222
4195,10010941,Spot Grid,1,KSMUSDT,1.0,2490591,14.71,53.13220112,156.0,0.01650068,1.9434597206795106
4196,9743095,Spot Grid,1,BNBUSDC,1.0,10966279,6.08,18.87910253,351.0,0.00947574,1.9428769231847036
4197,9938726,Spot Grid,1,ETHUSDT,1.0,4148358,10.93,657.89532778,191.0,0.00678073,1.9427323396007141
4198,9985328,Spot Grid,1,DOGEUSDT,1.0,3229188,16.88,16.88903299,203.0,0.03241212,1.9416955122152653
4199,9686046,Spot Grid,1,BTCUSDT,1.0,12612891,5.32,117.41683998,428.0,0.01457461,1.9407971760001586
4200,9252556,Spot Grid,1,BTCFDUSD,1.0,21473679,0.11,444.00506543,280.0,0.02254049,1.939473389013208
4201,9500899,Spot Grid,1,DOGEUSDT,1.0,16373768,4.21,118.96433608,923.0,0.03513901,1.9387567580112806
4202,9238294,Spot Grid,1,SOLUSDT,1.0,21785778,3.24,649.13452082,41.0,0.03716002,1.9355391275429061
4203,10017034,Spot Grid,1,ZILUSDT,1.0,2320198,20.84,104.99612118,135.0,0.04954077,1.9335153235635665
4204,9862120,Spot Grid,1,BTCUSDT,1.0,7301174,8.03,40.10816126,450.0,0.0071574,1.9310925380959576
4205,9531209,Spot Grid,1,ETHBTC,1.0,15555600,3.53,182.4569708,132.0,0.01182184,1.9310323475723805
4206,9828583,Spot Grid,1,ETHBTC,1.0,8496621,6.19,86.85892329,349.0,0.00034399,1.9300359977022157
4207,9959051,Spot Grid,1,SOLUSDT,1.0,3773666,9.16,36.78970597,1030.0,0.01056755,1.9298285135475102
4208,9447689,Spot Grid,1,BNBETH,1.0,17539990,1.62,220.50253408,519.0,0.01830486,1.929299028317729
4209,9901562,Spot Grid,1,BTCUSDT,1.0,5661322,10.73,282.12550053,19.0,0.0071526,1.9285248610589234
4210,10084545,Spot Grid,1,NEARUSDC,1.0,991496,16.51,165.19895861,225.0,0.02258364,1.9284157600180947
4211,9936424,Spot Grid,1,SOLUSDT,1.0,4245256,10.55,42.49095323,371.0,0.00640072,1.9267478119562924
4212,9977213,Spot Grid,1,SOLUSDT,1.0,3397043,13.02,65.12597716,345.0,0.0158666,1.9265443495540202
4213,9651308,Spot Grid,1,BTCUSDT,1.0,13220722,2.21,1165.77474053,468.0,0.00697154,1.9263464592131796
4214,9219605,Spot Grid,1,BTCUSDT,1.0,22212245,0.25,12.75947184,49.0,0.01993638,1.9250873712312064
4215,9946408,Spot Grid,1,ETHUSD1,1.0,3936807,7.2,492.43235915,1258.0,0.00790249,1.9249337854237043
4216,9716903,Spot Grid,1,ADAUSDC,1.0,11776135,10.45,20.10770332,439.0,0.0396107,1.9207167995790628
4217,9657181,Spot Grid,1,VIRTUALUSDT,1.0,13131486,15.83,10.46961076,339.0,0.07272149,1.9197136552926635
4218,9341070,Spot Grid,1,IMXUSDT,1.0,19715696,10.92,135.72141645,541.0,0.07902244,1.9170155502736819
4219,9878945,Spot Grid,1,BTCUSDT,1.0,6551559,6.75,15.86389152,1103.0,0.01128511,1.9150108450428198
4220,9985630,Spot Grid,1,RENDERUSDT,1.0,3218921,17.17,37.94908518,2353.0,0.08064018,1.9145884381545513
4221,9469170,Spot Grid,1,ETHBTC,1.0,17189257,2.62,1939.58272496,132.0,0.02352462,1.9145281022789882
4222,9907968,Spot Grid,1,ZECUSDT,1.0,5351617,32.55,62.50973511,269.0,0.12997301,1.9142375489858456
4223,10005241,Spot Grid,1,ADAUSDT,1.0,2635994,20.97,20.97918478,244.0,0.05427869,1.9135337953589597
4224,9690051,Spot Grid,1,BTCUSDC,1.0,12525016,5.17,84.61961442,420.0,0.014148,1.9132150511287926
4225,9451083,Spot Grid,1,ETHBTC,1.0,17502776,2.76,34.83570308,293.0,0.01930772,1.9128759998768945
4226,9698105,Spot Grid,1,BTCUSDC,1.0,12345556,5.0,34.62182079,285.0,0.00936982,1.9124030254429456
4227,9910702,Spot Grid,1,BTCUSDT,1.0,5237637,12.58,12.58073505,190.0,0.01835669,1.9121086157120364
4228,9696223,Spot Grid,1,BTCUSDT,1.0,12390766,4.46,44.6020817,508.0,0.0115215,1.9088122685497533
4229,9678158,Spot Grid,1,BTCUSDT,1.0,12749875,4.99,51.43541648,397.0,0.01364944,1.9086689832733674
4230,9277416,Spot Grid,1,ADAUSDT,1.0,20971717,4.0,22.03700541,624.0,0.04803974,1.9083798357175366
4231,10006313,Spot Grid,1,NEARUSDT,1.0,2605429,21.19,127.1956413,657.0,0.06488441,1.9073527852409826
4232,10009363,Spot Grid,1,APTUSDT,1.0,2534342,18.22,50.47977909,96.0,0.03606815,1.9072353197505145
4233,9997310,Spot Grid,1,SOLUSDT,1.0,2826251,14.41,57.51527367,192.0,0.01854297,1.9069839035601184
4234,9712880,Spot Grid,1,BTCUSDT,1.0,11880682,4.56,12.6126661,219.0,0.00368337,1.9069711188566572
4235,9727001,Spot Grid,1,PENGUUSDC,1.0,11464532,21.49,14.8223395,1887.0,0.12988756,1.9061829602513292
4236,10013686,Spot Grid,1,UNIUSDT,1.0,2417173,12.25,196.65025197,1421.0,0.03176676,1.9051063040253557
4237,9696229,Spot Grid,1,BTCUSDT,1.0,12390659,4.41,44.1150908,508.0,0.0115215,1.9019259164968625
4238,9993454,Spot Grid,1,XLMUSDT,1.0,2960889,12.59,75.08010779,398.0,0.01383682,1.901266784285469
4239,9741653,Spot Grid,1,BNBUSDT,1.0,11008047,6.3,49.53781766,288.0,0.0113812,1.9005963240630894
4240,9750646,Spot Grid,1,ETHBTC,1.0,10762967,5.42,58.61164917,229.0,0.00434309,1.8999256188115894
4241,9909832,Spot Grid,1,BTCUSDT,1.0,5271885,12.46,18.69767705,191.0,0.01852971,1.896405492020444
4242,9939404,Spot Grid,1,ADABTC,1.0,4114444,12.15,48.14437481,461.0,0.01777307,1.8958188598628762
4243,9955893,Spot Grid,1,TAOUSDT,1.0,3806520,19.91,78.05928399,203.0,0.05375258,1.8924919812575214
4244,9835530,Spot Grid,1,BTCUSDC,1.0,8242643,7.87,15.74899569,88.0,0.00411359,1.8914666777408384
4245,10060716,Spot Grid,1,HBARUSDT,1.0,1347637,19.37,193.77268954,1946.0,0.07783903,1.890491813041278
4246,9742640,Spot Grid,1,ADAUSDT,1.0,10979532,13.15,39.47572608,472.0,0.0530022,1.8902664705719405
4247,9591700,Spot Grid,1,ETHBTC,1.0,14474270,3.31,24.93785495,350.0,0.01148976,1.8889067185074087
4248,9855257,Spot Grid,1,BTCUSDC,1.0,7588231,8.14,22.38730864,276.0,0.00691098,1.8888407952156794
4249,10026665,Spot Grid,1,WLDUSDT,1.0,2037064,24.0,2776.33508298,476.0,0.08837298,1.888790738664118
4250,9985641,Spot Grid,1,XLMUSDC,1.0,3218405,21.73,19.08259074,151.0,0.06002281,1.8868238654256229
4251,9743827,Spot Grid,1,BNBUSDT,1.0,10943007,5.79,19.06697415,192.0,0.00680104,1.8837496248964252
4252,9945655,Spot Grid,1,BTCUSDT,1.0,3948485,11.6,1108.73526908,308.0,0.01683447,1.8817952444183055
4253,9531481,Spot Grid,1,ETHBTC,1.0,15550262,3.28,39.16111874,131.0,0.01173282,1.8797425586333159
4254,9726584,Spot Grid,1,BTCUSDT,1.0,11476731,4.73,25.90986388,216.0,0.00400769,1.8791904972493216
4255,9976764,Spot Grid,1,DOGEUSDT,1.0,3410215,8.86,15.65308278,1347.0,0.01601718,1.8788663223018545
4256,10030379,Spot Grid,1,SOLUSDT,1.0,1919122,7.39,3834.83293951,938.0,0.01275486,1.874688077368502
4257,9659129,Spot Grid,1,BTCUSDT,1.0,13108535,4.08,40.84534632,279.0,0.00904538,1.8739663032763088
4258,9971175,Spot Grid,1,BTCU,1.0,3480910,6.2,196.10311999,1564.0,0.00748521,1.8737963311640893
4259,9274851,Spot Grid,1,SOLETH,1.0,21028132,1.99,50.88143171,244.0,0.03087436,1.8714164395185375
4260,9622393,Spot Grid,1,BTCUSDT,1.0,13877086,4.17,12.481232,519.0,0.01788029,1.870846649105069
4261,9905968,Spot Grid,1,BTCUSDT,1.0,5444980,7.08,107.32825034,1068.0,0.00988745,1.8702778529117237
4262,9880529,Spot Grid,1,BTCUSDT,1.0,6507671,9.92,69.49079206,534.0,0.0184849,1.8701433119020765
4263,9659698,Spot Grid,1,BTCUSDT,1.0,13103101,2.42,336.43380623,361.0,0.00334754,1.870113987654555
4264,10067584,Spot Grid,1,NEARUSDC,1.0,1210170,19.59,26.77057099,208.0,0.04167763,1.8692731070490916
4265,9992671,Spot Grid,1,XRPUSDT,1.0,2984522,4.48,16522.26306353,653.0,0.06082621,1.869156342189087
4266,9679733,Spot Grid,1,BTCUSDT,1.0,12732631,4.14,207.32912461,361.0,0.01066166,1.8664056097977864
4267,8922532,Spot Grid,1,CAKEUSDT,1.0,27825070,7.06,7816.90057507,268.0,0.12842815,1.863785424561571
4268,9908188,Spot Grid,1,ZECUSDT,1.0,5341155,31.86,127.44489156,269.0,0.12856427,1.8624987872769032
4269,9911545,Spot Grid,1,BTCUSDT,1.0,5209128,12.24,12.24275347,189.0,0.01836168,1.8620544943005073
4270,9908074,Spot Grid,1,BTCUSDT,1.0,5345945,12.42,23.67159967,179.0,0.01980547,1.8613899249294896
4271,10015853,Spot Grid,1,ZECUSDT,1.0,2359974,17.74,177.41295974,2061.0,0.07687683,1.8585791944861108
4272,9925663,Spot Grid,1,DOGEUSDT,1.0,4737428,10.28,317.17538917,389.0,0.01159025,1.8577872224161893
4273,9912355,Spot Grid,1,BTCUSDT,1.0,5172655,12.57,11.43954088,189.0,0.02018149,1.8577244953497274
4274,9575946,Spot Grid,1,DOGEUSDT,1.0,14737547,7.86,15.72875095,900.0,0.05045203,1.8553501176503049
4275,9961577,Spot Grid,1,SOLUSDC,1.0,3730360,9.52,34.35717651,842.0,0.01141867,1.8537374117548289
4276,9672032,Spot Grid,1,PEPEUSDT,1.0,12886364,6.65,11.06697958,911.0,0.03627057,1.8517500073272894
4277,9858958,Spot Grid,1,XRPUSDT,1.0,7442391,8.08,121.88361082,2008.0,0.04462131,1.8513397173595472
4278,9841262,Spot Grid,1,SOLBTC,1.0,8082840,5.0,43.20308936,837.0,0.0053743,1.8500853385454548
4279,9723620,Spot Grid,1,ETHBTC,1.0,11572582,5.05,139.2679779,246.0,0.00856127,1.8499373162925152
4280,9596433,Spot Grid,1,DOGEUSDT,1.0,14391015,5.88,51.2007681,1546.0,0.05226089,1.848483168571519
4281,9537997,Spot Grid,1,RENDERUSDT,1.0,15417020,2.4,141.7370072,1729.0,0.04196867,1.847759702076631
4282,9921008,Spot Grid,1,BTCUSDT,1.0,4878238,12.78,25.56565051,117.0,0.019036,1.8474055765972601
4283,10008466,Spot Grid,1,DOGEUSDT,1.0,2552427,5.8,14.75349267,2721.0,0.02608733,1.843574247104688
4284,10063099,Spot Grid,1,LTCUSDT,1.0,1302634,9.45,4961.7028604,339.0,0.01579518,1.842821299451825
4285,9945143,Spot Grid,1,BTCUSDT,1.0,3955773,11.63,768.99650269,308.0,0.01685079,1.8427504080070947
4286,9983756,Spot Grid,1,BTCU,1.0,3259830,6.94,220.50872716,1434.0,0.00922589,1.842401908592448
4287,9664786,Spot Grid,1,BTCUSDT,1.0,13019619,5.3,26.03431584,292.0,0.01682853,1.841901550967095
4288,10084755,Spot Grid,1,ALGOUSDT,1.0,987319,15.49,30.9956519,70.0,0.01649635,1.8417204415095791
4289,9252759,Spot Grid,1,BTCUSDC,1.0,21472257,1.8,16.67780448,19.0,0.02801449,1.8410982904268074
4290,9970443,Spot Grid,1,DOGEUSDT,1.0,3556514,5.75,18.4179315,1719.0,0.00908837,1.839510574555046
4291,9952547,Spot Grid,1,GRAMUSDT,1.0,3852617,9.86,26.82162074,1050.0,0.01880098,1.8378747333914596
4292,9910131,Spot Grid,1,BTCUSDT,1.0,5259829,11.31,702.77030992,191.0,0.01816002,1.8352285790202372
4293,9977328,Spot Grid,1,PEPEUSDC,1.0,3393263,8.84,10.69817311,780.0,0.00557571,1.834996334636762
4294,9899185,Spot Grid,1,SOLBNB,1.0,5762226,8.67,131.16510927,208.0,0.00338624,1.832584983596667
4295,9856445,Spot Grid,1,ETHBTC,1.0,7540956,6.29,65.50303562,494.0,0.00373127,1.8312640130491113
4296,9956176,Spot Grid,1,BNBUSDC,1.0,3803725,9.05,2717.60450913,168.0,0.0096323,1.830522460036447
4297,9742284,Spot Grid,1,BNBUSDT,1.0,10990614,8.85,12.94840632,27.0,0.02242731,1.828994497174818
4298,9617125,Spot Grid,1,ETHBTC,1.0,13097799,3.66,56.74502272,172.0,0.00636049,1.8281173916999578
4299,9109207,Spot Grid,1,BTCUSDT,1.0,21472181,1.54,44.69951995,409.0,0.03553932,1.8273395780031996
4300,9982818,Spot Grid,1,XRPUSDT,1.0,3284794,11.75,13.04853866,106.0,0.00710842,1.8270506617662612
4301,10005552,Spot Grid,1,XRPUSDT,1.0,1675024,11.9,23.8147776,471.0,0.00884145,1.8266639424369395
4302,9679323,Spot Grid,1,BTCUSDT,1.0,12736398,4.03,13.83224248,357.0,0.01061137,1.8261876087604725
4303,9911178,Spot Grid,1,BTCUSDT,1.0,5222053,12.08,24.17076329,189.0,0.0191109,1.824503344481598
4304,9672055,Spot Grid,1,BTCUSDT,1.0,12885885,4.35,141.8187053,542.0,0.01767598,1.823645203788564
4305,9882998,Spot Grid,1,BTCUSDT,1.0,6411037,8.74,40.3154455,526.0,0.0132205,1.8222017812508478
4306,9868512,Spot Grid,1,BTCUSDT,1.0,7037326,8.68,17.45516436,88.0,0.00622161,1.8212873358958295
4307,9271542,Spot Grid,1,XRPUSDT,1.0,21099199,1.35,20.35022178,858.0,0.04253372,1.8210107762154204
4308,9927609,Spot Grid,1,BTCUSDT,1.0,4671151,12.94,12.58308156,182.0,0.0214291,1.820161244603924
4309,10013580,Spot Grid,1,ADABTC,1.0,2421856,9.57,8304.7958834,415.0,0.04114802,1.8151634982531208
4310,9743500,Spot Grid,1,BNBUSD1,1.0,10952518,7.14,35.7112914,122.0,0.01560904,1.8146633794092093
4311,9456163,Spot Grid,1,ETHBTC,1.0,17448263,2.72,82.26566068,233.0,0.02178684,1.8143680496430952
4312,9897926,Spot Grid,1,ICPBTC,1.0,5821847,12.08,97.22661847,246.0,0.02369752,1.8135217736298088
4313,10014278,Spot Grid,1,SUIUSDT,1.0,2376348,18.4,368.01662015,263.0,0.04530837,1.8135155234189682
4314,9648286,Spot Grid,1,TAOUSDT,1.0,13271554,3.99,213.07797973,1870.0,0.04629869,1.811667511443861
4315,9909833,Spot Grid,1,BTCUSDT,1.0,5271844,11.47,13.44278625,191.0,0.01657956,1.8093924386818914
4316,9699931,Spot Grid,1,XRPUSDT,1.0,12309056,6.39,30.22327164,1113.0,0.03856402,1.8066407143509458
4317,9971806,Spot Grid,1,SOLUSDT,1.0,3535891,12.2,22.94181198,114.0,0.01170808,1.8060484567652701
4318,9890439,Spot Grid,1,BNBUSDT,1.0,6120320,9.88,29.74916573,207.0,0.01210947,1.804861887191866
4319,9802568,Spot Grid,1,ETHUSDT,1.0,9430889,6.37,20.27985232,107.0,0.00493074,1.8037929295380575
4320,9977279,Spot Grid,1,SOLUSDT,1.0,3394693,10.92,35.54472048,262.0,0.007426,1.8028055761887738
4321,9761203,Spot Grid,1,WLDUSDT,1.0,10528749,24.54,981.80652823,1274.0,0.13881626,1.8007714507797354
4322,9661564,Spot Grid,1,BTCUSDT,1.0,13081732,4.29,43.71978299,359.0,0.01473076,1.8006839197700228
4323,9910677,Spot Grid,1,BTCUSDT,1.0,5238553,13.14,13.14131254,218.0,0.02649896,1.8006064075396233
4324,9714866,Spot Grid,1,XRPBTC,1.0,11825520,7.87,27.13645971,194.0,0.02538277,1.8005255516758425
4325,9961663,Spot Grid,1,ADAUSDT,1.0,3727271,16.08,32.17908888,109.0,0.03400803,1.7984113249747584
4326,9858985,Spot Grid,1,SOLBTC,1.0,7440900,12.35,128.60358943,31.0,0.02836668,1.7971341225503257
4327,9662403,Spot Grid,1,BTCUSDC,1.0,13066393,2.82,16.95210267,746.0,0.0148273,1.7967855922220184
4328,9790078,Spot Grid,1,TAOUSDC,1.0,9753831,15.72,50.08574436,149.0,0.05886315,1.7952798668765388
4329,9022931,Spot Grid,1,PENDLEUSDT,1.0,25921117,2.31,156.6309528,359.0,0.05967998,1.7926913058255889
4330,9856783,Spot Grid,1,FILUSDT,1.0,7524455,21.08,62.18929588,113.0,0.07813797,1.791018871000147
4331,9662630,Spot Grid,1,BTCUSDT,1.0,13061005,4.4,21.8793438,235.0,0.01292632,1.7902770375228088
4332,9397167,Spot Grid,1,BNBBTC,1.0,18525991,2.68,107.6954072,164.0,0.02583797,1.789663641976869
4333,9335014,Spot Grid,1,DOGEBTC,1.0,19854471,0.58,100.8409679,1009.0,0.03788394,1.7892393956871053
4334,9698285,Spot Grid,1,BTCUSDT,1.0,12341705,2.11,464.03395688,674.0,0.00892794,1.7891194354536142
4335,9889133,Spot Grid,1,BTCUSDT,1.0,6175078,4.74,27.43061924,1713.0,0.01673194,1.7882684246318967
4336,10055394,Spot Grid,1,BCHUSDT,1.0,1431409,13.54,90.20116439,712.0,0.02380081,1.7871895568893903
4337,9911272,Spot Grid,1,BTCUSDT,1.0,5218916,11.58,16.6627,189.0,0.01784577,1.7865805785081221
4338,9755328,Spot Grid,1,BNBBTC,1.0,10663812,4.37,2259.66747959,364.0,0.01696814,1.784922101605138
4339,9491422,Spot Grid,1,BNBBTC,1.0,16662409,2.29,118.65478294,195.0,0.01665764,1.784490611967522
4340,9950916,Spot Grid,1,ETHUSDT,1.0,3869188,9.8,58.81387651,322.0,0.00547137,1.7839524070270605
4341,9666814,Spot Grid,1,BNBETH,1.0,12987737,5.4,92.53398798,157.0,0.01709665,1.7828605736729133
4342,9282312,Spot Grid,1,DOGEUSDT,1.0,20871788,0.53,18.02437233,457.0,0.03011221,1.7828173304023107
4343,9941804,Spot Grid,1,ETHUSDT,1.0,4018858,10.35,31.07757364,211.0,0.00669496,1.782333876868383
4344,9945098,Spot Grid,1,BTCUSDT,1.0,3956403,11.66,277.89699837,308.0,0.01696755,1.7811153582063513
4345,9317011,Spot Grid,1,DOGEUSDT,1.0,20210213,4.89,20.57769887,116.0,0.04408445,1.7792961458146677
4346,9910199,Spot Grid,1,BTCUSDT,1.0,5256849,11.49,11.87299507,178.0,0.01763375,1.7772260744510917
4347,9857659,Spot Grid,1,DOGEUSDT,1.0,7491642,15.28,20.13339424,787.0,0.06086539,1.7769585620165178
4348,9255212,Spot Grid,1,ETHUSDT,1.0,21431121,0.58,60.69135734,513.0,0.03445017,1.7761153600633843
4349,9864443,Spot Grid,1,BTCUSDT,1.0,7192018,6.58,59.96577141,633.0,0.00903411,1.7741241071361897
4350,9972521,Spot Grid,1,SOLUSDT,1.0,3523587,8.24,446.18253971,789.0,0.00782052,1.7717271247721167
4351,10077080,Spot Grid,1,SUIUSDT,1.0,1098300,16.34,112.47150726,322.0,0.03024532,1.7702073971161327
4352,9979880,Spot Grid,1,AVAXUSDT,1.0,3336176,14.23,63.3291367,70.0,0.02269094,1.769933874881132
4353,9909908,Spot Grid,1,BTCUSDT,1.0,5268742,9.78,18.79611761,727.0,0.02028174,1.7696497233863875
4354,9932878,Spot Grid,1,ZECUSDT,1.0,4441989,39.92,59.89042373,357.0,0.17409456,1.7691117660798616
4355,10065464,Spot Grid,1,RENDERUSDT,1.0,1251889,11.64,58.21745751,368.0,0.00601186,1.7668041000030297
4356,9927947,Spot Grid,1,BTCUSDT,1.0,4655189,12.09,24.19321136,182.0,0.01894405,1.766006209527851
4357,9303488,Spot Grid,1,DOGEBTC,1.0,20514592,2.8,22.91451232,201.0,0.03630599,1.7656608906389741
4358,9897951,Spot Grid,1,BTCUSDT,1.0,5819322,8.75,65.63658671,583.0,0.01438102,1.7649636436573892
4359,9990769,Spot Grid,1,XVGUSDT,1.0,3051505,24.72,85.06016749,309.0,0.08430413,1.763587784132738
4360,9549386,Spot Grid,1,LTCBTC,1.0,15177811,13.37,67.76459472,812.0,0.08458542,1.7634282066750895
4361,9921445,Spot Grid,1,BTCUSDC,1.0,4868273,9.75,42.29181079,174.0,0.00708832,1.763135014181326
4362,9527125,Spot Grid,1,DOGEUSDT,1.0,15648614,3.56,95.07155653,690.0,0.03049732,1.7627893184121879
4363,9951502,Spot Grid,1,ETHUSDT,1.0,3863839,6.28,41.79657587,1132.0,0.00409689,1.7624927375413102
4364,9886752,Spot Grid,1,LUNCUSDT,1.0,6263809,9.0,31.51569427,1230.0,0.03139025,1.7592893667894267
4365,9945867,Spot Grid,1,SOLETH,1.0,3945363,13.94,288.09128087,626.0,0.0370922,1.7583572101797638
4366,10026251,Spot Grid,1,SOLUSDT,1.0,2042447,15.74,156.40374956,481.0,0.03510624,1.7572937793054688
4367,9954312,Spot Grid,1,SOLUSDT,1.0,3827544,11.11,19.47473952,207.0,0.01094749,1.7560546677463411
4368,9422757,Spot Grid,1,ADAUSDC,1.0,17968112,8.09,16.60620543,60.0,0.05178402,1.7549771726637506
4369,9772488,Spot Grid,1,ETHBTC,1.0,10279620,3.68,34.19014412,703.0,0.00849353,1.7546273660698524
4370,10025774,Spot Grid,1,SOLFDUSD,1.0,2056332,10.48,314.27985022,871.0,0.01555173,1.7545943784999691
4371,9922020,Spot Grid,1,BTCUSDC,1.0,4854637,5.82,15.14517719,1439.0,0.01253091,1.7535806999370722
4372,9915855,Spot Grid,1,BTCUSDT,1.0,5036466,8.93,16.52249488,561.0,0.01177285,1.7532317393207941
4373,9853615,Spot Grid,1,ETHBTC,1.0,7668047,5.57,46.9121163,498.0,0.00349707,1.752245870633451
4374,9734863,Spot Grid,1,OGUSDT,1.0,11221732,3.79,86.414645,1061.0,0.02109144,1.7514916000316367
4375,10019013,Spot Grid,1,ADAUSDC,1.0,2268512,11.6,116.07977984,145.0,0.00641234,1.7495203306192253
4376,9996681,Spot Grid,1,ADABTC,1.0,2850495,18.28,362.24753537,135.0,0.04661238,1.7469966226043865
4377,9955583,Spot Grid,1,ADAUSDT,1.0,3810810,14.65,26.20478665,94.0,0.02832968,1.7451717003695824
4378,9168134,Spot Grid,1,BROCCOLI714USDT,1.0,23207627,7.18,12.42605892,266.0,0.0739608,1.7444424313485074
4379,9676796,Spot Grid,1,BTCUSDT,1.0,12779398,3.73,105.71016687,394.0,0.01381654,1.7413422372869665
4380,10036781,Spot Grid,1,SOLUSDT,1.0,1712190,13.51,31.48965062,145.0,0.01450659,1.7381968647237198
4381,9705141,Spot Grid,1,SHIBUSDT,1.0,12136899,2.31,263.43081358,1271.0,0.02283316,1.7371574449188865
4382,9916324,Spot Grid,1,BTCUSDT,1.0,5014599,8.83,17.6788453,560.0,0.01196687,1.73206999244046
4383,9950082,Spot Grid,1,ETHUSDT,1.0,3875717,9.5,42.77296188,654.0,0.01294486,1.7305307664700418
4384,9764658,Spot Grid,1,BTCUSDT,1.0,10464267,3.92,54.05844253,252.0,0.0021931,1.728819552899159
4385,9747160,Spot Grid,1,ICPUSDT,1.0,10850284,12.61,167.69002065,106.0,0.04891597,1.7282949062442314
4386,9992643,Spot Grid,1,SOLUSDC,1.0,2985230,9.29,33.75366996,609.0,0.00711778,1.7273669089456691
4387,9962799,Spot Grid,1,SOLUSDC,1.0,3698924,10.39,31.92412195,182.0,0.00716162,1.7269482227704018
4388,8883942,Spot Grid,1,TSTUSDT,1.0,28396997,5.52,51.05217556,337.0,0.08950236,1.7259506174479564
4389,9870641,Spot Grid,1,BNBUSDT,1.0,6935857,8.73,18.15498746,48.0,0.00917515,1.722784504188954
4390,9916846,Spot Grid,1,BTCUSDT,1.0,4990951,8.77,17.55172033,560.0,0.01196687,1.72136181116991
4391,9979574,Spot Grid,1,XRPUSDC,1.0,3340787,8.13,11.54588459,739.0,0.00517564,1.7211446075795132
4392,10056261,Spot Grid,1,NEARUSDT,1.0,1423613,24.1,104.6232846,327.0,0.07614244,1.7210526517833071
4393,9282316,Spot Grid,1,ADAUSDT,1.0,20871731,0.26,19.86853323,1892.0,0.06148549,1.721043641568634
4394,9634998,Spot Grid,1,AXSUSDT,1.0,13571121,8.41,23.5625004,121.0,0.03750995,1.7190327505284702
4395,9930747,Spot Grid,1,BTCUSDT,1.0,4538992,12.39,61.99891947,111.0,0.02067657,1.7188209466384996
4396,10018627,Spot Grid,1,RENDERUSDC,1.0,2248043,13.51,66.47869506,211.0,0.01919071,1.7178493578995548
4397,9686282,Spot Grid,1,BTCUSDT,1.0,12606973,3.66,49.82240765,418.0,0.01393957,1.7158769586653178
4398,9688205,Spot Grid,1,TAOUSDT,1.0,12570179,10.51,48.33848384,508.0,0.05325009,1.7137741192178666
4399,9784862,Spot Grid,1,OGUSDT,1.0,9917292,8.0,114.45106609,237.0,0.02279681,1.7133669655236143
4400,9945461,Spot Grid,1,BTCUSDT,1.0,3951450,11.18,167.74276871,309.0,0.01655462,1.7118902118273456
4401,9298149,Spot Grid,1,ADAUSDT,1.0,20622184,4.76,23.80334415,490.0,0.05581609,1.710760849571264
4402,9757099,Spot Grid,1,DOGEUSDT,1.0,10626427,9.77,15.39085989,736.0,0.04568663,1.7102741874750287
4403,9517817,Spot Grid,1,NEXOUSDT,1.0,15918208,7.13,428.01633446,250.0,0.04574737,1.7090714186524545
4404,9892071,Spot Grid,1,BNBUSDT,1.0,6061597,9.08,18.16552049,105.0,0.00911554,1.7089390879685487
4405,10028504,Spot Grid,1,ADAUSDT,1.0,1991635,10.8,216.07540423,344.0,0.00721829,1.7086144477511116
4406,9978917,Spot Grid,1,SOLUSDT,1.0,3351185,12.62,35.4163689,170.0,0.01841056,1.7078377597200982
4407,10018976,Spot Grid,1,ADAUSDT,1.0,2270158,13.54,30.0776384,212.0,0.0197182,1.707023178135826
4408,9666665,Spot Grid,1,DOGEUSDT,1.0,12990913,3.2,16.01869078,1751.0,0.04145504,1.7068385660481629
4409,9996544,Spot Grid,1,BNBUSDT,1.0,2855598,6.08,304.12942221,1647.0,0.01327687,1.7042518123736263
4410,9744194,Spot Grid,1,DOGEUSDT,1.0,10933712,10.63,53.1507511,131.0,0.03936249,1.7037549432547534
4411,9945923,Spot Grid,1,BTCUSDT,1.0,3944459,11.0,158.31691366,308.0,0.01583312,1.7028506331427458
4412,9665428,Spot Grid,1,BNBETH,1.0,13009999,3.85,22.01882265,525.0,0.01937397,1.7021578495877747
4413,9917443,Spot Grid,1,BTCUSDT,1.0,4972269,8.75,16.27872421,561.0,0.01256788,1.7020486370078174
4414,9895599,Spot Grid,1,BTCUSDT,1.0,5925081,7.89,29.54277977,469.0,0.01009352,1.7011180781724125
4415,9833200,Spot Grid,1,LINKUSDT,1.0,8329632,10.55,29.67260352,143.0,0.02804361,1.700837985798144
4416,9997114,Spot Grid,1,DOGEUSDT,1.0,2826806,9.37,18.74485408,717.0,0.01016955,1.7003934226749784
4417,9835144,Spot Grid,1,ATOMUSDT,1.0,8251828,13.22,25.38507454,85.0,0.04114882,1.698963191580092
4418,9810654,Spot Grid,1,ADAETH,1.0,9152643,11.22,52.53889742,282.0,0.03836436,1.6989039895927414
4419,9923431,Spot Grid,1,BTCUSDT,1.0,4814486,8.75,17.51679099,558.0,0.01196919,1.6987404601016898
4420,9848029,Spot Grid,1,ETHBTC,1.0,7875664,6.78,1449.60367392,208.0,0.0142368,1.6986616458149837
4421,8918793,Spot Grid,1,CAKEUSDT,1.0,27883092,2.1,120.34976409,450.0,0.072513,1.69666423877421
4422,9923705,Spot Grid,1,BTCUSDT,1.0,4806243,8.69,356.63819885,557.0,0.01341509,1.6965847032596528
4423,9917625,Spot Grid,1,BTCUSDT,1.0,4968960,8.84,44.24291468,560.0,0.01339024,1.6965383841580421
4424,9946882,Spot Grid,1,BTCUSDT,1.0,3930301,11.1,166.62794858,304.0,0.01655567,1.695936539015971
4425,9868358,Spot Grid,1,BTCUSDT,1.0,7041708,8.1,11.83412797,101.0,0.00841488,1.6942486944415327
4426,9973009,Spot Grid,1,XRPUSDT,1.0,3512908,7.52,75.20513862,1401.0,0.01798817,1.6942153446148842
4427,9687826,Spot Grid,1,ADAFDUSD,1.0,12576793,6.4,64.0249344,836.0,0.03863892,1.6930485031736144
4428,9839204,Spot Grid,1,ETHBTC,1.0,8146749,7.64,243.87141695,215.0,0.01431899,1.6919426329923868
4429,9993575,Spot Grid,1,BTCFDUSD,1.0,2955705,5.53,565.4217986,1270.0,0.0045682,1.6916598277734354
4430,9853497,Spot Grid,1,BTCEUR,1.0,7673495,6.71,43.51095017,123.0,0.00424576,1.691542385807852
4431,9991936,Spot Grid,1,XRPUSDT,1.0,3009616,8.57,15.96441003,550.0,0.00338424,1.691459760855642
4432,10020965,Spot Grid,1,ICPUSDT,1.0,2213757,10.58,74.06531792,1366.0,0.0286154,1.6897091419306483
4433,9797551,Spot Grid,1,XLMUSDT,1.0,9578420,12.58,16.5790437,79.0,0.04354728,1.6889426578498894
4434,8983637,Spot Grid,1,METUSDT,1.0,26751961,11.9,140.07250855,1668.0,0.14750911,1.6884577686463134
4435,10059334,Spot Grid,1,RENDERUSDT,1.0,1370962,17.61,242.99489185,91.0,0.03755384,1.685333823285668
4436,9631577,Spot Grid,1,DOGEUSDT,1.0,13664461,5.84,549.15671059,394.0,0.03372006,1.684262043890738
4437,9605065,Spot Grid,1,DOGEUSDT,1.0,14259928,2.74,11.34325144,1460.0,0.03910909,1.6837419970568253
4438,9531751,Spot Grid,1,ETHBTC,1.0,15545328,2.45,54.24429294,217.0,0.01696932,1.6829851694602307
4439,9982064,Spot Grid,1,SOLFDUSD,1.0,3301934,9.29,95.68583101,1374.0,0.02675981,1.682936707972112
4440,9972920,Spot Grid,1,ADAUSDT,1.0,3515297,13.83,48.40894235,170.0,0.02680224,1.682900743568125
4441,9963949,Spot Grid,1,ADAUSDT,1.0,3679849,11.8,59.03243672,573.0,0.02499486,1.682465063371179
4442,9222956,Spot Grid,1,XLMUSDC,1.0,22140413,7.31,44.2044486,582.0,0.07944876,1.6824640276582548
4443,9604205,Spot Grid,1,ADAUSDC,1.0,14276941,10.54,10.64662593,9.0,0.05124946,1.6816378745870368
4444,9939029,Spot Grid,1,ETHUSDC,1.0,4132798,9.46,37.97454964,158.0,0.00530973,1.6806492931924675
4445,9971923,Spot Grid,1,ETHFDUSD,1.0,3533670,4.5,49.35185415,1719.0,0.00871484,1.6800250450162406
4446,9963585,Spot Grid,1,SOLUSDT,1.0,3684148,10.57,20.30066536,220.0,0.0107313,1.6795535784444011
4447,9932481,Spot Grid,1,BTCUSDT,1.0,4458428,10.6,21.2006262,137.0,0.01246438,1.679289958253279
4448,9996768,Spot Grid,1,TSTUSDT,1.0,2845755,21.1,211.00648899,1034.0,0.08305369,1.6776178081787958
4449,9208376,Spot Grid,1,FETUSDT,1.0,22436299,9.87,39.50365374,1085.0,0.10559296,1.6761932166733087
4450,10004355,Spot Grid,1,SOLFDUSD,1.0,2652816,9.67,970.6214256,625.0,0.01508,1.673914908543433
4451,10047835,Spot Grid,1,ARBUSDT,1.0,1584870,21.88,43.78469631,106.0,0.06172748,1.6704270803802828
4452,9947884,Spot Grid,1,BTCUSDT,1.0,3913788,10.48,657.59600244,303.0,0.01664655,1.6697791415853729
4453,9708453,Spot Grid,1,USDTBRL,1.0,12028487,2.03,29.31882255,473.0,0.00553673,1.6677755661604416
4454,9979078,Spot Grid,1,SOLUSDT,1.0,3349427,8.19,245.78393364,1054.0,0.0155665,1.667455228031512
4455,9807205,Spot Grid,1,MEMEUSDT,1.0,9276841,13.23,14.03143109,321.0,0.05180517,1.6669595297755233
4456,9734281,Spot Grid,1,TAOUSDT,1.0,11235940,8.1,55.25671349,240.0,0.03070084,1.6645416800755028
4457,10077444,Spot Grid,1,NEARUSDT,1.0,1092536,10.53,21.07357909,2356.0,0.04548391,1.6582921045579937
4458,9886787,Spot Grid,1,BNBUSDT,1.0,6262800,7.5,70.8992985,350.0,0.0088346,1.6578770310803947
4459,9689909,Spot Grid,1,PEPEUSDT,1.0,12528094,5.8,11.20850046,873.0,0.03710476,1.657038288980451
4460,9949556,Spot Grid,1,BTCUSDC,1.0,3883298,3.33,100.05784058,1849.0,0.00774488,1.6569406083122198
4461,9568694,Spot Grid,1,ETHBTC,1.0,14823584,2.5,585.23332395,245.0,0.01860832,1.6549176578136777
4462,10030679,Spot Grid,1,PROMUSDT,1.0,1905939,9.69,96.98399859,2572.0,0.04950417,1.6538135673954382
4463,9945431,Spot Grid,1,ETHUSDT,1.0,3951880,9.53,23.8283655,219.0,0.00725948,1.6527096047970633
4464,9882563,Spot Grid,1,BTCUSDT,1.0,6428961,4.53,17.07018113,1361.0,0.01467194,1.6512182489507514
4465,9951045,Spot Grid,1,LINKUSDT,1.0,3868277,15.04,90.26356074,246.0,0.03803719,1.6510033942755657
4466,9981310,Spot Grid,1,XRPEUR,1.0,3317668,6.04,32.33831198,1188.0,0.00610533,1.6499475106959056
4467,9893627,Spot Grid,1,BNBUSDT,1.0,6004561,8.11,24.344823,247.0,0.00901433,1.6488152836913603
4468,9912702,Spot Grid,1,币安人生USDT,1.0,5159801,15.42,33.54183728,334.0,0.04745697,1.6447948097966987
4469,9900002,Spot Grid,1,XRPETH,1.0,5733168,9.78,31.9932266,730.0,0.02745618,1.6437216359036635
4470,9791923,Spot Grid,1,BNBUSDT,1.0,9696462,5.32,15.98179598,106.0,0.0067498,1.6426250737529169
4471,10057452,Spot Grid,1,ARUSDT,1.0,1406597,12.49,191.31746339,1783.0,0.04696704,1.6418102468832991
4472,9734776,Spot Grid,1,SHIBUSDT,1.0,11224475,7.44,46.50106338,464.0,0.03264714,1.6418101119825401
4473,9971774,Spot Grid,1,SOLUSDT,1.0,3536287,9.39,84.54554056,362.0,0.00850497,1.6414957325610633
4474,9805495,Spot Grid,1,BNBBTC,1.0,9329829,5.64,42.33532033,338.0,0.01206049,1.6405661351819094
4475,9901218,Spot Grid,1,BNBUSDT,1.0,5671249,4.88,15.37662158,1806.0,0.0232356,1.6392434393367845
4476,9948757,Spot Grid,1,ETHUSDT,1.0,3895982,7.37,72.93517602,604.0,0.00419832,1.6377612843392744
4477,9674302,Spot Grid,1,BTCUSDT,1.0,12842591,4.54,84.10641534,604.0,0.02703798,1.6371046804247957
4478,9908535,Spot Grid,1,ETHUSDC,1.0,5325600,6.54,343.74614426,638.0,0.00798225,1.6351966560463072
4479,9805882,Spot Grid,1,BNBBTC,1.0,9314753,5.61,42.97900955,334.0,0.01201169,1.6340644644409403
4480,9739010,Spot Grid,1,LINKETH,1.0,11087489,5.33,42.35098727,1389.0,0.04038365,1.6338406001724675
4481,9984309,Spot Grid,1,XRPUSDT,1.0,3247502,12.0,14.40436455,293.0,0.0200833,1.6327807335530864
4482,9967240,Spot Grid,1,ETHUSDT,1.0,3610031,6.51,31.28003189,1192.0,0.01072931,1.631947314106546
4483,9962453,Spot Grid,1,XRPUSDT,1.0,3707499,8.55,30.78150923,1498.0,0.0287913,1.6317015288540535
4484,10080825,Spot Grid,1,PUMPUSDT,1.0,1044366,19.42,311.39395128,397.0,0.05510465,1.6301674419278753
4485,9984047,Spot Grid,1,SPCXBUSDT,1.0,3253808,4.07,157.98407882,1831.0,0.01023853,1.6266226694147488
4486,9724357,Spot Grid,1,SOLETH,1.0,11547691,4.12,33.58187136,407.0,0.01524468,1.625449455640694
4487,10048075,Spot Grid,1,ICPUSDT,1.0,1579356,14.93,74.66562606,109.0,0.02571969,1.6249251309999726
4488,9941093,Spot Grid,1,ZECUSDT,1.0,4032500,30.03,60.07518776,258.0,0.12200274,1.6228265860660334
4489,9947831,Spot Grid,1,BTCUSDT,1.0,3915274,10.58,158.83119371,303.0,0.01655609,1.621950597414184
4490,9966986,Spot Grid,1,BNBUSDT,1.0,3615917,4.11,61.7854494,1678.0,0.00860899,1.618270282673712
4491,9234691,Spot Grid,1,PEPEUSDT,1.0,21858550,0.1,14.02664641,961.0,0.04931413,1.6161421020180269
4492,10011916,Spot Grid,1,ARBUSDC,1.0,2467004,16.84,42.57119394,88.0,0.03973198,1.6155939604785106
4493,9762260,Spot Grid,1,ICPUSDT,1.0,2411641,12.87,244.64715359,596.0,0.02955758,1.615566146761687
4494,9955169,Spot Grid,1,ETHUSD1,1.0,3816924,6.47,194.25091916,915.0,0.00703081,1.6155546238322007
4495,9957655,Spot Grid,1,ADAUSDT,1.0,3791817,9.69,293.13453862,897.0,0.02475294,1.613558117147667
4496,9882230,Spot Grid,1,BNBUSDT,1.0,6438593,6.96,30.97875271,110.0,0.00315323,1.6129277958570356
4497,9952469,Spot Grid,1,ETHUSDT,1.0,3853292,10.06,30.20118288,297.0,0.01304077,1.6123945978080114
4498,9942693,Spot Grid,1,BTCUSDC,1.0,4005719,10.46,523.3352078,329.0,0.0191142,1.6119041213174354
4499,9927617,Spot Grid,1,BNBUSDT,1.0,4670833,10.02,20.04912005,332.0,0.01708829,1.6103161919963291
4500,9745854,Spot Grid,1,ADAUSDT,1.0,10883820,11.31,220.21956655,463.0,0.05451976,1.6099952346081419
4501,9580623,Spot Grid,1,ADAUSDT,1.0,14683666,9.6,96.0015843,82.0,0.05273776,1.6091749365303962
4502,9653027,Spot Grid,1,NEXOBTC,1.0,13193404,7.33,46.00555818,671.0,0.04620177,1.6078683362115
4503,9898091,Spot Grid,1,BTCUSDC,1.0,5813005,8.05,14.6963038,40.0,0.005101,1.6074109121958107
4504,9980201,Spot Grid,1,SOLUSDT,1.0,3332171,10.36,22.81247913,189.0,0.01034673,1.6070478453763415
4505,9950915,Spot Grid,1,ETHUSDT,1.0,3869196,6.94,85.45625135,1173.0,0.01512132,1.6056963637410708
4506,9965856,Spot Grid,1,BTCFDUSD,1.0,3645859,3.71,37.09875307,1587.0,0.0050396,1.6047287310471336
4507,9948014,Spot Grid,1,BTCUSDT,1.0,3910719,9.12,25.50800365,161.0,0.00578453,1.5988511506099992
4508,9811327,Spot Grid,1,BNBBTC,1.0,9131406,5.62,24.59688935,330.0,0.01252839,1.5985887115956383
4509,9752683,Spot Grid,1,DOGEFDUSD,1.0,10722852,2.09,890.44431243,2842.0,0.05761944,1.5984240918295332
4510,9533794,Spot Grid,1,ADAUSDT,1.0,15512374,8.61,136.26119225,182.0,0.05377225,1.5945565791999745
4511,9302944,Spot Grid,1,ADAUSDT,1.0,20523629,5.99,22.75777269,185.0,0.06044937,1.5917096866493694
4512,9975884,Spot Grid,1,XRPEUR,1.0,3432699,13.55,13.41296299,45.0,0.02583227,1.5897833561185748
4513,10085471,Spot Grid,1,MUBARAKUSDT,1.0,967565,21.89,43.79685749,34.0,0.06089559,1.5888788242638126
4514,10081790,Spot Grid,1,PLUMEUSDT,1.0,1030883,10.54,622.67544758,982.0,0.02209869,1.5885904681786072
4515,9663008,Spot Grid,1,ADAFDUSD,1.0,13052154,1.37,115.97941355,2544.0,0.05377723,1.587743011123441
4516,9714694,Spot Grid,1,SUIUSDT,1.0,11831134,12.95,69.70389932,501.0,0.06854355,1.585855309757956
4517,9711071,Spot Grid,1,USDTBRL,1.0,11941121,1.6,37.04607595,454.0,0.00577603,1.5849121194627132
4518,9911194,Spot Grid,1,BTCUSDC,1.0,5221507,8.14,17.93460826,177.0,0.00692058,1.58400027577875
4519,9982853,Spot Grid,1,SOLUSDT,1.0,3283815,7.13,28.55460597,715.0,0.00462183,1.582153238010986
4520,9958621,Spot Grid,1,ETHUSDT,1.0,3779459,6.22,31.11669689,773.0,0.0030456,1.581037686159513
4521,9884472,Spot Grid,1,BNBUSDT,1.0,6351803,6.28,125.69269823,385.0,0.00672812,1.5790202826948565
4522,9223599,Spot Grid,1,LINKUSDC,1.0,22125526,4.53,121.31674008,1095.0,0.07960366,1.5783434120329267
4523,9948568,Spot Grid,1,BTCUSDT,1.0,3898222,9.64,827.62966994,302.0,0.01657916,1.576593666759219
4524,9942723,Spot Grid,1,ETHUSDC,1.0,4005203,8.78,263.5911426,23.0,0.00359656,1.5748484067024286
4525,9941364,Spot Grid,1,BTCUSDC,1.0,4024428,6.39,30.49227294,734.0,0.0044596,1.57444315316035
4526,10051269,Spot Grid,1,ICPUSDT,1.0,1508338,12.22,62.58653674,457.0,0.02000396,1.572196418707085
4527,9754348,Spot Grid,1,WLDUSDT,1.0,10682756,19.32,96.62712411,3279.0,0.1579586,1.5721398476446693
4528,9235160,Spot Grid,1,LTCUSDT,1.0,21844002,4.4,44.01763852,137.0,0.05733066,1.5706772075932198
4529,9696306,Spot Grid,1,XRPUSDT,1.0,12389363,8.15,40.78304343,236.0,0.03952995,1.5703262380610081
4530,9957634,Spot Grid,1,CRVUSDT,1.0,3792029,12.58,50.6985892,559.0,0.03393458,1.5696625029462963
4531,9817070,Spot Grid,1,BNBBTC,1.0,8936644,5.47,70.66340186,322.0,0.01216319,1.5682000972434496
4532,10072708,Spot Grid,1,SUIUSDT,1.0,1161755,12.97,25.94891798,151.0,0.01614565,1.5676824663328532
4533,8934870,Spot Grid,1,FETUSDT,1.0,27620000,1.39,57.86392041,311.0,0.06942997,1.5674643705821172
4534,9325727,Spot Grid,1,DOGEUSDT,1.0,20058511,0.86,11.25433816,370.0,0.03531855,1.5649066679549135
4535,10020447,Spot Grid,1,ADAUSDT,1.0,2225387,12.36,61.8162998,368.0,0.02227791,1.5639889280236703
4536,9889398,Spot Grid,1,SHIBUSDT,1.0,6165101,8.69,36.6416997,336.0,0.01826448,1.563078023886833
4537,9653210,Spot Grid,1,BTCUSDT,1.0,13190384,3.41,14.27520297,298.0,0.01848832,1.5628891864158008
4538,9943934,Spot Grid,1,BTCUSDT,1.0,3984092,9.08,14.44255943,47.0,0.00490457,1.5616512376637377
4539,9912146,Spot Grid,1,BTCUSDT,1.0,5182420,7.99,16.64352938,231.0,0.00798275,1.5612369012482812
4540,9952853,Spot Grid,1,ETHUSDC,1.0,3849215,6.76,18.08705347,1324.0,0.0187029,1.560786581833198
4541,9959810,Spot Grid,1,ADAUSDC,1.0,3761516,10.84,93.83558064,17.0,0.01343025,1.5598622282341092
4542,9985261,Spot Grid,1,NEIROUSDT,1.0,3050374,15.34,23.02204275,314.0,0.0410496,1.5570408071939263
4543,9998494,Spot Grid,1,XRPUSDT,1.0,2784423,8.35,85.21555242,1319.0,0.02337604,1.5537176819185312
4544,9816353,Spot Grid,1,BNBBTC,1.0,8959767,5.42,23.36592051,325.0,0.01239719,1.5535464725869628
4545,9915808,Spot Grid,1,BTCUSDT,1.0,5039214,4.87,154.69570978,875.0,0.00501962,1.5515735763870349
4546,9977893,Spot Grid,1,ADAETH,1.0,3377480,13.1,110.0177496,207.0,0.02862215,1.5508368979963856
4547,9936354,Spot Grid,1,BTCUSDT,1.0,4249418,8.87,20.82914519,205.0,0.00873289,1.5500062622853796
4548,10074643,Spot Grid,1,BCHUSDT,1.0,1137526,7.59,212.79749929,2229.0,0.03232077,1.5478785784164015
4549,9810917,Spot Grid,1,BNBBTC,1.0,9143531,5.11,14.43766638,330.0,0.01178249,1.5476607241197349
4550,9955434,Spot Grid,1,ETHEUR,1.0,3797570,7.95,444.55547953,427.0,0.00877198,1.5467888745276053
4551,9979505,Spot Grid,1,ETHUSDT,1.0,3342037,5.34,22.28357196,1348.0,0.00987287,1.546356329399474
4552,10033242,Spot Grid,1,PNUTUSDT,1.0,1818712,10.38,2076.6875234,154.0,0.01624951,1.5462874302465355
4553,9929878,Spot Grid,1,SOLBTC,1.0,4575636,6.7,403.90623204,424.0,0.00505055,1.5451495359211598
4554,9938594,Spot Grid,1,BNBEUR,1.0,4153807,9.21,101.08895723,120.0,0.00900393,1.5449105271949728
4555,9836617,Spot Grid,1,BTCUSDT,1.0,8209596,3.91,39.18879868,375.0,0.00250114,1.5427182684533953
4556,9962596,Spot Grid,1,SHIBUSDT,1.0,3703910,9.26,92.62512086,895.0,0.0238056,1.542472760988055
4557,9723639,Spot Grid,1,DOGEUSDT,1.0,11572196,8.33,17.97002285,114.0,0.0354425,1.542464839190827
4558,9979026,Spot Grid,1,SOLUSDT,1.0,3350017,10.81,11.68095736,101.0,0.0135654,1.5423436992588124
4559,9985372,Spot Grid,1,SOLFDUSD,1.0,3228458,8.15,110.98473573,1002.0,0.0181505,1.5401439681983926
4560,10095809,Spot Grid,1,ADAUSDT,1.0,775314,7.05,14103.05833934,17.0,0.05276755,1.5400613119246458
4561,10014792,Spot Grid,1,SUIBTC,1.0,2385071,12.91,111.2183055,41.0,0.02033155,1.5384570140541485
4562,10025059,Spot Grid,1,ETHFDUSD,1.0,2088377,5.06,32.47016109,1685.0,0.01048536,1.5383558581827486
4563,9993716,Spot Grid,1,TSTUSDT,1.0,2950185,6.85,11.71164867,2121.0,0.0331818,1.5358915189828395
4564,9600478,Spot Grid,1,ETHBTC,1.0,14322412,2.73,135.72447386,224.0,0.01977323,1.5352952280834669
4565,9931237,Spot Grid,1,BTCUSDC,1.0,4477304,8.23,21.00367286,123.0,0.00509476,1.5344663143518162
4566,9952202,Spot Grid,1,BTCUSDT,1.0,3856215,3.18,43.9009268,1534.0,0.00481836,1.5333635945571324
4567,9980243,Spot Grid,1,ZECUSDT,1.0,3330396,12.27,122.72094729,4551.0,0.11658642,1.5325179238543498
4568,9957983,Spot Grid,1,BNBFDUSD,1.0,3788075,3.49,64.86266644,1386.0,0.00330745,1.5306913507777427
4569,10134270,Spot Grid,1,GTCUSDT,1.0,26216,11.17,10.38837688,15.0,0.0,1.529931288202384
4570,10023830,Spot Grid,1,BNBUSDC,1.0,2129454,7.44,6725.78704119,42.0,0.02369682,1.5296530662726417
4571,10019159,Spot Grid,1,PENDLEUSDT,1.0,2262610,17.46,70.5158698,147.0,0.04709771,1.529586264158908
4572,9951601,Spot Grid,1,BTCUSDT,1.0,3862807,3.15,37.24422174,1548.0,0.00511971,1.528997016235739
4573,10014862,Spot Grid,1,SOLUSDT,1.0,2383431,9.33,933.52519894,58.0,0.00570175,1.5289916541422457
4574,10033503,Spot Grid,1,SOLUSDT,1.0,1807216,12.16,1035.48620323,97.0,0.02010109,1.5283527036596367
4575,10058968,Spot Grid,1,INJUSDT,1.0,1378273,11.08,33.26957046,462.0,0.01493148,1.5281984449186456
4576,9997109,Spot Grid,1,DOGEUSDT,1.0,2826806,10.23,20.47473965,172.0,0.01031361,1.527121190463742
4577,9211195,Spot Grid,1,LTCUSDT,1.0,22388395,0.62,638.78828903,165.0,0.0444157,1.526038190506907
4578,9948471,Spot Grid,1,BTCUSDT,1.0,3899964,9.83,244.49182033,302.0,0.01666547,1.5258504243343307
4579,9448821,Spot Grid,1,XRPETH,1.0,17528818,0.18,14.59268346,575.0,0.02678173,1.5239871688453341
4580,9452401,Spot Grid,1,DOGEUSDT,1.0,17489707,6.8,34.04959881,88.0,0.0526427,1.5239007469104981
4581,9947370,Spot Grid,1,ETHUSDT,1.0,3924399,8.92,14.82125834,65.0,0.0057987,1.520766556607851
4582,9965685,Spot Grid,1,ETHUSDT,1.0,3649877,5.78,578.55427925,999.0,0.01013518,1.5199271920736401
4583,10025057,Spot Grid,1,DOGEUSDT,1.0,2088425,7.52,75.25509745,1029.0,0.0111199,1.517667060138018
4584,10019175,Spot Grid,1,SOLUSDT,1.0,2128540,10.08,246.91613933,695.0,0.01915688,1.5166840288307601
4585,9834782,Spot Grid,1,XLMUSDT,1.0,8258738,16.36,261.09988189,262.0,0.07066316,1.5161163159566222
4586,9813910,Spot Grid,1,BNBBTC,1.0,9039016,5.08,17.49636169,329.0,0.01250576,1.5143072874357149
4587,9694506,Spot Grid,1,SUIUSDT,1.0,12421603,12.35,15.56643695,29.0,0.06040031,1.5141292319479944
4588,10060294,Spot Grid,1,ENAUSDT,1.0,1354580,17.48,52.45550168,131.0,0.04352914,1.5137805326430938
4589,9866049,Spot Grid,1,SOLETH,1.0,7125531,5.38,146.34185152,276.0,0.0055453,1.5134149826277477
4590,9958077,Spot Grid,1,ETHUSDT,1.0,3786970,5.9,23.63733416,769.0,0.00394307,1.5128269011615636
4591,9948879,Spot Grid,1,ETHUSDC,1.0,3894934,8.85,35.43287813,223.0,0.00918965,1.5095341514639606
4592,9902106,Spot Grid,1,BTCUSDT,1.0,5634943,6.26,134.36209487,240.0,0.00333317,1.509257964279455
4593,9027312,Spot Grid,1,LINKUSDC,1.0,25854191,4.49,449.80900291,254.0,0.08200679,1.5089472957916406
4594,10003035,Spot Grid,1,TSTUSDT,1.0,2686467,19.5,19.50168294,432.0,0.06671866,1.5077325535820691
4595,9536709,Spot Grid,1,NIGHTUSDT,1.0,15441652,17.78,40.02020718,296.0,0.10912039,1.5061607971931952
4596,9959166,Spot Grid,1,BTCEUR,1.0,3771992,9.09,201.66717956,201.0,0.01058666,1.5040650592695621
4597,9958963,Spot Grid,1,ADABTC,1.0,3774895,9.22,56.9798659,628.0,0.01961034,1.5038197961691389
4598,9537993,Spot Grid,1,FETUSDT,1.0,15417091,8.1,138.76005335,928.0,0.07006043,1.5026752863299968
4599,9936626,Spot Grid,1,BTCUSDT,1.0,4235248,8.42,14.82572921,205.0,0.00809371,1.5023299894249513
4600,9942326,Spot Grid,1,币安人生USDT,1.0,4013489,11.03,123.06937644,363.0,0.02536783,1.5013531480980402
4601,9986993,Spot Grid,1,GIGGLEUSDT,1.0,3167919,7.02,53.30611143,703.0,0.00669348,1.5001004282939263
4602,9687670,Spot Grid,1,ADAUSDT,1.0,12579081,8.03,16.07895479,107.0,0.03967646,1.4994040911290507
4603,9880714,Spot Grid,1,BTCUSDT,1.0,6499413,5.75,20.78976449,327.0,0.00592919,1.4984232977274181
4604,9927193,Spot Grid,1,SOLBTC,1.0,4686708,6.56,96.06677038,428.0,0.00521581,1.496470543237633
4605,9860072,Spot Grid,1,ETHBTC,1.0,7392079,6.59,497.03253562,201.0,0.01421501,1.4961910910425642
4606,9802574,Spot Grid,1,BTCUSDT,1.0,9430768,4.03,13.34266016,67.0,0.00367398,1.4942815065074533
4607,10031690,Spot Grid,1,ADAUSDC,1.0,1872458,11.06,331.17688901,449.0,0.01957854,1.493665287052769
4608,9927757,Spot Grid,1,BTCUSDT,1.0,4665269,6.59,47.77288751,285.0,0.0021368,1.4934256359274722
4609,9748964,Spot Grid,1,ICPBTC,1.0,10809260,8.27,110.72645597,1095.0,0.05507168,1.4930040279398866
4610,9921672,Spot Grid,1,BTCUSDT,1.0,4863783,6.84,51.3036426,503.0,0.00925083,1.4867800989118793
4611,9928532,Spot Grid,1,ALLOUSDT,1.0,4632224,16.51,17.33624768,154.0,0.05363361,1.4864870300212425
4612,9952364,Spot Grid,1,BTCUSDT,1.0,3854352,5.44,40.07941044,923.0,0.00614955,1.485612627517873
4613,10084635,Spot Grid,1,WLDUSDT,1.0,989661,29.4,215.53452235,99.0,0.10852736,1.4848028746735218
4614,9780003,Spot Grid,1,BNBBTC,1.0,10068657,2.76,47.92522702,593.0,0.01114851,1.4845362047737936
4615,9947207,Spot Grid,1,BTCUSDT,1.0,3926689,7.46,40.21000172,328.0,0.00499976,1.483762317592282
4616,9780910,Spot Grid,1,BNBBTC,1.0,10042083,2.76,24.00178493,594.0,0.0109663,1.483708087178561
4617,9964151,Spot Grid,1,ETHUSDT,1.0,3677864,6.28,20.03321174,985.0,0.01129651,1.4832274157048064
4618,9958836,Spot Grid,1,ETHUSDC,1.0,3776832,5.78,289.32139841,778.0,0.00600468,1.4828290530341204
4619,10014961,Spot Grid,1,KSMUSDT,1.0,2381063,11.42,21.9401172,96.0,0.01516439,1.4812041435599101
4620,9957212,Spot Grid,1,SOLBNB,1.0,3795891,7.01,1611.68254896,183.0,0.00711383,1.48073191916262
4621,9822179,Spot Grid,1,BNBUSDT,1.0,8745258,4.91,17.77602038,74.0,0.0063743,1.4782508065543183
4622,9704705,Spot Grid,1,XRPUSDT,1.0,12149746,6.64,102.40962161,657.0,0.04316498,1.478237466277868
4623,9943477,Spot Grid,1,BTCUSDT,1.0,3993595,9.22,27.67561237,87.0,0.00999627,1.4777322453653097
4624,9298296,Spot Grid,1,ZENUSDT,1.0,20619772,14.24,211.93433353,1276.0,0.13465228,1.4774747431179194
4625,9356860,Spot Grid,1,DOGEUSDT,1.0,19316265,0.35,83.82090839,784.0,0.04200015,1.4774385999573507
4626,9949483,Spot Grid,1,ETHUSDT,1.0,3884627,10.82,130.67992033,264.0,0.02261873,1.4762968145103899
4627,9969585,Spot Grid,1,BNBUSDT,1.0,3578447,2.44,29.39376636,1658.0,0.00443138,1.4760705418445044
4628,9730860,Spot Grid,1,DOGEUSDT,1.0,11359456,8.51,14.05241745,217.0,0.04038237,1.4751133607523401
4629,9927616,Spot Grid,1,BTCUSDT,1.0,4670935,8.04,160.84302629,185.0,0.0092987,1.4750831493397347
4630,10024464,Spot Grid,1,ZECUSDC,1.0,2113953,11.77,47.10673707,139.0,0.01726012,1.47415953526983
4631,9945844,Spot Grid,1,BTCUSDT,1.0,3945672,7.48,48.87719174,302.0,0.00513657,1.4725154749971083
4632,9949531,Spot Grid,1,BTCUSDC,1.0,3883658,3.75,112.70430977,1317.0,0.00629301,1.4717360452627875
4633,9968570,Spot Grid,1,TIAUSDT,1.0,3590909,23.61,41.00112865,74.0,0.08706399,1.4716112622642459
4634,9923619,Spot Grid,1,BTCUSDT,1.0,4809079,3.94,315.29104276,1007.0,0.00578251,1.4714681728655432
4635,9931081,Spot Grid,1,BNBUSD1,1.0,4525917,5.2,22.393958,1038.0,0.0106333,1.4710631895042903
4636,9687650,Spot Grid,1,ADAUSDT,1.0,12579599,7.97,15.94930479,107.0,0.04053274,1.4699482817845886
4637,9751874,Spot Grid,1,DOGEFDUSD,1.0,10742635,0.79,232.46903723,1799.0,0.0303511,1.468654268258758
4638,9733156,Spot Grid,1,FETUSDT,1.0,11237378,18.38,37.43551572,91.0,0.09168545,1.4662351858090648
4639,10064212,Spot Grid,1,WLDUSDT,1.0,1277137,21.73,1073.2351543,47.0,0.07187421,1.4653471323020222
4640,9949509,Spot Grid,1,BTCUSDT,1.0,3884015,4.94,641.36082446,720.0,0.0031813,1.4646040799059128
4641,9957742,Spot Grid,1,BTCUSDC,1.0,3790695,5.99,3553.92237877,272.0,0.01403674,1.4644136500956357
4642,9440587,Spot Grid,1,ZILUSDT,1.0,17674939,11.92,11.92353275,109.0,0.08423295,1.4629368275156966
4643,10037620,Spot Grid,1,SCUSDT,1.0,1688066,15.98,155.70191896,296.0,0.04283042,1.4624258528425902
4644,9912295,Spot Grid,1,BTCUSDT,1.0,5175948,7.86,29.22878447,65.0,0.00787337,1.45972803131303
4645,9857698,Spot Grid,1,SOLBNB,1.0,7490214,4.98,41.44336232,238.0,0.00575786,1.458985312492356
4646,9943347,Spot Grid,1,BTCUSDT,1.0,3995866,4.04,80.89997705,1050.0,0.00309992,1.457973821656482
4647,10033637,Spot Grid,1,LINKUSDC,1.0,1802353,12.93,77.60660474,361.0,0.02785497,1.456110473242455
4648,10068282,Spot Grid,1,BCHUSDT,1.0,1196593,12.59,141.0136215,696.0,0.03084591,1.4554322852873263
4649,9919757,Spot Grid,1,BTCUSDC,1.0,4905415,6.21,31.0595567,697.0,0.01124908,1.4552197870359718
4650,9818751,Spot Grid,1,BNBBTC,1.0,8859364,4.68,11.93567457,324.0,0.01185851,1.4534557650657458
4651,10063727,Spot Grid,1,XRPUSDT,1.0,1287368,3.2,64.16835076,2159.0,0.01057516,1.4511851842546848
4652,9440013,Spot Grid,1,ADAUSDT,1.0,17685278,6.35,31.7699629,447.0,0.06154407,1.4505943207548395
4653,10014483,Spot Grid,1,CATIUSDT,1.0,2392133,14.89,14.89940807,240.0,0.03847702,1.4497035292662037
4654,9984773,Spot Grid,1,XLMUSDT,1.0,3239934,17.72,27.2836176,1421.0,0.08264377,1.449573743674796
4655,9798533,Spot Grid,1,BNBBTC,1.0,9555722,1.64,2196.58278565,722.0,0.01802209,1.4492850696504407
4656,9945907,Spot Grid,1,BTCUSDC,1.0,3944762,6.58,32.99285715,711.0,0.00979285,1.4472727632691755
4657,8939010,Spot Grid,1,FETUSDT,1.0,27552777,5.75,13.52598012,406.0,0.09969454,1.445223071460253
4658,9948371,Spot Grid,1,ETHUSDT,1.0,3902206,7.71,23.15061024,205.0,0.00516963,1.4440146168828107
4659,9819298,Spot Grid,1,BNBBTC,1.0,8847858,4.71,13.46779288,321.0,0.01243567,1.44056486236511
4660,9943167,Spot Grid,1,ETHUSDC,1.0,3998060,8.15,23.26863561,68.0,0.00523318,1.4404338166000488
4661,9932614,Spot Grid,1,BNBUSDT,1.0,4453535,3.6,50.5254361,1408.0,0.0109245,1.4366092827270873
4662,9950279,Spot Grid,1,ETHUSDT,1.0,3873743,7.59,45.58546981,410.0,0.00928681,1.4329860983709828
4663,9915876,Spot Grid,1,SOLETH,1.0,5035653,8.54,185.08378816,100.0,0.01361458,1.43289974003798
4664,9727221,Spot Grid,1,DOGEUSDT,1.0,11459447,6.99,485.46339202,94.0,0.0340361,1.4322280799326266
4665,9254983,Spot Grid,1,ETHUSDT,1.0,21434432,2.57,48.50411114,391.0,0.0565633,1.4312233277027075
4666,9900524,Spot Grid,1,BTCUSDC,1.0,5706552,7.43,14.78832679,36.0,0.00836703,1.428194006154679
4667,9952134,Spot Grid,1,ETHUSDT,1.0,3857139,7.45,151.38136723,317.0,0.00722385,1.4280641508881764
4668,10016479,Spot Grid,1,EULUSDT,1.0,2335727,13.56,67.8233457,333.0,0.03408828,1.4275188460134107
4669,9826453,Spot Grid,1,BNBBTC,1.0,8591273,4.76,86.89492423,304.0,0.0121635,1.4272934061353735
4670,10016270,Spot Grid,1,DOTUSDT,1.0,2343024,11.1,110.90436825,1189.0,0.03901535,1.4268658607830067
4671,9606739,Spot Grid,1,ADAUSDC,1.0,14224713,8.87,309.81427771,502.0,0.06414821,1.4253912245870275
4672,10014439,Spot Grid,1,CATIUSDT,1.0,2394009,14.68,15.63284392,239.0,0.03833495,1.424394569416494
4673,9441158,Spot Grid,1,ADAUSDT,1.0,17665124,6.16,25.50383522,446.0,0.06144997,1.4235752399834032
4674,10002532,Spot Grid,1,ETHUSDT,1.0,2698945,3.1,52.19644356,1605.0,0.00542835,1.4225741143370547
4675,9811558,Spot Grid,1,BNBBTC,1.0,9124014,2.11,18.16836664,960.0,0.01367784,1.4219738042254504
4676,9993366,Spot Grid,1,SOLUSDT,1.0,2964936,8.64,86.4054691,821.0,0.02059704,1.4194584459902262
4677,9785600,Spot Grid,1,DOGEUSDT,1.0,9897415,4.45,14.57152825,1126.0,0.03338575,1.4194185746223813
4678,9633556,Spot Grid,1,CHRUSDT,1.0,13610309,16.18,24.28210884,969.0,0.11020146,1.4188318680763523
4679,10049591,Spot Grid,1,ICPUSDT,1.0,1539209,15.06,75.32158398,146.0,0.03533721,1.418487354144898
4680,9800101,Spot Grid,1,BNBBTC,1.0,9506237,3.34,23.62354135,430.0,0.01105375,1.417091863696274
4681,10024933,Spot Grid,1,ZECUSDT,1.0,2094336,18.32,110.53704576,634.0,0.06616849,1.4156963928636328
4682,9950234,Spot Grid,1,BTCUSDT,1.0,3874142,6.15,107.58827708,479.0,0.0039191,1.414753389728005
4683,9963367,Spot Grid,1,DOGEFDUSD,1.0,3687381,1.36,139.17217031,3112.0,0.03299942,1.409204347664723
4684,10015606,Spot Grid,1,OPUSDT,1.0,2367405,5.61,44.88233562,3178.0,0.05166383,1.4057917527891735
4685,9734397,Spot Grid,1,OGUSDT,1.0,11233320,2.42,73.9176225,946.0,0.02504101,1.4055475995855895
4686,9982562,Spot Grid,1,SOLUSDT,1.0,3290535,7.87,21.17643021,320.0,0.00765117,1.399257421751016
4687,9990242,Spot Grid,1,SOLUSDT,1.0,3065890,10.36,18.27686747,56.0,0.01476814,1.3979867952035387
4688,9657779,Spot Grid,1,SHIBUSDT,1.0,13122353,4.49,179.86092915,784.0,0.04191014,1.3968645052226412
4689,9957378,Spot Grid,1,BNBUSDT,1.0,3794687,8.56,428.2801175,242.0,0.01412819,1.3967053143596129
4690,9758092,Spot Grid,1,BNBBTC,1.0,10602874,3.23,16.69088856,482.0,0.01709922,1.3948022527978146
4691,9992933,Spot Grid,1,SOLUSDT,1.0,2976726,7.95,239.75593703,483.0,0.01156277,1.3932207444931626
4692,9973913,Spot Grid,1,DODOUSDT,1.0,3495504,4.66,54.75028252,1771.0,0.02220846,1.389889208494902
4693,9957910,Spot Grid,1,ADAUSDC,1.0,3789003,9.83,14.75196447,55.0,0.01525869,1.3895399871903071
4694,9945009,Spot Grid,1,BTCUSDC,1.0,3957533,6.47,42.07776107,302.0,0.00301027,1.3882319866924537
4695,9999325,Spot Grid,1,SOLUSDT,1.0,2754432,6.81,68.13446275,681.0,0.00789425,1.3878953415759991
4696,9948035,Spot Grid,1,ETHUSDT,1.0,3910151,6.98,36.16607865,510.0,0.01002822,1.3867576592497983
4697,9961571,Spot Grid,1,ETHUSDC,1.0,3730674,5.23,72.68236882,772.0,0.00547925,1.3851597987623894
4698,10050467,Spot Grid,1,XRPUSDT,1.0,1520642,10.14,101.48783076,815.0,0.02398237,1.3846100061578959
4699,9822599,Spot Grid,1,BNBBTC,1.0,8728462,4.3,10.58036465,310.0,0.01170697,1.3839732935798974
4700,9765342,Spot Grid,1,BCHBTC,1.0,10447432,11.8,80.51496306,794.0,0.07075978,1.3824490204287416
4701,10017458,Spot Grid,1,LINKUSDT,1.0,2307959,6.46,22.62655173,786.0,0.00639148,1.379588389890137
4702,9983166,Spot Grid,1,ASTERUSDC,1.0,3274768,6.28,15.66114612,783.0,0.00948513,1.3784608848387534
4703,9951394,Spot Grid,1,XRPUSDT,1.0,3865054,7.51,55.26086623,950.0,0.02249125,1.3780929477919015
4704,9941768,Spot Grid,1,BTCUSDC,1.0,4019039,8.3,13.60685774,248.0,0.01241152,1.3779613877352956
4705,9783855,Spot Grid,1,TAOUSDT,1.0,9954270,14.34,35.27264309,1692.0,0.10151048,1.3776661625789186
4706,9758279,Spot Grid,1,BNBBTC,1.0,10599148,3.16,51.76781194,480.0,0.017533,1.377505922419654
4707,10020019,Spot Grid,1,ADAUSDT,1.0,2234762,14.54,727.43303919,189.0,0.04140122,1.376832986011614
4708,10016524,Spot Grid,1,XRPUSDT,1.0,2335172,5.87,58.77806699,923.0,0.00648202,1.376636625058225
4709,9940523,Spot Grid,1,BTCUSDT,1.0,4062360,7.27,40.28963643,517.0,0.01298482,1.373073305248088
4710,10007422,Spot Grid,1,SOLUSDT,1.0,2573537,10.43,47.2496854,182.0,0.01690823,1.371923695334343
4711,10128588,Spot Grid,1,PUMPUSDT,1.0,185760,7.49,6676.3965761,67.0,0.02239525,1.368855706481097
4712,9952487,Spot Grid,1,SOLUSDT,1.0,3853141,12.21,15.38657761,333.0,0.03530005,1.36818725875465
4713,9962242,Spot Grid,1,ETHJPY,1.0,3711588,5.21,14.8549006,682.0,0.00379384,1.3675531102471536
4714,9262143,Spot Grid,1,XRPUSDT,1.0,21287935,0.77,42.9955619,314.0,0.04709255,1.3649102066618695
4715,9986655,Spot Grid,1,ASTERUSDT,1.0,3179526,7.48,14.96827194,439.0,0.00891714,1.3646747709630855
4716,9957288,Spot Grid,1,ORDIUSDT,1.0,3795380,10.23,56.78173744,1106.0,0.04095439,1.3639673342454772
4717,10084777,Spot Grid,1,NEARUSDC,1.0,987022,13.31,133.20227433,417.0,0.03162986,1.3637454875261552
4718,9949512,Spot Grid,1,BNBUSDC,1.0,3883972,8.07,242.3482836,260.0,0.01259278,1.3633459803440229
4719,10054636,Spot Grid,1,ADAUSDT,1.0,1439566,9.95,24.89200112,54.0,0.00700681,1.3620704337745193
4720,9962311,Spot Grid,1,BNBUSDT,1.0,3710225,8.78,70.266192,26.0,0.01005764,1.3594164287340111
4721,9627398,Spot Grid,1,SKYUSDT,1.0,13756651,9.93,24.83570736,304.0,0.06496434,1.3588964102490553
4722,9558080,Spot Grid,1,ETHBTC,1.0,15000309,1.21,61.16074151,186.0,0.02028037,1.3581473194100306
4723,9931727,Spot Grid,1,BTCUSDT,1.0,4493013,7.08,12.47691075,332.0,0.01035988,1.3573609103540651
4724,9950382,Spot Grid,1,BTCUSDT,1.0,3872569,5.94,59.41417995,471.0,0.00471397,1.3558002662310336
4725,9774160,Spot Grid,1,DOGEUSDT,1.0,10240825,8.52,418.77146607,626.0,0.05119923,1.3553780798256738
4726,9651884,Spot Grid,1,ADAUSDT,1.0,13211942,8.24,41.21500878,503.0,0.05782767,1.3552662279500638
4727,9981758,Spot Grid,1,SOLUSDT,1.0,3308507,7.33,36.65745541,346.0,0.0071806,1.3549879630663029
4728,9987721,Spot Grid,1,XRPUSDT,1.0,3149872,10.21,153.21803032,594.0,0.02812887,1.3545135038098817
4729,9976564,Spot Grid,1,BTCUSDT,1.0,3415420,6.3,22.68327793,678.0,0.00903516,1.352947557040621
4730,10017460,Spot Grid,1,ADAUSDC,1.0,2307937,14.56,58.29460415,708.0,0.05039035,1.351247731360768
4731,9956334,Spot Grid,1,ADABTC,1.0,3802396,9.14,23.6352523,297.0,0.01846864,1.3456449526817345
4732,9938578,Spot Grid,1,XRPUSDT,1.0,4154719,10.16,28.47006054,967.0,0.03983872,1.3436055327229417
4733,9740352,Spot Grid,1,ALGOUSDT,1.0,11042481,8.96,30.4977202,388.0,0.05047787,1.343521438288681
4734,10027821,Spot Grid,1,XRPUSDT,1.0,2017129,10.34,517.47090747,965.0,0.0342143,1.3422289091046904
4735,9923772,Spot Grid,1,BTCUSDT,1.0,4804410,6.32,126.45795842,121.0,0.00434578,1.3401344856144526
4736,9949467,Spot Grid,1,BTCUSDT,1.0,3884845,8.53,119.42112494,300.0,0.0162794,1.3396575800512651
4737,9996790,Spot Grid,1,NEIROUSDT,1.0,2844848,13.51,284.69169159,292.0,0.03977088,1.3395795165122604
4738,9744551,Spot Grid,1,币安人生USDT,1.0,10925252,0.52,33.00779994,2150.0,0.04132607,1.3374050699787694
4739,10048670,Spot Grid,1,XRPUSDT,1.0,1562271,9.73,97.34135689,823.0,0.02397925,1.3369378725226404
4740,9989846,Spot Grid,1,SOLUSDT,1.0,3074600,8.31,41.56586317,401.0,0.01347907,1.3364054473609643
4741,9966785,Spot Grid,1,ETHUSDT,1.0,3619618,7.97,39.85045169,492.0,0.01588084,1.3360015300984163
4742,9996440,Spot Grid,1,DOGEUSDT,1.0,1675025,11.8,14.1663312,366.0,0.02575354,1.3354253694936435
4743,9950083,Spot Grid,1,BTCUSDT,1.0,3875715,7.62,50.2627664,270.0,0.01047312,1.3346000052626594
4744,10004837,Spot Grid,1,SOLUSDT,1.0,2643808,9.83,77.08831838,259.0,0.01728483,1.3326558576861727
4745,9948697,Spot Grid,1,BTCUSDT,1.0,3896807,8.86,57.63840666,154.0,0.01502437,1.3323231292481499
4746,9955613,Spot Grid,1,XRPUSDT,1.0,3810283,8.6,17.20417872,107.0,0.01218346,1.328485524932905
4747,9942710,Spot Grid,1,BNBUSDC,1.0,4005550,7.54,226.43369247,226.0,0.01081583,1.328365427389586
4748,9759733,Spot Grid,1,BNBBTC,1.0,10567793,2.81,16.15664417,477.0,0.01722643,1.3279733867602854
4749,9950072,Spot Grid,1,BTCUSDT,1.0,3875838,6.37,176.46732457,245.0,0.00405635,1.32705008087415
4750,9990377,Spot Grid,1,SOLUSDT,1.0,3063162,8.31,16.47207434,127.0,0.00788269,1.3269786657530438
4751,9491791,Spot Grid,1,ADAUSDT,1.0,16653271,6.51,26.50221252,406.0,0.06210491,1.326326620183909
4752,9955624,Spot Grid,1,ETHUSDT,1.0,3810043,5.38,21.97300441,749.0,0.00826149,1.3261653186050155
4753,9497251,Spot Grid,1,WUSDT,1.0,16507439,16.12,32.24357065,150.0,0.10870244,1.3259134829675228
4754,9913804,Spot Grid,1,BTCUSDT,1.0,5116910,6.06,46.17790818,214.0,0.00646152,1.3239998270619466
4755,9984972,Spot Grid,1,TAOUSDT,1.0,3232771,16.97,127.31817901,764.0,0.07017413,1.323812787174696
4756,10021934,Spot Grid,1,ADAUSDT,1.0,2193457,14.75,57.11928117,59.0,0.03831706,1.3235290123703232
4757,9972363,Spot Grid,1,SOLUSDT,1.0,3526527,6.93,41.96509876,278.0,0.00583535,1.3220435108493112
4758,9892608,Spot Grid,1,SOLETH,1.0,6039075,4.59,98.67443569,376.0,0.00614508,1.3217874321500078
4759,9748092,Spot Grid,1,INJUSDT,1.0,10831687,5.01,179.4875868,1950.0,0.06270445,1.3203558978476984
4760,9959439,Spot Grid,1,XRPUSDT,1.0,3767669,9.09,48.33421658,406.0,0.0215315,1.319458339075514
4761,9965074,Spot Grid,1,ETHUSDC,1.0,3663542,5.47,26.0715338,733.0,0.00821795,1.3160171027130803
4762,9948631,Spot Grid,1,ETHUSDT,1.0,3897543,7.81,15.63738558,99.0,0.00859394,1.3150883796559543
4763,9931932,Spot Grid,1,JTOUSDT,1.0,4481263,16.85,20.55781228,264.0,0.064096,1.314615477483848
4764,9997854,Spot Grid,1,ETHFDUSD,1.0,2809326,5.77,144.38729181,559.0,0.00319458,1.3145442983590987
4765,9996924,Spot Grid,1,XRPUSDT,1.0,2838862,8.65,43.13975222,413.0,0.01549524,1.3139675107747275
4766,10001879,Spot Grid,1,SOLUSDT,1.0,2711058,5.61,209.04511949,1222.0,0.0163086,1.313300230224257
4767,9943807,Spot Grid,1,BTCUSDT,1.0,3986560,7.0,79.23235303,335.0,0.00994209,1.3130905776619386
4768,9941278,Spot Grid,1,BTCUSDT,1.0,4026356,7.6,17.471256,184.0,0.0099272,1.3119991047885244
4769,9445107,Spot Grid,1,ADAUSDT,1.0,17582580,5.29,26.49871185,445.0,0.06080387,1.3119378793208827
4770,9965683,Spot Grid,1,BTCUSDT,1.0,3649937,3.48,696.2390037,856.0,0.00358258,1.3094390963143765
4771,10011599,Spot Grid,1,SOLEUR,1.0,2474401,9.04,70.72565918,231.0,0.01258055,1.308547973092776
4772,10026078,Spot Grid,1,XRPUSDT,1.0,2047539,12.77,252.37450525,771.0,0.04353555,1.3083470360218186
4773,9982267,Spot Grid,1,SOLUSDT,1.0,3296330,7.6,15.20416369,188.0,0.00702853,1.3082912891791136
4774,9950886,Spot Grid,1,BTCUSDC,1.0,3869422,6.08,18.64920015,459.0,0.00697605,1.3066797215408392
4775,9839694,Spot Grid,1,ETHBTC,1.0,8127145,4.38,56.60307785,194.0,0.01047547,1.3063275042694604
4776,9981422,Spot Grid,1,SOLUSDT,1.0,3289166,7.04,39.0815793,84.0,0.00195285,1.305873644120615
4777,9986504,Spot Grid,1,DOGEUSDT,1.0,3182414,10.19,13.75977474,711.0,0.0318928,1.30531342007621
4778,9973712,Spot Grid,1,XRPUSDT,1.0,3500188,9.78,146.71085788,359.0,0.02425767,1.3049694206555607
4779,9957942,Spot Grid,1,PEPEFDUSD,1.0,3788500,2.74,345.84169941,3218.0,0.04847832,1.304907987164605
4780,10050950,Spot Grid,1,SOLUSDT,1.0,1513779,12.08,72.5066497,48.0,0.02144671,1.3036049865851513
4781,9986798,Spot Grid,1,ETHUSDT,1.0,3174500,6.74,26.9678094,214.0,0.0026022,1.3035549368285355
4782,9956090,Spot Grid,1,ETHUSDT,1.0,3804525,5.12,95.82486865,741.0,0.00793796,1.303449832134906
4783,9886134,Spot Grid,1,BNBBTC,1.0,6281922,4.24,24.62074456,484.0,0.00796968,1.3019244459854524
4784,9959028,Spot Grid,1,ETHUSDC,1.0,3773974,7.32,135.81686581,329.0,0.01143028,1.301099096087904
4785,9985656,Spot Grid,1,SOLUSDT,1.0,3217987,7.98,39.77094086,244.0,0.01037789,1.3009829057605478
4786,9852287,Spot Grid,1,SOLBTC,1.0,7730881,4.19,58.09438226,169.0,0.00745194,1.3005668232994694
4787,9976105,Spot Grid,1,DOGEUSDT,1.0,3422604,8.31,10.39468005,622.0,0.02103396,1.297767153283789
4788,9822391,Spot Grid,1,SOLETH,1.0,8735470,3.83,108.65327041,547.0,0.01816104,1.297390262629416
4789,9956963,Spot Grid,1,SOLBNB,1.0,3797216,9.69,30.70958267,59.0,0.01840017,1.2972741779900643
4790,10000128,Spot Grid,1,BNBUSDC,1.0,2734746,8.59,103.88301964,107.0,0.00924227,1.2969843055249877
4791,9808800,Spot Grid,1,XRPBTC,1.0,9216527,2.7,101.10319551,1086.0,0.02541578,1.2969544107116868
4792,9753367,Spot Grid,1,DOGEUSDT,1.0,10705409,7.42,11.13747469,609.0,0.04713803,1.2949081410479555
4793,9973286,Spot Grid,1,XRPUSDT,1.0,3507886,6.76,197.15416574,385.0,0.00903671,1.293425348136039
4794,9954124,Spot Grid,1,ETHUSDC,1.0,3831061,7.17,143.59004347,351.0,0.01169324,1.292773823024179
4795,9950802,Spot Grid,1,BTCUSDT,1.0,3869986,4.63,3004.24312219,319.0,0.0120007,1.292615866939408
4796,9860965,Spot Grid,1,BTCUSDT,1.0,7222841,4.02,222.13158146,74.0,0.00350682,1.2925204834079282
4797,9934084,Spot Grid,1,BTCUSDT,1.0,4374911,5.28,39.60715102,471.0,0.00569934,1.2922669440312688
4798,9995622,Spot Grid,1,SOLUSDT,1.0,2890472,8.28,20.71006018,157.0,0.00904566,1.291902725307869
4799,9983543,Spot Grid,1,XRPUSDT,1.0,3264564,5.29,69.42983588,1482.0,0.02257194,1.291746373100958
4800,9700153,Spot Grid,1,BNBETH,1.0,12303345,0.32,14.13400025,663.0,0.01650668,1.289052472860776
4801,9956010,Spot Grid,1,BNBUSDT,1.0,3805167,6.49,779.528424,627.0,0.01712575,1.2889248355293121
4802,9969142,Spot Grid,1,XRPUSDT,1.0,3585251,2.53,50.63983509,2295.0,0.02609625,1.2879230211531776
4803,9946131,Spot Grid,1,BTCUSDT,1.0,3941291,6.98,83.82000748,211.0,0.00806904,1.2874511854856951
4804,9980143,Spot Grid,1,SOLFDUSD,1.0,3332892,10.0,124.97369104,306.0,0.02425282,1.2865593446378756
4805,9988497,Spot Grid,1,BNBUSDT,1.0,3123172,6.53,21.12835266,428.0,0.00642974,1.286162047088769
4806,9995011,Spot Grid,1,VIRTUALUSDT,1.0,2905629,13.09,76.32593445,293.0,0.03885961,1.2853572917515537
4807,9944161,Spot Grid,1,BTCUSDT,1.0,3978491,1.84,92.31073535,1737.0,0.01251677,1.2852589272082489
4808,9959642,Spot Grid,1,ETHUSDC,1.0,3764509,7.35,25.75468648,328.0,0.0116054,1.2851996625391775
4809,9438609,Spot Grid,1,ADAUSDT,1.0,17716302,5.05,49.91544587,449.0,0.06136028,1.284721148513442
4810,9957475,Spot Grid,1,ETHUSDC,1.0,3793735,7.26,36.31664073,331.0,0.01145338,1.2827649826435858
4811,9585678,Spot Grid,1,DOGEUSDT,1.0,14591647,0.91,239.20724825,1504.0,0.04884669,1.2796167804616236
4812,9956653,Spot Grid,1,SOLUSDC,1.0,3799152,7.1,57.2530947,271.0,0.00959263,1.2789443591423681
4813,9403208,Spot Grid,1,DOGEUSDT,1.0,18430445,2.32,39.8485003,442.0,0.04960268,1.2765146984586637
4814,9948888,Spot Grid,1,BTCUSDC,1.0,3894843,7.05,21.1719407,264.0,0.00953861,1.2753534599716323
4815,9984865,Spot Grid,1,SOLUSDT,1.0,3238820,7.42,18.56143724,88.0,0.00502305,1.275330638605877
4816,9982493,Spot Grid,1,SOLUSDT,1.0,3291917,7.58,24.81266522,148.0,0.00745598,1.274614102739786
4817,9976615,Spot Grid,1,BTCUSDT,1.0,3413946,2.87,34.48077431,1219.0,0.00492245,1.2743292975295855
4818,9952537,Spot Grid,1,BTCUSDT,1.0,3852699,5.75,17.27597757,436.0,0.00592791,1.273741476633843
4819,9950278,Spot Grid,1,BTCUSDT,1.0,3873745,7.46,748.5492914,298.0,0.01625318,1.2728421880747067
4820,9960145,Spot Grid,1,ETHUSDT,1.0,3755884,8.25,91.43277905,446.0,0.01987173,1.271665281389716
4821,9964507,Spot Grid,1,XRPUSDT,1.0,3673205,2.4,38.32865755,2659.0,0.03409347,1.2706243454770565
4822,10079066,Spot Grid,1,NILUSDT,1.0,1073874,25.73,257.33025585,248.0,0.10084686,1.2687838562597193
4823,9954198,Spot Grid,1,BNBUSDC,1.0,3829704,7.2,16.57873226,63.0,0.00607858,1.268537999046885
4824,9940264,Spot Grid,1,BTCUSDT,1.0,4077690,6.78,17.5905267,329.0,0.01049111,1.2680910821185647
4825,9958388,Spot Grid,1,BTCUSDT,1.0,3783359,7.5,31.56068903,298.0,0.01273658,1.264420748738693
4826,9697739,Spot Grid,1,BNBETH,1.0,12356243,1.92,13.08668027,141.0,0.01546586,1.2634969635987707
4827,10005300,Spot Grid,1,BNBUSDT,1.0,2634604,6.39,3196.53827242,73.0,0.013371,1.2618648062490518
4828,9541324,Spot Grid,1,NIGHTUSDT,1.0,15343645,17.21,44.93812874,717.0,0.12432811,1.2618281426336933
4829,10004140,Spot Grid,1,XRPUSDT,1.0,2657526,6.17,17.41973173,1001.0,0.01555071,1.2618233435533157
4830,9897612,Spot Grid,1,XRPETH,1.0,5836149,7.41,166.79382267,363.0,0.0232261,1.2610220285603972
4831,9948226,Spot Grid,1,BTCUSDT,1.0,3904802,8.17,32.71617489,221.0,0.01544134,1.26088024278351
4832,9955713,Spot Grid,1,ETHUSDT,1.0,3808704,5.98,21.06985122,369.0,0.00615114,1.2600322823699681
4833,9781614,Spot Grid,1,BNBBTC,1.0,10019965,0.91,868.08064659,747.0,0.01731266,1.2599532458964118
4834,9929022,Spot Grid,1,ETHUSDT,1.0,4616264,6.15,30.76275915,160.0,0.00617224,1.2597640216020807
4835,10051695,Spot Grid,1,SOLUSDT,1.0,1499612,11.03,79.41160935,182.0,0.0202792,1.2595704244016286
4836,10011674,Spot Grid,1,PEPEFDUSD,1.0,2472275,8.62,55.36567105,1540.0,0.0398759,1.2590718351260772
4837,9631333,Spot Grid,1,DOGEUSDT,1.0,13672479,3.09,13.9034547,602.0,0.037468,1.2581373724496325
4838,9671033,Spot Grid,1,ADAUSDT,1.0,12904096,7.09,10.64546868,31.0,0.04398114,1.2580121826401
4839,9960074,Spot Grid,1,BTCUSDT,1.0,3757080,6.36,636.31467549,395.0,0.01181969,1.2576558860462475
4840,9964559,Spot Grid,1,BNBUSDT,1.0,3672482,7.87,15.357592,26.0,0.00882707,1.2550174434591694
4841,9987186,Spot Grid,1,BNBUSDT,1.0,3162989,7.72,51.34060769,89.0,0.00737836,1.2542185454881223
4842,9956945,Spot Grid,1,BTCUSDT,1.0,3797277,7.48,127.16647859,314.0,0.01397528,1.2530064045315665
4843,9965026,Spot Grid,1,ETHUSDT,1.0,3664333,4.81,28.86578358,607.0,0.00455648,1.2513223184826738
4844,9976449,Spot Grid,1,ETHUSDT,1.0,2884614,7.93,97.75792666,240.0,0.0109259,1.2503643904614354
4845,10011940,Spot Grid,1,ZECUSDT,1.0,2466526,6.7,46.92489432,431.0,0.00623124,1.2492659041654566
4846,10019482,Spot Grid,1,SOLUSDT,1.0,2249411,9.82,44.12943772,165.0,0.01682786,1.2469608492357345
4847,10028616,Spot Grid,1,ZECUSDT,1.0,1986234,8.33,62.53568018,523.0,0.01526776,1.245715348068911
4848,9997631,Spot Grid,1,APTUSDT,1.0,1674883,11.24,56.20609312,350.0,0.02619439,1.2450878120475604
4849,9965890,Spot Grid,1,ETHUSDT,1.0,3645145,8.15,38.66696505,415.0,0.0190182,1.2444193222557207
4850,9999192,Spot Grid,1,BTCUSDT,1.0,2758855,5.06,50.60668475,927.0,0.00923548,1.2438700229538164
4851,9943196,Spot Grid,1,BTCUSDT,1.0,3997825,6.81,27.46336231,30.0,0.00510086,1.241645604887801
4852,9630823,Spot Grid,1,PENGUUSDC,1.0,13685380,15.22,25.89748409,1109.0,0.11539007,1.2407892190796486
4853,10033047,Spot Grid,1,SOLUSDT,1.0,1826447,9.04,89.60139124,164.0,0.01124085,1.2400676898625058
4854,9983228,Spot Grid,1,TSTUSDT,1.0,3273289,8.08,14.21786321,3036.0,0.07256092,1.239733678807864
4855,10073143,Spot Grid,1,SUIUSDT,1.0,1157244,13.3,65.52759444,205.0,0.03246231,1.2394348343010146
4856,9375912,Spot Grid,1,ADAUSDT,1.0,18910883,4.84,48.4666004,245.0,0.062842,1.2387077724184796
4857,9375855,Spot Grid,1,LTCBTC,1.0,18911611,3.83,12.89301624,47.0,0.05296028,1.2383470637023524
4858,9904521,Spot Grid,1,ETHBTC,1.0,5515993,5.42,18.70066714,110.0,0.00580763,1.237250379434873
4859,9950254,Spot Grid,1,BTCUSDT,1.0,3873915,6.2,62.00760901,165.0,0.00444753,1.2371464652329083
4860,10049995,Spot Grid,1,DOGEUSDT,1.0,1529834,11.46,19.26180875,537.0,0.03089728,1.2363096400855753
4861,9976971,Spot Grid,1,BNBUSDC,1.0,3404201,3.28,65.7715737,1351.0,0.0116325,1.2356311247269733
4862,10022780,Spot Grid,1,TUTUSDT,1.0,2167328,15.91,79.56443881,105.0,0.04918643,1.2352857668251138
4863,9942734,Spot Grid,1,BNBUSDC,1.0,4005024,6.81,204.36307621,280.0,0.01164018,1.2339401239668935
4864,9986187,Spot Grid,1,BTCUSDT,1.0,3196871,3.13,37.59952315,1113.0,0.00494372,1.2306855990260586
4865,9443649,Spot Grid,1,ADAUSDT,1.0,17610556,4.76,20.00761263,445.0,0.06129028,1.2297600942585898
4866,9984014,Spot Grid,1,SOLUSDT,1.0,3254882,8.3,10.89855238,88.0,0.01171772,1.229280405708089
4867,9945414,Spot Grid,1,BTCUSDT,1.0,3952277,5.18,32.1900947,482.0,0.00607803,1.229078480937578
4868,10022998,Spot Grid,1,BTCFDUSD,1.0,2160541,5.76,288.02965855,766.0,0.00897743,1.2275873210975994
4869,9937317,Spot Grid,1,HOMEUSDT,1.0,4201963,2.02,13.39600636,3277.0,0.04898138,1.2267958674122816
4870,9984528,Spot Grid,1,SOLUSDT,1.0,3244089,6.86,362.27698169,165.0,0.00735386,1.2261303013240306
4871,9971894,Spot Grid,1,DOGEUSDC,1.0,3534285,5.09,26.4364788,1492.0,0.02527362,1.2256989301798331
4872,9857014,Spot Grid,1,BNBBTC,1.0,7515518,2.32,12.50974869,734.0,0.01103329,1.2254705744586702
4873,9802084,Spot Grid,1,BNBBTC,1.0,9446602,4.83,12.53322237,188.0,0.02149393,1.2249309129084018
4874,10021186,Spot Grid,1,GRAMUSDT,1.0,2209716,6.73,1347.80717926,177.0,0.00763318,1.223891369729644
4875,9996795,Spot Grid,1,NEIROUSDT,1.0,2844571,13.48,144.44873972,292.0,0.04355569,1.2232729171216237
4876,9997572,Spot Grid,1,TSTUSDT,1.0,2817613,22.24,23.81449513,404.0,0.09315674,1.2225824727885644
4877,9955995,Spot Grid,1,XRPUSDT,1.0,3805296,7.75,24.1070805,105.0,0.01177953,1.222027638775387
4878,9734873,Spot Grid,1,OGUSDT,1.0,11221398,2.91,153.4771645,321.0,0.02224746,1.2215572331185525
4879,10000718,Spot Grid,1,SOLFDUSD,1.0,2725102,5.49,870.84208087,863.0,0.01525881,1.2202146470709536
4880,9952124,Spot Grid,1,BTCUSDT,1.0,3857242,6.12,35.92155748,252.0,0.0063493,1.2196104648808963
4881,9955910,Spot Grid,1,XRPUSDT,1.0,3806288,7.83,14.1304044,106.0,0.01229358,1.2194841406429477
4882,9820482,Spot Grid,1,BNBBTC,1.0,8797675,1.3,36.75056103,909.0,0.01502017,1.2189724319754842
4883,9971669,Spot Grid,1,BNBUSDT,1.0,3538052,6.54,19.624724,283.0,0.00789034,1.2187409105546825
4884,10084765,Spot Grid,1,NEARUSDC,1.0,987194,13.36,133.6705952,220.0,0.03357902,1.2183356118343465
4885,9990465,Spot Grid,1,SOLUSDC,1.0,3061431,6.79,725.84493276,137.0,0.00785168,1.2165621830075635
4886,9945704,Spot Grid,1,BTCUSDC,1.0,3947472,5.26,19.50758945,524.0,0.00782326,1.2165154256157036
4887,9939284,Spot Grid,1,BTCUSDT,1.0,4120390,5.16,65.10661384,382.0,0.00527907,1.215676047346991
4888,9606716,Spot Grid,1,DOGEUSDC,1.0,14225129,1.26,66.22528123,1684.0,0.05469915,1.2152536232292157
4889,10010393,Spot Grid,1,DOGEUSDT,1.0,2503294,8.36,41.8041303,591.0,0.02030509,1.2125800943501845
4890,9941231,Spot Grid,1,BTCUSDT,1.0,4028044,4.94,13.85977593,702.0,0.01031935,1.2123833968158013
4891,10052325,Spot Grid,1,LTCBTC,1.0,1480026,4.37,491.26298582,863.0,0.00220897,1.2114081192606343
4892,10001954,Spot Grid,1,XPLUSDT,1.0,2709876,11.26,29.90138242,230.0,0.02945267,1.21026131246236
4893,9945271,Spot Grid,1,ETHUSDT,1.0,3954296,6.52,12.73092243,179.0,0.00769654,1.2094747057234474
4894,10001914,Spot Grid,1,SOLUSDT,1.0,2710433,9.79,41.37547857,179.0,0.02058497,1.2054177064737053
4895,10011673,Spot Grid,1,ZENUSDT,1.0,2472299,20.59,148.41882556,97.0,0.07755132,1.2037911474778167
4896,9959338,Spot Grid,1,BTCUSDC,1.0,3769423,6.99,69.95396166,275.0,0.01203694,1.2036688415399952
4897,10020226,Spot Grid,1,LTCUSDT,1.0,2229691,8.01,160.32936326,347.0,0.01306492,1.2026823875096344
4898,10003640,Spot Grid,1,SOLUSDT,1.0,2670230,7.91,11.86950335,43.0,0.00720598,1.2026706672083811
4899,9731558,Spot Grid,1,SHIBUSDT,1.0,11336838,7.12,15.62147811,484.0,0.04930909,1.2019086036047073
4900,9963226,Spot Grid,1,XRPUSDT,1.0,3688966,6.6,330.49172487,928.0,0.0247896,1.2017930626678472
4901,9437238,Spot Grid,1,ADAUSDT,1.0,17740648,4.23,21.17467224,452.0,0.06027965,1.2003905727929316
4902,9957462,Spot Grid,1,BTCUSDC,1.0,3793821,7.36,36.84835413,273.0,0.01411666,1.199606449367192
4903,9951371,Spot Grid,1,BTCFDUSD,1.0,3865311,7.08,750.77415129,399.0,0.01927167,1.1985035732267977
4904,9982460,Spot Grid,1,SOLUSDT,1.0,3292435,5.53,40.57608013,468.0,0.00637351,1.1928844967541925
4905,10014581,Spot Grid,1,DOGEUSDC,1.0,2389346,8.14,40.72933386,628.0,0.0201898,1.1927004361714746
4906,10061463,Spot Grid,1,LINKFDUSD,1.0,1337229,7.15,2146.4733331,1386.0,0.03732154,1.1882133625223448
4907,9630092,Spot Grid,1,COMPUSDT,1.0,13698475,5.29,37.86650287,173.0,0.04354874,1.1863522907289357
4908,9966901,Spot Grid,1,BNBUSDT,1.0,3617371,7.05,80.87201163,127.0,0.00939471,1.1848840655253843
4909,9989153,Spot Grid,1,BTCUSDT,1.0,3096662,2.79,139.62364579,1108.0,0.00493072,1.1844484782904048
4910,9852409,Spot Grid,1,SOLBTC,1.0,7727705,7.41,89.90496166,129.0,0.02909751,1.183043570328342
4911,9377119,Spot Grid,1,ADAUSDT,1.0,18890221,4.51,20.31031146,242.0,0.06300638,1.1822673907694254
4912,9681880,Spot Grid,1,SUIUSDT,1.0,12692687,7.19,12.95727443,139.0,0.04902935,1.1806362323933381
4913,10037356,Spot Grid,1,INJBTC,1.0,1693241,12.26,1382.16187568,307.0,0.04036166,1.1804203838547236
4914,9945832,Spot Grid,1,BTCUSDC,1.0,3945787,1.76,11.83431579,1218.0,0.00475576,1.180415029561763
4915,9273693,Spot Grid,1,SUIUSDT,1.0,21045757,10.14,31.9020198,16.0,0.09840518,1.1798691980648268
4916,9860464,Spot Grid,1,SOLETH,1.0,7379589,4.56,124.09656041,225.0,0.0143637,1.1794577305892757
4917,10038507,Spot Grid,1,XRPUSDT,1.0,1667201,8.95,71.64215786,272.0,0.0147017,1.1792810111557437
4918,9988443,Spot Grid,1,SOLUSDT,1.0,3125150,7.35,73.5383105,248.0,0.01169388,1.1789296699936123
4919,10038809,Spot Grid,1,BTCU,1.0,1655393,5.18,557.43997871,668.0,0.00492117,1.1786646671479302
4920,9881979,Spot Grid,1,ADAETH,1.0,6445338,11.13,58.64628378,237.0,0.04631901,1.1775394313889533
4921,10025846,Spot Grid,1,XRPUSDT,1.0,2054721,9.85,39.50652509,452.0,0.02501454,1.177088597129743
4922,9992942,Spot Grid,1,BTCFDUSD,1.0,2701821,6.57,383.18297643,485.0,0.01238457,1.1748934190793694
4923,9988934,Spot Grid,1,SOLUSDT,1.0,3104085,7.92,11.53092996,82.0,0.01110144,1.1737200178237726
4924,9969631,Spot Grid,1,BTCUSDT,1.0,3577689,3.21,10.93877623,856.0,0.00375573,1.1729019276292
4925,9955964,Spot Grid,1,BTCUSDT,1.0,3805607,6.12,30.63164399,240.0,0.00776381,1.1718989505950903
4926,9900588,Spot Grid,1,RLCUSDT,1.0,5703289,11.59,1417.03122491,148.0,0.0510243,1.1711441650259538
4927,9948780,Spot Grid,1,BTCUSDT,1.0,3895823,5.59,111.88669986,279.0,0.0065344,1.1708437692078253
4928,10017992,Spot Grid,1,ETHFDUSD,1.0,2128540,7.07,60.16055287,570.0,0.01299712,1.1701695268411951
4929,9983361,Spot Grid,1,BTCFDUSD,1.0,3269601,5.62,398.84599226,675.0,0.01392974,1.1694997330154615
4930,9963211,Spot Grid,1,SOLBTC,1.0,3689574,8.6,268.94340965,21.0,0.01759852,1.1677501190048396
4931,9980690,Spot Grid,1,SOLUSDC,1.0,3327040,7.57,91.19247489,124.0,0.01174406,1.1660845955926111
4932,9965366,Spot Grid,1,BNBUSDC,1.0,3656909,6.24,42.51030866,71.0,0.00450494,1.1660600906728993
4933,9756591,Spot Grid,1,ALPINEUSDT,1.0,10634009,5.07,99.73765553,592.0,0.03926772,1.165457410467702
4934,9957381,Spot Grid,1,BTCUSDT,1.0,3794648,5.15,257.96428335,263.0,0.0043598,1.164543455710632
4935,9971845,Spot Grid,1,ETHFDUSD,1.0,3535232,2.47,101.32512329,1097.0,0.00543075,1.1643755085535297
4936,10063057,Spot Grid,1,ARKMUSDT,1.0,1303771,10.4,251.15100286,1683.0,0.0524918,1.1635326880102517
4937,9948776,Spot Grid,1,BTCUSDT,1.0,3895846,5.63,37.38773916,279.0,0.00668877,1.1629136916382206
4938,9963899,Spot Grid,1,XRPUSDT,1.0,3680181,2.35,26.38273789,1885.0,0.0217458,1.1627385770951633
4939,9988438,Spot Grid,1,BNBUSDT,1.0,3125230,7.65,76.5056403,218.0,0.01337209,1.1626078130181725
4940,10058787,Spot Grid,1,SOLFDUSD,1.0,1380744,2.14,185.2429746,1543.0,0.00436184,1.1624107187810095
4941,9901371,Spot Grid,1,BTCUSDT,1.0,5666283,4.24,35.10797411,241.0,0.00588688,1.1616008948207164
4942,9985593,Spot Grid,1,ETHUSDT,1.0,3220391,8.24,42.47682329,268.0,0.01793149,1.161587465434345
4943,9892976,Spot Grid,1,ETHBTC,1.0,6018156,2.06,283.11316693,676.0,0.00594706,1.1614175299121077
4944,10018877,Spot Grid,1,TUTUSDT,1.0,2273544,12.83,641.54815138,937.0,0.05625063,1.1612753693532571
4945,10014206,Spot Grid,1,TUTUSDT,1.0,2400465,3.02,11.704613,2776.0,0.03877851,1.1612235306065133
4946,9961214,Spot Grid,1,BTCUSDT,1.0,3739942,4.95,24.77797741,412.0,0.00512919,1.1609438912985839
4947,9948611,Spot Grid,1,BTCUSDT,1.0,3897663,6.28,12.56086539,55.0,0.00547851,1.160630338939824
4948,9993001,Spot Grid,1,SOLUSDT,1.0,2975099,9.4,144.8705075,140.0,0.02111897,1.1598599568745296
4949,9957240,Spot Grid,1,ETHUSDT,1.0,3795730,5.91,145.49684584,487.0,0.01289444,1.1593125364732428
4950,9958802,Spot Grid,1,BTCUSDT,1.0,3777263,4.81,22.00871171,424.0,0.00483823,1.1590512248051112
4951,9661540,Spot Grid,1,POLUSDC,1.0,13082265,15.48,70.17748582,670.0,0.10847704,1.1585667775237631
4952,9950398,Spot Grid,1,BTCUSDC,1.0,3872442,5.3,781.54477674,402.0,0.01140471,1.1581213720971606
4953,9985003,Spot Grid,1,BNBUSDT,1.0,3236768,8.78,48.7422195,29.0,0.01620242,1.1548628095169873
4954,9958203,Spot Grid,1,BTCUSDT,1.0,3786035,4.8,103.57721949,411.0,0.00515503,1.1543312914559007
4955,9961131,Spot Grid,1,ETHUSDT,1.0,3741328,3.75,114.19545038,751.0,0.00647574,1.1540839700649328
4956,8955156,Spot Grid,1,WLDUSDT,1.0,27282796,6.37,23.34061249,705.0,0.12001402,1.1538203398262687
4957,9223894,Spot Grid,1,ALICEUSDT,1.0,22116876,2.26,129.40888622,1392.0,0.09052505,1.153699107338709
4958,9958997,Spot Grid,1,BTCUSDT,1.0,3774416,3.94,647.18865771,459.0,0.00424782,1.1533960560365604
4959,9951288,Spot Grid,1,BTCUSDT,1.0,3866157,6.23,13.09228623,82.0,0.00599411,1.1519180692117441
4960,9929403,Spot Grid,1,SOLBTC,1.0,4600518,5.52,79.96410755,576.0,0.0160857,1.1508611386706522
4961,9970490,Spot Grid,1,BTCUSDT,1.0,3555581,3.54,304.62249388,706.0,0.00474048,1.1495851805976611
4962,9977223,Spot Grid,1,BNBUSDC,1.0,3396743,5.61,562.13453071,162.0,0.005236,1.1488012985143345
4963,10039305,Spot Grid,1,ETHUSDC,1.0,1633094,5.75,2855.34997001,325.0,0.01377106,1.1471717729657325
4964,10006236,Spot Grid,1,SOLUSDT,1.0,2607943,8.08,69.74558359,88.0,0.0113506,1.1471288736482583
4965,9833964,Spot Grid,1,PAXGUSDT,1.0,8291142,2.64,267.41889835,336.0,0.01214013,1.1470502090927157
4966,10093841,Spot Grid,1,SUIUSDC,1.0,815314,10.91,109.2187724,303.0,0.02395758,1.146364881044043
4967,9744094,Spot Grid,1,RENDERUSDT,1.0,10935988,3.96,37.27731056,1393.0,0.0518775,1.1463409865237817
4968,10029781,Spot Grid,1,MSTRBUSDT,1.0,1943022,10.1,37.37078802,399.0,0.02606125,1.1450117513573714
4969,9989238,Spot Grid,1,BTCBRL,1.0,3093258,3.79,23.83364405,935.0,0.00772198,1.1448873850181567
4970,9899226,Spot Grid,1,ETHBTC,1.0,5761106,3.32,18.87363081,354.0,0.00434869,1.1420827243885066
4971,9856013,Spot Grid,1,ETHBTC,1.0,7557907,1.02,36.9921019,942.0,0.01197866,1.1420175428130284
4972,9960131,Spot Grid,1,ETHUSDT,1.0,3756021,6.46,52.08125827,313.0,0.01226984,1.1419586019989962
4973,9996845,Spot Grid,1,ETHJPY,1.0,2842124,5.53,15.71095576,671.0,0.01067442,1.14162598728367
4974,9949572,Spot Grid,1,ETHUSDC,1.0,3883102,5.66,169.95431121,89.0,0.00435758,1.140575846855112
4975,9942381,Spot Grid,1,BTCUSDT,1.0,4012568,3.85,12.48932611,686.0,0.00684663,1.1400798110448787
4976,9954419,Spot Grid,1,BTCUSDT,1.0,3825568,5.67,29.06786474,243.0,0.00672061,1.1400629475106736
4977,9959139,Spot Grid,1,SOLBTC,1.0,3772388,8.53,111.97598004,74.0,0.01901986,1.1394577163486388
4978,9957795,Spot Grid,1,BTCUSDT,1.0,3790122,3.84,38.40457461,576.0,0.0036751,1.139380994785181
4979,10006858,Spot Grid,1,XRPUSDT,1.0,2585558,5.78,60.26123262,1220.0,0.0228854,1.139256381275674
4980,9959279,Spot Grid,1,BTCUSDT,1.0,3770318,4.71,20.80071447,412.0,0.00484705,1.1379914912087932
4981,9975049,Spot Grid,1,BNBUSDT,1.0,3461447,6.41,10.900552,67.0,0.00554551,1.1363585595410426
4982,10009941,Spot Grid,1,AAVEUSDT,1.0,2516148,9.57,241.32242796,420.0,0.02749429,1.1352916860513322
4983,9956241,Spot Grid,1,BTCUSDT,1.0,3803259,6.37,191.35396184,341.0,0.01364877,1.1329737901728099
4984,9963587,Spot Grid,1,BNBUSDT,1.0,3684108,3.03,60.63095699,764.0,0.0032812,1.129417892276726
4985,10051639,Spot Grid,1,SOLUSDT,1.0,1501170,6.81,34.08097535,173.0,0.00202364,1.1287242615064619
4986,10011785,Spot Grid,1,SOLUSDT,1.0,2470006,7.32,12.97049526,67.0,0.0066367,1.1279295866603962
4987,9985691,Spot Grid,1,ETHUSDT,1.0,3216919,7.91,47.47034271,266.0,0.01751191,1.1262870966191234
4988,10036998,Spot Grid,1,DOGEUSDT,1.0,1704728,14.88,33.4922493,281.0,0.04945933,1.1257289754904716
4989,9946932,Spot Grid,1,BTCUSDT,1.0,3929881,6.02,12.04167537,80.0,0.00615019,1.1250129979370886
4990,9995434,Spot Grid,1,ETHUSD1,1.0,2895744,7.69,19.22907625,161.0,0.0126527,1.1241862589365363
4991,9982957,Spot Grid,1,BTCUSDT,1.0,3280696,4.13,82.70746631,753.0,0.00772761,1.1226895862789745
4992,9964124,Spot Grid,1,ADAUSDT,1.0,3508938,9.9,180.05318198,81.0,0.02657945,1.122274655111173
4993,9980704,Spot Grid,1,BNBUSDC,1.0,3326899,6.62,23.19472968,63.0,0.00667625,1.1219666354150206
4994,9979539,Spot Grid,1,SOLUSDT,1.0,3341471,6.32,38.59684222,42.0,0.00479148,1.1204780551031601
4995,9282147,Spot Grid,1,SUIBTC,1.0,20874439,6.89,37.53303209,71.0,0.08354218,1.1185608314403048
4996,9969280,Spot Grid,1,XRPUSDT,1.0,3583348,8.51,20.86920379,349.0,0.02430875,1.1181269100517703
4997,9660478,Spot Grid,1,FILUSDT,1.0,13095240,10.25,16.91595792,715.0,0.08221713,1.1180385904788173
4998,9884189,Spot Grid,1,ADAETH,1.0,6359475,10.73,29.15102547,235.0,0.04599128,1.117229890534451
4999,9821689,Spot Grid,1,CHZUSDT,1.0,8765065,6.17,18.34941074,1062.0,0.04878101,1.1167282968075205
5000,9986854,Spot Grid,1,BNBUSDT,1.0,3172121,8.37,38.856851,80.0,0.01625498,1.116409619344783
5001,9018993,Spot Grid,1,BTCUSDT,1.0,25998053,0.25,20.67275929,488.0,0.07793234,1.1163055069960615
5002,9956238,Spot Grid,1,BTCUSDT,1.0,3803267,4.52,135.87166095,436.0,0.00594422,1.1156699055483903
5003,9953296,Spot Grid,1,ETHUSDT,1.0,3844001,5.9,11.59749661,167.0,0.00734926,1.1154402087237207
5004,10009953,Spot Grid,1,BTCU,1.0,2515668,5.5,16.51031004,711.0,0.01106473,1.1142498445191003
5005,9984987,Spot Grid,1,ETHUSDT,1.0,3237156,8.23,41.15703579,251.0,0.01948728,1.1141500443649095
5006,10053688,Spot Grid,1,ADAUSDT,1.0,1452671,8.17,40.87431758,320.0,0.01306048,1.1123796733353242
5007,9981766,Spot Grid,1,SOLUSDT,1.0,3308330,5.64,18.7893433,210.0,0.00472657,1.111874934178033
5008,9958380,Spot Grid,1,BTCUSDT,1.0,3783540,4.8,96.04129368,544.0,0.00964365,1.111404526268702
5009,9940878,Spot Grid,1,BNBUSDT,1.0,4041818,7.31,19.74338216,23.0,0.01308436,1.1110089151079698
5010,9821388,Spot Grid,1,BNBBTC,1.0,8773002,2.14,163.70332114,304.0,0.01177811,1.1090836742315135
5011,10029995,Spot Grid,1,SOLUSDT,1.0,1935098,7.69,60.93217095,177.0,0.00979944,1.106755023845472
5012,9961230,Spot Grid,1,BTCUSDT,1.0,3739648,4.9,63.74533664,541.0,0.00997193,1.1064695265210989
5013,9951381,Spot Grid,1,BTCUSDT,1.0,3865180,4.65,23.27548818,314.0,0.00413845,1.1062490051979443
5014,9865629,Spot Grid,1,ETHBTC,1.0,7135292,4.24,20.71119543,122.0,0.01181651,1.1057818034669464
5015,10038697,Spot Grid,1,BTCUSDT,1.0,1659861,8.57,24.87505486,128.0,0.01225883,1.1057036850318716
5016,9957944,Spot Grid,1,BTCUSDT,1.0,3788658,6.07,69.24540443,236.0,0.01029008,1.103222027197063
5017,9936520,Spot Grid,1,ETHBTC,1.0,4240282,3.43,17.81615302,735.0,0.00812766,1.101687583273666
5018,9949604,Spot Grid,1,BTCUSDT,1.0,3882504,5.41,116.12302061,116.0,0.0049495,1.099041550140344
5019,9977657,Spot Grid,1,ETHUSDT,1.0,3384517,4.8,13.31994892,711.0,0.01154278,1.0990311580406944
5020,9972883,Spot Grid,1,BTCFDUSD,1.0,3516123,5.46,109.12518004,640.0,0.01472578,1.0985827198651645
5021,9807587,Spot Grid,1,XLMUSDT,1.0,9261141,7.34,27.82108799,951.0,0.0557581,1.0979695584600444
5022,9985672,Spot Grid,1,BNBUSDT,1.0,3217536,5.88,24.20179079,207.0,0.00622528,1.0967112284572655
5023,9973421,Spot Grid,1,ETHUSDC,1.0,3505323,6.01,240.49194672,290.0,0.01104517,1.0964649087417033
5024,9991753,Spot Grid,1,BTCUSDT,1.0,3017499,6.51,162.96329737,152.0,0.00841451,1.095550447730362
5025,10007771,Spot Grid,1,CATIUSDT,1.0,2564928,12.06,42.37891003,1101.0,0.05631901,1.095337860244157
5026,10061916,Spot Grid,1,XLMUSDT,1.0,1330445,9.65,30.9004343,400.0,0.02303945,1.0934372952064044
5027,10027965,Spot Grid,1,SOLUSDT,1.0,2012399,7.1,31.68987615,151.0,0.00674611,1.0931732655341062
5028,9488626,Spot Grid,1,TAOUSDT,1.0,16728045,1.79,10.75714919,1544.0,0.06995632,1.0931302082049799
5029,9982748,Spot Grid,1,SOLUSDT,1.0,3286287,6.73,82.28350666,172.0,0.01090668,1.0922879342872216
5030,9955825,Spot Grid,1,XRPUSDC,1.0,3807266,7.12,15.43746258,90.0,0.01323242,1.0912136625804318
5031,9783913,Spot Grid,1,DOGEUSDT,1.0,9951995,9.76,700.25757649,356.0,0.06317516,1.0892389377998146
5032,9970618,Spot Grid,1,BTCUSDT,1.0,3553127,3.23,1315.34298459,700.0,0.01057548,1.0880658222505748
5033,9983679,Spot Grid,1,BTCUSDT,1.0,3261746,2.69,13.45082095,1093.0,0.00801737,1.0874856548903022
5034,9960054,Spot Grid,1,BTCUSDT,1.0,3757400,4.65,69.81011643,541.0,0.00949612,1.0869187993244773
5035,9901715,Spot Grid,1,ETHBTC,1.0,5653877,3.49,33.86914114,203.0,0.00395187,1.0860928258536757
5036,9623822,Spot Grid,1,PENGUUSDC,1.0,13848757,13.07,19.61533048,1184.0,0.11210679,1.085682656511477
5037,10097390,Spot Grid,1,ENJUSDT,1.0,745279,5.57,55.78270425,2083.0,0.03426099,1.0855854021749984
5038,10025001,Spot Grid,1,LINKUSDT,1.0,2090648,10.33,37.39853897,190.0,0.02593931,1.0850079093897151
5039,9966181,Spot Grid,1,BTCUSDT,1.0,3638314,4.92,74.41146078,526.0,0.01025495,1.084827811593097
5040,10024648,Spot Grid,1,MEMEUSDT,1.0,2106822,8.94,44.73111084,1848.0,0.05352677,1.0847866651262126
5041,10017862,Spot Grid,1,PENGUUSDT,1.0,2297547,20.48,18.43569017,695.0,0.09301567,1.0835404033702398
5042,9955298,Spot Grid,1,ETHUSDT,1.0,3815265,5.91,41.98651722,553.0,0.01689984,1.083179422874876
5043,9735187,Spot Grid,1,ADAUSDT,1.0,11211903,13.65,47.26351759,51.0,0.08029213,1.0829041864449547
5044,9952043,Spot Grid,1,BTCUSDT,1.0,3858221,5.76,37.48587852,256.0,0.0099692,1.0828448590027022
5045,10015365,Spot Grid,1,SOLUSDT,1.0,2372939,7.42,111.44291397,145.0,0.01074448,1.0826470517794524
5046,9706383,Spot Grid,1,DOGEUSDT,1.0,12091653,5.74,17.22964184,181.0,0.04349402,1.0795913262547874
5047,9946988,Spot Grid,1,BTCUSDT,1.0,3929154,4.07,81.56363275,508.0,0.00673306,1.0790868527509883
5048,10073800,Spot Grid,1,ADAUSDT,1.0,1150012,10.59,39.87518892,767.0,0.0358369,1.078157167033735
5049,9952619,Spot Grid,1,BTCUSDT,1.0,3851966,6.51,97.77834766,286.0,0.01518014,1.0781519489096105
5050,10011068,Spot Grid,1,ARBUSDT,1.0,2486565,14.22,99.60790511,256.0,0.05091565,1.0780488171247604
5051,9995525,Spot Grid,1,BNBUSDT,1.0,2893295,6.18,22.37302251,177.0,0.00659431,1.0778541773367853
5052,10020197,Spot Grid,1,XRPUSDC,1.0,2230339,7.81,15.63165027,226.0,0.01368541,1.07778664387484
5053,9961585,Spot Grid,1,BTCUSDT,1.0,3730153,4.3,32.35481217,407.0,0.00483617,1.0769700131475264
5054,10086895,Spot Grid,1,AIUSDT,1.0,931739,9.27,278.24749617,1077.0,0.03552163,1.0767414022379966
5055,9984760,Spot Grid,1,SUIUSDT,1.0,3240255,21.58,38.34944576,2495.0,0.14155587,1.075935326553347
5056,10005046,Spot Grid,1,XRPUSDT,1.0,2639842,6.71,33.56312623,591.0,0.01733112,1.0752854828591087
5057,9873542,Spot Grid,1,BNBBTC,1.0,6781528,2.9,66.09003025,324.0,0.00870585,1.075217524370255
5058,9959480,Spot Grid,1,ETHUSDT,1.0,3767272,6.95,208.62792336,266.0,0.01752851,1.0742792341691207
5059,9983371,Spot Grid,1,ETHUSDT,1.0,3269415,5.74,75.32406661,306.0,0.00898598,1.0731178838667375
5060,9999711,Spot Grid,1,SOLUSDT,1.0,2744364,7.23,18.09176363,19.0,0.00856183,1.0723062867756075
5061,9973001,Spot Grid,1,ETHUSDC,1.0,3513106,5.97,75.69837686,292.0,0.01103116,1.0721445473725664
5062,10004961,Spot Grid,1,XRPUSDT,1.0,2641698,6.3,351.98820497,592.0,0.01690719,1.0714737793274969
5063,10000490,Spot Grid,1,ETHUSDT,1.0,2727128,7.03,323.24494871,596.0,0.02120634,1.0714185207713878
5064,9612672,Spot Grid,1,ADAUSDT,1.0,14108067,5.84,57.33022943,751.0,0.06526166,1.0712447384711246
5065,9317074,Spot Grid,1,SENTUSDT,1.0,20208695,5.12,52.0336057,645.0,0.08513584,1.071080196646736
5066,9739111,Spot Grid,1,DOGEUSDT,1.0,11083741,5.52,55.28586698,149.0,0.03784945,1.0708994133428822
5067,9977949,Spot Grid,1,DOGEUSDT,1.0,3375688,6.66,99.94284891,857.0,0.02635323,1.0707762201760826
5068,9963655,Spot Grid,1,XRPUSDT,1.0,3682897,7.59,28.26143606,209.0,0.01870749,1.0700270183629794
5069,9672023,Spot Grid,1,VIRTUALUSDT,1.0,12886503,6.97,27.9162483,488.0,0.06056463,1.0698430387232667
5070,9968081,Spot Grid,1,BTCUSDT,1.0,3596472,5.84,374.59835949,322.0,0.01300045,1.0683490824933244
5071,10035265,Spot Grid,1,SOLUSDT,1.0,1760061,6.41,256.5329362,189.0,0.00487105,1.0677948722701527
5072,9996382,Spot Grid,1,BTCUSDT,1.0,2861680,6.11,18.34511623,239.0,0.00780941,1.066842262875431
5073,9644510,Spot Grid,1,SUIUSDT,1.0,13338258,13.15,10.82373641,23.0,0.08651331,1.066771816581977
5074,9958414,Spot Grid,1,BTCUSDT,1.0,3782996,5.45,218.27047287,293.0,0.0103306,1.066241395279851
5075,10013821,Spot Grid,1,ZECUSDT,1.0,2412870,5.48,38.40075823,408.0,0.00615078,1.0661241667633352
5076,9972872,Spot Grid,1,XRPUSDC,1.0,3516311,4.05,79.6954183,1086.0,0.01763296,1.0652721118439485
5077,10025033,Spot Grid,1,BTCU,1.0,2089322,4.7,28.21777628,874.0,0.01034627,1.0651222950074022
5078,10029644,Spot Grid,1,AIUSDT,1.0,1947979,7.4,55.9267633,1135.0,0.03018525,1.065052198906274
5079,9991862,Spot Grid,1,BNBUSDT,1.0,3012383,5.81,58.13470713,283.0,0.00804289,1.0644646028574172
5080,9953419,Spot Grid,1,BTCUSDT,1.0,3842442,6.57,101.5109423,284.0,0.01607866,1.0623670149385798
5081,10019671,Spot Grid,1,SOLUSDT,1.0,2243413,6.76,23.68637882,74.0,0.00544443,1.0622568120493763
5082,9963631,Spot Grid,1,DOGEFDUSD,1.0,3683331,6.57,13.42343802,1838.0,0.04784201,1.061911191577256
5083,9994846,Spot Grid,1,SOLUSDT,1.0,2911041,5.63,28.15582121,160.0,0.00398767,1.061488430421727
5084,9963738,Spot Grid,1,BTCUSDT,1.0,3681586,4.58,96.40397996,532.0,0.00976876,1.061188847706761
5085,9987084,Spot Grid,1,ETHUSDT,1.0,3165422,5.97,18.72615275,581.0,0.01582681,1.060680661954443
5086,9959766,Spot Grid,1,PEPEUSDT,1.0,3762276,13.55,12.77198285,469.0,0.05746616,1.0605190781076834
5087,10012678,Spot Grid,1,SOLUSDT,1.0,2447735,9.14,45.7239758,130.0,0.02071252,1.060465691713368
5088,10027239,Spot Grid,1,BTCFDUSD,1.0,2022998,6.14,184.0825085,458.0,0.01015564,1.05983870982139
5089,9963089,Spot Grid,1,BTCUSDC,1.0,3692019,5.73,40.13025581,235.0,0.00960645,1.0593772045558099
5090,9945158,Spot Grid,1,ETHUSDT,1.0,3955592,3.88,18.93436241,457.0,0.00523324,1.0584703069952783
5091,9743032,Spot Grid,1,XLMUSDT,1.0,10968399,9.51,13.31426239,147.0,0.05952826,1.0560947401829415
5092,10031822,Spot Grid,1,BNBUSDT,1.0,1868293,7.86,17.50124638,23.0,0.00901209,1.0557290536452233
5093,9951313,Spot Grid,1,BTCUSDT,1.0,3865889,3.78,23.26620146,410.0,0.00345172,1.055450637108164
5094,9968256,Spot Grid,1,BTCUSDC,1.0,3594610,5.13,54.17255988,244.0,0.00633274,1.055304990552527
5095,9967353,Spot Grid,1,BNBUSDT,1.0,3607427,4.17,20.8745988,366.0,0.00355011,1.0551484625346523
5096,10057587,Spot Grid,1,TUTUSDT,1.0,1403783,13.12,13.1203654,1065.0,0.05789711,1.05418809678711
5097,9994202,Spot Grid,1,BTCUSDT,1.0,2931548,2.31,28.10977548,1044.0,0.00490421,1.0541436197907599
5098,9966943,Spot Grid,1,BTCUSDT,1.0,3616699,6.44,193.16416414,172.0,0.01294405,1.0514117099419427
5099,9863354,Spot Grid,1,BNBBTC,1.0,7240245,4.64,101.17881007,82.0,0.01620909,1.0513213754787
5100,10050280,Spot Grid,1,ETHUSDT,1.0,1523991,5.12,1783.43443583,141.0,0.00431107,1.0510745945531368
5101,9965677,Spot Grid,1,BTCUSDT,1.0,3650126,4.66,58.97803357,529.0,0.01027951,1.0496519900066978
5102,10016747,Spot Grid,1,SOLUSDT,1.0,2328795,5.71,57.17909609,124.0,0.00182142,1.0491092776721977
5103,10001391,Spot Grid,1,BNBUSDT,1.0,2718759,6.13,184.12092828,295.0,0.01005819,1.0490930047896385
5104,9966358,Spot Grid,1,BTCUSDT,1.0,3631426,5.58,10.97410255,136.0,0.0067064,1.0488121288433134
5105,10009789,Spot Grid,1,SOLUSDT,1.0,2521560,7.98,311.45080065,107.0,0.01605623,1.0481093957852996
5106,10034357,Spot Grid,1,SOLFDUSD,1.0,1780372,8.05,19.29057104,102.0,0.01167451,1.0478154131460298
5107,9970391,Spot Grid,1,SOLUSDT,1.0,3557693,4.45,78.36077751,366.0,0.0054602,1.0478104310752352
5108,9971503,Spot Grid,1,BTCUSDT,1.0,3541132,4.04,20.69482789,617.0,0.00818027,1.0472944393638826
5109,9915928,Spot Grid,1,ETHBTC,1.0,5033050,4.18,483.78639392,83.0,0.00642481,1.0468627506941377
5110,9973007,Spot Grid,1,SHIBUSDC,1.0,3512967,11.65,17.48252202,279.0,0.04258576,1.046110120963903
5111,9976889,Spot Grid,1,DOGEUSDT,1.0,3406599,11.23,15.96690084,123.0,0.0366222,1.043672881647614
5112,10032973,Spot Grid,1,BTCUSDT,1.0,1829290,7.56,15.64145748,116.0,0.00966546,1.0431856775865211
5113,10076860,Spot Grid,1,ADAUSDT,1.0,1102477,2.42,392.53221352,1832.0,0.01677974,1.0405477364233449
5114,9988733,Spot Grid,1,BTCUSDT,1.0,3113759,5.88,160.18312489,422.0,0.0133194,1.0397058857735113
5115,10024825,Spot Grid,1,SOLUSDT,1.0,2099359,7.6,38.11970523,28.0,0.00943751,1.0395770374396207
5116,9634791,Spot Grid,1,FILUSDT,1.0,13578392,9.76,256.77605814,765.0,0.08704597,1.0395200608633832
5117,9966171,Spot Grid,1,PEPEUSDT,1.0,3638586,5.24,13.02881827,933.0,0.02218459,1.0379709155627637
5118,9956754,Spot Grid,1,BNBUSDC,1.0,3798531,3.69,31.71660192,613.0,0.00773564,1.0373746664537407
5119,9906141,Spot Grid,1,ETHBTC,1.0,5433366,2.36,11.4561616,291.0,0.00056085,1.0365724633579596
5120,10071385,Spot Grid,1,AAVEUSDT,1.0,1171552,6.08,60.8865538,1044.0,0.01897199,1.0344487384074934
5121,10076206,Spot Grid,1,ADAUSDT,1.0,1112208,2.8,280.7476629,1581.0,0.01326548,1.034325374412768
5122,9975074,Spot Grid,1,ETHUSDT,1.0,3460792,5.54,443.48936366,361.0,0.01336674,1.0332785268488196
5123,10024293,Spot Grid,1,SOLUSDT,1.0,2118813,7.91,39.59974398,535.0,0.02220608,1.0332370203243526
5124,9946649,Spot Grid,1,XRPUSDT,1.0,3933218,6.72,37.59202696,1375.0,0.04121364,1.0331783435102426
5125,9976920,Spot Grid,1,SOLETH,1.0,3405773,7.8,142.67937487,33.0,0.01702762,1.0329120956476803
5126,9976440,Spot Grid,1,BTCUSDC,1.0,3417897,4.55,43.70190225,345.0,0.00539776,1.0326124159140557
5127,10005793,Spot Grid,1,XRPUSDT,1.0,2623124,6.44,29.66791472,586.0,0.01746119,1.0303471900424621
5128,9966597,Spot Grid,1,BTCUSDT,1.0,3624027,5.64,39.52962324,230.0,0.00988484,1.0302364469262022
5129,10057896,Spot Grid,1,ALGOUSDT,1.0,1398417,15.99,126.9236856,81.0,0.05433318,1.029634226347041
5130,9982194,Spot Grid,1,SOLUSDT,1.0,3298350,6.58,72.48253864,296.0,0.01523322,1.0294772242457875
5131,9999557,Spot Grid,1,ETHFIUSDT,1.0,2748131,10.16,30.49025251,138.0,0.02895794,1.0283863512760285
5132,9975493,Spot Grid,1,BTCUSDT,1.0,3445100,5.33,178.55510317,160.0,0.00673985,1.0281863081187261
5133,9993566,Spot Grid,1,BNBUSDT,1.0,2956139,5.66,26.4218343,228.0,0.00711412,1.0281325246666289
5134,9894368,Spot Grid,1,BNBBTC,1.0,5974114,3.42,463.27262258,496.0,0.01568784,1.0277641798044086
5135,9975377,Spot Grid,1,ETHUSDC,1.0,3449299,5.89,17.69451874,284.0,0.01164172,1.0276110622226335
5136,10023192,Spot Grid,1,SOLUSDT,1.0,2153342,7.44,22.33453748,449.0,0.01811824,1.0271381692774317
5137,9973721,Spot Grid,1,XRPUSDT,1.0,3499903,8.14,79.90922587,216.0,0.02311216,1.0261256766027773
5138,10036858,Spot Grid,1,BNBUSDT,1.0,1709734,7.61,76.11825005,22.0,0.00844003,1.0260128118973324
5139,10009122,Spot Grid,1,XRPUSDT,1.0,2540519,3.77,70.6936361,1384.0,0.01979419,1.0252838682371512
5140,10058593,Spot Grid,1,ADAFDUSD,1.0,1385791,10.81,23.02024072,181.0,0.02771242,1.0246656172570663
5141,10029187,Spot Grid,1,ETHFDUSD,1.0,1884387,5.93,118.55328821,488.0,0.01012649,1.0246117519851108
5142,9958779,Spot Grid,1,XRPUSDT,1.0,3777579,6.5,13.01695111,82.0,0.01223964,1.0237715456261343
5143,10019640,Spot Grid,1,SOLUSDC,1.0,2244192,7.23,89.94081083,239.0,0.01344413,1.0226047391320532
5144,10036011,Spot Grid,1,XRPUSDT,1.0,1739101,5.41,32.50634425,460.0,0.00571239,1.0224311736577147
5145,9967841,Spot Grid,1,BTCUSDT,1.0,3599416,5.0,30.0503141,143.0,0.00470316,1.0223846992943957
5146,10013180,Spot Grid,1,SOLUSDT,1.0,2433664,7.95,34.52573781,177.0,0.01662125,1.022014196758958
5147,10032711,Spot Grid,1,SOLUSDT,1.0,1840945,7.85,235.55659116,113.0,0.01324204,1.0214700664174605
5148,10078721,Spot Grid,1,AAVEUSDT,1.0,1078583,14.25,142.59993344,40.0,0.04300237,1.0210353114719046
5149,9986771,Spot Grid,1,BNBUSDT,1.0,3175477,6.86,103.00012715,221.0,0.01520778,1.0195849339986176
5150,9976260,Spot Grid,1,BTCUSDC,1.0,3421323,4.64,464.50272567,165.0,0.00479821,1.0192315878770082
5151,9957932,Spot Grid,1,BTCUSDT,1.0,3788767,4.06,42.74168237,305.0,0.00401253,1.0186146594852719
5152,10008449,Spot Grid,1,XRPUSDT,1.0,2552791,6.07,283.61308276,584.0,0.01688202,1.0183312511360236
5153,9215816,Spot Grid,1,LTCUSDT,1.0,22294514,1.83,130.71042799,216.0,0.06952327,1.0176049439179002
5154,9962830,Spot Grid,1,BTCUSDT,1.0,3698174,5.17,18.16800296,115.0,0.00559773,1.0175147752859552
5155,9992706,Spot Grid,1,BTCFDUSD,1.0,2983484,5.7,28.31891865,172.0,0.00671286,1.0172275901198613
5156,9968210,Spot Grid,1,BTCUSDT,1.0,3595274,5.96,77.76200862,305.0,0.01385302,1.0163818061524894
5157,9785414,Spot Grid,1,LTCETH,1.0,9902239,1.61,31.96653667,875.0,0.02883241,1.016353240557831
5158,10029161,Spot Grid,1,ZECUSDT,1.0,1963909,13.57,33.93173931,95.0,0.043909,1.0150905988619074
5159,9968835,Spot Grid,1,ETHUSDT,1.0,3588022,6.72,66.78504901,384.0,0.01965082,1.0150195243243192
5160,9950946,Spot Grid,1,BTCUSDT,1.0,3868974,6.01,90.15113785,293.0,0.01517918,1.0145705666310183
5161,10037023,Spot Grid,1,SOLUSDC,1.0,1704249,6.01,28.29739849,282.0,0.00542533,1.0133182580168585
5162,9954294,Spot Grid,1,BTCUSDC,1.0,3827925,3.19,23.93811973,463.0,0.0029311,1.0119878928077815
5163,9962948,Spot Grid,1,BTCUSDT,1.0,3695815,6.73,20.19716745,231.0,0.01684739,1.0110928898931515
5164,10018077,Spot Grid,1,ICPUSDT,1.0,2293381,7.83,94.04551435,1806.0,0.05059102,1.0106848982199814
5165,9975588,Spot Grid,1,SOLETH,1.0,3441940,7.77,13.7209845,34.0,0.01727972,1.010411341004366
5166,10039047,Spot Grid,1,BTCUSDT,1.0,1645946,9.87,36.51903544,27.0,0.02110646,1.0093551906367288
5167,9950912,Spot Grid,1,BTCUSDC,1.0,3869215,5.13,35.92197856,271.0,0.00990233,1.0075420886763147
5168,9835886,Spot Grid,1,XLMUSDT,1.0,8232995,12.69,46.81718679,260.0,0.06977952,1.0068403051353898
5169,9985750,Spot Grid,1,BTCFDUSD,1.0,3215121,6.1,12.54506891,17.0,0.00695729,1.0066276224413018
5170,9951223,Spot Grid,1,BTCUSDT,1.0,3866723,4.7,394.00706254,199.0,0.00792789,1.005771194408424
5171,9876457,Spot Grid,1,BNBBTC,1.0,6634113,2.87,78.99240316,418.0,0.0127657,1.0055285515039394
5172,9964591,Spot Grid,1,ETHUSDT,1.0,3672059,3.55,48.66104242,595.0,0.0074474,1.0047038132047208
5173,9971473,Spot Grid,1,XRPUSDT,1.0,3541668,2.13,23.52801571,1669.0,0.0217704,1.003263612124436
5174,9485729,Spot Grid,1,ATOMUSDT,1.0,16787376,8.29,23.72578342,95.0,0.07881417,1.0029317715222312
5175,9490731,Spot Grid,1,SUIBTC,1.0,16682794,9.73,34.01915568,20.0,0.08472516,1.0026469262477096
5176,9957338,Spot Grid,1,XRPUSDT,1.0,3794998,6.3,11.32901527,88.0,0.01219015,1.0025515587080025
5177,10042644,Spot Grid,1,BNBUSDT,1.0,1608256,7.72,10.63348396,21.0,0.00926347,1.000787295362715
5178,9983644,Spot Grid,1,BNBUSDC,1.0,3262686,5.26,14.07047681,158.0,0.00580454,1.0004069412068388
5179,9993978,Spot Grid,1,SOLUSDT,1.0,2941076,6.09,12.49642755,141.0,0.00864446,0.9994051127790197
5180,9978762,Spot Grid,1,BNBFDUSD,1.0,3353458,6.01,68.33642831,98.0,0.0093727,0.9987613395679593
5181,9986860,Spot Grid,1,BTCUSDT,1.0,3171898,4.35,1306.50558292,145.0,0.00693015,0.997371834093271
5182,9960686,Spot Grid,1,XRPUSDT,1.0,3747817,6.37,10.96347414,78.0,0.01238027,0.9970199936148323
5183,9768113,Spot Grid,1,LINKETH,1.0,10378770,5.66,34.39283952,92.0,0.03730492,0.9958040076572108
5184,9598751,Spot Grid,1,LISTAUSDT,1.0,14344423,6.77,101.3238102,149.0,0.06190835,0.9951267289186401
5185,9945843,Spot Grid,1,ETHUSDT,1.0,3945714,2.53,27.20751375,575.0,0.00289073,0.9950181307794933
5186,9969907,Spot Grid,1,DOGEUSDC,1.0,3571407,7.78,11.57496426,171.0,0.02140549,0.9947225865177424
5187,9976043,Spot Grid,1,ETHUSDT,1.0,3427773,2.69,13.47617532,783.0,0.00589693,0.9946567661526622
5188,9959219,Spot Grid,1,XRPUSDT,1.0,3771234,6.22,19.31038271,80.0,0.01188963,0.9934123508577437
5189,10004676,Spot Grid,1,XRPUSDT,1.0,2646567,6.1,30.52543138,592.0,0.0173169,0.9933792262342103
5190,9981311,Spot Grid,1,BTCUSDC,1.0,3317661,5.39,10.86853713,143.0,0.00670427,0.9932581344424098
5191,9995074,Spot Grid,1,BNBUSDT,1.0,2903615,5.9,125.89635428,112.0,0.00766664,0.9931198311120014
5192,9998953,Spot Grid,1,TUTUSDT,1.0,2767557,12.52,12.52586976,413.0,0.04911356,0.9927434733288285
5193,9945826,Spot Grid,1,LINKUSDT,1.0,3945871,7.12,39.21111072,907.0,0.03521299,0.9921107669947292
5194,9960143,Spot Grid,1,ETHUSDT,1.0,3755907,3.81,48.95134422,751.0,0.0130409,0.9920006454905129
5195,9956453,Spot Grid,1,XRPUSDT,1.0,3801108,1.49,186.80484095,1679.0,0.02088554,0.9918786112388703
5196,9994160,Spot Grid,1,BNBUSDT,1.0,2932950,6.85,205.75391824,83.0,0.01286726,0.9911484153071588
5197,9952511,Spot Grid,1,BTCUSDT,1.0,3852999,5.09,15.28754822,195.0,0.0085975,0.9901773195019274
5198,9980336,Spot Grid,1,VIRTUALUSDC,1.0,3330654,11.8,101.35857503,257.0,0.04488183,0.9891298363116166
5199,9978339,Spot Grid,1,BTCUSDT,1.0,3363860,5.11,20.19102145,139.0,0.00549989,0.9890970030876441
5200,9912347,Spot Grid,1,ETHBTC,1.0,5173225,3.94,46.94807127,122.0,0.00661285,0.9890076806432341
5201,10006366,Spot Grid,1,CRVUSDC,1.0,2603211,12.62,25.26478009,208.0,0.04503846,0.9839830845269139
5202,10010248,Spot Grid,1,BTCUSDT,1.0,2090864,7.35,66.20150641,101.0,0.01199054,0.9830950675240785
5203,9989845,Spot Grid,1,BNBUSDT,1.0,3074616,5.85,45.91513089,295.0,0.01199322,0.9829411591692996
5204,9999203,Spot Grid,1,BTCUSDC,1.0,2758329,5.96,208.83678526,88.0,0.0077115,0.982693626028667
5205,10020606,Spot Grid,1,ETHUSDT,1.0,2222153,5.76,86.52075767,302.0,0.00825263,0.9819716844817484
5206,9941871,Spot Grid,1,BTCUSDT,1.0,4018400,4.2,21.02677321,238.0,0.00570618,0.9818880414994232
5207,9951382,Spot Grid,1,BTCUSDT,1.0,3865178,5.82,116.51802215,293.0,0.01558051,0.9816626958806289
5208,10002574,Spot Grid,1,BTCUSDC,1.0,2698042,2.49,37.46379983,1188.0,0.01097134,0.9798126582152992
5209,9949454,Spot Grid,1,BTCEUR,1.0,3885142,4.45,55.84993968,64.0,0.00315184,0.9781682934222922
5210,10025653,Spot Grid,1,DOGEUSDT,1.0,2063564,13.23,25.68779172,311.0,0.04848564,0.9781484627667961
5211,10052418,Spot Grid,1,SUIUSDC,1.0,1477861,20.38,28.73703552,295.0,0.08480487,0.977722314571014
5212,9974714,Spot Grid,1,BTCUSDT,1.0,3471764,3.98,19.94615611,412.0,0.00601287,0.977617962255566
5213,9966350,Spot Grid,1,BTCEUR,1.0,3631590,4.58,112.70493731,33.0,0.0024564,0.9771615513040001
5214,9898898,Spot Grid,1,BNBBTC,1.0,5773383,3.71,10.52684541,184.0,0.00952168,0.9771154324543289
5215,10070353,Spot Grid,1,LTCUSDT,1.0,1179436,5.85,33.97821061,339.0,0.00500337,0.9769223148185451
5216,9801604,Spot Grid,1,BNBBTC,1.0,9459626,0.15,581.68289716,335.0,0.01194172,0.9767929671415383
5217,9971230,Spot Grid,1,BNBUSDT,1.0,3545226,7.24,43.47866995,224.0,0.02037413,0.9760416702394442
5218,10004861,Spot Grid,1,DOGEUSDT,1.0,2643363,4.67,29.36105591,1541.0,0.03025759,0.9757527318645012
5219,9690632,Spot Grid,1,SUIUSDT,1.0,12512983,8.16,13.5003043,54.0,0.06001763,0.9753901395851599
5220,9969591,Spot Grid,1,BTCEUR,1.0,3578365,4.66,57.68477106,42.0,0.002664,0.9749242572463743
5221,9957899,Spot Grid,1,XRPUSDT,1.0,3789154,5.95,66.66237412,85.0,0.01163131,0.9736599097834385
5222,10024685,Spot Grid,1,DOGEUSDT,1.0,2105370,12.61,12.61641663,311.0,0.04538653,0.9736076795294665
5223,9976660,Spot Grid,1,BTCUSDT,1.0,3412878,4.33,216.74872923,464.0,0.00997421,0.9730028237185822
5224,10026042,Spot Grid,1,ETHUSDT,1.0,2048684,6.5,40.99845322,190.0,0.00934628,0.97228152435747
5225,9817431,Spot Grid,1,BNBBTC,1.0,8920420,1.03,16.57282954,481.0,0.01481693,0.9722711716994834
5226,9980654,Spot Grid,1,BTCU,1.0,3327374,4.8,28.61170068,258.0,0.00689779,0.9719341677991638
5227,10038566,Spot Grid,1,ETHUSDC,1.0,1664472,6.17,52.19711055,130.0,0.00470681,0.9717674114462609
5228,9993990,Spot Grid,1,BNBUSDT,1.0,2940457,4.32,21.6176519,302.0,0.00354089,0.9712150936666543
5229,10000487,Spot Grid,1,BTCUSDT,1.0,2727172,5.44,439.76077151,682.0,0.0189806,0.9704181011419171
5230,9958028,Spot Grid,1,XRPUSDT,1.0,3787525,5.98,22.99033636,84.0,0.01170516,0.9696166998474911
5231,9982830,Spot Grid,1,SOLFDUSD,1.0,3284425,6.59,78.86289398,193.0,0.01549094,0.9695019342070978
5232,9582705,Spot Grid,1,ADAUSDT,1.0,14643935,4.94,91.38731144,50.0,0.05208357,0.968851996525657
5233,10036829,Spot Grid,1,BTCUSDT,1.0,1710630,6.54,1853.82530606,104.0,0.01576998,0.9686411709451455
5234,9961864,Spot Grid,1,XRPUSDT,1.0,3721572,6.19,10.66348635,76.0,0.01238471,0.968498966132484
5235,9956255,Spot Grid,1,BNBUSDC,1.0,3803153,2.13,24.53173085,659.0,0.00293618,0.9681185757652153
5236,10038777,Spot Grid,1,BTCUSDT,1.0,1656583,6.35,25.40036255,179.0,0.00675956,0.9667249449301175
5237,10052355,Spot Grid,1,SOLUSDC,1.0,1479364,7.01,12.056895,22.0,0.00623432,0.9664579362719359
5238,9982561,Spot Grid,1,SOLUSDT,1.0,3290548,6.85,68.4561121,146.0,0.01603854,0.9658550658410463
5239,10014952,Spot Grid,1,ETHUSDT,1.0,2381204,3.66,18.31097327,823.0,0.00898496,0.9602439724371227
5240,9950997,Spot Grid,1,BTCUSDT,1.0,3868589,5.54,66.49288543,130.0,0.01123886,0.9597039982517042
5241,10018050,Spot Grid,1,TUTUSDT,1.0,2293863,11.7,12.00957217,953.0,0.055353,0.9596407714501964
5242,9959198,Spot Grid,1,BTCUSDC,1.0,3771559,4.15,18.11422173,225.0,0.00498882,0.9594446494838406
5243,9982359,Spot Grid,1,SOLUSDT,1.0,3294454,5.82,71.03059218,252.0,0.01294336,0.9591593471994118
5244,9789761,Spot Grid,1,AIXBTUSDT,1.0,9767307,13.6,20.4028797,192.0,0.08167499,0.9587522581221832
5245,9964446,Spot Grid,1,BTCUSDT,1.0,3674197,5.6,16.82375396,81.0,0.00953951,0.957329112206483
5246,9967952,Spot Grid,1,BTCUSDT,1.0,3597885,1.66,12.03989446,865.0,0.00422537,0.9570494511954477
5247,9889555,Spot Grid,1,DOGEBTC,1.0,6157611,4.64,30.96458286,374.0,0.02121782,0.9562188825495144
5248,9672081,Spot Grid,1,PEPEUSDT,1.0,12885380,8.16,81.6331935,687.0,0.07613593,0.9558808535895847
5249,9958757,Spot Grid,1,DOGEUSDC,1.0,3777817,7.79,25.73499346,545.0,0.03195662,0.9541772560778459
5250,9428455,Spot Grid,1,ADAUSDT,1.0,17853435,2.45,287.93872402,465.0,0.0625909,0.9533265415470388
5251,9975866,Spot Grid,1,BTCUSDT,1.0,3433198,6.58,22.13946832,84.0,0.01412419,0.9533215251187218
5252,9984171,Spot Grid,1,SOLUSDC,1.0,3250805,6.79,45.06275901,91.0,0.01477324,0.9529858416412539
5253,9968863,Spot Grid,1,BTCUSDT,1.0,3587861,3.68,10.56947297,328.0,0.00404375,0.9526758040126317
5254,9754295,Spot Grid,1,DOGEUSDT,1.0,10683712,7.45,14.90658752,159.0,0.05151174,0.9512331399040856
5255,10006964,Spot Grid,1,BTCFDUSD,1.0,2582538,5.39,16.18319215,265.0,0.00799071,0.9479376093792513
5256,10003149,Spot Grid,1,BTCUSDT,1.0,2682751,1.74,419.95031634,941.0,0.00485922,0.9470382757421486
5257,9950777,Spot Grid,1,BTCUSDT,1.0,3870146,5.11,37.88747494,198.0,0.01074368,0.9457668767273325
5258,10053324,Spot Grid,1,ETHUSD1,1.0,1460879,1.83,18.32864595,1279.0,0.00529686,0.9449844517311106
5259,9982427,Spot Grid,1,ETHUSDT,1.0,3292841,4.66,81.66403058,396.0,0.01028314,0.944382837799284
5260,10017527,Spot Grid,1,DOTUSDC,1.0,2306295,8.99,22.4823604,198.0,0.02528533,0.9439671649014374
5261,10067766,Spot Grid,1,ADAUSDT,1.0,1206784,7.59,26.58498638,129.0,0.01149293,0.9437718470081856
5262,9992761,Spot Grid,1,XRPUSDT,1.0,2981820,7.02,89.67354619,1017.0,0.03508985,0.9433558135044429
5263,10012989,Spot Grid,1,SOLUSDT,1.0,2438891,6.56,398.02631935,93.0,0.01237502,0.9411968796823443
5264,9981569,Spot Grid,1,SOLUSDC,1.0,3312543,4.2,90.29007615,838.0,0.01738379,0.9409475843934277
5265,9732136,Spot Grid,1,DOGEEUR,1.0,11309970,5.08,30.31451719,256.0,0.04376429,0.9409264676756679
5266,10047274,Spot Grid,1,SOLUSDT,1.0,1595859,7.46,14.70443533,168.0,0.0134119,0.9387118342456556
5267,9943925,Spot Grid,1,BNBETH,1.0,3984293,2.08,148.05767189,1202.0,0.01679399,0.9374067910030535
5268,9971207,Spot Grid,1,BTCFDUSD,1.0,3545495,5.15,28.62966029,172.0,0.0093641,0.9361323877489832
5269,9984094,Spot Grid,1,BTCUSDT,1.0,3252720,4.16,41.63780226,307.0,0.00565928,0.9351025223341785
5270,10073586,Spot Grid,1,DOGEFDUSD,1.0,1133012,1.01,1025.18406141,1674.0,0.01335724,0.9346731927568775
5271,9988707,Spot Grid,1,BTCFDUSD,1.0,3114942,6.5,59.34900667,63.0,0.0128331,0.9343978874668118
5272,9975483,Spot Grid,1,BTCUSDT,1.0,3446058,4.43,443.68178904,344.0,0.01090366,0.9328647404815812
5273,9977653,Spot Grid,1,BTCUSDT,1.0,3384648,3.94,39.45281218,331.0,0.00561445,0.9326462872290122
5274,9969595,Spot Grid,1,BTCUSDT,1.0,3578224,3.81,114.42002517,503.0,0.00978645,0.9318646282912059
5275,9956236,Spot Grid,1,BTCUSDT,1.0,3803296,4.77,167.09312059,238.0,0.0106717,0.9317331098395347
5276,9957903,Spot Grid,1,ADAUSDT,1.0,3789086,8.25,53.90348367,280.0,0.03001007,0.9305323321854787
5277,9969657,Spot Grid,1,BTCUSDT,1.0,3577334,6.61,39.67064824,125.0,0.01681243,0.92966050699505
5278,9974631,Spot Grid,1,BNBUSDT,1.0,3475101,4.28,13.70088883,447.0,0.01032465,0.9291332357076265
5279,10031506,Spot Grid,1,SOLUSDT,1.0,1878250,6.16,13.68373687,68.0,0.00579299,0.9285228895925476
5280,9974212,Spot Grid,1,BTCUSDC,1.0,3487826,4.4,30.74749667,386.0,0.00988821,0.9277544288530486
5281,10016713,Spot Grid,1,SOLUSDT,1.0,2329854,6.2,73.44020569,181.0,0.01067831,0.9275787956911153
5282,9968644,Spot Grid,1,BNBUSDC,1.0,3590283,2.35,27.04245893,565.0,0.00294834,0.9259423891764257
5283,9999380,Spot Grid,1,BTCUSDT,1.0,2753159,4.77,19.00766353,282.0,0.00659126,0.925779205555041
5284,10082096,Spot Grid,1,SOLFDUSD,1.0,1026095,4.01,207.50166003,1139.0,0.01416364,0.9254574658145405
5285,10033272,Spot Grid,1,XRPUSDT,1.0,1817388,5.01,75.68230218,683.0,0.01272072,0.9247682075198028
5286,9973584,Spot Grid,1,DOGEUSDT,1.0,3502359,7.26,21.44394471,419.0,0.02641516,0.9236948000776721
5287,10001053,Spot Grid,1,BTCUSDT,1.0,2722092,2.06,206.41979633,958.0,0.00700635,0.9229812627870725
5288,9965006,Spot Grid,1,XRPUSDT,1.0,3664778,5.77,57.75449477,70.0,0.01185108,0.921383903596581
5289,10064290,Spot Grid,1,XRPUSDT,1.0,1275450,6.86,152.30446057,418.0,0.01545315,0.9213473442255257
5290,10011319,Spot Grid,1,BTCUSDT,1.0,2480648,2.49,19.71481971,903.0,0.00628187,0.9210330407878874
5291,9982065,Spot Grid,1,ETHFDUSD,1.0,3301889,7.93,79.2822297,433.0,0.02997086,0.9199009898443762
5292,9751767,Spot Grid,1,XLMUSDT,1.0,10657820,6.48,51.0546659,327.0,0.05111087,0.9194177429581276
5293,9682963,Spot Grid,1,TAOUSDT,1.0,12670678,6.76,21.05419828,356.0,0.0618723,0.9152920195605017
5294,9520706,Spot Grid,1,NIGHTUSDT,1.0,15822563,14.58,23.92672463,119.0,0.1131599,0.9148222404294258
5295,9951623,Spot Grid,1,KATUSDT,1.0,3862580,12.29,39.34932728,701.0,0.06192089,0.9142161070223486
5296,9971426,Spot Grid,1,BNBUSDT,1.0,3542530,6.68,267.376092,117.0,0.01869004,0.9136887211070237
5297,10048074,Spot Grid,1,ETHUSDT,1.0,1579373,6.91,69.10025711,174.0,0.01175163,0.9134807740190466
5298,9984028,Spot Grid,1,BNBUSDT,1.0,3246623,5.18,52.6016299,75.0,0.0072457,0.913128675343447
5299,9975192,Spot Grid,1,BTCUSDT,1.0,3456611,3.56,33.51392135,345.0,0.00491388,0.9125858493873706
5300,10012695,Spot Grid,1,ARBUSDT,1.0,2447339,14.72,29.03611893,73.0,0.05589557,0.912579486305805
5301,9982485,Spot Grid,1,BTCU,1.0,3292043,4.59,229.71350978,95.0,0.0056308,0.9109941286950088
5302,9983965,Spot Grid,1,ETHUSDC,1.0,3255550,6.4,236.41498324,289.0,0.01952993,0.9107229085037253
5303,9937196,Spot Grid,1,ETHBTC,1.0,4207047,2.83,744.4025438,521.0,0.01159649,0.9103430532217658
5304,10007446,Spot Grid,1,BNBFDUSD,1.0,2573079,2.42,26.59850888,811.0,0.00481755,0.9102099223895284
5305,9951118,Spot Grid,1,BTCJPY,1.0,3867591,1.99,12.66369265,626.0,0.00403017,0.9097609017792024
5306,9991449,Spot Grid,1,BTCUSDT,1.0,3028432,4.38,13.01712293,251.0,0.00560558,0.9093815533980807
5307,9973076,Spot Grid,1,XRPUSDT,1.0,3511944,8.76,10.95113412,40.0,0.0271675,0.9093764183889287
5308,9956092,Spot Grid,1,ETHUSDT,1.0,3804504,2.09,149.02884957,602.0,0.00462488,0.9066838076539318
5309,10022555,Spot Grid,1,DOGEUSDT,1.0,2174492,8.28,82.80491993,518.0,0.02949005,0.9048008762734363
5310,9956441,Spot Grid,1,ETHUSDT,1.0,3801211,4.96,27.68603782,254.0,0.01243117,0.9041705916643837
5311,9986574,Spot Grid,1,BTCUSDT,1.0,3182388,5.15,103.08272164,240.0,0.01093071,0.9038364957569341
5312,10006797,Spot Grid,1,ETHUSDT,1.0,2587744,5.89,17.59649143,64.0,0.00828247,0.9036559885397054
5313,9936592,Spot Grid,1,ETHBTC,1.0,4236824,2.38,17.19846214,446.0,0.00424414,0.9026320763505876
5314,9972694,Spot Grid,1,BTCUSDT,1.0,3520126,4.28,42.89446258,366.0,0.01015373,0.8992511351297743
5315,9970812,Spot Grid,1,BTCUSDT,1.0,3549735,3.77,93.11449527,224.0,0.00478777,0.898143131717016
5316,9980565,Spot Grid,1,BNBUSDC,1.0,3328262,2.14,428.75263125,512.0,0.00274584,0.8980037601996242
5317,10015957,Spot Grid,1,SOLUSDC,1.0,2355873,5.89,16.94605452,117.0,0.00863754,0.8979733830849457
5318,9985545,Spot Grid,1,BTCUSDT,1.0,3222453,5.99,23.96872651,68.0,0.01196171,0.8961502601197501
5319,10032036,Spot Grid,1,BTCUSDT,1.0,1862442,3.29,38.55379617,714.0,0.00514798,0.8953269602038124
5320,9965881,Spot Grid,1,BTCUSDC,1.0,3645278,4.03,121.0401271,204.0,0.0064543,0.8952851543822511
5321,10052241,Spot Grid,1,SOLUSDT,1.0,1482216,4.33,433.52908487,781.0,0.01267142,0.8951157620966089
5322,9990461,Spot Grid,1,BTCUSDC,1.0,3061479,4.09,431.71588301,158.0,0.00493998,0.8945807512718343
5323,10022568,Spot Grid,1,BTCUSDT,1.0,2174021,2.67,31.7003632,806.0,0.00504195,0.8942350856182674
5324,9988705,Spot Grid,1,BTCUSDT,1.0,3115051,6.2,63.95010098,81.0,0.01321443,0.8941105015285157
5325,9950897,Spot Grid,1,ETHFDUSD,1.0,3869284,4.16,180.37482595,876.0,0.02277775,0.8920052507281319
5326,10069678,Spot Grid,1,SUIUSDC,1.0,1184683,14.13,53.23649012,193.0,0.0507767,0.8915674164100779
5327,10001451,Spot Grid,1,ETHUSDC,1.0,2717972,3.43,34.32411764,567.0,0.00660215,0.8912729628938367
5328,9978188,Spot Grid,1,BTCUSDT,1.0,3368917,3.8,162.31882141,463.0,0.00990221,0.8904069678839138
5329,9714954,Spot Grid,1,DOGEUSDT,1.0,11822673,4.48,11.20697644,291.0,0.04535476,0.8901316431747556
5330,9986226,Spot Grid,1,BTCUSDT,1.0,3195436,4.98,49.84068774,246.0,0.01055221,0.8878291774291207
5331,9974437,Spot Grid,1,BTCUSDT,1.0,3481220,5.01,67.89277877,202.0,0.01113959,0.8868415191373574
5332,10010794,Spot Grid,1,1INCHUSDT,1.0,2494032,9.51,19.0263127,98.0,0.02911756,0.8862671735299967
5333,9869781,Spot Grid,1,PAXGUSDT,1.0,6978440,0.85,42.77276315,85.0,0.00074271,0.8862381785843025
5334,10001115,Spot Grid,1,ETHUSDT,1.0,2721692,3.93,58.75100267,539.0,0.00913574,0.8850934284447924
5335,10068817,Spot Grid,1,FETUSDC,1.0,1191177,14.11,72.20204318,227.0,0.05177581,0.8849964484099178
5336,9870930,Spot Grid,1,BNBBTC,1.0,6918276,2.08,21.50450052,340.0,0.01258116,0.884278157637741
5337,9974973,Spot Grid,1,BTCUSDT,1.0,3463405,3.66,54.94689012,476.0,0.00950955,0.8842634128180328
5338,9971118,Spot Grid,1,BTCUSDT,1.0,3546545,3.66,47.62196204,436.0,0.00900703,0.8836148985454415
5339,10048209,Spot Grid,1,ETHUSDT,1.0,1574974,4.6,55.03587517,630.0,0.00994748,0.8815903031920647
5340,10055705,Spot Grid,1,SOLUSD1,1.0,1428936,5.49,57.71531598,352.0,0.00836712,0.8805633593026808
5341,9978091,Spot Grid,1,BTCUSDT,1.0,3371762,4.48,134.65530653,333.0,0.0111491,0.8802959263331902
5342,10031694,Spot Grid,1,BNBUSDC,1.0,1872109,4.73,389.452797,367.0,0.0081703,0.8794559772453812
5343,10025218,Spot Grid,1,ASTERUSDT,1.0,2081391,6.17,12.35591428,331.0,0.01424602,0.879413611800876
5344,10024485,Spot Grid,1,ETHUSDT,1.0,2113331,7.26,72.67966023,130.0,0.01643628,0.8786412823406309
5345,10021641,Spot Grid,1,BTCUSDT,1.0,2200545,3.41,25.8536468,649.0,0.0065104,0.8778739827010638
5346,9982574,Spot Grid,1,ETHUSDT,1.0,3290366,6.33,34.79959238,298.0,0.0197813,0.877557199729485
5347,9898595,Spot Grid,1,BNBBTC,1.0,5789791,2.24,15.12072114,398.0,0.01010357,0.877398144520043
5348,9970697,Spot Grid,1,BTCUSDT,1.0,3551794,4.0,60.05257614,375.0,0.00992074,0.8772095460114315
5349,9987477,Spot Grid,1,BTCUSDC,1.0,3155642,4.6,511.11000292,247.0,0.01118,0.875777636051107
5350,9977450,Spot Grid,1,BTCUSDT,1.0,3389751,3.71,74.34338542,464.0,0.00966052,0.8756410146525475
5351,10035285,Spot Grid,1,BTCFDUSD,1.0,1759656,4.69,95.97437066,614.0,0.01140352,0.8740701453053948
5352,9960293,Spot Grid,1,DOGEUSDT,1.0,3753630,7.1,148.41793384,941.0,0.04038198,0.872124559262544
5353,9989848,Spot Grid,1,BTCUSDC,1.0,3074589,5.17,103.44120025,217.0,0.01143169,0.8705461670443609
5354,9981145,Spot Grid,1,ETHUSDC,1.0,3320696,4.0,40.04797058,240.0,0.00633111,0.8683133091825788
5355,10026223,Spot Grid,1,ETHUSDT,1.0,2042982,8.89,133.48369714,278.0,0.02892167,0.8681366599754606
5356,10049740,Spot Grid,1,MUBUSDT,1.0,1535829,5.57,22.2937112,308.0,0.00868679,0.8671678486176486
5357,9964517,Spot Grid,1,BTCUSDT,1.0,3673059,3.62,190.11177698,59.0,0.0027688,0.8666021816449407
5358,10068115,Spot Grid,1,ADAUSDC,1.0,1199668,7.54,18.87146753,260.0,0.01703088,0.866338753512989
5359,10039664,Spot Grid,1,BTCUSDT,1.0,1618661,4.27,855.63832702,187.0,0.00371042,0.865721985325083
5360,10002565,Spot Grid,1,BTCUSDT,1.0,2698282,1.43,71.58268152,945.0,0.00479387,0.8655805137626921
5361,9975046,Spot Grid,1,DOGEUSDT,1.0,3461539,9.78,17.22216933,125.0,0.03617545,0.8642915211042496
5362,10031699,Spot Grid,1,ETHUSDT,1.0,1871908,4.89,1008.23945251,268.0,0.01081881,0.8623768303659438
5363,9970860,Spot Grid,1,XRPUSDT,1.0,3548892,5.39,53.90952153,65.0,0.01152275,0.8623232032762865
5364,10032320,Spot Grid,1,SOLUSDT,1.0,1854009,5.13,25.69910557,104.0,0.00353834,0.8622402096048917
5365,10027417,Spot Grid,1,BTCUSDT,1.0,2027271,2.84,34.18649689,729.0,0.00501946,0.862097669811617
5366,9896647,Spot Grid,1,BNBBTC,1.0,5879419,2.53,44.67202317,337.0,0.01157177,0.8615471586732173
5367,9954461,Spot Grid,1,ETHFDUSD,1.0,3825114,6.5,198.82226694,223.0,0.02290468,0.8613624258852787
5368,9972369,Spot Grid,1,BTCUSDC,1.0,3526402,3.56,26.74031183,296.0,0.00625256,0.8600051799788841
5369,9973588,Spot Grid,1,BTCUSDT,1.0,3502330,3.42,51.37440355,484.0,0.0095084,0.8594908165855071
5370,9947071,Spot Grid,1,DOGEUSDC,1.0,3928220,11.45,23.06872637,657.0,0.05879092,0.8594164181162903
5371,10034386,Spot Grid,1,BTCUSDT,1.0,1779711,6.86,75.50473561,384.0,0.01899559,0.8590726728697148
5372,9955321,Spot Grid,1,FLOKIUSDT,1.0,3814924,0.25,14.55609352,3247.0,0.0518158,0.8582142052363944
5373,10087198,Spot Grid,1,NEARUSDC,1.0,925044,11.02,330.68987169,78.0,0.03299764,0.8577934694753634
5374,9673481,Spot Grid,1,PENGUUSDT,1.0,12859042,14.91,23.56142813,66.0,0.10350197,0.8568812743247164
5375,9978040,Spot Grid,1,XRPFDUSD,1.0,3373039,6.51,77.29084661,470.0,0.02582062,0.8565607706740817
5376,10039656,Spot Grid,1,ETHUSDT,1.0,1618965,4.58,22.25194034,650.0,0.01134929,0.8549829247140089
5377,10019710,Spot Grid,1,BTCUSDT,1.0,2242735,4.69,23.45088623,367.0,0.00864407,0.8547900836158799
5378,10107712,Spot Grid,1,PUMPUSDT,1.0,550568,19.89,13.13030251,28.0,0.07737556,0.8545981286073777
5379,9992416,Spot Grid,1,BTCUSDT,1.0,2993152,5.9,372.12361233,128.0,0.01526315,0.8534712601486902
5380,9977944,Spot Grid,1,BTCUSDT,1.0,3375943,4.19,39.54324486,232.0,0.00803151,0.8534665997521628
5381,10021674,Spot Grid,1,ETHUSDT,1.0,2199865,4.86,25.71347122,332.0,0.00872239,0.8532936093113387
5382,9945032,Spot Grid,1,BTCUSDT,1.0,3957164,4.24,23.36300179,620.0,0.01894794,0.8526558599817154
5383,10017359,Spot Grid,1,BTCUSDT,1.0,2310149,6.41,62.09742873,184.0,0.01478051,0.8520880990208287
5384,10077119,Spot Grid,1,SPKUSDT,1.0,1097794,8.88,17.76613465,80.0,0.02068999,0.8520137391200994
5385,10025047,Spot Grid,1,SOLFDUSD,1.0,2089004,3.75,22.72286398,512.0,0.00602181,0.8519265383596313
5386,9982271,Spot Grid,1,BTCUSDT,1.0,3296237,2.42,837.26917989,461.0,0.00703854,0.8513122799494359
5387,10080195,Spot Grid,1,ADAUSDT,1.0,1055382,3.02,32.38939101,2359.0,0.03681256,0.8500081382427644
5388,9966320,Spot Grid,1,BTCUSDT,1.0,3632531,2.74,25.84133153,458.0,0.00605801,0.8496370630103868
5389,9988240,Spot Grid,1,BNBUSDT,1.0,3132915,5.16,15.62487499,131.0,0.01021657,0.8490987835074709
5390,10033568,Spot Grid,1,BTCUSDT,1.0,1804710,5.42,1169.48114023,47.0,0.01014689,0.8484002382804282
5391,9972590,Spot Grid,1,BTCUSDT,1.0,3522367,3.97,24.66883489,363.0,0.01035254,0.8483876305003999
5392,8900494,Spot Grid,1,PENDLEUSDT,1.0,28148030,2.82,31.12149499,35.0,0.10243812,0.847872025234057
5393,10033329,Spot Grid,1,BTCUSDT,1.0,1814504,3.0,36.08353987,703.0,0.00502251,0.8477251902226334
5394,10085890,Spot Grid,1,MUBARAKUSDT,1.0,955445,20.31,73.72836337,259.0,0.08690123,0.8471892434702321
5395,10067074,Spot Grid,1,ADAUSDT,1.0,1220414,10.32,36.12068529,190.0,0.03178952,0.845210352618906
5396,10063321,Spot Grid,1,SOLUSDT,1.0,1297540,5.55,111.10801657,258.0,0.00784492,0.845077195958966
5397,10068060,Spot Grid,1,ADAUSDT,1.0,1200485,8.86,88.60966508,241.0,0.02507971,0.8448041977854994
5398,10007204,Spot Grid,1,SOLBNB,1.0,2577126,5.21,374.70964932,53.0,0.00851613,0.8439889958803453
5399,9973304,Spot Grid,1,BTCUSDT,1.0,3507479,5.03,27.71418055,147.0,0.0117904,0.8420412741128986
5400,9971119,Spot Grid,1,BTCUSDT,1.0,3546530,3.87,23.27515307,180.0,0.00629012,0.8419025700378567
5401,9969745,Spot Grid,1,DOGEUSDT,1.0,3575502,8.56,34.27667931,59.0,0.02962848,0.8406131990303979
5402,10057871,Spot Grid,1,ADAUSDT,1.0,1398716,8.63,43.19533263,138.0,0.0224241,0.8406099375556728
5403,9987770,Spot Grid,1,BTCUSDT,1.0,3148581,5.03,32.36891259,178.0,0.0109976,0.8405092818607182
5404,9745622,Spot Grid,1,OGUSDT,1.0,10890922,0.78,123.0562746,353.0,0.02502488,0.8399790611639502
5405,10017590,Spot Grid,1,ETHUSDT,1.0,2304439,5.48,23.58225509,169.0,0.00968403,0.8388223183598063
5406,10001156,Spot Grid,1,BTCUSDT,1.0,2701905,1.11,22.3036712,979.0,0.00464176,0.8377524693925357
5407,10026128,Spot Grid,1,BTCUSDT,1.0,2046035,5.26,26.33551433,126.0,0.006526,0.8376746594584074
5408,9975757,Spot Grid,1,BTCUSDT,1.0,3436152,4.73,94.6778897,189.0,0.01126354,0.8373902599268068
5409,9967856,Spot Grid,1,BTCUSDC,1.0,3599272,4.34,66.03157962,133.0,0.00855466,0.8358899468368892
5410,9977608,Spot Grid,1,BNBUSDT,1.0,3385843,3.68,11.77835014,443.0,0.01033199,0.8353465680325883
5411,10001934,Spot Grid,1,XRPUSDT,1.0,2710149,4.8,24.20872001,1161.0,0.028846,0.8348900450223535
5412,9976079,Spot Grid,1,BTCUSDT,1.0,3426716,4.61,46.12583042,198.0,0.01064144,0.8340484840930763
5413,10006505,Spot Grid,1,BTCUSDT,1.0,2598354,4.36,19.19535883,185.0,0.00533532,0.8336385704221486
5414,9974336,Spot Grid,1,BTCUSDT,1.0,3484250,3.5,35.07043751,308.0,0.00710434,0.8335245309929983
5415,9968287,Spot Grid,1,BTCUSDT,1.0,3594165,5.61,229.09551623,116.0,0.01606118,0.8334178356399876
5416,10009990,Spot Grid,1,ETHUSDT,1.0,2514998,5.87,80.72665346,493.0,0.02014663,0.831864491634602
5417,10004529,Spot Grid,1,XRPUSDT,1.0,2648225,4.81,24.17343904,599.0,0.01692638,0.8303873368341711
5418,9989588,Spot Grid,1,TSTUSDT,1.0,3081519,19.26,77.04119609,715.0,0.10060964,0.8297168225397105
5419,9967741,Spot Grid,1,BTCUSDT,1.0,3600546,3.99,19.61875981,175.0,0.00760538,0.828152935316997
5420,10034235,Spot Grid,1,SOLUSDT,1.0,1783540,5.29,32.01295298,113.0,0.00582805,0.825082081217387
5421,9982313,Spot Grid,1,SOLUSDT,1.0,3295460,5.79,60.87444894,622.0,0.02598042,0.8241895331682452
5422,9978576,Spot Grid,1,BTCUSDT,1.0,3356935,5.18,165.64807889,50.0,0.01139601,0.822842568905295
5423,10134593,Spot Grid,1,GTCUSDT,1.0,18391,5.98,29.0783795,11.0,0.0,0.8222359204250413
5424,9972341,Spot Grid,1,XRPUSDT,1.0,3526957,5.29,10.58177952,64.0,0.01228008,0.8214332767458943
5425,9999330,Spot Grid,1,ETHUSDT,1.0,2754317,4.26,127.96565606,111.0,0.00495569,0.8210110345684773
5426,10006745,Spot Grid,1,BNBUSDT,1.0,2589360,5.44,27.21281999,172.0,0.01148373,0.8209325512620158
5427,9982403,Spot Grid,1,SOLUSDT,1.0,3293404,3.17,19.02267084,235.0,0.00337902,0.820493033428072
5428,9993952,Spot Grid,1,ETHUSDT,1.0,2942427,4.01,12.84640156,253.0,0.00684656,0.8199494362138311
5429,9971276,Spot Grid,1,BTCUSDT,1.0,3544783,3.58,248.37529912,375.0,0.01088018,0.8194635582363115
5430,9963911,Spot Grid,1,BTCUSDT,1.0,3680103,3.66,73.21967565,253.0,0.00842814,0.819122591481247
5431,10033452,Spot Grid,1,ETHUSDT,1.0,1809436,5.82,570.72387859,159.0,0.01284656,0.81851853550338
5432,9983216,Spot Grid,1,BNBUSDT,1.0,3273628,5.39,36.767356,63.0,0.01198555,0.8182567851262337
5433,9964201,Spot Grid,1,DOGEUSDT,1.0,3677326,2.76,21.55289447,505.0,0.00859182,0.8182525962009582
5434,9977667,Spot Grid,1,BNBUSDT,1.0,3384283,3.66,27.47070186,441.0,0.01095857,0.8178110431087078
5435,9987195,Spot Grid,1,XRPUSDC,1.0,3162806,5.83,13.50486444,130.0,0.01525491,0.8173287763291577
5436,10003701,Spot Grid,1,BTCUSDC,1.0,2668105,4.19,10.91240605,367.0,0.00917351,0.8171474481040288
5437,10062719,Spot Grid,1,SOLUSDT,1.0,1314308,6.09,65.42424282,413.0,0.01503956,0.8171077115286465
5438,10040062,Spot Grid,1,BNBUSD1,1.0,1615527,5.97,597.59047257,136.0,0.01257732,0.8163473523642957
5439,9969014,Spot Grid,1,BTCUSDT,1.0,3586605,4.38,65.77412937,227.0,0.01149303,0.8163163581286252
5440,10055221,Spot Grid,1,ADAUSDT,1.0,1432900,7.93,46.9253863,151.0,0.02002259,0.8159885258895799
5441,10018730,Spot Grid,1,INJBTC,1.0,2278966,11.18,61.38221108,341.0,0.04552963,0.8157264604867426
5442,9995383,Spot Grid,1,BTCUSDT,1.0,2896713,5.02,45.51350118,175.0,0.01087006,0.8156195664259964
5443,10005892,Spot Grid,1,BTCUSDT,1.0,2620413,1.8,36.14976991,744.0,0.00407301,0.8152384507366935
5444,10033883,Spot Grid,1,BTCUSDT,1.0,1794403,6.53,98.01414177,323.0,0.01784775,0.8150012799594271
5445,10000554,Spot Grid,1,ETHUSDT,1.0,2726543,5.18,76.17821679,420.0,0.0163928,0.8147895421350513
5446,10000417,Spot Grid,1,ETHUSDT,1.0,2728353,4.7,11.18668732,478.0,0.01468531,0.8143235542642737
5447,9969018,Spot Grid,1,BTCUSDT,1.0,3586560,4.24,63.72274796,343.0,0.0133041,0.812986620529847
5448,9897983,Spot Grid,1,BNBBTC,1.0,5818770,2.38,21.91079985,313.0,0.01182578,0.8127737899770048
5449,9978044,Spot Grid,1,ETHUSD1,1.0,3372933,3.06,58.5929164,330.0,0.00568675,0.8116215423253701
5450,9997947,Spot Grid,1,BTCBRL,1.0,2806128,3.41,32.77999927,221.0,0.00279549,0.8102498083047184
5451,10029024,Spot Grid,1,BTCUSDT,1.0,1969211,6.15,360.19484705,66.0,0.01266035,0.8091764764549527
5452,10083080,Spot Grid,1,ADAUSDT,1.0,1010124,2.73,35.86603919,2036.0,0.02986853,0.8088690457718539
5453,10014380,Spot Grid,1,WLDUSDC,1.0,2395254,13.95,34.90484445,224.0,0.05886767,0.8084164462545939
5454,10085556,Spot Grid,1,ADAUSDT,1.0,930490,13.83,41.51335989,266.0,0.05290024,0.8077204667956842
5455,10029246,Spot Grid,1,ETHUSDC,1.0,1961214,5.0,20.01847673,495.0,0.01382608,0.8050337007736786
5456,9946480,Spot Grid,1,BNBBTC,1.0,3935464,1.26,583.90256039,799.0,0.0111437,0.8046848134811725
5457,9978793,Spot Grid,1,BTCUSDT,1.0,3353129,3.04,103.42849171,431.0,0.00818661,0.8034922824488357
5458,9982731,Spot Grid,1,BTCUSDT,1.0,3286839,3.71,28.19937001,159.0,0.0054327,0.8033803808299638
5459,9971192,Spot Grid,1,BTCFDUSD,1.0,3545659,1.35,29.22002918,541.0,0.0017137,0.80331707181455
5460,10004139,Spot Grid,1,BTCUSDT,1.0,2647541,5.49,274.81559229,176.0,0.01411424,0.8022553421262811
5461,9947296,Spot Grid,1,ETHUSDT,1.0,3925470,3.53,28.77334627,66.0,0.00525925,0.8022256017675391
5462,10017323,Spot Grid,1,ETHUSDT,1.0,2311204,2.08,10.44217403,1077.0,0.01181326,0.7998875105897849
5463,9972193,Spot Grid,1,BTCUSDT,1.0,3528972,2.93,58.71071452,496.0,0.00964216,0.7994928761432419
5464,9981112,Spot Grid,1,BTCUSDT,1.0,3321252,2.58,11.49984949,397.0,0.00450219,0.7994756941923713
5465,9993029,Spot Grid,1,BTCUSDT,1.0,2974179,4.03,11.02040702,395.0,0.01090905,0.799474023144817
5466,9963989,Spot Grid,1,GRAMUSDT,1.0,3679508,1.26,22.02722892,4218.0,0.07972582,0.7989680655438866
5467,9971576,Spot Grid,1,BTCUSDT,1.0,3539782,2.91,110.61607398,497.0,0.00989447,0.7988093820880178
5468,10069600,Spot Grid,1,ENAUSDC,1.0,1185459,9.1,182.07538107,2278.0,0.07179677,0.7977454571767122
5469,10072706,Spot Grid,1,AVAXUSDT,1.0,919626,8.3,25.31975089,557.0,0.02907481,0.7974962847966715
5470,9890172,Spot Grid,1,BNBBTC,1.0,6130489,4.99,12.89061885,47.0,0.02238424,0.7974151383725866
5471,10000275,Spot Grid,1,BNBUSDT,1.0,2731266,6.29,12.5869544,31.0,0.01463504,0.7972439562013153
5472,10000024,Spot Grid,1,BTCUSDT,1.0,2737182,4.69,27.09687814,56.0,0.00653154,0.7966536947591918
5473,10065216,Spot Grid,1,BTCFDUSD,1.0,1255379,4.39,83.09829941,524.0,0.0087668,0.7961166645792235
5474,10020554,Spot Grid,1,BTCUSDT,1.0,2223253,5.9,30.98177901,53.0,0.01099495,0.7946126681346412
5475,10022442,Spot Grid,1,ETHUSDT,1.0,2178480,5.58,76.86509787,270.0,0.01388421,0.7944935671769796
5476,10111919,Spot Grid,1,PHAUSDT,1.0,465339,7.9,11.8625554,118.0,0.01572481,0.7940580130453944
5477,10127704,Spot Grid,1,AIUSDT,1.0,206395,5.41,14.07302314,204.0,0.00282289,0.7940411792414327
5478,10022305,Spot Grid,1,DOTUSDT,1.0,2182344,10.16,45.76348803,408.0,0.04175424,0.7937567719288268
5479,10037565,Spot Grid,1,ETHUSDC,1.0,1688880,3.37,337.86059351,363.0,0.0031154,0.7917937141823965
5480,9898753,Spot Grid,1,BNBBTC,1.0,5781303,2.17,18.41108377,333.0,0.01176657,0.7917346019689084
5481,10032453,Spot Grid,1,BTCUSDT,1.0,1850239,3.35,172.42379306,592.0,0.0077092,0.7913121469375297
5482,9659405,Spot Grid,1,ADAUSDT,1.0,12111734,5.92,64.48586872,95.0,0.05462416,0.7898911072310744
5483,9971875,Spot Grid,1,XRPUSDT,1.0,3534523,4.99,14.97495594,64.0,0.01196934,0.7896620156544021
5484,9991210,Spot Grid,1,BTCUSDT,1.0,3028242,3.32,10.59257463,297.0,0.00566723,0.7873195974274976
5485,9989234,Spot Grid,1,BTCBRL,1.0,3093512,4.74,41.00872272,219.0,0.01222632,0.7872467474295616
5486,9979092,Spot Grid,1,BTCUSDT,1.0,3349189,4.18,14.40256777,297.0,0.01177775,0.7870050672154593
5487,10027092,Spot Grid,1,SOLUSDC,1.0,2032374,5.22,26.1538369,99.0,0.00774839,0.786090493047068
5488,10104173,Spot Grid,1,PUMPUSDT,1.0,619271,26.76,133.82560288,131.0,0.1208364,0.7856077919842299
5489,9970881,Spot Grid,1,BTCUSDT,1.0,3548557,2.86,51.62947123,500.0,0.01001512,0.7839541496041167
5490,9955129,Spot Grid,1,DOGEUSDT,1.0,3817404,6.69,33.48388006,561.0,0.03332771,0.7837966666526108
5491,10053283,Spot Grid,1,BTCU,1.0,1461922,7.9,373.79275538,19.0,0.02016577,0.7837462116288676
5492,9995126,Spot Grid,1,BTCUSDT,1.0,2893251,5.02,156.75551069,164.0,0.01248775,0.7834243096303509
5493,9971386,Spot Grid,1,BTCUSDT,1.0,3543295,3.78,15.14117378,96.0,0.00638979,0.7815247553665361
5494,9982124,Spot Grid,1,BTCUSDT,1.0,3299882,3.19,14.36230623,250.0,0.00545095,0.7796263432435288
5495,9948856,Spot Grid,1,PEPEUSDT,1.0,3895237,19.3,38.60969509,417.0,0.09984248,0.7789731828853355
5496,9974201,Spot Grid,1,BTCUSDT,1.0,3488185,5.68,56.854812,144.0,0.01789796,0.7786399974080286
5497,10035153,Spot Grid,1,BTCUSDC,1.0,1761941,4.5,124.92073929,285.0,0.00739631,0.7785974123365812
5498,10051489,Spot Grid,1,BTCUSDT,1.0,1504406,3.27,46.29945442,546.0,0.004728,0.7774500492056056
5499,10007137,Spot Grid,1,BNBUSDT,1.0,2578524,2.79,22.37729164,564.0,0.0069597,0.7772185220036882
5500,9953659,Spot Grid,1,BTCUSDT,1.0,3839462,2.28,83.72526893,305.0,0.00440258,0.7770175788052721
5501,9903111,Spot Grid,1,BNBBTC,1.0,5584708,3.23,111.37648011,258.0,0.01621776,0.7768123501222768
5502,9979488,Spot Grid,1,BTCUSDC,1.0,3342681,4.7,14.11374248,61.0,0.01008062,0.7750656176676022
5503,9971154,Spot Grid,1,BTCUSDT,1.0,3546244,3.83,11.4993215,67.0,0.00630759,0.7749554458750757
5504,10023267,Spot Grid,1,ETHUSDT,1.0,2150017,2.31,21.04726442,942.0,0.01059921,0.7745431217902853
5505,10060586,Spot Grid,1,ENAUSDT,1.0,1349672,17.65,78.47757052,261.0,0.07713748,0.7714690370587585
5506,9387201,Spot Grid,1,DOGEUSDT,1.0,18686469,1.74,222.45610274,300.0,0.06574423,0.7714344734349108
5507,10047376,Spot Grid,1,ETHUSDT,1.0,1594071,4.84,143.91252571,81.0,0.00468919,0.7694306559915896
5508,10055217,Spot Grid,1,SOLUSDT,1.0,1432930,5.8,57.89660717,164.0,0.01063267,0.7678125770724459
5509,9703570,Spot Grid,1,CFXUSDT,1.0,12191069,1.48,12.92179364,901.0,0.04834427,0.7676938219150964
5510,10035762,Spot Grid,1,BTCUSDT,1.0,1748122,4.0,14.42642299,330.0,0.00547786,0.7663211546384052
5511,10015038,Spot Grid,1,ZECUSDT,1.0,2379553,17.68,59.20879472,586.0,0.08870919,0.7657864467448566
5512,9978797,Spot Grid,1,ETHUSDT,1.0,3353069,3.35,75.78639406,435.0,0.01134047,0.7657685390884652
5513,10002303,Spot Grid,1,XRPUSDT,1.0,2703733,4.22,21.04146802,610.0,0.01674724,0.7657595413073053
5514,9489385,Spot Grid,1,ADAUSDT,1.0,16714478,1.92,48.13974267,410.0,0.0599871,0.7650489882670922
5515,9898892,Spot Grid,1,BNBBTC,1.0,5773654,1.97,16.8705785,332.0,0.01170514,0.7644755531123436
5516,10001870,Spot Grid,1,SOLBNB,1.0,2711129,3.07,14.36067372,609.0,0.0104902,0.7642589740293774
5517,10053183,Spot Grid,1,ETHUSDT,1.0,1463649,5.94,313.93503271,100.0,0.01166095,0.7636273569361489
5518,9955845,Spot Grid,1,XRPUSDT,1.0,3807045,4.4,24.15174222,105.0,0.01187516,0.7633938250888366
5519,10025472,Spot Grid,1,BNBUSDT,1.0,2072228,6.19,16.47965316,58.0,0.01322629,0.7632748812879722
5520,9994344,Spot Grid,1,BTCUSDT,1.0,2906660,3.73,13.10106632,278.0,0.00797218,0.7631687748107371
5521,10024010,Spot Grid,1,BNBUSDT,1.0,2126002,5.31,30.3166681,183.0,0.01136302,0.7631033528697455
5522,9258155,Spot Grid,1,SUIUSDT,1.0,21370200,4.4,10.75343894,165.0,0.08817701,0.7627459202703135
5523,9939626,Spot Grid,1,ETHBTC,1.0,4106717,3.61,41.36267325,77.0,0.00837705,0.7621962686544788
5524,10028240,Spot Grid,1,ETHUSDT,1.0,2002442,5.62,116.13656325,178.0,0.01290834,0.7620718757128938
5525,10007656,Spot Grid,1,DOGEUSDT,1.0,2567623,11.01,11.01801933,143.0,0.04354652,0.7619115597214537
5526,10019118,Spot Grid,1,BTCUSDC,1.0,2264254,5.05,12.20048085,76.0,0.00824235,0.7614053330324024
5527,9980345,Spot Grid,1,BTCUSDC,1.0,3330560,3.86,90.17636597,307.0,0.01162344,0.7602337050020591
5528,10035565,Spot Grid,1,BTCUSDT,1.0,1753259,4.06,23.97253805,327.0,0.00606908,0.7599651635614257
5529,10014415,Spot Grid,1,BTCFDUSD,1.0,2394418,3.98,17.26240496,209.0,0.00592931,0.7577644243793065
5530,10003201,Spot Grid,1,BTCUSDT,1.0,2681042,3.06,91.92195355,332.0,0.00511114,0.7576383520409491
5531,9995183,Spot Grid,1,BTCUSDT,1.0,2901084,4.68,31.22698153,162.0,0.01103262,0.7570345066388315
5532,9930375,Spot Grid,1,ETHBTC,1.0,4552582,4.58,65.18898192,7.0,0.01444584,0.7568928589216248
5533,10018436,Spot Grid,1,SOLUSDT,1.0,2286168,4.23,12.42708069,45.0,0.00337887,0.756798628987723
5534,10027423,Spot Grid,1,BTCUSDT,1.0,2027098,3.23,40.09791339,488.0,0.00632616,0.7564919871113123
5535,10126479,Spot Grid,1,TSTUSDT,1.0,209918,8.08,16.25031249,46.0,0.01562939,0.7564107054246365
5536,9991687,Spot Grid,1,BTCUSDT,1.0,3020552,3.91,58.77110854,118.0,0.0065999,0.7555478968032503
5537,10052254,Spot Grid,1,BTCUSDT,1.0,1481944,5.45,518.85840258,90.0,0.01026935,0.7544299307565918
5538,9972160,Spot Grid,1,SOLBNB,1.0,3529411,4.76,18.87350971,88.0,0.01264126,0.7541922710809933
5539,10018565,Spot Grid,1,BTCUSDT,1.0,2283631,5.2,22.76189219,52.0,0.00899545,0.7538652030763833
5540,9979034,Spot Grid,1,SOLBTC,1.0,3349826,2.99,15.37119189,110.0,0.00266113,0.7535336142540363
5541,10050554,Spot Grid,1,BNBUSDT,1.0,1519248,4.76,400.6481277,293.0,0.01037845,0.7534657298572617
5542,9995386,Spot Grid,1,BTCUSDT,1.0,2896631,4.01,40.15591672,133.0,0.00692647,0.7533716811060828
5543,9975769,Spot Grid,1,BTCUSDT,1.0,3435827,3.43,35.69464772,161.0,0.0066506,0.7527766666169906
5544,9987611,Spot Grid,1,XPLUSDT,1.0,3152470,12.65,61.89954005,573.0,0.06480095,0.751448370465093
5545,9995306,Spot Grid,1,BTCUSDT,1.0,2898444,4.53,31.95391784,162.0,0.01043652,0.751250180738716
5546,9962475,Spot Grid,1,BTCUSDT,1.0,3706836,1.54,14.52400038,419.0,0.00289339,0.7508407973432186
5547,10052372,Spot Grid,1,SOLUSDT,1.0,1478929,5.68,11.3650326,176.0,0.0108729,0.7507397076534459
5548,9968740,Spot Grid,1,BTCUSDT,1.0,3589176,4.79,108.36255636,132.0,0.01464452,0.7494003060913799
5549,9959806,Spot Grid,1,SHIBUSDT,1.0,3761647,5.39,10.74818787,710.0,0.03042392,0.7486078358044407
5550,9975311,Spot Grid,1,DOGEUSDT,1.0,3452152,9.21,46.37184779,217.0,0.03976738,0.7483931081453435
5551,10050479,Spot Grid,1,BTCUSDT,1.0,1520475,5.25,181.51943459,71.0,0.00744515,0.7483928036735911
5552,9533629,Spot Grid,1,NIGHTUSDT,1.0,15514532,13.19,33.15448007,924.0,0.12804497,0.7472713159682016
5553,10050068,Spot Grid,1,ETHUSDT,1.0,1528380,4.44,16.65388401,140.0,0.00370418,0.747246811235482
5554,10003270,Spot Grid,1,BTCUSDT,1.0,2679171,3.61,13.68394989,348.0,0.00847658,0.7469971612793728
5555,10060889,Spot Grid,1,MANTRAUSDT,1.0,1344692,7.98,26.13544325,302.0,0.02584509,0.7453265557051011
5556,9974257,Spot Grid,1,BTCUSDT,1.0,3486520,4.44,44.43220602,67.0,0.01075377,0.7452312776603888
5557,9957429,Spot Grid,1,ZECUSDT,1.0,3794097,16.09,82.88729224,3215.0,0.14265031,0.7445752466135824
5558,10029420,Spot Grid,1,DOGEUSDT,1.0,1675034,7.19,13.28421995,126.0,0.01918492,0.7443107187903596
5559,10016679,Spot Grid,1,ETHUSDT,1.0,2330947,4.25,21.2931325,371.0,0.01114321,0.7438357089936896
5560,10084087,Spot Grid,1,LTCUSDT,1.0,997270,6.36,63.68564469,263.0,0.01497692,0.7424775985064059
5561,9973746,Spot Grid,1,BTCUSDT,1.0,3499335,2.86,45.8216516,170.0,0.00446203,0.7423992759910126
5562,10075320,Spot Grid,1,XLMUSDT,1.0,1127821,8.02,96.35560759,178.0,0.02302156,0.741667728128718
5563,10084105,Spot Grid,1,LTCUSDT,1.0,997055,6.43,38.58082151,263.0,0.01527726,0.7413001241188292
5564,10047687,Spot Grid,1,BTCUSDT,1.0,1588098,5.37,37.64353349,103.0,0.00864112,0.7405970816519238
5565,10022323,Spot Grid,1,BTCUSDC,1.0,2181622,4.82,14.32533188,72.0,0.00743724,0.7394833436260291
5566,9967633,Spot Grid,1,BTCJPY,1.0,3601950,1.85,10.5759947,409.0,0.00438207,0.7390788308564863
5567,10001784,Spot Grid,1,BTCUSDT,1.0,2712478,3.9,27.05918057,243.0,0.00837228,0.7390547325541001
5568,9911922,Spot Grid,1,BNBBTC,1.0,5192215,5.06,33.3365063,36.0,0.02104699,0.73721333722829
5569,9999736,Spot Grid,1,BTCUSDT,1.0,2743881,4.06,16.26561554,127.0,0.00695346,0.7370360763494987
5570,10054838,Spot Grid,1,BTCUSDT,1.0,1436551,4.25,36.49643414,212.0,0.00430779,0.737024903958189
5571,10020275,Spot Grid,1,BTCUSDT,1.0,2228469,3.35,31.46115831,374.0,0.00625792,0.7348160041039247
5572,10026310,Spot Grid,1,DOGEUSDT,1.0,2041728,11.28,11.28520666,252.0,0.04624336,0.7330369552769006
5573,10090728,Spot Grid,1,WLDUSDC,1.0,859040,19.64,294.4114693,317.0,0.08979913,0.7322991856991933
5574,10024367,Spot Grid,1,BNBUSDT,1.0,2116984,4.92,42.00004331,207.0,0.01102011,0.7316810675720675
5575,10129365,Spot Grid,1,FETUSDT,1.0,163274,8.69,37.31847958,8.0,0.01911632,0.7304254274359893
5576,10027124,Spot Grid,1,XRPUSDT,1.0,2031955,5.21,26.08927319,774.0,0.02422586,0.7299903325289497
5577,10049030,Spot Grid,1,BTCUSDT,1.0,1552857,4.43,40.23191608,88.0,0.00348444,0.7295878139052396
5578,10026849,Spot Grid,1,ETHUSDT,1.0,2035454,3.32,332.44017218,390.0,0.00737574,0.7293225174664716
5579,10036797,Spot Grid,1,SOLUSDC,1.0,1711680,6.91,31.87917098,505.0,0.02657072,0.7281952539088559
5580,10016617,Spot Grid,1,ETHUSDT,1.0,2332973,2.39,251.64336993,438.0,0.00420982,0.7280341839419044
5581,10009506,Spot Grid,1,SOLUSDT,1.0,2530493,3.62,12.84822149,184.0,0.00519227,0.7278118719282671
5582,10005710,Spot Grid,1,BTCUSDT,1.0,2625354,3.36,33.58784944,284.0,0.0064202,0.7272412176376389
5583,10027960,Spot Grid,1,ETHUSDT,1.0,2012742,5.54,55.47321067,509.0,0.02064747,0.7261728584027927
5584,10086461,Spot Grid,1,ALGOUSDT,1.0,942113,6.73,33.68274489,202.0,0.01601348,0.7252389744108968
5585,9959611,Spot Grid,1,XRPFDUSD,1.0,3764929,2.3,81.2255725,1375.0,0.02891116,0.7249210951845246
5586,10026873,Spot Grid,1,ETHUSDT,1.0,2035218,4.41,441.58193255,186.0,0.00976317,0.7248873783408938
5587,10011641,Spot Grid,1,BTCUSDT,1.0,2473066,3.75,208.21863348,109.0,0.00520811,0.7245276920182198
5588,10056745,Spot Grid,1,BTCFDUSD,1.0,1417571,4.39,687.0254774,634.0,0.01782379,0.7231551717653961
5589,10098882,Spot Grid,1,MUBARAKUSDT,1.0,718400,12.65,17.71228055,205.0,0.04752197,0.7230963308245085
5590,10063501,Spot Grid,1,XRPUSDT,1.0,1292546,5.67,113.5008702,718.0,0.02313857,0.7227384337247705
5591,10047627,Spot Grid,1,SOLUSDT,1.0,1588896,4.23,12.70484297,719.0,0.01605902,0.7219580999162275
5592,10004358,Spot Grid,1,BTCUSDT,1.0,2652775,3.6,28.82733025,335.0,0.00914704,0.7212238020150475
5593,10054860,Spot Grid,1,SOLUSDT,1.0,1436162,3.35,16.7716513,649.0,0.00916626,0.72106113437176
5594,10014051,Spot Grid,1,BNBUSDT,1.0,2405281,4.73,12.720458,122.0,0.00975617,0.7194208740249924
5595,9973416,Spot Grid,1,FRAXUSDT,1.0,2906626,8.61,43.06841842,260.0,0.03620978,0.7193862996460134
5596,9978295,Spot Grid,1,ACTUSDC,1.0,3364832,10.08,15.1338629,855.0,0.05866433,0.719225653819549
5597,10007165,Spot Grid,1,BTCUSDC,1.0,2577991,4.13,42.720445,40.0,0.00567913,0.7182055615319289
5598,9980334,Spot Grid,1,BTCUSDC,1.0,3330707,3.95,71.39884243,211.0,0.0116851,0.7180036052812427
5599,9962145,Spot Grid,1,ETHUSDT,1.0,3714009,2.54,19.22112465,126.0,0.0035752,0.7171419503210071
5600,10031321,Spot Grid,1,ETHUSDT,1.0,1883386,5.0,60.82134375,456.0,0.0164424,0.716291953262596
5601,10002756,Spot Grid,1,BTCUSDT,1.0,2693429,3.91,269.02651787,184.0,0.00925752,0.7162535019451083
5602,10001154,Spot Grid,1,PEPEUSDT,1.0,2721419,12.28,16.07973658,331.0,0.0570194,0.7155579987390495
5603,9877447,Spot Grid,1,RIFUSDT,1.0,6603213,9.13,111.4995228,2036.0,0.09294494,0.7153770759834779
5604,10054545,Spot Grid,1,SOLUSDT,1.0,1441175,4.73,16.8437476,409.0,0.01190066,0.7151299596738737
5605,10063131,Spot Grid,1,SUIUSDT,1.0,1301284,11.73,29.33624126,475.0,0.05109997,0.7144089172043148
5606,9982793,Spot Grid,1,BTCUSDT,1.0,3285397,3.78,14.38176527,136.0,0.00882712,0.7143673506130034
5607,10026246,Spot Grid,1,BNBUSDT,1.0,2042519,7.73,90.19975664,218.0,0.0272626,0.7141936949441801
5608,10003244,Spot Grid,1,DOGEUSDT,1.0,2679846,7.36,80.40040597,311.0,0.02990068,0.7136612302235783
5609,9962103,Spot Grid,1,LINKUSDT,1.0,3715230,4.47,34.44067845,336.0,0.01885448,0.7123913557787175
5610,10002783,Spot Grid,1,BTCUSDT,1.0,2692601,3.63,31.17169044,308.0,0.00932023,0.7113155952132204
5611,10050400,Spot Grid,1,BTCUSDT,1.0,1521946,4.9,128.85128138,77.0,0.00690024,0.7108446680288714
5612,10074977,Spot Grid,1,ETHFDUSD,1.0,1132832,5.28,15.84473906,478.0,0.01526318,0.7097530057589414
5613,10081071,Spot Grid,1,AAVEUSDT,1.0,1040078,8.14,185.50050685,151.0,0.02447741,0.7096248388585598
5614,10031088,Spot Grid,1,BTCUSDT,1.0,1892396,5.88,406.39377345,77.0,0.01533092,0.7094326736560467
5615,10070377,Spot Grid,1,XRPFDUSD,1.0,1171752,3.51,49.85870064,1566.0,0.02895841,0.7092216983429058
5616,10103770,Spot Grid,1,XRPFDUSD,1.0,627673,4.44,35.52671129,730.0,0.01396565,0.7091076335363695
5617,10022054,Spot Grid,1,BTCUSDC,1.0,2191027,4.61,12.04509755,73.0,0.00762328,0.7074741938385763
5618,10013921,Spot Grid,1,BTCUSDT,1.0,2407206,4.26,64.02197319,64.0,0.00675938,0.7062165657141999
5619,10015181,Spot Grid,1,ETHUSDT,1.0,2376651,5.35,60.70549267,178.0,0.01499363,0.706093452682104
5620,10010984,Spot Grid,1,BTCUSDT,1.0,2488948,4.92,73.88996439,222.0,0.01414439,0.705465945574797
5621,10027902,Spot Grid,1,BTCUSDT,1.0,2014873,6.01,40.20210245,66.0,0.01461318,0.7053669508283107
5622,10070657,Spot Grid,1,SOLFDUSD,1.0,1177106,5.02,56.89831808,159.0,0.00766888,0.7053386962234867
5623,10015684,Spot Grid,1,BTCUSDC,1.0,2365023,4.44,17.78664051,79.0,0.00770958,0.7045761924341731
5624,9490428,Spot Grid,1,FETUSDT,1.0,16691266,10.0,22.01255517,108.0,0.1000409,0.7038308816778989
5625,10017202,Spot Grid,1,BTCUSDC,1.0,2314393,4.82,50.48020479,168.0,0.01165929,0.7036936598021329
5626,10003064,Spot Grid,1,BTCUSDT,1.0,2685078,2.06,724.99996655,359.0,0.00565219,0.7036296718660449
5627,10017613,Spot Grid,1,BTCUSDT,1.0,2304096,5.36,53.68549467,57.0,0.01234507,0.7010398914391716
5628,9996397,Spot Grid,1,BTCUSDT,1.0,2861109,4.15,12.47330213,129.0,0.00944856,0.7002211873091656
5629,9979003,Spot Grid,1,BTCUSDT,1.0,3350302,4.45,18.30448435,116.0,0.01296571,0.6994905730174116
5630,10019681,Spot Grid,1,BTCUSDT,1.0,2243227,3.14,62.96385355,320.0,0.00563045,0.6989848540345117
5631,10034669,Spot Grid,1,ETHUSDT,1.0,1773351,3.57,89.27000098,344.0,0.00663299,0.698615890391707
5632,10049267,Spot Grid,1,BTCUSDC,1.0,1546780,5.3,65.29599985,100.0,0.00986104,0.6982496457641398
5633,10003806,Spot Grid,1,BTCUSDT,1.0,2664399,5.02,10.6352894,80.0,0.01242831,0.6975906038463866
5634,10048653,Spot Grid,1,ETHUSDT,1.0,1562584,5.12,133.66547894,184.0,0.01110961,0.6973221141348438
5635,10084400,Spot Grid,1,THETAUSDT,1.0,993453,8.78,15.95879094,100.0,0.02642836,0.6947167316213276
5636,9750731,Spot Grid,1,XLMUSDT,1.0,10761778,5.6,41.8124588,192.0,0.05286173,0.6946918125617414
5637,9873156,Spot Grid,1,BNBBTC,1.0,6797876,2.22,111.39040063,59.0,0.01499204,0.6940049071831382
5638,10066696,Spot Grid,1,ENAUSDC,1.0,1226926,10.82,64.97518385,2323.0,0.0859085,0.6938760699131457
5639,10127762,Spot Grid,1,VIRTUALUSDT,1.0,205670,6.26,16.86586525,26.0,0.0077566,0.6935358834299821
5640,9993869,Spot Grid,1,BTCUSDT,1.0,2945779,1.38,15.79779862,585.0,0.00460009,0.6931564528008811
5641,9971647,Spot Grid,1,BTCUSDT,1.0,3538480,4.38,21.92196736,87.0,0.01308544,0.6921862530804201
5642,9979136,Spot Grid,1,BTCUSDT,1.0,3348717,3.8,26.85472022,198.0,0.01151239,0.6912310599435069
5643,9891991,Spot Grid,1,SHIBUSDT,1.0,6064347,5.2,346.68602593,217.0,0.03284143,0.6909210170618358
5644,10029916,Spot Grid,1,BTCUSDT,1.0,1938432,5.05,40.89261269,120.0,0.01081356,0.6895638881051169
5645,10021404,Spot Grid,1,DOGEUSDT,1.0,2205224,6.56,65.64008651,527.0,0.02899262,0.6886455854021083
5646,10022595,Spot Grid,1,ETHUSDC,1.0,2173054,3.83,38.40130315,217.0,0.00729575,0.6866674963345959
5647,10014860,Spot Grid,1,BNBUSDT,1.0,2383481,4.78,217.1654576,41.0,0.01067821,0.6844674847826568
5648,9994397,Spot Grid,1,BTCUSDT,1.0,2921772,3.87,11.60023208,133.0,0.00891403,0.6838304264330488
5649,10051250,Spot Grid,1,BTCUSDT,1.0,1508558,5.15,50.70214821,149.0,0.01043069,0.6835036884273196
5650,9994626,Spot Grid,1,BTCUSDT,1.0,2917244,3.94,19.73897446,132.0,0.00933297,0.6829709935658081
5651,9972402,Spot Grid,1,BTCUSDT,1.0,3525836,2.93,24.14534054,205.0,0.00798202,0.6827795251776916
5652,10033189,Spot Grid,1,SOLUSDC,1.0,1821029,3.88,26.61405442,56.0,0.00276133,0.6825933559560408
5653,9980689,Spot Grid,1,BTCUSDT,1.0,3327042,3.74,187.41935661,186.0,0.01202963,0.6821094875088051
5654,9983203,Spot Grid,1,BTCUSDT,1.0,3273859,4.19,71.38946653,86.0,0.01155409,0.6820696839750725
5655,10005003,Spot Grid,1,BTCUSDT,1.0,2640722,4.57,12.67981984,70.0,0.01029688,0.6818186898839347
5656,9942420,Spot Grid,1,BNBBTC,1.0,4011775,3.64,12.54948458,95.0,0.01159922,0.6817478939334709
5657,9993698,Spot Grid,1,SOLETH,1.0,2951063,5.01,562.11507818,143.0,0.01841557,0.6814689338547026
5658,10015044,Spot Grid,1,ETHUSDT,1.0,2379488,5.12,102.52322791,188.0,0.01516307,0.6814608892478524
5659,10034906,Spot Grid,1,BTCUSDC,1.0,1690045,4.84,14.5453345,38.0,0.00709475,0.6805370478105144
5660,10025992,Spot Grid,1,ETHUSDT,1.0,2050554,4.51,45.16145787,258.0,0.01175466,0.6777288615523849
5661,10058551,Spot Grid,1,XRPUSDT,1.0,1386541,2.09,14.62472126,558.0,0.00186326,0.677718662710477
5662,9969958,Spot Grid,1,FLOKIUSDC,1.0,3570162,4.57,114.15519628,590.0,0.0259865,0.6770121117872474
5663,10019202,Spot Grid,1,ETHUSDT,1.0,2260215,4.92,1154.54365296,134.0,0.01804451,0.6760365917542499
5664,9982496,Spot Grid,1,BTCUSDT,1.0,3291884,2.89,391.53776173,242.0,0.00971792,0.6757439293129277
5665,9983037,Spot Grid,1,BTCUSDT,1.0,3247230,3.48,17.2119241,63.0,0.00705833,0.6753770753686703
5666,10007325,Spot Grid,1,BTCFDUSD,1.0,2575512,4.02,241.05457604,351.0,0.01440872,0.6748270432505699
5667,9980255,Spot Grid,1,BTCUSDT,1.0,3331509,4.24,84.95579127,230.0,0.01549056,0.6746000708979004
5668,10057461,Spot Grid,1,SOLUSDT,1.0,1406412,5.8,20.31626968,186.0,0.01458415,0.6733852410966894
5669,10074071,Spot Grid,1,LINKUSDT,1.0,1146675,4.14,21.6917343,156.0,0.00376197,0.6733820266521622
5670,9970949,Spot Grid,1,BTCUSDT,1.0,3548031,3.4,102.07119756,216.0,0.01173094,0.6716138799948855
5671,9995073,Spot Grid,1,BTCUSDT,1.0,2902876,2.96,13.08374857,346.0,0.00888274,0.670998673220779
5672,10077624,Spot Grid,1,LTCUSDT,1.0,1090534,9.01,70.02361877,57.0,0.02845068,0.6703081187188116
5673,10000786,Spot Grid,1,BNBUSDT,1.0,2724496,5.75,28.79068488,43.0,0.01711755,0.6695349715252158
5674,9981768,Spot Grid,1,BNBUSDC,1.0,3308240,3.74,93.57745818,195.0,0.01217464,0.6692229607630286
5675,10064940,Spot Grid,1,INJUSDT,1.0,1260724,8.11,16.23890829,577.0,0.0350219,0.6692151697543361
5676,9835529,Spot Grid,1,ICPBTC,1.0,8242705,3.52,303.35018579,429.0,0.03810405,0.6689505681175262
5677,9954691,Spot Grid,1,LINKUSDC,1.0,3822361,12.34,493.91048158,293.0,0.06558387,0.6688356734787335
5678,10131590,Spot Grid,1,SCRUSDT,1.0,103522,11.24,56.21428377,19.0,0.03565157,0.6680371560862995
5679,9900456,Spot Grid,1,BNBBTC,1.0,5709686,1.25,69.52123578,329.0,0.01160918,0.6671166238192956
5680,10063270,Spot Grid,1,SOLUSDT,1.0,1298651,5.5,24.78634955,52.0,0.00992992,0.6669061436099738
5681,10004055,Spot Grid,1,BTCUSDT,1.0,2659127,3.54,528.93124528,122.0,0.00912414,0.6661306991410352
5682,10055603,Spot Grid,1,SOLUSDT,1.0,1429711,4.21,39.12072117,178.0,0.00621547,0.665776656707227
5683,9344577,Spot Grid,1,DOGEUSDT,1.0,19617952,0.53,13.0368408,568.0,0.07199196,0.6645076730118629
5684,10036126,Spot Grid,1,币安人生USDT,1.0,1735500,2.98,24.69667623,468.0,0.00691864,0.6641367024100998
5685,9999006,Spot Grid,1,BTCUSDT,1.0,2765406,1.36,11.30814643,670.0,0.0066843,0.6635430502254789
5686,10056051,Spot Grid,1,NEARUSDT,1.0,1425516,8.04,41.6174915,722.0,0.03878386,0.6631821603028571
5687,10001795,Spot Grid,1,BTCUSDT,1.0,2712313,3.32,17.47107772,112.0,0.00542705,0.6631065212343225
5688,9997209,Spot Grid,1,BTCUSDT,1.0,2826800,2.62,12.40806388,288.0,0.00579977,0.662696035945421
5689,10057254,Spot Grid,1,SOLUSDT,1.0,1409401,4.43,37.02355828,280.0,0.00962482,0.6621673365882904
5690,10129784,Spot Grid,1,PUMPUSDT,1.0,150696,7.7,10.80942347,17.0,0.01645665,0.6617627132056184
5691,10014893,Spot Grid,1,BTCUSDT,1.0,2382690,3.57,13.50571678,127.0,0.00573957,0.6617016237401301
5692,9994419,Spot Grid,1,SOLETH,1.0,2923805,5.16,284.70785667,141.0,0.01845153,0.6615364579710736
5693,10016430,Spot Grid,1,BTCUSDT,1.0,2338327,4.19,209.85182606,225.0,0.01208402,0.6602592675252312
5694,10019743,Spot Grid,1,BTCUSDT,1.0,2242143,3.63,14.54483956,98.0,0.00495741,0.6592496654572298
5695,10029952,Spot Grid,1,BTCUSDT,1.0,1936838,3.3,233.40883862,275.0,0.00674719,0.6584936690784173
5696,10070655,Spot Grid,1,SOLFDUSD,1.0,1177130,4.96,39.71754069,85.0,0.00757838,0.6582392428609475
5697,10097328,Spot Grid,1,SUIFDUSD,1.0,746373,10.81,109.58619877,759.0,0.05237484,0.6581338848136634
5698,10052943,Spot Grid,1,BTCUSDT,1.0,1468119,6.3,63.01395099,43.0,0.01542213,0.657355612707702
5699,10007471,Spot Grid,1,BNBUSDT,1.0,2572588,1.48,30.95062654,562.0,0.0045902,0.6571352599017197
5700,10004759,Spot Grid,1,BTCUSDT,1.0,2645227,3.91,78.28528473,116.0,0.00903848,0.6563340531519783
5701,9993002,Spot Grid,1,SOLUSDT,1.0,2975047,2.36,18.19596299,212.0,0.0036915,0.656245877402398
5702,10061888,Spot Grid,1,BTCUSDT,1.0,1330851,1.28,1286.13220924,572.0,0.00490251,0.6559421644465446
5703,10001380,Spot Grid,1,BTCUSDT,1.0,2718849,4.58,137.53203672,154.0,0.01415794,0.6555997983909341
5704,10016124,Spot Grid,1,BTCUSDT,1.0,2348198,4.26,112.16111892,215.0,0.01201012,0.6549110176351319
5705,10027474,Spot Grid,1,DOGEUSDT,1.0,2025954,11.17,59.54515768,232.0,0.04858974,0.6535957524312883
5706,10065321,Spot Grid,1,SOLUSDT,1.0,1253585,4.66,23.30409886,71.0,0.00607625,0.6534233915373237
5707,10058884,Spot Grid,1,PEPEUSDT,1.0,1380276,7.48,11.22132904,736.0,0.0360793,0.6528854924645241
5708,10022434,Spot Grid,1,BNBUSDT,1.0,2178676,7.55,69.15593676,38.0,0.02541377,0.6526789805801003
5709,10033290,Spot Grid,1,BNBUSDC,1.0,1816687,4.09,31.11520043,91.0,0.00588952,0.6518731057569802
5710,10010728,Spot Grid,1,ETHUSDT,1.0,2495752,2.72,28.31682234,315.0,0.00602051,0.6518526330808456
5711,10030512,Spot Grid,1,ETHUSDC,1.0,1913154,3.84,192.41923189,383.0,0.01195252,0.6515911826306382
5712,9988981,Spot Grid,1,BTCUSDT,1.0,3090768,1.69,16.01325403,357.0,0.00377225,0.6513628690207841
5713,10104764,Spot Grid,1,BTCFDUSD,1.0,605975,3.01,2101.37702303,265.0,0.00919447,0.6503259741879746
5714,10110512,Spot Grid,1,JUVUSDT,1.0,488690,2.83,28.36977861,1123.0,0.01523927,0.649340293567271
5715,10067616,Spot Grid,1,XRPUSDT,1.0,1209809,4.73,14.21647788,339.0,0.0120644,0.6492202070126175
5716,10014366,Spot Grid,1,BNBUSDC,1.0,2395799,2.93,11.76071167,443.0,0.00949253,0.6486886938027991
5717,9969474,Spot Grid,1,PENGUUSDT,1.0,3580292,11.24,13.49177185,2174.0,0.09669415,0.6479477668819424
5718,10064315,Spot Grid,1,SOLUSDT,1.0,1274898,3.94,15.77553494,167.0,0.00449137,0.646654521184365
5719,9982559,Spot Grid,1,BTCUSDT,1.0,3290592,3.77,26.15798211,185.0,0.0126346,0.6460801759983835
5720,10105946,Spot Grid,1,INJUSDT,1.0,581039,0.82,12.39465756,1071.0,0.00359225,0.6458461855448562
5721,10082779,Spot Grid,1,AAVEUSDT,1.0,1015080,8.01,160.22694987,150.0,0.026077,0.6456629586162821
5722,10091568,Spot Grid,1,SUIUSDT,1.0,841719,10.99,2747.9015984,229.0,0.0566457,0.6451125377178121
5723,9944975,Spot Grid,1,LINKUSDC,1.0,3957893,13.42,41.61141124,974.0,0.08518097,0.6433026273260354
5724,10067672,Spot Grid,1,SOLUSDT,1.0,1208679,4.69,46.9419536,152.0,0.00831441,0.6427014488467836
5725,10006678,Spot Grid,1,ETHUSDT,1.0,2591805,3.47,36.02734516,97.0,0.00633785,0.6425171196039805
5726,9963467,Spot Grid,1,BTCUSDT,1.0,3625833,2.57,13.77992556,8.0,0.00384458,0.6422840471958433
5727,10010668,Spot Grid,1,ETHUSDT,1.0,2497262,4.65,46.56031816,217.0,0.01505966,0.6406415731460418
5728,10059538,Spot Grid,1,SOLFDUSD,1.0,1366952,4.98,676.77056949,194.0,0.01483708,0.6394310603600903
5729,9996603,Spot Grid,1,BTCUSDT,1.0,2834404,2.99,15.00084411,272.0,0.00848601,0.6389418559571949
5730,10076124,Spot Grid,1,ADAUSDC,1.0,1113427,9.1,10.38518461,66.0,0.03018625,0.6389003840481928
5731,10032290,Spot Grid,1,ETHUSDT,1.0,1854737,3.67,36.77075661,402.0,0.01096521,0.6368712050652792
5732,10003073,Spot Grid,1,BTCUSDT,1.0,2684949,4.09,48.15995372,72.0,0.00991186,0.6363071625653224
5733,9330549,Spot Grid,1,PEPEFDUSD,1.0,19967578,0.35,55.54422031,1568.0,0.09501724,0.6361226983723923
5734,10071415,Spot Grid,1,CKBUSDT,1.0,1171270,7.38,11.08967264,652.0,0.03355299,0.6356505856318605
5735,10019723,Spot Grid,1,BTCUSDT,1.0,2242479,4.05,45.51396872,239.0,0.01137207,0.6350410105922811
5736,10032759,Spot Grid,1,BTCUSDT,1.0,1839047,3.73,11.20300412,122.0,0.00526801,0.6344559458157151
5737,10059107,Spot Grid,1,SOLUSDT,1.0,1375288,4.65,23.29817822,249.0,0.01109369,0.6338541316513018
5738,10034623,Spot Grid,1,BTCUSDT,1.0,1774368,5.41,17.93102504,57.0,0.01292992,0.6323359424764193
5739,10005445,Spot Grid,1,BTCUSDT,1.0,2631644,3.72,74.50976052,116.0,0.00904033,0.628471056170366
5740,9957384,Spot Grid,1,XRPUSDC,1.0,3794604,3.21,35.34087582,783.0,0.02514759,0.6280553082269614
5741,10088590,Spot Grid,1,XRPUSDT,1.0,904539,6.26,395.83158105,6.0,0.01491229,0.6277447997878868
5742,10005063,Spot Grid,1,BNBUSDT,1.0,2639619,3.13,15.68705014,366.0,0.01086824,0.6275786098922073
5743,9919186,Spot Grid,1,BNBBTC,1.0,4916459,2.71,12.75286104,42.0,0.01144198,0.6273384235159816
5744,10053300,Spot Grid,1,BTCU,1.0,1461500,1.26,12.62383712,766.0,0.00408607,0.6265743938424049
5745,10030537,Spot Grid,1,ETHUSDT,1.0,1912062,3.93,118.14191779,225.0,0.0097745,0.6252260627261854
5746,9950858,Spot Grid,1,BNBETH,1.0,3869584,3.38,13.60715737,142.0,0.01283964,0.6251992377711179
5747,10047523,Spot Grid,1,BTCUSDT,1.0,1590751,3.9,90.96561622,87.0,0.00518939,0.624927567257397
5748,10057470,Spot Grid,1,SOLUSDT,1.0,1406350,4.03,94.4680818,278.0,0.00920015,0.6242169177342846
5749,10020750,Spot Grid,1,BTCUSDT,1.0,2218370,3.96,79.33200644,102.0,0.00849553,0.6239952377366427
5750,10011181,Spot Grid,1,ETHUSDT,1.0,2484126,3.71,148.52879647,222.0,0.01119328,0.6231199255961426
5751,10105858,Spot Grid,1,INJUSDT,1.0,582690,8.35,19.17760384,13.0,0.02338231,0.622835262755991
5752,10034574,Spot Grid,1,ETHUSDT,1.0,1775525,4.09,81.9132323,254.0,0.01061421,0.6222257291917825
5753,9984166,Spot Grid,1,BTCUSDC,1.0,3250910,3.59,58.80883197,141.0,0.01169856,0.6216399531880232
5754,10003552,Spot Grid,1,BTCUSDT,1.0,2672739,3.53,176.95015376,122.0,0.00911025,0.6214934068565153
5755,10087914,Spot Grid,1,NEARUSDC,1.0,912872,8.44,33.80899939,415.0,0.0339298,0.6212629724490942
5756,9984238,Spot Grid,1,SOLETH,1.0,3248996,4.76,17.97320915,169.0,0.01851123,0.6207534940873535
5757,10013496,Spot Grid,1,BTCUSDT,1.0,2424092,3.36,186.40960773,163.0,0.00809882,0.6198583241318733
5758,10012757,Spot Grid,1,TAOUSDC,1.0,2445586,9.86,35.71128218,125.0,0.04218446,0.6198256279828843
5759,10037721,Spot Grid,1,ETHUSDC,1.0,1685884,3.86,11.12532563,335.0,0.01043194,0.6194891173862291
5760,10011831,Spot Grid,1,BNBUSDC,1.0,2468885,2.85,17.60711051,221.0,0.00590742,0.6186350055758639
5761,10036832,Spot Grid,1,ETHUSDT,1.0,1710512,6.06,33.34340367,106.0,0.01792051,0.6176354765938877
5762,10022757,Spot Grid,1,BNBUSDT,1.0,2168070,4.75,19.02076511,97.0,0.01244394,0.61761943356372
5763,10077741,Spot Grid,1,FETUSDT,1.0,1089485,11.95,23.91461328,21.0,0.04568719,0.6167649377924306
5764,10085358,Spot Grid,1,LTCUSDT,1.0,970716,7.31,73.19188048,238.0,0.02463388,0.6167054387851247
5765,9981873,Spot Grid,1,BTCUSDT,1.0,3305841,3.23,557.10604207,242.0,0.01492621,0.615081922403708
5766,10017513,Spot Grid,1,ADAETH,1.0,2306719,10.58,181.1189272,82.0,0.04557118,0.6147952912735177
5767,10069966,Spot Grid,1,SOLUSDT,1.0,1182520,6.44,32.23004781,70.0,0.017115,0.6141682156469924
5768,10063224,Spot Grid,1,SOLUSDT,1.0,1299453,5.42,271.48885136,122.0,0.01436586,0.614109707238577
5769,10033959,Spot Grid,1,ETHUSDC,1.0,1792481,3.66,10.42322782,297.0,0.00921527,0.6137686847588678
5770,10062785,Spot Grid,1,BTCFDUSD,1.0,1312200,3.14,170.79261808,460.0,0.00864437,0.6124131092899723
5771,10003524,Spot Grid,1,BTCUSDT,1.0,2673459,3.61,36.10791882,122.0,0.00927903,0.6102339249779326
5772,9850698,Spot Grid,1,DOGEBTC,1.0,7786736,4.26,366.90703938,254.0,0.03926058,0.6084105204283125
5773,9971982,Spot Grid,1,BTCUSDT,1.0,3532631,3.69,147.84843579,88.0,0.01331902,0.6083851865033622
5774,10004181,Spot Grid,1,XVGUSDT,1.0,2656976,13.34,45.665183,89.0,0.06192759,0.607237802877016
5775,10026158,Spot Grid,1,BTCUSDT,1.0,2045018,2.99,27.98573346,177.0,0.00444925,0.6070558826576746
5776,9993298,Spot Grid,1,SOLETH,1.0,2966975,4.95,11.10393635,144.0,0.01833555,0.6069523228796279
5777,10003512,Spot Grid,1,BTCUSDT,1.0,2673861,3.55,53.34995892,122.0,0.00918408,0.6066733439646451
5778,10068316,Spot Grid,1,BTCFDUSD,1.0,1195922,3.51,149.3778634,422.0,0.00949407,0.6065370632309935
5779,10066530,Spot Grid,1,XLMUSDC,1.0,1230811,8.12,81.36952256,151.0,0.02890486,0.6036331194345244
5780,10019105,Spot Grid,1,PROMUSDT,1.0,2264654,11.63,58.16288005,242.0,0.0543718,0.6028076733621088
5781,10089191,Spot Grid,1,AAVEUSDC,1.0,893413,6.09,30.92486103,717.0,0.02810667,0.6026927023170479
5782,9986475,Spot Grid,1,DOGEUSDC,1.0,3186863,4.0,30.68631809,437.0,0.02055197,0.6025793454070503
5783,9976002,Spot Grid,1,DODOUSDT,1.0,3429259,4.71,47.13518105,319.0,0.02306383,0.6025253539345378
5784,10066599,Spot Grid,1,WLDUSDC,1.0,1216904,10.31,51.57062206,289.0,0.04364189,0.602507675461154
5785,9989992,Spot Grid,1,MORPHOUSDT,1.0,3071065,19.15,114.95503885,65.0,0.09556122,0.6017704690283482
5786,10012380,Spot Grid,1,XRPUSDT,1.0,2455488,5.52,38.69577505,275.0,0.0223966,0.6016088577381101
5787,9975774,Spot Grid,1,VIRTUALUSDT,1.0,3435772,8.35,36.54519738,348.0,0.0436122,0.6014939147638876
5788,10027257,Spot Grid,1,SOLUSDT,1.0,2030233,2.82,23.54523704,214.0,0.00444348,0.6013846737262198
5789,10067922,Spot Grid,1,ADAUSDT,1.0,1203096,7.09,50.57003392,87.0,0.0217412,0.6010445073678443
5790,10004455,Spot Grid,1,BTCUSDT,1.0,2650233,3.54,39.02669491,122.0,0.00920178,0.6005214750326581
5791,10073021,Spot Grid,1,XRPUSDC,1.0,1158787,7.03,47.19655151,50.0,0.0204589,0.6001577016388937
5792,10004400,Spot Grid,1,BTCUSDT,1.0,2651544,3.72,37.6419434,140.0,0.01059918,0.5996990191015408
5793,10075365,Spot Grid,1,XLMUSDT,1.0,1126896,4.88,18.5812224,819.0,0.02469828,0.5996855903176598
5794,10004250,Spot Grid,1,PARTIUSDT,1.0,2655168,9.58,47.91509251,126.0,0.04244956,0.59946917652931
5795,9995191,Spot Grid,1,BTCUSDT,1.0,2900984,2.7,54.16833968,47.0,0.00421242,0.5994105237688798
5796,10080505,Spot Grid,1,FETUSDT,1.0,1049634,9.88,285.90300173,1727.0,0.07237507,0.5982186991109285
5797,10021597,Spot Grid,1,BTCUSDT,1.0,2201440,2.8,10.88994833,317.0,0.00740868,0.5956903831917192
5798,10027216,Spot Grid,1,BNBFDUSD,1.0,2030692,5.23,64.30559108,64.0,0.01490534,0.5955325860620755
5799,10005787,Spot Grid,1,BTCUSDT,1.0,2623240,3.61,36.10392288,172.0,0.01072776,0.5951570335938452
5800,10010670,Spot Grid,1,BTCUSDT,1.0,2497233,3.81,38.10269224,215.0,0.01224968,0.5940116027540809
5801,10097689,Spot Grid,1,QIUSDT,1.0,206597,15.09,15.41397949,5.0,0.05966171,0.5931871817724883
5802,10058647,Spot Grid,1,ADAUSDT,1.0,1384860,9.56,75.14697954,120.0,0.03717801,0.5931242945407244
5803,9981171,Spot Grid,1,TSTUSDT,1.0,3320236,4.32,22.88048874,237.0,0.01899506,0.5927862136209999
5804,9981878,Spot Grid,1,ETHUSDT,1.0,3305760,3.58,516.60206967,383.0,0.02054344,0.5919934843308808
5805,10005222,Spot Grid,1,BTCUSDT,1.0,2636581,3.79,30.32470456,148.0,0.01136174,0.5919355356540842
5806,10036260,Spot Grid,1,ETHUSDC,1.0,1730850,4.43,24.37567128,192.0,0.01189858,0.5917928366265338
5807,10022319,Spot Grid,1,BNBUSDT,1.0,2181896,4.8,34.00832564,58.0,0.01307828,0.5914854919634915
5808,10034604,Spot Grid,1,BTCUSDT,1.0,1774767,4.37,35.00330293,35.0,0.00860049,0.5890653344642225
5809,10078614,Spot Grid,1,SUIUSDT,1.0,1079725,8.87,133.09402898,91.0,0.03197634,0.5882880727581996
5810,10017550,Spot Grid,1,ADABTC,1.0,2305697,10.03,479.77157316,96.0,0.04554254,0.5860763871184245
5811,10011001,Spot Grid,1,BTCUSDT,1.0,2488432,3.86,33.21155965,170.0,0.01185682,0.5853383169810498
5812,9992896,Spot Grid,1,BTCUSDT,1.0,2977906,3.71,84.4043147,45.0,0.01076085,0.5849904204619273
5813,10053149,Spot Grid,1,ETHUSDT,1.0,1464268,3.67,568.28231033,99.0,0.00770992,0.5848125323919353
5814,10001426,Spot Grid,1,BTCUSDT,1.0,2718348,2.89,12.03099698,142.0,0.00689191,0.5837952742263463
5815,10049125,Spot Grid,1,BNBUSDT,1.0,1550724,4.6,62.687505,27.0,0.00915047,0.582196840799871
5816,9981346,Spot Grid,1,SOLBTC,1.0,3317022,1.62,39.46687012,232.0,0.00465442,0.5810990253318656
5817,10057266,Spot Grid,1,BTCUSDC,1.0,1409252,4.19,20.96860908,234.0,0.01052897,0.5806532307213298
5818,10008444,Spot Grid,1,BTCUSDT,1.0,2552850,3.66,36.6329846,183.0,0.01153678,0.5801978225776453
5819,10002708,Spot Grid,1,BTCUSDC,1.0,2695028,3.97,40.89484549,147.0,0.01314831,0.579026846659959
5820,10007104,Spot Grid,1,BNBUSDT,1.0,2579503,3.54,201.07080392,221.0,0.01272253,0.5782342007073791
5821,10001631,Spot Grid,1,BTCUSDT,1.0,2715106,2.92,87.86841707,63.0,0.00601084,0.5775708009739028
5822,10084321,Spot Grid,1,ADAUSDC,1.0,994572,8.64,86.49901334,155.0,0.0319786,0.5755776319151915
5823,10000744,Spot Grid,1,BTCUSDT,1.0,2724804,2.78,89.47780501,127.0,0.00681724,0.57336897484512
5824,10029856,Spot Grid,1,BNBUSDC,1.0,1940424,4.26,20.7936537,311.0,0.01511948,0.5729676380429476
5825,10021102,Spot Grid,1,DOGEUSDT,1.0,2209989,5.66,56.68979717,532.0,0.02881427,0.5724539911421739
5826,10093832,Spot Grid,1,SEIUSDC,1.0,815503,8.29,82.95686436,182.0,0.02999569,0.5719700852807024
5827,9961740,Spot Grid,1,PUMPUSDT,1.0,3725375,11.56,268.11823699,366.0,0.06519396,0.5714868418312826
5828,10063548,Spot Grid,1,ZKUSDC,1.0,1291713,7.94,21.45335129,122.0,0.02856625,0.5710718883279984
5829,9967229,Spot Grid,1,XRPUSDT,1.0,3610208,5.69,11.39470352,36.0,0.02429334,0.5710492692877116
5830,10073788,Spot Grid,1,SOLFDUSD,1.0,1150122,5.88,22.10572816,259.0,0.01961945,0.570325683856942
5831,9956686,Spot Grid,1,XRPUSDT,1.0,3798970,2.96,19.03122268,101.0,0.01168966,0.5681871132965205
5832,9523881,Spot Grid,1,NIGHTUSDT,1.0,15723120,13.03,1041.17424337,549.0,0.13254834,0.5670844433362777
5833,10088733,Spot Grid,1,INJUSDC,1.0,596092,1.32,13.67429944,1051.0,0.00918787,0.5658861704352633
5834,10064211,Spot Grid,1,SOLUSDT,1.0,1277156,6.12,61.21257541,28.0,0.01702123,0.5645611027799871
5835,10032385,Spot Grid,1,BTCUSDT,1.0,1852465,3.14,39.78714559,190.0,0.0064911,0.5645230363910737
5836,9964787,Spot Grid,1,ETHBTC,1.0,3668648,1.62,10.98336345,226.0,0.00655354,0.564430350821248
5837,9982170,Spot Grid,1,TAOUSDT,1.0,3298819,10.25,1546.48444156,93.0,0.05734163,0.5629853853515773
5838,10000904,Spot Grid,1,BTCUSDT,1.0,2723457,3.98,17.49248539,105.0,0.01303836,0.5610320052783454
5839,10029674,Spot Grid,1,SOLUSDT,1.0,1947233,2.88,19.70441146,207.0,0.00587734,0.5608477999695338
5840,10063524,Spot Grid,1,BTCFDUSD,1.0,1292264,3.69,16.99949795,96.0,0.00516183,0.5605037312959057
5841,10002216,Spot Grid,1,XRPUSDT,1.0,2705537,2.74,21.17814562,612.0,0.0169877,0.5593825152064801
5842,10029243,Spot Grid,1,BNBUSDT,1.0,1961323,6.67,60.84042469,68.0,0.02400871,0.559365428217909
5843,10036975,Spot Grid,1,BNBUSDT,1.0,1705745,5.08,15.24203499,31.0,0.01322947,0.5585713316601371
5844,10013592,Spot Grid,1,BTCUSDC,1.0,2421516,2.77,55.49741334,221.0,0.00790671,0.557767895744767
5845,9856027,Spot Grid,1,SOLETH,1.0,7557664,1.66,45.16685613,166.0,0.02262643,0.5563719568170765
5846,10022177,Spot Grid,1,TSTUSDT,1.0,2187023,2.18,25.39844656,954.0,0.01910174,0.5559555108047548
5847,9825322,Spot Grid,1,CHZUSDT,1.0,8635072,3.53,11.32512441,81.0,0.03551981,0.5557078937535762
5848,10014159,Spot Grid,1,XRPUSDT,1.0,2401915,8.0,320.50804981,329.0,0.04019257,0.5552674877784787
5849,10026132,Spot Grid,1,ONTUSDT,1.0,2045994,13.13,197.05653205,511.0,0.06996273,0.5552227881524007
5850,10010953,Spot Grid,1,BTCUSDT,1.0,2490090,4.46,13.39000997,82.0,0.01441385,0.5547096148104709
5851,10085831,Spot Grid,1,SUIUSDC,1.0,956906,6.17,157.82125016,268.0,0.02190213,0.5545610143039138
5852,9434369,Spot Grid,1,DOGEFDUSD,1.0,17759750,0.44,257.29992259,2163.0,0.102998,0.5539687597319474
5853,10013053,Spot Grid,1,BTCUSDT,1.0,2436925,3.62,36.49111242,208.0,0.01243677,0.5531535848859829
5854,9991980,Spot Grid,1,SOLETH,1.0,3007791,4.31,234.34833902,147.0,0.0183864,0.5529943262154312
5855,10029726,Spot Grid,1,BTCUSDT,1.0,1945180,3.35,360.24056593,8.0,0.00630238,0.5528640946617087
5856,10008872,Spot Grid,1,BTCUSDT,1.0,2544767,3.56,37.37447806,163.0,0.01165895,0.5522303938138019
5857,9692988,Spot Grid,1,ADAUSDT,1.0,12470133,2.22,59.21627923,535.0,0.05476345,0.551532694957267
5858,10086407,Spot Grid,1,ADAUSDT,1.0,943116,7.73,11.75097069,115.0,0.02653816,0.5509236346071478
5859,10054624,Spot Grid,1,ETHUSDT,1.0,1439730,3.81,228.54234691,150.0,0.0090789,0.5505550627024421
5860,10013192,Spot Grid,1,BNBUSDT,1.0,2433502,2.87,27.7746053,126.0,0.0066432,0.5505350489701686
5861,10060761,Spot Grid,1,XRPUSDT,1.0,1346777,3.66,14.00930074,338.0,0.01075422,0.5500743086240091
5862,9966411,Spot Grid,1,LUNCUSDT,1.0,3629714,7.64,38.23445363,61.0,0.03659106,0.5492404537901183
5863,10037912,Spot Grid,1,BTCUSDT,1.0,1681034,3.59,11.08210317,6.0,0.00483042,0.5483391879579672
5864,10004413,Spot Grid,1,BTCUSDT,1.0,2651291,3.55,88.99127453,44.0,0.01000315,0.5473549709430663
5865,10054862,Spot Grid,1,SOLUSDT,1.0,1436131,2.27,33.86683547,765.0,0.01279038,0.5469671102448666
5866,9995757,Spot Grid,1,BNBBTC,1.0,2885982,3.14,35.02142513,53.0,0.00873638,0.545838589654894
5867,10057240,Spot Grid,1,BTCUSDT,1.0,1409583,2.61,26.11185515,492.0,0.00880738,0.5448357731349509
5868,10006163,Spot Grid,1,BTCUSDT,1.0,2610992,3.7,52.73800876,56.0,0.01084519,0.5442183226601696
5869,9958786,Spot Grid,1,XRPUSDT,1.0,3777502,5.67,42.84616758,227.0,0.03019099,0.5439303943757897
5870,10075812,Spot Grid,1,SUIUSDT,1.0,1119195,9.28,13.93170694,61.0,0.0349798,0.542512676713611
5871,10008218,Spot Grid,1,WCTUSDT,1.0,2556428,5.18,21.76651115,97.0,0.01948804,0.542510739758487
5872,10031329,Spot Grid,1,BNBUSDT,1.0,1883247,3.91,17.62079304,19.0,0.00799173,0.5424371892384091
5873,9956298,Spot Grid,1,DOGEBTC,1.0,3802764,4.26,11.01839865,150.0,0.02086553,0.542047938571634
5874,9750539,Spot Grid,1,BATUSDT,1.0,10634398,10.86,78.5059586,45.0,0.08431484,0.541983381608005
5875,9956932,Spot Grid,1,BNBBTC,1.0,3797341,0.96,126.48769521,213.0,0.00475179,0.5410011282776138
5876,10017302,Spot Grid,1,BNBUSDC,1.0,2311703,3.18,15.94243917,400.0,0.01393993,0.5409574637995634
5877,10026394,Spot Grid,1,BNBUSDT,1.0,2040157,4.1,22.02148249,95.0,0.0114021,0.5407120865638692
5878,10031236,Spot Grid,1,SOLBTC,1.0,1886357,3.68,411.33656766,128.0,0.01116033,0.5403699944226537
5879,9975141,Spot Grid,1,BNBUSDT,1.0,3458928,4.38,21.91265033,543.0,0.02850498,0.5400133187625866
5880,10062234,Spot Grid,1,DYDXUSDT,1.0,1324898,10.58,82.88833392,549.0,0.05382468,0.538230948871329
5881,10004501,Spot Grid,1,BTCUSDT,1.0,2649022,2.63,26.37292018,158.0,0.00744906,0.5373845177342617
5882,9955372,Spot Grid,1,DOGEUSDT,1.0,3813983,7.09,70.89260173,146.0,0.03681138,0.5373837092620639
5883,10015847,Spot Grid,1,BTCUSDC,1.0,2360133,2.39,38.32898759,135.0,0.0045151,0.5364021840822921
5884,10059099,Spot Grid,1,SOLUSDT,1.0,1375635,4.36,35.90312397,167.0,0.01175249,0.5363952073061072
5885,10009084,Spot Grid,1,DOGEUSDT,1.0,2541215,5.14,25.72669541,380.0,0.02549464,0.5354724115407239
5886,9752383,Spot Grid,1,ALPINEUSDT,1.0,10729672,0.31,49.94813621,606.0,0.03897932,0.5352580048790249
5887,10063749,Spot Grid,1,LTCUSDT,1.0,1286917,8.87,14.80442691,189.0,0.03654644,0.5330309304603034
5888,10008401,Spot Grid,1,BTCUSDT,1.0,2553596,1.09,547.20828858,191.0,0.00218438,0.5325507754836668
5889,9915854,Spot Grid,1,BNBBTC,1.0,5036613,1.61,196.80340579,146.0,0.01296234,0.5307451517017767
5890,10051655,Spot Grid,1,SOLETH,1.0,1500811,5.8,18.75469416,84.0,0.01857923,0.5300349948396338
5891,9959196,Spot Grid,1,XRPUSDT,1.0,3771582,3.54,21.24308667,348.0,0.02154609,0.5292911423063545
5892,9981898,Spot Grid,1,XRPUSDT,1.0,3305422,4.43,56.45049316,299.0,0.02358628,0.5288451130759176
5893,9981891,Spot Grid,1,SOLUSDT,1.0,3305569,5.66,930.81750874,366.0,0.03626624,0.5280027979189942
5894,10058054,Spot Grid,1,DOTUSDT,1.0,1395355,4.56,20.06676883,160.0,0.0130667,0.5273087868777143
5895,9762930,Spot Grid,1,WLDUSDC,1.0,10497597,19.39,74.86128714,410.0,0.1387185,0.5269418867385446
5896,9674496,Spot Grid,1,ADAUSDT,1.0,12838457,2.2,16.51881528,474.0,0.05573892,0.5261208517737804
5897,10008813,Spot Grid,1,BTCUSDT,1.0,2545616,3.47,69.42838798,48.0,0.00995984,0.5258886019251683
5898,10052086,Spot Grid,1,BTCJPY,1.0,1486937,2.2,194.41784483,686.0,0.01264989,0.5252781078732721
5899,9992360,Spot Grid,1,SOLETH,1.0,2994637,4.3,11.70581657,148.0,0.01827185,0.5251024648221413
5900,10003482,Spot Grid,1,BTCUSDT,1.0,2674346,2.55,11.13667174,122.0,0.00682774,0.523734531118549
5901,10066943,Spot Grid,1,BNBFDUSD,1.0,1222409,3.52,10.83259073,544.0,0.01489183,0.5228525933923696
5902,10008130,Spot Grid,1,BNBUSDT,1.0,2557992,1.66,27.07519131,507.0,0.00974826,0.5222165949987218
5903,9967271,Spot Grid,1,ETHBTC,1.0,3609424,1.89,281.77920597,86.0,0.00791086,0.5220492217319563
5904,9909077,Spot Grid,1,BNBBTC,1.0,5308413,0.38,20.41914146,140.0,0.00678318,0.5201815842691314
5905,10070805,Spot Grid,1,DYDXUSDT,1.0,1176115,3.13,18.76428977,986.0,0.02211313,0.518838479495461
5906,9729276,Spot Grid,1,SPKUSDT,1.0,10863911,7.83,156.7608681,3.0,0.06926981,0.5160450595352455
5907,10025574,Spot Grid,1,ICPBTC,1.0,2067225,7.31,71.96589136,100.0,0.03045294,0.5156734052809171
5908,9989248,Spot Grid,1,SOLETH,1.0,3093039,4.0,55.48316175,156.0,0.01784235,0.5152123909873175
5909,10022932,Spot Grid,1,BNBUSDT,1.0,2162422,4.14,15.5648615,33.0,0.01182615,0.5151308204216517
5910,10056568,Spot Grid,1,BTCUSDT,1.0,1420290,1.55,31.0050258,521.0,0.00491552,0.5143480387790408
5911,10002508,Spot Grid,1,BTCUSDT,1.0,2699579,2.05,48.72479113,41.0,0.00310177,0.5132065945392419
5912,10038648,Spot Grid,1,BTCUSDT,1.0,1661497,4.01,920.45183488,72.0,0.01454239,0.512888324699271
5913,9956839,Spot Grid,1,ADAFDUSD,1.0,3797969,2.05,113.11235525,2223.0,0.05431236,0.5127235873577727
5914,9991999,Spot Grid,1,SOLETH,1.0,3007309,3.91,10.6440474,149.0,0.01673253,0.5120287433674623
5915,10088138,Spot Grid,1,XLMUSDT,1.0,910732,6.81,19.23159999,126.0,0.02326891,0.5102734033056078
5916,10055397,Spot Grid,1,BTCUSDT,1.0,1431401,3.29,16.4914543,155.0,0.00683318,0.51021209412267
5917,10074520,Spot Grid,1,WLDUSDT,1.0,1120112,22.07,22.52221234,11.0,0.10526269,0.5101710313234485
5918,10067731,Spot Grid,1,SUIUSDT,1.0,1207534,7.12,45.4424927,268.0,0.02940175,0.5095629522539622
5919,9961616,Spot Grid,1,DOGEUSDC,1.0,3728528,5.26,50.50633816,421.0,0.03327065,0.5093512897153405
5920,10033594,Spot Grid,1,BNBUSDT,1.0,1803808,1.89,22.26151903,278.0,0.00343096,0.5093299602504702
5921,10075349,Spot Grid,1,ADAUSDT,1.0,1127340,8.79,87.76889055,102.0,0.03491371,0.5093130238104769
5922,10069664,Spot Grid,1,LTCUSDC,1.0,1184791,5.82,17.48651503,164.0,0.01986541,0.5090828668131899
5923,10067201,Spot Grid,1,BTCUSDC,1.0,1218335,4.29,15.65996021,117.0,0.01063258,0.509069598044747
5924,10009806,Spot Grid,1,DOGEUSDT,1.0,2520832,6.02,30.10364987,258.0,0.02872873,0.5089801525752388
5925,10049985,Spot Grid,1,BNBUSDT,1.0,1530114,4.0,12.87786776,96.0,0.0099652,0.5079359205368058
5926,10004646,Spot Grid,1,BTCUSDT,1.0,2646858,1.7,13.60821359,126.0,0.0028085,0.5074871683477151
5927,9963427,Spot Grid,1,BNBBTC,1.0,3686774,2.18,165.32404237,269.0,0.01370555,0.5070068147372746
5928,10036141,Spot Grid,1,BTCUSDT,1.0,1734954,3.59,35.9392993,55.0,0.00789234,0.5068376750447382
5929,10027080,Spot Grid,1,BNBUSDT,1.0,2032566,4.57,22.86963456,115.0,0.01574461,0.5064689818219806
5930,9985436,Spot Grid,1,SOLBNB,1.0,3226601,1.95,15.51680784,137.0,0.00708804,0.5027392416053744
5931,10056893,Spot Grid,1,BTCUSD1,1.0,1414869,3.71,74.23908738,457.0,0.01608043,0.5019210069920227
5932,9987094,Spot Grid,1,KAITOUSDT,1.0,3165188,8.97,95.0244927,224.0,0.04754267,0.5014839663282206
5933,10020352,Spot Grid,1,ETHUSDT,1.0,2227558,3.48,71.71914733,80.0,0.01033675,0.5011668327774191
5934,10070916,Spot Grid,1,BTCFDUSD,1.0,1175150,3.65,365.04502267,425.0,0.01561613,0.5001731434515558
5935,10031673,Spot Grid,1,BTCUSDT,1.0,1873282,4.59,13.33542706,143.0,0.01605192,0.4981192009011857
5936,10031472,Spot Grid,1,BNBUSDC,1.0,1879203,2.59,12.92257113,89.0,0.00402678,0.497142761274767
5937,10068388,Spot Grid,1,XRPUSDC,1.0,1194435,4.36,12.34897495,331.0,0.01590351,0.49713337282296055
5938,10049072,Spot Grid,1,BNBUSDT,1.0,1551945,3.81,13.928625,121.0,0.00999177,0.4970134101777604
5939,10004184,Spot Grid,1,BTCUSDT,1.0,2656912,3.27,49.0510747,162.0,0.0128272,0.4965343626811065
5940,10001931,Spot Grid,1,BTCUSDC,1.0,2710187,3.27,24.49016495,169.0,0.01308733,0.49627007961182196
5941,10070521,Spot Grid,1,ADAUSDT,1.0,1178021,8.84,10.61703184,103.0,0.03556884,0.49585623383156874
5942,10024268,Spot Grid,1,ASTERUSDT,1.0,2119247,6.27,31.3750261,192.0,0.02754059,0.4952822580364186
5943,10066071,Spot Grid,1,BTCUSDC,1.0,1241869,2.62,214.0974477,283.0,0.00671438,0.49443731713434597
5944,10015068,Spot Grid,1,BTCUSDT,1.0,2378899,2.38,24.94798943,541.0,0.01475022,0.4943591848229364
5945,10066873,Spot Grid,1,SUIUSDT,1.0,1223505,6.55,32.76570347,56.0,0.02241157,0.4943405935369554
5946,9986578,Spot Grid,1,SOLETH,1.0,3182296,3.83,41.68468481,160.0,0.0181549,0.4941073475884785
5947,9951901,Spot Grid,1,ETHBTC,1.0,3860054,2.02,226.40634752,89.0,0.01060062,0.4939575362503504
5948,9724391,Spot Grid,1,ADAUSDC,1.0,11546731,5.69,402.95618404,981.0,0.08342614,0.49137340362356596
5949,9978623,Spot Grid,1,BNBBTC,1.0,3355666,1.8,84.77206887,263.0,0.01034833,0.4901038176879825
5950,10011229,Spot Grid,1,XRPUSDT,1.0,2482718,2.86,177.25881888,581.0,0.01964436,0.4895305504243239
5951,10084091,Spot Grid,1,ETHFDUSD,1.0,997197,3.26,12.706308,479.0,0.01257103,0.4872411191260329
5952,10081843,Spot Grid,1,LTCUSDT,1.0,1030081,4.32,43.2571037,284.0,0.01465418,0.48449675093825384
5953,9966201,Spot Grid,1,DOGEUSDC,1.0,3637571,5.45,36.40943155,147.0,0.0290541,0.48440329977387075
5954,10015744,Spot Grid,1,BNBUSDT,1.0,2363152,3.77,11.32918845,65.0,0.01261638,0.48271973129085166
5955,10016472,Spot Grid,1,BNBUSDT,1.0,2337144,3.79,11.39977845,65.0,0.01261638,0.4826858723691098
5956,10070683,Spot Grid,1,XRPUSDT,1.0,1176906,6.65,18.1934622,475.0,0.03209572,0.48074186274541797
5957,9959668,Spot Grid,1,BNBBTC,1.0,3764123,1.84,31.71324035,220.0,0.01151568,0.48051594422447286
5958,10058010,Spot Grid,1,FILUSDT,1.0,1396111,6.19,37.16879847,184.0,0.02446988,0.4804019472930211
5959,9979083,Spot Grid,1,SOLBTC,1.0,3349291,3.9,134.63180473,55.0,0.01810468,0.47925968640352606
5960,10091614,Spot Grid,1,NEARUSDT,1.0,841363,6.36,21.64243319,1180.0,0.04406891,0.4792228779995888
5961,10026618,Spot Grid,1,BNBUSDT,1.0,2037351,4.12,41.29244479,53.0,0.01318536,0.4790834785344731
5962,10030569,Spot Grid,1,BTCUSDT,1.0,1910598,1.92,12.54042693,151.0,0.00258482,0.47770638568239365
5963,10072976,Spot Grid,1,ADAUSDT,1.0,1159232,5.73,25.62160772,246.0,0.0223147,0.47735481016222087
5964,10074040,Spot Grid,1,SOLFDUSD,1.0,1147077,0.74,38.35147087,1301.0,0.01737897,0.4764112655083439
5965,10053470,Spot Grid,1,SOLUSDT,1.0,1457527,4.4,11.64328405,81.0,0.01279425,0.4762159348758262
5966,10027373,Spot Grid,1,BNBUSDT,1.0,2028366,2.6,10.8164496,88.0,0.00555513,0.47553169159921926
5967,10100298,Spot Grid,1,SOLFDUSD,1.0,684579,0.73,217.33661882,705.0,0.00383343,0.47204589755867105
5968,9980171,Spot Grid,1,DOGEUSDT,1.0,3332557,8.59,42.96388294,310.0,0.04894634,0.47120803707998515
5969,10057924,Spot Grid,1,BTCUSDC,1.0,1397962,2.85,12.51092867,212.0,0.00705052,0.470806731730358
5970,10128872,Spot Grid,1,PUMPUSDT,1.0,177827,7.08,14.1600233,17.0,0.02091186,0.46967939054856617
5971,10018276,Spot Grid,1,BNBUSDT,1.0,2289616,2.76,19.35971819,321.0,0.01276623,0.46942665231897346
5972,10008453,Spot Grid,1,BNBUSDT,1.0,2552747,2.64,13.46362555,458.0,0.01610696,0.46931584616772953
5973,10058951,Spot Grid,1,ETHUSDT,1.0,1378702,1.28,32.00857507,774.0,0.01043191,0.4691883427624123
5974,10061307,Spot Grid,1,XRPUSDT,1.0,1339306,5.52,14.60492846,205.0,0.02137206,0.46836809791995654
5975,10004533,Spot Grid,1,BTCUSDT,1.0,2648083,3.1,31.09414509,164.0,0.01294476,0.4682591404519888
5976,10002931,Spot Grid,1,XRPUSDT,1.0,2688781,4.57,45.71179605,292.0,0.02397386,0.4675813539034563
5977,9701865,Spot Grid,1,SHIBUSDT,1.0,12245921,0.71,43.53314005,82.0,0.03927046,0.46703599196815315
5978,9948251,Spot Grid,1,BNBBTC,1.0,3904422,1.85,30.42467292,210.0,0.01255636,0.46546710940856006
5979,9959464,Spot Grid,1,DOGEUSDC,1.0,3767453,4.1,21.59713219,186.0,0.0237498,0.4649964205953956
5980,10061001,Spot Grid,1,BTCUSDT,1.0,1343098,1.24,47.29145704,509.0,0.00470197,0.464975726820477
5981,10072722,Spot Grid,1,SUIUSDC,1.0,1161656,7.88,111.83976028,131.0,0.03264712,0.4637662218581811
5982,10084034,Spot Grid,1,ASTERUSDT,1.0,997876,3.43,20.638865,183.0,0.00825942,0.46291938702122715
5983,10020167,Spot Grid,1,BTCUSDC,1.0,2231354,2.83,85.01035219,391.0,0.01498494,0.4628027751885183
5984,10008012,Spot Grid,1,BNBUSD1,1.0,2559717,2.5,14.00346329,512.0,0.01681516,0.46186407644530203
5985,10067023,Spot Grid,1,ADAUSDT,1.0,1221296,8.62,162.39815619,108.0,0.03682102,0.4613787978849773
5986,10072699,Spot Grid,1,NEARUSDC,1.0,1161831,11.89,40.81143644,101.0,0.05377485,0.4592313442777376
5987,10053332,Spot Grid,1,BTCUSDT,1.0,1460591,2.42,383.8149829,64.0,0.00420923,0.459207717538858
5988,10100412,Spot Grid,1,MSTRBUSDT,1.0,682496,1.9,13.5181549,955.0,0.01499552,0.45892339759889883
5989,10064702,Spot Grid,1,BTCUSDT,1.0,1266418,2.28,10.96930563,272.0,0.00523271,0.4558102736991569
5990,9960939,Spot Grid,1,XRPUSDC,1.0,3743681,4.35,20.02703202,221.0,0.02612532,0.4556205800479214
5991,10103360,Spot Grid,1,NOMUSDT,1.0,636972,23.06,34.0992707,211.0,0.11510937,0.45531857107218365
5992,10071081,Spot Grid,1,NEARUSDT,1.0,1173857,19.94,109.6889016,167.0,0.09980147,0.45498009019713515
5993,10057472,Spot Grid,1,SOLUSDT,1.0,1406332,2.56,12.1369161,157.0,0.00498575,0.45457229457891174
5994,9978388,Spot Grid,1,SOLBNB,1.0,3362272,3.56,70.16070204,36.0,0.01662578,0.4528727437190146
5995,10130381,Spot Grid,1,ADAUSDC,1.0,136132,4.38,17.53706616,2.0,0.00634529,0.45256291153501443
5996,10051555,Spot Grid,1,BNBUSDT,1.0,1502945,3.85,38.51937771,67.0,0.01082644,0.45117113039613643
5997,9966220,Spot Grid,1,XRPUSDT,1.0,3637004,3.32,11.99116299,53.0,0.01666486,0.4499446160111677
5998,10127814,Spot Grid,1,ADAUSDT,1.0,205085,6.79,15.67258295,1.0,0.01991841,0.4495671580355297
5999,10013447,Spot Grid,1,BNBUSDT,1.0,2426148,3.51,19.90817689,66.0,0.01288714,0.4488826277045966
6000,10008499,Spot Grid,1,BNBUSDT,1.0,2551891,1.5,13.52009599,396.0,0.00940034,0.44822332296511613
6001,10064364,Spot Grid,1,BTCUSDT,1.0,1273869,2.88,15.25113777,148.0,0.0062783,0.4475521064137361
6002,10064601,Spot Grid,1,LUNAUSDT,1.0,1268813,9.99,49.98499014,413.0,0.05095368,0.44750151867914406
6003,10059939,Spot Grid,1,SOLUSDT,1.0,1360832,1.75,11.79993632,729.0,0.01274833,0.447360232612737
6004,10058839,Spot Grid,1,BTCUSDT,1.0,1381450,2.36,33.84180123,272.0,0.00664615,0.4466905164662283
6005,9996691,Spot Grid,1,TRXUSDT,1.0,2850043,2.38,36.5420279,27.0,0.00787436,0.4464231681794075
6006,10036739,Spot Grid,1,DOGEUSDT,1.0,1713463,5.56,55.66614479,553.0,0.03168545,0.4454309931978222
6007,9769788,Spot Grid,1,LINKETH,1.0,10342404,3.58,100.8382297,745.0,0.06203702,0.44524427664512456
6008,10121753,Spot Grid,1,NILUSDT,1.0,314510,10.16,12.70282329,21.0,0.03942979,0.44475352583786454
6009,9989513,Spot Grid,1,SOLBNB,1.0,3084165,2.11,36.1642971,86.0,0.00871466,0.44466096422209483
6010,10067403,Spot Grid,1,NEARUSDT,1.0,1213855,7.85,36.28240959,460.0,0.04005968,0.44430912987075827
6011,10065197,Spot Grid,1,BTCUSDT,1.0,1255695,2.19,10.9991917,285.0,0.00545067,0.4438314135556596
6012,10088367,Spot Grid,1,ADAUSDT,1.0,907657,5.05,11.06322003,597.0,0.02624627,0.4430713551867597
6013,10055579,Spot Grid,1,SOLUSDT,1.0,1429936,4.63,33.86854947,139.0,0.01663653,0.4423523248554396
6014,10018361,Spot Grid,1,BNBUSDT,1.0,2288109,1.94,97.19779233,119.0,0.00550031,0.44200389305283116
6015,10062969,Spot Grid,1,NEARUSDT,1.0,1306608,13.42,67.1316213,398.0,0.06992387,0.44085316487186277
6016,10096256,Spot Grid,1,SOLFDUSD,1.0,764495,2.94,768.04441572,605.0,0.01827631,0.4399163530534031
6017,10081420,Spot Grid,1,BTCFDUSD,1.0,1035601,0.16,1405.00444118,478.0,0.00489663,0.43776928231984197
6018,10065121,Spot Grid,1,BTCUSDT,1.0,1256921,4.01,23.21784772,164.0,0.0131634,0.43773998302879813
6019,10036593,Spot Grid,1,SOLBTC,1.0,1718543,2.53,29.41014492,84.0,0.00542404,0.4365582534804837
6020,10022904,Spot Grid,1,BNBUSDT,1.0,2163598,2.97,14.00305531,27.0,0.00847694,0.43586728112172957
6021,9115496,Spot Grid,1,ARBBTC,1.0,24220883,10.87,127.36430808,183.0,0.14992402,0.4347541965689414
6022,10066686,Spot Grid,1,BTCUSDT,1.0,1227219,3.48,87.24914385,146.0,0.01024194,0.4338194219811126
6023,10013093,Spot Grid,1,BNBUSDT,1.0,2435638,3.41,34.15101068,67.0,0.01312052,0.43280730459344213
6024,10104991,Spot Grid,1,DOGEFDUSD,1.0,600102,1.82,13.88256044,859.0,0.01326531,0.431809935083771
6025,10074796,Spot Grid,1,SUIUSDT,1.0,1135168,9.03,31.63251834,85.0,0.03874894,0.4312162462614266
6026,10078822,Spot Grid,1,ETHFDUSD,1.0,1077153,4.99,12.47708036,126.0,0.01716438,0.43112857245886216
6027,10056836,Spot Grid,1,ETHUSDT,1.0,1415723,2.77,22.22389329,190.0,0.00786817,0.43109436822834013
6028,10064073,Spot Grid,1,DOGEBTC,1.0,1280025,5.97,26.67491466,98.0,0.02297303,0.42869463504676475
6029,10050675,Spot Grid,1,ETHUSDT,1.0,1517682,2.73,38.75823789,143.0,0.00729084,0.42822892326373163
6030,10083612,Spot Grid,1,ADAUSDC,1.0,1001411,7.7,39.05221618,52.0,0.03041158,0.4269117710817534
6031,10073709,Spot Grid,1,SOLEUR,1.0,1150644,4.14,13.12531665,276.0,0.01618109,0.42671397501062536
6032,10059253,Spot Grid,1,INJUSDT,1.0,1372580,8.12,17.32746753,89.0,0.03500833,0.4259008024858891
6033,10036895,Spot Grid,1,BTCUSDT,1.0,1708585,2.93,14.68895649,6.0,0.00628285,0.4256449228579705
6034,10128697,Spot Grid,1,PUMPUSDT,1.0,182683,8.56,17.47842444,12.0,0.03072227,0.4253860825722177
6035,10106584,Spot Grid,1,SOLUSDT,1.0,570662,1.0,2505.36591401,141.0,0.00659243,0.42389554714277866
6036,10060984,Spot Grid,1,BTCUSDT,1.0,1343397,2.18,38.04498698,285.0,0.00677158,0.4223784571633248
6037,10027404,Spot Grid,1,ETHUSDT,1.0,2027690,3.24,1299.21564199,115.0,0.01839326,0.42221918632590877
6038,10060266,Spot Grid,1,BTCUSDT,1.0,1355011,2.31,23.1415066,222.0,0.00616722,0.42128016095366444
6039,10084841,Spot Grid,1,ADAUSDT,1.0,985568,7.36,11.91711433,44.0,0.0284044,0.42118505347140495
6040,10026875,Spot Grid,1,ETHUSDT,1.0,2034862,3.49,14.04866868,222.0,0.0154969,0.42096213643890973
6041,10008567,Spot Grid,1,BNBFDUSD,1.0,2550435,4.31,19.52788384,715.0,0.0327461,0.4184920133652334
6042,10129529,Spot Grid,1,FETUSDT,1.0,157987,6.1,407.16834876,82.0,0.02093037,0.41814187121667173
6043,9992629,Spot Grid,1,FRAXUSDT,1.0,2983418,5.92,29.6041788,306.0,0.0348321,0.41784835954512994
6044,9964189,Spot Grid,1,XRPUSDT,1.0,3676804,5.07,50.79151823,133.0,0.02964258,0.41661816377733407
6045,10058720,Spot Grid,1,BTCUSDT,1.0,1383666,2.74,27.4638759,112.0,0.00652987,0.4164990964782395
6046,10058758,Spot Grid,1,ETHUSDT,1.0,1383004,1.53,15.30443552,400.0,0.00603464,0.41404325695978
6047,10058659,Spot Grid,1,BTCUSDC,1.0,1384726,3.77,23.09254832,176.0,0.01360899,0.41385230947399343
6048,9968405,Spot Grid,1,COTIUSDT,1.0,3592595,10.79,26.7542353,146.0,0.0608512,0.4137726993241754
6049,10009779,Spot Grid,1,BTCUSDT,1.0,2521940,0.8,16.08226371,180.0,0.0023114,0.41270396836546847
6050,9996970,Spot Grid,1,BNBBTC,1.0,2837332,2.71,15.08586814,29.0,0.01091812,0.41255783501602317
6051,10087373,Spot Grid,1,ETHFDUSD,1.0,921147,1.92,50.60017429,416.0,0.00679186,0.4121224827313581
6052,9987874,Spot Grid,1,SOLETH,1.0,3145740,3.26,10.95947173,157.0,0.01795536,0.41200665659282454
6053,10064397,Spot Grid,1,SOLUSDT,1.0,1273010,0.59,15.07272624,535.0,0.00337524,0.41155513663901216
6054,10101981,Spot Grid,1,SOLFDUSD,1.0,660403,0.05,575.01270071,662.0,0.00337387,0.4114111795452402
6055,10113802,Spot Grid,1,MINAUSDT,1.0,418831,4.99,68.32181744,240.0,0.01790663,0.4097866941974374
6056,10029072,Spot Grid,1,BTCUSDT,1.0,1967199,2.98,29.80837362,372.0,0.01614564,0.40915226409509464
6057,10091032,Spot Grid,1,BTCFDUSD,1.0,851263,2.9,14.49472892,349.0,0.01039606,0.4085606305519028
6058,10081412,Spot Grid,1,BTCFDUSD,1.0,1035642,0.18,812.0468631,486.0,0.00338908,0.4063219392781774
6059,10052679,Spot Grid,1,BNBUSDT,1.0,1472087,3.52,17.607341,105.0,0.01143434,0.40512781869884795
6060,10130543,Spot Grid,1,PENGUUSDT,1.0,132489,4.47,11.17868359,11.0,0.00891863,0.4042949096128615
6061,10100720,Spot Grid,1,SOLFDUSD,1.0,677106,0.06,361.23323569,686.0,0.00321479,0.40378095434015615
6062,10081409,Spot Grid,1,BTCFDUSD,1.0,1035663,0.17,732.16740057,482.0,0.00294978,0.40356394190903266
6063,10106121,Spot Grid,1,ETHFDUSD,1.0,577607,2.4,12.63380998,147.0,0.00244831,0.4025455116175139
6064,10062259,Spot Grid,1,SOLUSDT,1.0,1324353,3.03,37.92457394,91.0,0.00805855,0.401916966802206
6065,10078719,Spot Grid,1,AAVEUSDT,1.0,1078597,2.69,26.9136794,239.0,0.00832195,0.39942878725486497
6066,10018776,Spot Grid,1,BNBUSDT,1.0,2277592,2.7,29.72739524,211.0,0.01293639,0.3991192901069026
6067,9950023,Spot Grid,1,ETHBTC,1.0,3876333,1.35,26.46652006,193.0,0.01199027,0.398984097259804
6068,9995728,Spot Grid,1,BNBBTC,1.0,2887115,2.72,30.36938373,22.0,0.01171437,0.3976636309248467
6069,10081593,Spot Grid,1,ETHFDUSD,1.0,1033868,0.08,422.35935258,553.0,0.00261311,0.397223115729718
6070,10071553,Spot Grid,1,SOLUSDC,1.0,1170390,4.03,46.54719111,314.0,0.01782466,0.3972033430289565
6071,9994165,Spot Grid,1,SOLBNB,1.0,2932686,1.75,13.90856757,96.0,0.00810099,0.39718550594632746
6072,10081594,Spot Grid,1,ETHFDUSD,1.0,1033848,0.08,447.94862306,540.0,0.00251392,0.39611926324505137
6073,10074181,Spot Grid,1,ETHFDUSD,1.0,1145010,0.16,159.10784234,616.0,0.00359262,0.39504232955924506
6074,10081589,Spot Grid,1,ETHFDUSD,1.0,1033913,0.08,393.13280911,551.0,0.00251224,0.39494349347928237
6075,10018028,Spot Grid,1,BNBUSDT,1.0,2294267,4.95,13.9919464,170.0,0.02458977,0.3937096231605844
6076,10061240,Spot Grid,1,BTCUSDT,1.0,1340064,3.28,11.4861635,51.0,0.00884231,0.3936827594696666
6077,10134328,Spot Grid,1,ADAUSDT,1.0,24605,2.88,14.44082245,1.0,0.0,0.39337371331984383
6078,10036910,Spot Grid,1,BTCUSDT,1.0,1707956,3.87,14.77326566,80.0,0.01429085,0.393267036885846
6079,10060059,Spot Grid,1,BTCUSDT,1.0,1358534,3.75,18.78426125,174.0,0.01421441,0.39166114363718096
6080,10021484,Spot Grid,1,BNBUSDT,1.0,2203810,5.05,100.18105916,27.0,0.02228288,0.390853005204334
6081,10007476,Spot Grid,1,ETHBTC,1.0,2572304,1.34,1159.08541746,138.0,0.01135797,0.39063494483777905
6082,10097502,Spot Grid,1,WINUSDT,1.0,743496,13.95,55.60333901,331.0,0.07100098,0.3895504328548325
6083,10057046,Spot Grid,1,SOLUSDT,1.0,1412687,2.53,47.33379003,70.0,0.00582381,0.3889741979658655
6084,9979769,Spot Grid,1,ETHBTC,1.0,3337768,1.51,165.17050815,185.0,0.01152751,0.38853462235902675
6085,10058131,Spot Grid,1,SOLUSDT,1.0,1394164,4.16,24.44374746,265.0,0.01871764,0.3878572289727327
6086,10012279,Spot Grid,1,XRPUSDT,1.0,2458330,3.53,78.19115554,306.0,0.02099292,0.3871043236177464
6087,10082320,Spot Grid,1,ADAUSDT,1.0,1022809,9.91,19.22917389,134.0,0.04586301,0.38626083342865203
6088,9956286,Spot Grid,1,BNBBTC,1.0,3802874,2.31,11.95926208,71.0,0.01480577,0.38574712914518017
6089,9966489,Spot Grid,1,BNBBTC,1.0,3627433,2.47,182.00232978,57.0,0.01552438,0.3853827912380022
6090,10075673,Spot Grid,1,SOLUSDT,1.0,1121693,1.75,13.17268045,711.0,0.01385492,0.3850523123068567
6091,10073987,Spot Grid,1,EGLDUSDT,1.0,1147791,7.65,12.55170759,104.0,0.03341722,0.3848432773249961
6092,10091050,Spot Grid,1,BTCFDUSD,1.0,850853,2.83,14.17507212,262.0,0.00913605,0.384481413085083
6093,10128097,Spot Grid,1,ADAUSDT,1.0,199768,6.31,31.56372324,1.0,0.0199771,0.3841737946156272
6094,10057897,Spot Grid,1,ETHUSDT,1.0,1398393,1.65,697.59918277,285.0,0.00904439,0.38388296760710716
6095,9997578,Spot Grid,1,BNBBTC,1.0,2817435,1.95,217.04602175,167.0,0.01180804,0.3832845671428235
6096,10084232,Spot Grid,1,ADAUSDT,1.0,995743,6.46,12.53302005,56.0,0.02530682,0.38316289079971083
6097,10022899,Spot Grid,1,DOGEUSDT,1.0,2163857,6.08,32.74895889,213.0,0.031659,0.3828419062033199
6098,9759210,Spot Grid,1,PIXELUSDT,1.0,10580727,6.95,13.06868517,229.0,0.07264613,0.3825916533247001
6099,10084955,Spot Grid,1,ADAUSDC,1.0,982693,8.27,808.63768549,102.0,0.04027607,0.3818617637251297
6100,10064541,Spot Grid,1,ETHUSDT,1.0,1270450,4.88,19.92917915,126.0,0.01947147,0.3802262515458257
6101,10104599,Spot Grid,1,XRPFDUSD,1.0,609732,2.34,142.43210894,704.0,0.01564982,0.37913004257358607
6102,10028710,Spot Grid,1,BNBUSDC,1.0,1981608,4.57,93.13975462,21.0,0.01907748,0.37754798730755873
6103,10022840,Spot Grid,1,AIUSDT,1.0,2165992,11.11,111.14619977,40.0,0.05624712,0.3751444040180253
6104,10064138,Spot Grid,1,ETHUSDT,1.0,1278485,4.84,49.57477269,126.0,0.01964987,0.37498555101285286
6105,10011671,Spot Grid,1,DOGEFDUSD,1.0,2472333,3.01,21.43688777,639.0,0.02551376,0.37332979753832907
6106,10083974,Spot Grid,1,ASTERUSDC,1.0,998422,4.93,24.67211797,46.0,0.01719513,0.3732295384609354
6107,10064743,Spot Grid,1,BTCUSDC,1.0,1265248,2.13,13.67018447,145.0,0.00507238,0.3726871349957952
6108,10063440,Spot Grid,1,ETHUSDT,1.0,1294000,4.6,230.13289984,127.0,0.01946071,0.37229209712271283
6109,9993116,Spot Grid,1,BNBBTC,1.0,2971983,2.26,58.53384214,23.0,0.01076751,0.37172733062650687
6110,9984790,Spot Grid,1,XRPUSDT,1.0,3239710,5.46,11.5383064,895.0,0.04764209,0.37146029102164846
6111,10115025,Spot Grid,1,AAVEUSDT,1.0,402964,4.63,257.65398575,194.0,0.01742209,0.3711230978874174
6112,10000470,Spot Grid,1,DOGEUSDT,1.0,2727329,4.0,12.84531458,554.0,0.03028558,0.37067685900209496
6113,9950293,Spot Grid,1,BNBETH,1.0,3873508,2.24,564.91351824,139.0,0.01961414,0.3706329861810639
6114,9963689,Spot Grid,1,ETHBTC,1.0,3682422,1.49,385.21005103,38.0,0.01164721,0.37025091953372463
6115,9752009,Spot Grid,1,IOTAUSDT,1.0,10739048,6.87,20.5627628,665.0,0.08264816,0.3701424286861599
6116,10060628,Spot Grid,1,BTCUSDT,1.0,1349005,3.48,25.19942155,71.0,0.01141906,0.3700212838229801
6117,10057704,Spot Grid,1,ETHUSDT,1.0,1401551,1.2,165.21080838,467.0,0.00826594,0.3699877850602671
6118,10060451,Spot Grid,1,BTCUSDT,1.0,1351719,3.75,10.41399458,107.0,0.01360892,0.36964637208209894
6119,10057671,Spot Grid,1,ETHUSDT,1.0,1402133,1.94,19.4218139,128.0,0.00441656,0.3694772343866977
6120,10002593,Spot Grid,1,XRPUSDT,1.0,2697595,4.41,29.82267591,177.0,0.02456377,0.36941993979862314
6121,10067306,Spot Grid,1,BTCUSDT,1.0,1215813,1.96,11.01806215,249.0,0.00626093,0.3691145677455101
6122,10063868,Spot Grid,1,ETHUSDT,1.0,1284079,4.12,41.23416321,119.0,0.01579077,0.36880589869783803
6123,9959397,Spot Grid,1,XRPUSDT,1.0,3768466,3.75,75.19433382,271.0,0.02777928,0.36872948626027835
6124,10097154,Spot Grid,1,QIUSDT,1.0,749578,24.17,62.84764271,239.0,0.12588774,0.3686188935955459
6125,10081414,Spot Grid,1,BTCFDUSD,1.0,1035622,0.19,928.36609606,444.0,0.00467618,0.3684069499114313
6126,10087162,Spot Grid,1,PEPEFDUSD,1.0,925771,5.99,11.97093366,1734.0,0.05855728,0.36765534472409445
6127,10093682,Spot Grid,1,SOLFDUSD,1.0,817607,0.26,27.22766617,649.0,0.00391521,0.3662880265709092
6128,10064173,Spot Grid,1,ETHUSDT,1.0,1277955,4.71,27.10538706,126.0,0.01922973,0.3647997054025195
6129,10129238,Spot Grid,1,ADAUSDC,1.0,166965,4.04,15.34612104,14.0,0.0084704,0.3626493325052076
6130,10060870,Spot Grid,1,BTCUSDT,1.0,1344858,3.74,67.33961059,49.0,0.01287349,0.36260097979222544
6131,10107843,Spot Grid,1,BONKUSDC,1.0,547489,5.93,44.49907678,113.0,0.02270373,0.36217186456896366
6132,10081340,Spot Grid,1,BTCFDUSD,1.0,1036390,0.23,509.79663322,462.0,0.00338691,0.3619244501188928
6133,10127808,Spot Grid,1,ADAFDUSD,1.0,205165,4.13,18.44745128,12.0,0.00913505,0.36177300406559654
6134,10059176,Spot Grid,1,ETHUSDT,1.0,1373984,1.67,14.38137088,418.0,0.00925456,0.3613541971368231
6135,9959404,Spot Grid,1,DOGEUSDC,1.0,3768404,7.32,17.83720474,271.0,0.0473271,0.36110750615168924
6136,9965768,Spot Grid,1,XRPUSDT,1.0,3648163,3.1,16.40675011,319.0,0.02477633,0.359885038736538
6137,10010684,Spot Grid,1,BNBUSDT,1.0,2496893,2.87,11.50169525,69.0,0.01330761,0.3592456239658952
6138,10017072,Spot Grid,1,BNBUSDT,1.0,2318792,3.23,11.03362019,69.0,0.0145482,0.35839424226943456
6139,10069212,Spot Grid,1,BTCFDUSD,1.0,1188621,0.3,458.70880117,466.0,0.00440784,0.3578104558577525
6140,10134208,Spot Grid,1,MUBARAKUSDT,1.0,28054,2.55,35.55382164,13.0,0.0,0.35780208426904714
6141,10057588,Spot Grid,1,ETHUSDT,1.0,1403778,1.72,17.12182596,201.0,0.0052331,0.35750598255269705
6142,10100755,Spot Grid,1,SUIFDUSD,1.0,527438,6.26,250.38032052,87.0,0.02514152,0.35697254420870406
6143,9956141,Spot Grid,1,ZENUSDT,1.0,3804059,13.46,22.35780159,65.0,0.07693689,0.3563478599904704
6144,9960589,Spot Grid,1,ASTERUSDT,1.0,3749554,8.03,18.15167945,280.0,0.05154208,0.355679150110042
6145,10064537,Spot Grid,1,ETHUSDC,1.0,1270598,4.12,10.44193028,116.0,0.01614603,0.35300302981246257
6146,9989909,Spot Grid,1,BNBUSDT,1.0,3073306,3.99,11.99034332,464.0,0.03054378,0.3521891171834285
6147,10077339,Spot Grid,1,UNIUSDT,1.0,1094066,6.92,19.99581827,202.0,0.03261755,0.3521467970014649
6148,10065297,Spot Grid,1,TSTUSDT,1.0,1254122,13.68,35.63969639,995.0,0.08716045,0.3519885222560151
6149,9965766,Spot Grid,1,XRPUSDT,1.0,3648190,3.17,16.09008861,295.0,0.02503704,0.35025177135440866
6150,9977211,Spot Grid,1,LINKUSDT,1.0,3397073,12.81,64.06933692,233.0,0.07565931,0.3501148818360479
6151,10074050,Spot Grid,1,SOLUSDT,1.0,1147006,1.64,164.2378478,262.0,0.00604516,0.35002995244012736
6152,9991691,Spot Grid,1,SOLBNB,1.0,3020369,1.81,39.86799962,120.0,0.01141837,0.34806424339405184
6153,10008121,Spot Grid,1,BNBUSDC,1.0,2558091,2.46,54.55477511,227.0,0.01537526,0.34715676528836503
6154,10133951,Spot Grid,1,ADAUSDT,1.0,35123,2.65,152.98053617,20.0,0.00178564,0.3464448770693474
6155,10051060,Spot Grid,1,BTCUSDT,1.0,1511894,2.35,11.7505431,244.0,0.01049533,0.345797912602716
6156,10058850,Spot Grid,1,BTCUSDT,1.0,1381187,3.26,12.1881102,89.0,0.01165365,0.34544576988849174
6157,10052497,Spot Grid,1,BTCUSDT,1.0,1476166,2.51,12.57136637,5.0,0.00618155,0.34540768182708315
6158,10016626,Spot Grid,1,BNBUSDT,1.0,2332602,3.33,33.30122862,60.0,0.01561004,0.3451624881978023
6159,9962680,Spot Grid,1,ETHBTC,1.0,3701549,0.4,16.03064619,340.0,0.01128008,0.3447222034652784
6160,10009197,Spot Grid,1,DOGEUSDT,1.0,2538943,3.29,32.76582079,1139.0,0.03912047,0.3446270786077373
6161,10074177,Spot Grid,1,BTCFDUSD,1.0,1145044,0.23,114.85955271,509.0,0.00354802,0.3436650190150947
6162,10077259,Spot Grid,1,XRPUSDT,1.0,1095426,2.51,50.20989615,14.0,0.00503656,0.3429544531280612
6163,10057545,Spot Grid,1,FRAXUSDT,1.0,1299965,6.56,65.62298609,279.0,0.03377151,0.34268122928287714
6164,10015187,Spot Grid,1,DOGEUSDT,1.0,2376538,8.19,19.52041252,130.0,0.04396433,0.34118236644620165
6165,10077082,Spot Grid,1,SOLUSDC,1.0,1098289,2.56,11.96736837,68.0,0.00637798,0.3402220499329457
6166,9972056,Spot Grid,1,ETHBTC,1.0,3531399,1.07,11.60219366,48.0,0.00821596,0.33981074432294733
6167,9947606,Spot Grid,1,BNBBTC,1.0,3920287,2.03,343.67029609,30.0,0.01647158,0.3394945910068802
6168,10085729,Spot Grid,1,BTCU,1.0,959836,0.49,24.71438861,398.0,0.00153537,0.3394765453931574
6169,10127720,Spot Grid,1,QNTUSDT,1.0,206182,2.88,2304.89366797,1213.0,0.04037452,0.33918727175290175
6170,10130384,Spot Grid,1,NOMUSDT,1.0,136081,7.07,35.39868985,35.0,0.02643348,0.3386007701122862
6171,10052744,Spot Grid,1,BNBUSDT,1.0,1471081,3.29,21.75730642,62.0,0.01195692,0.3385525636352637
6172,9976106,Spot Grid,1,JTOUSDC,1.0,3426011,13.31,16.65310595,91.0,0.07573702,0.3385147250625966
6173,9795561,Spot Grid,1,ADAETH,1.0,9630317,2.3,27.15965125,547.0,0.05171321,0.33836085630744256
6174,10053429,Spot Grid,1,BNBEUR,1.0,1458295,2.49,30.5926245,9.0,0.0064776,0.3378243558072128
6175,10060068,Spot Grid,1,BTCUSDC,1.0,1358380,1.75,17.56991698,149.0,0.00491633,0.3373146569250637
6176,10061821,Spot Grid,1,ETHUSDT,1.0,1332040,2.17,21.78585371,120.0,0.0065196,0.33708372370594797
6177,9988735,Spot Grid,1,SOLETH,1.0,3113739,2.69,10.78401896,174.0,0.01809463,0.33640214469952734
6178,10061074,Spot Grid,1,INJUSDT,1.0,1342123,2.5,120.98975237,2380.0,0.05672361,0.3363457825576788
6179,10071834,Spot Grid,1,BTCFDUSD,1.0,1168886,0.41,117.94536335,493.0,0.00461851,0.3360423041106028
6180,10093958,Spot Grid,1,SUIUSDT,1.0,812978,6.52,15.50853573,86.0,0.02741529,0.3355751845630608
6181,10064838,Spot Grid,1,ETHUSDC,1.0,1263263,4.44,66.74167611,56.0,0.01760177,0.33518215014376673
6182,10074856,Spot Grid,1,BTCFDUSD,1.0,1134406,2.78,49.50620511,164.0,0.01017621,0.33485054851345664
6183,10094664,Spot Grid,1,SOLUSDC,1.0,799510,5.02,50.29138977,26.0,0.01813153,0.33375395042041084
6184,10067116,Spot Grid,1,NEARUSDT,1.0,1219614,14.29,142.92703409,2028.0,0.11350934,0.3332890035443674
6185,10083728,Spot Grid,1,BTCU,1.0,999898,3.09,309.63586081,298.0,0.01554345,0.33303674033507785
6186,10011965,Spot Grid,1,DOGEFDUSD,1.0,2466143,8.04,12.05956661,219.0,0.04575488,0.33162698443296396
6187,10072339,Spot Grid,1,ETHFDUSD,1.0,1165104,2.94,17.85226346,223.0,0.01244527,0.330449802780976
6188,10074189,Spot Grid,1,ETHFDUSD,1.0,1144936,0.12,35.05753512,575.0,0.00449127,0.32972914886646687
6189,10061493,Spot Grid,1,BTCUSDT,1.0,1336873,2.19,109.82688594,43.0,0.00578307,0.3293735675320753
6190,10069632,Spot Grid,1,ADAUSDT,1.0,1185076,9.68,83.62004359,27.0,0.04566769,0.32893697168957703
6191,10064263,Spot Grid,1,BNBUSDT,1.0,1276189,2.88,41.118414,62.0,0.00940392,0.32798983594074127
6192,10100726,Spot Grid,1,SOLFDUSD,1.0,677052,0.03,93.18975849,685.0,0.00470047,0.3278496891425005
6193,10063367,Spot Grid,1,ETHUSDT,1.0,1296105,4.41,22.05860413,128.0,0.01918167,0.32745957744523874
6194,10058907,Spot Grid,1,ETHUSDT,1.0,1379736,2.64,20.9135848,211.0,0.01162366,0.32694357640284893
6195,10035067,Spot Grid,1,XRPUSDT,1.0,1763973,3.05,82.00955314,1022.0,0.03300708,0.326331713106243
6196,10063275,Spot Grid,1,ETHUSDT,1.0,1298572,4.42,11.49840143,127.0,0.01922462,0.32613637058195183
6197,10017664,Spot Grid,1,DOGEUSDT,1.0,2302956,7.91,47.51711431,197.0,0.04428347,0.3261326117377908
6198,10017377,Spot Grid,1,BNBUSDT,1.0,2309649,3.67,18.3546862,79.0,0.01847746,0.3257485072654174
6199,10111506,Spot Grid,1,SUIUSDC,1.0,473987,5.68,15.80440901,168.0,0.02350254,0.3256954823622915
6200,9757106,Spot Grid,1,HBARUSDT,1.0,10626291,20.45,613.65286044,838.0,0.16510109,0.3226481736237886
6201,10074237,Spot Grid,1,BTCFDUSD,1.0,1143920,0.21,492.27849667,514.0,0.00635276,0.3219496656473685
6202,10080890,Spot Grid,1,LINKUSDC,1.0,1000308,7.32,34.28698857,176.0,0.03516323,0.32142248811827484
6203,10067188,Spot Grid,1,SOLUSDT,1.0,1218479,4.61,23.05559619,71.0,0.0190045,0.3209620046682401
6204,10077974,Spot Grid,1,RENDERUSDT,1.0,1087013,5.57,83.61140128,154.0,0.02578747,0.3203686693644148
6205,10005208,Spot Grid,1,BNBBTC,1.0,2636967,1.56,26.66789314,179.0,0.0107174,0.3200380487105334
6206,10081770,Spot Grid,1,DOGEFDUSD,1.0,1000178,7.51,21.62987957,846.0,0.0503872,0.3195662940889009
6207,10033876,Spot Grid,1,IOTXUSDT,1.0,1794629,9.29,91.2354331,358.0,0.05356191,0.3194575669315535
6208,10065137,Spot Grid,1,ETHUSDT,1.0,1256566,4.36,15.27156571,125.0,0.01902362,0.3179246955754017
6209,10112368,Spot Grid,1,SUIUSDT,1.0,454669,5.84,1168.84477772,159.0,0.03035482,0.3177351724968631
6210,10126980,Spot Grid,1,TSTUSDT,1.0,219334,4.33,11.71271747,218.0,0.01638512,0.31767305874478896
6211,10058190,Spot Grid,1,BTCUSDT,1.0,1393233,2.22,11.11884369,65.0,0.00662369,0.31747969260918274
6212,10128125,Spot Grid,1,SEIUSDT,1.0,199170,4.27,35.09161427,14.0,0.01178267,0.3174759464501474
6213,10067867,Spot Grid,1,BTCUSDC,1.0,1204264,3.37,13.49023911,154.0,0.01402285,0.31702320721639515
6214,10059033,Spot Grid,1,ETHUSDT,1.0,1376996,2.73,519.36156104,94.0,0.01259197,0.31699890956237065
6215,10074123,Spot Grid,1,NEARUSDT,1.0,1145650,6.94,29.47427949,479.0,0.04031781,0.3157707457421589
6216,10008530,Spot Grid,1,BNBUSDT,1.0,2551192,1.98,15.85016412,98.0,0.01107571,0.3151615461156545
6217,10072993,Spot Grid,1,ETHUSDC,1.0,1159065,2.34,30.49170628,22.0,0.00557377,0.31487855942841436
6218,10127984,Spot Grid,1,FETUSDC,1.0,202279,5.03,22.19256707,6.0,0.01585133,0.31419338687272175
6219,10108349,Spot Grid,1,SOLFDUSD,1.0,531583,1.45,11.64979569,350.0,0.00489465,0.31410626085987936
6220,10088409,Spot Grid,1,SOLUSDT,1.0,907050,4.85,28.27781748,42.0,0.01868368,0.3138984825142293
6221,10036441,Spot Grid,1,BTCJPY,1.0,1724266,3.4,24.21360485,298.0,0.01967892,0.312857342437809
6222,10134216,Spot Grid,1,ADAUSDT,1.0,27696,2.14,10.71018425,39.0,0.0,0.3124152495127376
6223,10034037,Spot Grid,1,TSTUSDT,1.0,1790243,12.22,27.26964748,43.0,0.06287375,0.3122486434589861
6224,10068222,Spot Grid,1,ETHFDUSD,1.0,1197781,1.45,34.18348047,669.0,0.01476972,0.31006466308663017
6225,9835579,Spot Grid,1,ICPBTC,1.0,8241027,4.17,290.63946654,350.0,0.05435665,0.30944569358907387
6226,10110995,Spot Grid,1,DEXEUSDT,1.0,481821,3.4,17.00405689,45.0,0.00913958,0.308837917471932
6227,10068231,Spot Grid,1,BNBFDUSD,1.0,1197667,1.82,29.45245984,520.0,0.01368097,0.3084800233281273
6228,10081759,Spot Grid,1,DOGEFDUSD,1.0,1000179,7.44,22.30924759,847.0,0.05047961,0.30834172283294126
6229,10067885,Spot Grid,1,BTCUSDT,1.0,1203680,2.26,22.66831259,56.0,0.00627443,0.3081900180905755
6230,9970246,Spot Grid,1,DOGEUSDT,1.0,3561875,3.08,27.96632901,319.0,0.02644574,0.3078927164449795
6231,10009176,Spot Grid,1,BNBUSDT,1.0,2539483,3.04,165.84208966,111.0,0.01818506,0.3073913642478414
6232,10073448,Spot Grid,1,DOGEFDUSD,1.0,1153719,2.77,42.15374345,300.0,0.01415799,0.307105015881293
6233,10019229,Spot Grid,1,BNBUSDT,1.0,2259469,3.2,22.422177,180.0,0.01862739,0.30636015005402933
6234,10082809,Spot Grid,1,DOGEFDUSD,1.0,1000179,7.44,15.77693197,847.0,0.05055331,0.3056703514301222
6235,10090413,Spot Grid,1,AXSUSDT,1.0,867060,6.77,12.53940098,29.0,0.02905452,0.3041758324039589
6236,10105188,Spot Grid,1,INJUSDT,1.0,595824,4.79,186.70145606,505.0,0.02803461,0.3039610126058746
6237,10080788,Spot Grid,1,ETHFDUSD,1.0,1045055,0.22,34.28447341,542.0,0.00494479,0.30395083053753413
6238,10103067,Spot Grid,1,MAGICUSDT,1.0,643178,8.1,13.78376703,20.0,0.03523662,0.3030640556389831
6239,10091970,Spot Grid,1,SUIUSDT,1.0,837616,4.76,31.73692258,36.0,0.01826901,0.3018527682957253
6240,10066928,Spot Grid,1,BTCUSDC,1.0,1217499,1.95,148.07388284,57.0,0.0055895,0.30105984732937474
6241,10063779,Spot Grid,1,BTCUSDT,1.0,1286106,3.54,44.53499626,76.0,0.01449129,0.3001211423438403
6242,10091812,Spot Grid,1,BTCFDUSD,1.0,839010,1.42,17.93413975,328.0,0.00619832,0.29949496142422183
6243,10071796,Spot Grid,1,BTCFDUSD,1.0,1169083,0.28,109.99583222,475.0,0.00497021,0.29909448533768457
6244,10049298,Spot Grid,1,ETHUSDT,1.0,1545901,3.25,22.01316973,305.0,0.01883071,0.2979606010220545
6245,10050471,Spot Grid,1,SOLBTC,1.0,1520592,3.44,20.77379149,10.0,0.01353693,0.2974039932397611
6246,9958546,Spot Grid,1,ORDIUSDT,1.0,3781083,6.54,87.26347394,232.0,0.04524595,0.2963416227853373
6247,10105228,Spot Grid,1,INJUSDT,1.0,595232,4.92,24.62880295,510.0,0.02834585,0.29574296976645614
6248,10062223,Spot Grid,1,TAOUSDT,1.0,1325146,10.68,53.41084787,223.0,0.05706596,0.2956848890432937
6249,10008105,Spot Grid,1,BNBUSDT,1.0,2558562,3.01,28.8582626,25.0,0.01605701,0.29547603333845496
6250,10086737,Spot Grid,1,NVDABUSDT,1.0,934824,1.43,144.109152,87.0,0.00239784,0.29488399754148137
6251,10056241,Spot Grid,1,BTCUSDT,1.0,1423738,2.97,119.07683734,99.0,0.01304508,0.2947722253909819
6252,10058373,Spot Grid,1,ETHUSDT,1.0,1389725,3.75,375.48003179,136.0,0.01927873,0.29454803156651505
6253,10064643,Spot Grid,1,BTCUSDT,1.0,1267600,3.64,43.68245839,75.0,0.01518238,0.2939345124444764
6254,10103596,Spot Grid,1,BTCFDUSD,1.0,631588,3.14,62.78314269,242.0,0.01340582,0.29276630382826047
6255,10059608,Spot Grid,1,DOGEUSDC,1.0,1365942,6.59,10.66505086,202.0,0.03437025,0.29128584503659505
6256,10068628,Spot Grid,1,SOLUSDT,1.0,1192446,2.55,13.36048541,233.0,0.01222404,0.2904218888833255
6257,10064328,Spot Grid,1,BTCUSDT,1.0,1274714,2.93,11.74877039,23.0,0.01022421,0.2899180772541724
6258,10084452,Spot Grid,1,INJUSDT,1.0,992956,2.85,21.44812669,24.0,0.0087478,0.28755897039783807
6259,10075801,Spot Grid,1,SOLUSDT,1.0,1119355,4.86,48.62522237,23.0,0.02045548,0.28633948977218343
6260,10083429,Spot Grid,1,NEARUSDT,1.0,1004112,9.47,236.9764636,892.0,0.06456395,0.2858788555564432
6261,10071812,Spot Grid,1,BTCFDUSD,1.0,1169006,0.21,111.84612248,487.0,0.00540284,0.28533527807483
6262,10127944,Spot Grid,1,MEMEUSDT,1.0,202975,5.82,17.48283024,9.0,0.02138033,0.2852257596928906
6263,10055096,Spot Grid,1,BTCUSDT,1.0,1433613,3.09,123.3751561,128.0,0.01476471,0.2851854036077143
6264,10093004,Spot Grid,1,BTCFDUSD,1.0,826585,1.51,12.70379062,336.0,0.00738049,0.2845466180604338
6265,10074872,Spot Grid,1,BTCFDUSD,1.0,1134209,0.25,495.45073027,529.0,0.00840281,0.28363275832095747
6266,9520670,Spot Grid,1,NIGHTUSDT,1.0,15823933,12.85,26.9658856,374.0,0.13451002,0.28240057346542724
6267,10084731,Spot Grid,1,SOLUSDC,1.0,987795,3.6,10.81860658,60.0,0.01375381,0.28216410924831525
6268,10084442,Spot Grid,1,SOLUSDT,1.0,993057,3.64,21.87829744,53.0,0.01392224,0.2817095484753938
6269,9985653,Spot Grid,1,XRPUSDC,1.0,3218118,4.77,10.3753177,898.0,0.04744833,0.2814038392239072
6270,10081387,Spot Grid,1,SOLFDUSD,1.0,1035867,3.41,34.0699649,280.0,0.01773454,0.2811464918852865
6271,10079323,Spot Grid,1,ADAUSDT,1.0,1070190,3.99,19.98434486,200.0,0.01931014,0.28065282491883736
6272,9957251,Spot Grid,1,BNBBTC,1.0,3795642,1.92,330.93670357,310.0,0.02356101,0.28059458946571886
6273,10058326,Spot Grid,1,BNBUSD1,1.0,1390352,2.39,35.85248025,202.0,0.01208305,0.2797447213245746
6274,10053562,Spot Grid,1,BNBEUR,1.0,1455255,1.52,89.71960137,68.0,0.00504347,0.2796921316863249
6275,10085497,Spot Grid,1,SOLUSDC,1.0,930456,4.56,182.65088774,35.0,0.01922025,0.27959645969612396
6276,10069258,Spot Grid,1,BTCFDUSD,1.0,1188350,1.55,120.56674262,406.0,0.01138348,0.2795181814243804
6277,10070385,Spot Grid,1,ETHFDUSD,1.0,1179179,0.24,50.19159145,603.0,0.00799888,0.2790802434289041
6278,9788060,Spot Grid,1,BONKUSDC,1.0,9818550,5.1,15.31041386,301.0,0.06500794,0.27779466502801664
6279,10011227,Spot Grid,1,ARBBTC,1.0,2482837,8.14,127.35565721,469.0,0.05446565,0.27660561141098633
6280,10067717,Spot Grid,1,DOGEUSDT,1.0,1207797,5.93,11.87135093,177.0,0.03017077,0.27607051450869324
6281,10059594,Spot Grid,1,SOLBNB,1.0,1366102,2.1,68.97220189,164.0,0.00990647,0.2760660385882627
6282,9968895,Spot Grid,1,BNBBTC,1.0,3587645,2.06,27.34474953,33.0,0.01622582,0.2753755340888035
6283,10063145,Spot Grid,1,BTCUSDT,1.0,1301264,3.39,129.06313863,77.0,0.01522327,0.27442221045792575
6284,10078394,Spot Grid,1,SOLUSDT,1.0,1082087,2.38,61.434116,284.0,0.01281761,0.27375580230138413
6285,9968087,Spot Grid,1,XRPUSDT,1.0,3596422,4.52,22.64196158,39.0,0.02990549,0.27345912700400543
6286,9962788,Spot Grid,1,BNBETH,1.0,3699254,1.78,12.48500195,364.0,0.02219036,0.2730557585940841
6287,10076600,Spot Grid,1,BTCFDUSD,1.0,1106197,0.8,31.24108758,499.0,0.00872654,0.2722878522496688
6288,10117786,Spot Grid,1,SKYUSDT,1.0,386063,10.63,59.03264018,30.0,0.04966555,0.2722357384152276
6289,10130074,Spot Grid,1,XLMUSDT,1.0,143266,3.16,31.69939359,28.0,0.00761673,0.2709480369290086
6290,10123539,Spot Grid,1,FILUSDT,1.0,206598,2.41,24.16367225,78.0,0.00480757,0.27081316748597106
6291,9965980,Spot Grid,1,BNBETH,1.0,3643294,1.3,176.71061396,163.0,0.01600812,0.27077081298516376
6292,10057606,Spot Grid,1,BTCUSDT,1.0,1403390,2.7,74.31589966,127.0,0.01283327,0.27010997657030533
6293,10073497,Spot Grid,1,ETHFDUSD,1.0,1153171,1.6,11.27657355,531.0,0.01400551,0.26915579809839174
6294,10130036,Spot Grid,1,NEARUSDT,1.0,143871,3.73,37.3872569,39.0,0.01112336,0.2678925834826532
6295,10134586,Spot Grid,1,ADAUSDT,1.0,18576,1.51,31.04287019,111.0,0.0,0.2661359461186201
6296,10070055,Spot Grid,1,BTCEUR,1.0,1181929,2.52,11.29800181,16.0,0.00841175,0.26556054791069267
6297,10067101,Spot Grid,1,BTCUSDT,1.0,1219813,3.0,21.06614775,45.0,0.01187332,0.26533588126619345
6298,10069415,Spot Grid,1,BTCFDUSD,1.0,1186893,3.7,11.82636807,229.0,0.01942861,0.26484182612112156
6299,10065165,Spot Grid,1,BTCUSDT,1.0,1256250,3.43,41.16709559,76.0,0.01518238,0.2643182992694723
6300,10099361,Spot Grid,1,SPCXBUSDT,1.0,708550,3.19,36.79087999,165.0,0.01338956,0.26428590127267293
6301,10054519,Spot Grid,1,SOLETH,1.0,1441544,3.84,40.09832693,81.0,0.01832681,0.2641104649695827
6302,10080457,Spot Grid,1,ETHUSD1,1.0,1019485,0.49,401.18160151,548.0,0.00996553,0.2631535987252111
6303,10027878,Spot Grid,1,ATOMUSDT,1.0,2015662,6.12,153.21993394,581.0,0.04447128,0.26279983195290657
6304,10112670,Spot Grid,1,ONDOUSDT,1.0,444211,2.5,25.08309407,30.0,0.00566516,0.2618456379278101
6305,10083749,Spot Grid,1,TURBOUSDT,1.0,999763,3.36,31.65371561,114.0,0.01456348,0.2616913966319007
6306,9971700,Spot Grid,1,XRPUSDC,1.0,3537501,2.9,14.52941768,184.0,0.02429566,0.26147180665342046
6307,10084774,Spot Grid,1,BTCUSDT,1.0,987051,1.66,1066.75986029,102.0,0.01040227,0.25853207603163386
6308,10071852,Spot Grid,1,BTCFDUSD,1.0,1168788,0.32,114.55206328,468.0,0.00669743,0.2584058482466343
6309,10075136,Spot Grid,1,SOLUSDC,1.0,1130752,2.63,12.75592043,175.0,0.01246779,0.2580579701575531
6310,10099188,Spot Grid,1,AAVEUSDC,1.0,713360,5.33,68.83684313,19.0,0.02250624,0.2565915820105926
6311,10105947,Spot Grid,1,BTCFDUSD,1.0,580991,1.87,26.22111958,273.0,0.00818239,0.25603937862950815
6312,10064471,Spot Grid,1,SOLETH,1.0,1271843,3.97,23.35675585,68.0,0.01829089,0.2556653375644264
6313,10065144,Spot Grid,1,ETHUSDT,1.0,1256438,3.93,39.37320404,126.0,0.01934182,0.25501311330010734
6314,10094302,Spot Grid,1,ETHUSDC,1.0,806343,2.23,13.42732457,41.0,0.00622322,0.25400561260603544
6315,10066515,Spot Grid,1,BTCUSDT,1.0,1231229,3.33,44.61942532,74.0,0.01494747,0.25326738445232044
6316,10058700,Spot Grid,1,BTCUSDT,1.0,1384011,3.23,38.76811223,79.0,0.01518194,0.25194908163942115
6317,10059709,Spot Grid,1,BNBUSDT,1.0,1364443,1.6,15.92165339,266.0,0.01002713,0.25169588998578657
6318,10068052,Spot Grid,1,BTCUSDT,1.0,1200642,1.18,59.22138428,217.0,0.00622301,0.2514832751141375
6319,10060909,Spot Grid,1,ADABTC,1.0,1344463,3.84,69.52847476,576.0,0.02909474,0.2501984928040708
6320,10082061,Spot Grid,1,ADAUSDC,1.0,1026059,6.54,10.46863852,144.0,0.03311475,0.24898225835307713
6321,10000812,Spot Grid,1,SOLBNB,1.0,2724355,3.85,14.3405056,27.0,0.0232135,0.24858870094174668
6322,10071100,Spot Grid,1,BTCFDUSD,1.0,1173684,0.23,154.73411386,390.0,0.00517927,0.2485204281388511
6323,10097654,Spot Grid,1,VIRTUALUSDT,1.0,740923,9.86,7449.57768326,132.0,0.0880902,0.24846017895640593
6324,10003688,Spot Grid,1,UNIUSDT,1.0,2668586,11.2,31.4019819,384.0,0.07086959,0.2478282881041422
6325,10019912,Spot Grid,1,BNBUSDT,1.0,2237936,2.46,82.17483199,82.0,0.01508121,0.2475613762922367
6326,10134583,Spot Grid,1,ADAUSDT,1.0,18650,1.39,13.57456637,111.0,0.0,0.2475568410136175
6327,10068575,Spot Grid,1,BTCUSDT,1.0,1192663,1.22,24.45412837,259.0,0.00735714,0.24551934844111636
6328,10075062,Spot Grid,1,ETHFDUSD,1.0,1131667,0.71,12.20806322,173.0,0.00242549,0.24545542876571363
6329,10130608,Spot Grid,1,PUMPUSDT,1.0,131007,4.4,44.0255646,16.0,0.01519273,0.24522996379575088
6330,10053281,Spot Grid,1,SOLBTC,1.0,1461951,2.24,24.75530661,112.0,0.01102182,0.24451959755275512
6331,10061483,Spot Grid,1,ETHUSDC,1.0,1336980,1.93,11.3324511,291.0,0.01251107,0.24447384433109043
6332,10058608,Spot Grid,1,MANTRAUSDT,1.0,1385453,7.4,14.81070852,94.0,0.03852421,0.24394429116924682
6333,10056931,Spot Grid,1,BTCUSDT,1.0,1414176,3.07,30.77767252,44.0,0.01400509,0.24319997212956068
6334,10060634,Spot Grid,1,BTCUSDT,1.0,1348908,3.09,108.43854207,78.0,0.01499014,0.24230738719289535
6335,10016726,Spot Grid,1,DOGEUSDT,1.0,2329497,7.47,37.37114559,128.0,0.04387752,0.24146792422922758
6336,10127835,Spot Grid,1,ADAUSDT,1.0,204700,3.0,15.22757057,33.0,0.0082289,0.2409690813758369
6337,10064815,Spot Grid,1,ETHUSDT,1.0,1263719,3.83,115.67218932,125.0,0.01978013,0.240492890634781
6338,10074083,Spot Grid,1,ADAUSDC,1.0,1139458,11.37,13.20187947,45.0,0.05830624,0.24014520418166907
6339,10095941,Spot Grid,1,ADAUSDT,1.0,771958,5.31,13.28994017,351.0,0.03006825,0.23959961525572682
6340,10079761,Spot Grid,1,ADAUSDC,1.0,1063893,7.48,74.82217344,166.0,0.03961506,0.23907336487304953
6341,10056807,Spot Grid,1,SOLBNB,1.0,1416187,2.01,16.98023859,177.0,0.01113278,0.2387922789592662
6342,10071953,Spot Grid,1,SUIUSDT,1.0,1168107,15.31,73.49198243,76.0,0.08102294,0.23848866300878768
6343,10095311,Spot Grid,1,SOLFDUSD,1.0,786610,0.22,24.23400806,754.0,0.01091441,0.2382030600808337
6344,10015877,Spot Grid,1,DOGEUSDT,1.0,2359338,3.87,12.50095411,491.0,0.03203154,0.23710015430330467
6345,10087323,Spot Grid,1,BNBUSDC,1.0,922552,1.39,1293.40912961,33.0,0.00925568,0.23610159869347427
6346,9805710,Spot Grid,1,XLMUSDT,1.0,9319676,4.14,165.99693829,299.0,0.06004327,0.2357479848047758
6347,10012224,Spot Grid,1,SIGNUSDT,1.0,2459792,12.2,61.01719516,72.0,0.06949384,0.23555506855709835
6348,10047926,Spot Grid,1,XRPEUR,1.0,1579803,4.92,33.9992496,162.0,0.02767896,0.23501887510805713
6349,9962750,Spot Grid,1,BNBBTC,1.0,3699989,1.78,307.22877139,288.0,0.02365799,0.23430033663238634
6350,10106111,Spot Grid,1,BTCU,1.0,577843,2.39,239.24526164,194.0,0.01132116,0.23407062767881426
6351,9937052,Spot Grid,1,HOMEUSDT,1.0,4212566,2.33,11.66333697,1752.0,0.05832495,0.23400129039789375
6352,10095143,Spot Grid,1,NVDABUSDT,1.0,789972,1.61,11.78246824,73.0,0.00426011,0.23330912919800229
6353,10065377,Spot Grid,1,ETHUSDT,1.0,1252791,3.72,14.89179748,125.0,0.01891789,0.23290533731574392
6354,10079647,Spot Grid,1,ADAUSDC,1.0,1065650,4.58,14.66174746,136.0,0.02306617,0.2326486373973185
6355,10083949,Spot Grid,1,ASTERUSDT,1.0,998578,1.95,19.5387369,871.0,0.02396538,0.23257178193288425
6356,10058221,Spot Grid,1,ETHUSDT,1.0,1392684,3.35,16.79774725,142.0,0.01788753,0.2322326790558116
6357,9722972,Spot Grid,1,SUIUSDT,1.0,11597302,8.13,11.31775654,219.0,0.08927707,0.23199956682346395
6358,10078907,Spot Grid,1,ADAUSDT,1.0,1075614,6.38,19.16514322,171.0,0.03379387,0.23088355093083476
6359,10070809,Spot Grid,1,UMAUSDT,1.0,1176045,5.05,10.5402406,539.0,0.03472543,0.22990629153418432
6360,10069341,Spot Grid,1,BTCFDUSD,1.0,1187610,2.96,17.78050442,420.0,0.02086709,0.22965045691104408
6361,10096427,Spot Grid,1,NEARUSDC,1.0,761768,10.45,104.59860336,305.0,0.05805785,0.2294415669924504
6362,10081813,Spot Grid,1,AVAXUSDC,1.0,1000172,4.98,19.33600804,179.0,0.02604372,0.2292966024954158
6363,10059890,Spot Grid,1,BNBUSDT,1.0,1361580,2.32,11.3689356,216.0,0.01377914,0.2291562582048318
6364,10067281,Spot Grid,1,DOGEUSDT,1.0,1216477,5.85,11.99034609,106.0,0.03016805,0.22877716614411944
6365,10019434,Spot Grid,1,ADAUSDT,1.0,2251458,3.57,17.8649751,2180.0,0.0660462,0.2282475692857472
6366,10070624,Spot Grid,1,SOLBNB,1.0,1177288,1.66,16.71571645,173.0,0.00857983,0.2270999310953759
6367,10080485,Spot Grid,1,SOLUSDT,1.0,1000319,3.72,228.19237169,99.0,0.01864868,0.22635451209999596
6368,10067193,Spot Grid,1,BTCUSDT,1.0,1218441,1.18,11.8442245,7.0,0.00265417,0.22554679881281242
6369,10060070,Spot Grid,1,ETHUSDC,1.0,1358289,2.13,21.34515652,209.0,0.0127833,0.22530208327295864
6370,10121349,Spot Grid,1,BTCFDUSD,1.0,323361,1.47,1840.45936944,67.0,0.01110893,0.22504736378203063
6371,9971794,Spot Grid,1,XRPUSDT,1.0,3536019,2.18,25.27494422,390.0,0.02625704,0.22426746248822277
6372,10057771,Spot Grid,1,BNBUSDT,1.0,1400226,2.49,12.45905626,319.0,0.01725775,0.22421928652314704
6373,9756961,Spot Grid,1,FETUSDT,1.0,10611634,7.45,173.65917497,348.0,0.08524799,0.22349970095121052
6374,10058525,Spot Grid,1,ETHUSDT,1.0,1386934,3.55,35.55044322,137.0,0.01933047,0.22271298329973538
6375,10132409,Spot Grid,1,ADAUSDT,1.0,76569,1.73,69.3290245,31.0,0.0017175,0.22228358903525428
6376,10127492,Spot Grid,1,WLDUSDT,1.0,206596,3.62,17.62884457,74.0,0.01332366,0.2207051605382801
6377,10115142,Spot Grid,1,BTCFDUSD,1.0,401855,1.72,51.82055983,174.0,0.00605623,0.22060143724466794
6378,10131863,Spot Grid,1,GMXUSDT,1.0,94032,2.47,24.7044006,5.0,0.00516585,0.21970382650209533
6379,10035394,Spot Grid,1,XRPUSDT,1.0,1757004,3.34,60.25637946,308.0,0.02366668,0.21876393477113154
6380,10083021,Spot Grid,1,SOLUSDT,1.0,1011170,1.08,84.96100148,514.0,0.01259667,0.21874854333652094
6381,9967629,Spot Grid,1,BNBBTC,1.0,3602012,1.88,187.06333277,282.0,0.02370375,0.21781180311728165
6382,10015303,Spot Grid,1,LINKUSDT,1.0,2223636,8.33,250.16976754,176.0,0.05121659,0.2171862303012504
6383,10106047,Spot Grid,1,UNIUSDT,1.0,578982,7.01,21.04726947,151.0,0.03528377,0.2164786624104813
6384,10105337,Spot Grid,1,SOLUSDT,1.0,592668,4.24,84.83593804,25.0,0.01785324,0.21628899579246827
6385,10057765,Spot Grid,1,NEARUSDC,1.0,1400395,11.31,22.63617021,187.0,0.06314495,0.2152768811870938
6386,10057802,Spot Grid,1,SOLUSDT,1.0,1399737,2.2,13.14002091,36.0,0.0101003,0.213870824098629
6387,10127782,Spot Grid,1,SOLUSDC,1.0,204368,2.11,16.22122382,1.0,0.00377443,0.21384530450747688
6388,10016536,Spot Grid,1,ETHBTC,1.0,2335112,0.95,209.08513638,62.0,0.00882971,0.21352426187797752
6389,10070902,Spot Grid,1,ETHFDUSD,1.0,1175267,2.38,238.12731918,394.0,0.01888259,0.21323809124665283
6390,10095183,Spot Grid,1,BTCFDUSD,1.0,789152,2.46,10.57854778,210.0,0.01261068,0.21313998428042755
6391,10129453,Spot Grid,1,NEARUSDC,1.0,160052,2.87,57.49358787,172.0,0.01161758,0.2127664906016873
6392,10129584,Spot Grid,1,ADAUSDC,1.0,156273,2.13,10.6995166,2.0,0.0037181,0.212673973813798
6393,10092764,Spot Grid,1,SUIFDUSD,1.0,829537,8.76,20.13921378,179.0,0.04667591,0.21258312971280652
6394,10006349,Spot Grid,1,BNBBTC,1.0,2603864,1.0,319.58343403,157.0,0.01292075,0.21127350130744132
6395,10109165,Spot Grid,1,SUIUSDT,1.0,514337,5.51,54.90207247,295.0,0.03023381,0.21113999990458215
6396,10067702,Spot Grid,1,BNBEUR,1.0,1208111,2.75,20.32962232,34.0,0.01242221,0.2104728039025132
6397,10130501,Spot Grid,1,QNTUSDT,1.0,133152,1.63,33.95643148,90.0,0.00296728,0.21011347538040648
6398,10086336,Spot Grid,1,BTCFDUSD,1.0,944970,0.76,74.97849429,305.0,0.00644322,0.2099368550949359
6399,10133184,Spot Grid,1,FETUSDC,1.0,53740,2.76,19.97031086,12.0,0.00709835,0.2098955903014687
6400,10059693,Spot Grid,1,SOLUSDC,1.0,1364718,6.49,32.46398357,73.0,0.03447489,0.20976436755796735
6401,10070337,Spot Grid,1,BTCUSDT,1.0,1179611,0.42,20.29384823,512.0,0.00975758,0.20810107540393655
6402,10059537,Spot Grid,1,ETHUSDC,1.0,1366961,2.06,16.11103716,103.0,0.01086404,0.20796539172874356
6403,9966129,Spot Grid,1,ZECUSDT,1.0,3639466,15.64,31.29485561,205.0,0.09715707,0.20731978011658514
6404,10132868,Spot Grid,1,DOGEUSDT,1.0,62065,1.58,47.55003219,7.0,0.00084044,0.20670782548166938
6405,10082738,Spot Grid,1,SOLUSDT,1.0,1015700,2.66,21.28359431,130.0,0.01331065,0.20630361855720467
6406,10129587,Spot Grid,1,ADAUSDT,1.0,156244,3.03,162.85137649,38.0,0.01046942,0.20565258412435838
6407,10075809,Spot Grid,1,SOLUSDC,1.0,1119250,0.97,20.77625718,127.0,0.00451554,0.2043887085760517
6408,9869324,Spot Grid,1,DOGEBTC,1.0,7000948,1.04,20.00876976,247.0,0.03261704,0.2033514906562537
6409,10057421,Spot Grid,1,SOLUSDT,1.0,1406931,3.04,92.39614771,325.0,0.02168656,0.20300145539202621
6410,10017611,Spot Grid,1,ZECUSDC,1.0,2304118,5.21,26.37098112,222.0,0.03495274,0.2011483857593371
6411,10074032,Spot Grid,1,BTCUSDT,1.0,930497,2.67,75.80263393,113.0,0.01315459,0.20050974020562706
6412,10069768,Spot Grid,1,BTCUSDT,1.0,1184032,1.67,31.526149,97.0,0.00823989,0.19950652306460945
6413,10063053,Spot Grid,1,LINKUSDC,1.0,1303840,4.43,44.34625706,114.0,0.02429067,0.1992858241329115
6414,10062985,Spot Grid,1,ETHUSDT,1.0,1306129,3.44,17.24409976,132.0,0.01916299,0.19831745525927197
6415,10075139,Spot Grid,1,SOLUSDC,1.0,1130661,2.82,14.17953472,135.0,0.01509988,0.19751571757571254
6416,10063477,Spot Grid,1,ETHUSDT,1.0,1286385,3.08,27.79546658,66.0,0.01580358,0.1973911386573256
6417,10134791,Spot Grid,1,SCRUSDT,1.0,12556,1.39,12.99241248,15.0,0.0,0.1962648360645861
6418,10094316,Spot Grid,1,BTCFDUSD,1.0,806030,1.5,15.01959819,120.0,0.0063386,0.19345342861928852
6419,10056504,Spot Grid,1,TSTUSDT,1.0,1421007,17.98,24.42100222,379.0,0.1047014,0.1929881959879469
6420,10076107,Spot Grid,1,SOLUSDT,1.0,1113700,2.18,109.0163395,86.0,0.01116543,0.1927992282458155
6421,10056964,Spot Grid,1,BNBUSDT,1.0,1413751,2.59,10.64770143,241.0,0.01748354,0.19234315495520216
6422,9976654,Spot Grid,1,ACEUSDT,1.0,3412986,8.59,24.07360068,238.0,0.058897,0.19167605659416234
6423,10106926,Spot Grid,1,XRPUSDT,1.0,565209,1.66,83.09939294,51.0,0.00515806,0.19138734935684515
6424,10130228,Spot Grid,1,DOGEUSDT,1.0,139225,2.11,16.80450495,2.0,0.00443343,0.19110637311758588
6425,10057084,Spot Grid,1,UNIUSDT,1.0,1412147,9.81,31.40911102,172.0,0.05571277,0.19041380460756463
6426,10087250,Spot Grid,1,BTCEUR,1.0,923905,1.89,10.59151109,11.0,0.00677662,0.19024743956077791
6427,10009088,Spot Grid,1,DOGEUSDT,1.0,2541138,3.28,215.64211395,223.0,0.02685952,0.18966956132065718
6428,9993758,Spot Grid,1,SOLBNB,1.0,2948724,1.89,29.15716547,133.0,0.01816037,0.18895713560604344
6429,10127525,Spot Grid,1,BNBFDUSD,1.0,206615,1.73,17.3084562,5.0,0.00282818,0.18811411029517033
6430,10048414,Spot Grid,1,NEARUSDT,1.0,1568703,27.53,275.33647629,703.0,0.16599399,0.18668289387797146
6431,10068527,Spot Grid,1,BTCUSDT,1.0,1192878,1.71,17.15236977,52.0,0.00800611,0.18617393284453254
6432,9995673,Spot Grid,1,SOLBNB,1.0,2889026,2.55,20.20625259,26.0,0.0193513,0.18536959320107002
6433,9959245,Spot Grid,1,XRPFDUSD,1.0,3770772,2.89,17.36156443,137.0,0.02732049,0.1852298323331613
6434,10073107,Spot Grid,1,OGNUSDT,1.0,1157652,4.43,22.16037406,473.0,0.03173361,0.18468298406990827
6435,9988979,Spot Grid,1,SOLETH,1.0,3102226,2.35,63.94561769,157.0,0.0222016,0.18445009531044182
6436,10053296,Spot Grid,1,SOLETH,1.0,1461617,3.2,44.28308337,84.0,0.01820694,0.18414595725725183
6437,10072989,Spot Grid,1,BTCUSDC,1.0,1159098,1.64,21.39263563,15.0,0.00688699,0.1819572999793593
6438,10120737,Spot Grid,1,MSTRBUSDT,1.0,336231,1.54,43.82262749,388.0,0.01086403,0.18109226116791188
6439,10117868,Spot Grid,1,BTCFDUSD,1.0,385182,1.63,14.58260203,94.0,0.00523497,0.18010272309237288
6440,10067040,Spot Grid,1,FRAXUSDT,1.0,1217502,6.2,62.09280126,254.0,0.0374341,0.18004396342168552
6441,10074318,Spot Grid,1,XRPFDUSD,1.0,206566,1.44,14.46260722,2.0,0.00149602,0.17981851320791298
6442,10067962,Spot Grid,1,BTCUSDT,1.0,1202259,2.84,34.44738266,73.0,0.01503388,0.17944002628692163
6443,10062495,Spot Grid,1,ETHUSDT,1.0,1319550,3.28,20.82873034,132.0,0.01914917,0.17874853593267534
6444,10004173,Spot Grid,1,ASTERUSDT,1.0,2657165,3.69,11.0755422,1041.0,0.04631322,0.17822885879388956
6445,10128116,Spot Grid,1,BTCUSDT,1.0,199353,1.66,14.51665536,6.0,0.00282685,0.17800598797197814
6446,10049671,Spot Grid,1,SNDKBUSDT,1.0,1537241,2.88,12.85916554,575.0,0.02725526,0.17792855712903494
6447,10069205,Spot Grid,1,BTCUSDT,1.0,1188666,1.37,259.64279495,16.0,0.00700539,0.17640157903226833
6448,10059887,Spot Grid,1,SOLETH,1.0,1361611,3.28,16.87634775,72.0,0.01814232,0.17618131799864548
6449,10069543,Spot Grid,1,XRPUSDT,1.0,1186037,2.04,12.29935461,205.0,0.01343962,0.17510119676384267
6450,10005829,Spot Grid,1,ETHBTC,1.0,2622026,1.17,23.19972806,33.0,0.01123553,0.175058512625493
6451,10055990,Spot Grid,1,FRAXUSDT,1.0,1272561,7.16,71.61862066,312.0,0.04441971,0.17455351153453647
6452,10107718,Spot Grid,1,ADAEUR,1.0,550499,5.08,30.79995806,132.0,0.02596971,0.17361755712840873
6453,10071109,Spot Grid,1,ETHUSDT,1.0,1173661,0.4,10.44464702,98.0,0.00220858,0.17335429661834387
6454,9904226,Spot Grid,1,BNBBTC,1.0,5531483,1.09,15.63789885,96.0,0.02460827,0.17307186302656974
6455,10085626,Spot Grid,1,ETHUSDT,1.0,962856,0.95,47.56021104,77.0,0.00414458,0.17134673544056284
6456,10086215,Spot Grid,1,ETHUSDT,1.0,947739,0.97,49.61254955,75.0,0.00416393,0.17119043499203088
6457,10122244,Spot Grid,1,ETHFDUSD,1.0,206586,1.4,14.0631396,1.0,0.00164449,0.17009611864119184
6458,10013250,Spot Grid,1,ETHBTC,1.0,2431788,0.88,78.60039063,107.0,0.01096044,0.16822201480055995
6459,10068827,Spot Grid,1,BTCUSDT,1.0,1191090,1.98,22.0478483,75.0,0.01074233,0.16738906737149428
6460,10070774,Spot Grid,1,BTCUSDT,1.0,1176275,0.42,44.85327274,129.0,0.00343048,0.16667069588411892
6461,10083089,Spot Grid,1,SOLUSDT,1.0,1009958,1.99,21.95166009,45.0,0.0094188,0.16661179616252395
6462,10060238,Spot Grid,1,SOLETH,1.0,1355434,3.23,11.95594346,72.0,0.01821595,0.16624808150939663
6463,10085023,Spot Grid,1,XRPUSDT,1.0,980972,0.57,11.50161054,3.0,0.00060288,0.16608101460609265
6464,10084092,Spot Grid,1,BTCUSDT,1.0,997159,0.52,10.57543571,300.0,0.0066882,0.1658109876869068
6465,10071792,Spot Grid,1,BTCUSDT,1.0,1169094,0.21,70.86079458,119.0,0.00221017,0.16573865756468156
6466,10068791,Spot Grid,1,BTCUSDT,1.0,1191344,0.62,12.45421245,192.0,0.00581991,0.16507141679704043
6467,10062419,Spot Grid,1,EPICUSDT,1.0,1321257,8.89,39.76876536,347.0,0.05507516,0.16451689103196884
6468,10060311,Spot Grid,1,SOLETH,1.0,1354302,2.14,103.24336404,264.0,0.01685862,0.1642335022533848
6469,10068797,Spot Grid,1,BTCUSDT,1.0,1191314,0.61,12.23983326,192.0,0.00581991,0.1636782523330777
6470,10085698,Spot Grid,1,XRPUSDT,1.0,961075,2.16,38.90316202,260.0,0.01492656,0.1628667258976239
6471,10087458,Spot Grid,1,BTCUSDT,1.0,919439,1.0,30.17790979,209.0,0.00728808,0.16257994627609437
6472,10068801,Spot Grid,1,BTCUSDT,1.0,1191291,0.6,12.11463335,192.0,0.00581991,0.16229725177898088
6473,10084080,Spot Grid,1,BTCUSDT,1.0,997393,2.61,1634.15341397,29.0,0.02088893,0.1621791982920214
6474,10069247,Spot Grid,1,BTCFDUSD,1.0,1188427,1.53,26.09394634,562.0,0.01880608,0.16207508513893545
6475,10068810,Spot Grid,1,BTCUSDT,1.0,1191250,0.6,11.37187281,192.0,0.00583238,0.16188731034009732
6476,10070856,Spot Grid,1,ETHUSDT,1.0,1175715,0.69,21.14831405,51.0,0.00340935,0.15980274005986383
6477,10061557,Spot Grid,1,ADABTC,1.0,1336094,4.6,45.73712517,159.0,0.02791147,0.15961486780874937
6478,10091335,Spot Grid,1,BNBFDUSD,1.0,844879,0.65,16.28015371,143.0,0.00371684,0.15932572926690966
6479,9950723,Spot Grid,1,XRPUSDT,1.0,3810894,9.9,14.93886748,189.0,0.06799346,0.1590546169935283
6480,10057816,Spot Grid,1,BNBUSDT,1.0,1399585,2.35,21.6399632,40.0,0.01325464,0.158952786199515
6481,10108125,Spot Grid,1,BTCUSDT,1.0,528746,1.36,273.12236377,93.0,0.00656423,0.15807630021430696
6482,10127113,Spot Grid,1,SPCXBUSDT,1.0,217226,1.2,14.01874141,5.0,0.00117752,0.1577057906163871
6483,10107348,Spot Grid,1,BTCUSDT,1.0,558473,1.6,889.18210566,18.0,0.00969768,0.15530173670907163
6484,10083128,Spot Grid,1,ETHJPY,1.0,1009212,1.56,668.0237387,105.0,0.01211525,0.1551407808022385
6485,10086731,Spot Grid,1,XRPUSDT,1.0,934992,2.55,25.50449928,150.0,0.01488159,0.1546896262121589
6486,10084884,Spot Grid,1,XRPUSDT,1.0,984293,1.49,14.93748928,90.0,0.00798889,0.15416147144933368
6487,10088570,Spot Grid,1,FETUSDT,1.0,904793,12.14,97.18979053,316.0,0.07114324,0.15398192027772895
6488,10127269,Spot Grid,1,BTCUSDT,1.0,206597,1.11,178.25652336,6.0,0.00165719,0.15392583707154237
6489,10111722,Spot Grid,1,BNBUSDT,1.0,469884,1.95,11.67774154,10.0,0.00662213,0.1535614344919849
6490,10069228,Spot Grid,1,BTCUSDT,1.0,1188522,0.75,141.9214025,10.0,0.00379828,0.15352470589333
6491,10081475,Spot Grid,1,LTCUSDT,1.0,1035100,5.08,66.16090521,368.0,0.03411622,0.1512074325576469
6492,10123746,Spot Grid,1,XRPUSDT,1.0,206599,1.4,21.09827642,7.0,0.00257738,0.15093226641332155
6493,10077622,Spot Grid,1,MSTRBUSDT,1.0,1090544,3.36,336.55435037,963.0,0.03895767,0.15025881121896595
6494,10084156,Spot Grid,1,ADAUSDC,1.0,996558,9.07,90.78654274,192.0,0.05224049,0.1499466629246316
6495,10066917,Spot Grid,1,ETHUSDC,1.0,1222807,1.2,72.07606932,62.0,0.00730096,0.14972730083246977
6496,10075030,Spot Grid,1,BTCUSDT,1.0,1132062,1.68,39.06089423,51.0,0.00914899,0.14943761847214684
6497,10108158,Spot Grid,1,BNBUSDT,1.0,537677,2.76,106.73733613,101.0,0.01392761,0.14935963617881237
6498,10126636,Spot Grid,1,BNBETH,1.0,223659,2.3,44.36960789,6.0,0.00774196,0.14924286385469682
6499,10109317,Spot Grid,1,SUIUSDT,1.0,510600,1.48,35.70788214,126.0,0.00697538,0.14924216736173565
6500,10087692,Spot Grid,1,SOLUSDT,1.0,915473,1.12,13.79581669,23.0,0.00447817,0.14839289252679036
6501,9236896,Spot Grid,1,BTCUSDT,1.0,21812694,0.3,91.90766565,232.0,0.09415922,0.14794749657611772
6502,10111393,Spot Grid,1,SUIUSDT,1.0,475844,4.99,18.21672869,427.0,0.03236836,0.14788218006201187
6503,10063191,Spot Grid,1,SOLETH,1.0,1300359,4.79,27.37680945,8.0,0.02602117,0.1468717138678863
6504,10128659,Spot Grid,1,DOGEFDUSD,1.0,183863,1.33,17.99355121,84.0,0.00388155,0.14666729405519333
6505,10060806,Spot Grid,1,ETHUSDT,1.0,1346014,3.01,14.26833797,134.0,0.01908343,0.14662718053659735
6506,10075172,Spot Grid,1,BTCUSDC,1.0,1130254,0.4,1023.47087754,114.0,0.00873421,0.14440362434636092
6507,10083007,Spot Grid,1,BTCUSDT,1.0,1000318,2.24,17.5855628,9.0,0.01085786,0.14429753427993058
6508,10056719,Spot Grid,1,SOLUSDC,1.0,1418060,7.4,37.03410384,25.0,0.04134054,0.14379422994924493
6509,10073703,Spot Grid,1,SOLEUR,1.0,1150699,2.47,12.44345151,187.0,0.01652422,0.14366676231966644
6510,10081690,Spot Grid,1,ETHUSDT,1.0,1032492,0.71,14.24355671,83.0,0.00423507,0.1426989009442081
6511,10065039,Spot Grid,1,BNBUSDT,1.0,1258635,5.31,517.1231528,38.0,0.03201403,0.1425873787589944
6512,10134354,Spot Grid,1,SUIUSDT,1.0,24007,0.99,14.23972204,13.0,0.0,0.14208885561599333
6513,10072455,Spot Grid,1,XRPUSDT,1.0,1163928,2.19,10.97212379,180.0,0.01496042,0.14198303110121582
6514,9523505,Spot Grid,1,ZILUSDT,1.0,15734029,0.52,22.24737826,628.0,0.07766006,0.14145632941429814
6515,10129246,Spot Grid,1,TAOUSDC,1.0,166798,1.7,151.75283276,64.0,0.00631339,0.14130971874839388
6516,10060434,Spot Grid,1,SOLBTC,1.0,1352137,1.54,23.93328259,91.0,0.01043105,0.14099744365707745
6517,10068415,Spot Grid,1,BNBFDUSD,1.0,1193870,2.05,20.72685863,368.0,0.01839603,0.140836149557704
6518,10103511,Spot Grid,1,KSMUSDT,1.0,633464,4.5,36.01713526,16.0,0.02203975,0.14083099665213733
6519,10071964,Spot Grid,1,XRPUSDT,1.0,1168012,3.23,37.00834147,218.0,0.0216597,0.14067543330408247
6520,10016274,Spot Grid,1,ETHBTC,1.0,2342948,0.5,28.78085601,200.0,0.01132102,0.14062323312191982
6521,10101252,Spot Grid,1,ETHUSDC,1.0,669603,1.14,59.85457206,11.0,0.00392396,0.13832573925701058
6522,10080584,Spot Grid,1,BTCUSDC,1.0,1048652,0.29,11.7769425,95.0,0.00242859,0.13817490956441694
6523,10095764,Spot Grid,1,XLMUSDT,1.0,607052,4.24,35.96297449,308.0,0.0268139,0.13753703266991174
6524,10075251,Spot Grid,1,NEARUSDT,1.0,1129199,4.03,20.3418076,4084.0,0.10770724,0.1374978448937591
6525,10060469,Spot Grid,1,ETHUSDT,1.0,1351327,2.95,30.25814883,134.0,0.01925364,0.13682710510661608
6526,10107328,Spot Grid,1,SUIUSDT,1.0,558749,4.31,43.12329692,215.0,0.02508967,0.13679115161915073
6527,10068514,Spot Grid,1,BTCUSD1,1.0,1191635,1.95,535.4013744,331.0,0.01987963,0.13644637024105402
6528,10071134,Spot Grid,1,BTCUSDT,1.0,933176,1.77,51.60743392,65.0,0.00967856,0.13632976248918868
6529,10085435,Spot Grid,1,IOTXUSDT,1.0,968657,7.53,75.30430496,105.0,0.04236065,0.1353214979185653
6530,10129001,Spot Grid,1,BNBFDUSD,1.0,174033,1.13,13.92457943,42.0,0.00231872,0.13463630348595043
6531,10099652,Spot Grid,1,DOGEFDUSD,1.0,700742,0.6,18.51962532,1078.0,0.02361755,0.13450250985706202
6532,10099021,Spot Grid,1,NEARUSDC,1.0,716443,4.4,11.46204523,89.0,0.02354877,0.13377545041291403
6533,10112961,Spot Grid,1,SUIUSDT,1.0,434579,1.95,19.57857128,50.0,0.00815595,0.13369783856337467
6534,10065823,Spot Grid,1,ETHUSDT,1.0,1246544,3.02,24.23443227,125.0,0.01909815,0.1335722361837788
6535,10107218,Spot Grid,1,BTCFDUSD,1.0,560233,1.44,14.45385584,231.0,0.00972263,0.1332630379438748
6536,10055914,Spot Grid,1,BNBUSDT,1.0,1427005,2.26,33.92370177,16.0,0.01347307,0.1331005932948645
6537,10065447,Spot Grid,1,JTOUSDT,1.0,1252052,13.16,65.8206398,193.0,0.07631385,0.13237351081164042
6538,10094154,Spot Grid,1,ADAUSDC,1.0,809404,2.93,18.89009186,21.0,0.01456328,0.13222576903464017
6539,10112859,Spot Grid,1,GRAMUSDT,1.0,439182,2.43,24.36462232,24.0,0.01033715,0.13219947218734138
6540,10065622,Spot Grid,1,ETHUSDT,1.0,1250038,2.97,27.47725351,125.0,0.0189614,0.13095143764688624
6541,10129026,Spot Grid,1,ADAUSDC,1.0,173426,2.89,14.25323444,6.0,0.01135053,0.1305850022262951
6542,10077166,Spot Grid,1,BTCUSDT,1.0,1097065,0.37,19.85916534,197.0,0.00557946,0.13054315062331043
6543,10069884,Spot Grid,1,BTCUSDT,1.0,1183204,1.81,145.24183503,65.0,0.01168203,0.13049749579322184
6544,10085809,Spot Grid,1,BTCUSDT,1.0,957568,1.84,36.81749571,73.0,0.01055895,0.12886418651854403
6545,10110845,Spot Grid,1,BTCFDUSD,1.0,483796,2.39,12.17608296,190.0,0.01390982,0.12842842475833355
6546,10075663,Spot Grid,1,BTCUSDT,1.0,1121946,2.38,129.11846233,53.0,0.01429145,0.12828816400734944
6547,10071333,Spot Grid,1,BTCUSDC,1.0,1171914,1.05,31.7318769,53.0,0.00674783,0.12773796183265712
6548,10128641,Spot Grid,1,BNBUSDT,1.0,184217,1.25,251.429767,3.0,0.00371732,0.12711644327259106
6549,10072193,Spot Grid,1,BTCUSDT,1.0,1166409,2.3,161.87733087,55.0,0.01430679,0.126986220834035
6550,10124464,Spot Grid,1,BATUSDT,1.0,257682,9.71,145.69152426,203.0,0.05402311,0.1269539540999823
6551,10097723,Spot Grid,1,NEARUSDC,1.0,739423,10.49,104.95981131,342.0,0.0630836,0.12692142747857613
6552,10127683,Spot Grid,1,PEPEUSDT,1.0,206947,2.34,11.73029644,56.0,0.00968073,0.12680255886221656
6553,10080837,Spot Grid,1,BNBUSDT,1.0,1044168,0.95,23.36460949,29.0,0.0051839,0.12574148084897097
6554,10059533,Spot Grid,1,BNBFDUSD,1.0,1367035,3.11,401.17519775,100.0,0.0218421,0.12543718833772946
6555,9957386,Spot Grid,1,DOGEUSDT,1.0,3794593,3.41,19.02673775,403.0,0.03831003,0.125335579343748
6556,10068948,Spot Grid,1,SOLBNB,1.0,1190079,1.36,11.18460784,64.0,0.00875092,0.12520087627866552
6557,10128174,Spot Grid,1,XPLUSDT,1.0,197783,2.34,11.72250372,4.0,0.00862306,0.1247680907868576
6558,9722939,Spot Grid,1,ADAUSDT,1.0,11598235,6.94,27.50658971,315.0,0.08920808,0.12431826479847724
6559,10128663,Spot Grid,1,BTCUSDT,1.0,183788,0.77,312.12270501,4.0,0.00153531,0.12429444671502807
6560,10104808,Spot Grid,1,BTCUSDC,1.0,604956,0.86,129.27416282,27.0,0.00340832,0.12345006624558033
6561,10020143,Spot Grid,1,ASTERUSDT,1.0,2231900,0.97,26.3446318,312.0,0.01649475,0.12271559949737629
6562,10008921,Spot Grid,1,BNBUSDT,1.0,2544170,1.99,199.32922282,58.0,0.01893694,0.12247510767043743
6563,10061090,Spot Grid,1,ETHUSDT,1.0,1341917,2.4,12.00250654,93.0,0.01582173,0.12239815971599151
6564,10085241,Spot Grid,1,BTCUSDT,1.0,974889,1.36,40.97892881,67.0,0.00817746,0.12197193943468371
6565,10131643,Spot Grid,1,STRKUSDT,1.0,101538,1.77,35.57859079,113.0,0.00767692,0.12088925105651106
6566,10123459,Spot Grid,1,ETHFDUSD,1.0,206864,1.21,12.14859798,3.0,0.00261878,0.12078880877544451
6567,9984626,Spot Grid,1,SOLBNB,1.0,3242771,0.92,80.50482872,153.0,0.01753427,0.12078522529263133
6568,10060214,Spot Grid,1,SOLBTC,1.0,1355742,0.99,85.83498868,280.0,0.0125842,0.12031813218281828
6569,10128042,Spot Grid,1,DOTUSDT,1.0,201030,2.65,26.53985275,56.0,0.0116971,0.12010476864176534
6570,10089238,Spot Grid,1,SOLUSDT,1.0,892766,2.52,15.88246368,98.0,0.01478984,0.11976890152598411
6571,10112173,Spot Grid,1,BNBUSDT,1.0,460052,1.54,196.53571999,9.0,0.00663791,0.11940208694705852
6572,10108865,Spot Grid,1,BTCUSDT,1.0,518504,1.33,13.39056829,49.0,0.00564833,0.11926764669935265
6573,10065238,Spot Grid,1,ETHUSDT,1.0,1255047,3.18,103.72280265,125.0,0.02102961,0.11836710925626145
6574,10091314,Spot Grid,1,ETHFDUSD,1.0,845191,0.36,31.46511697,198.0,0.00502439,0.11820723646758918
6575,10086068,Spot Grid,1,NEARUSDT,1.0,951204,10.28,102.81891649,224.0,0.06069708,0.11783416763368454
6576,10106848,Spot Grid,1,ADAUSDT,1.0,566266,3.72,37.23165909,32.0,0.01875524,0.11776232618435468
6577,10020157,Spot Grid,1,CRVUSDT,1.0,2231683,1.76,44.88529439,380.0,0.02257316,0.11718833178267002
6578,10112605,Spot Grid,1,BNBUSDT,1.0,446016,1.71,85.55253103,65.0,0.0082171,0.11704103960046339
6579,10078840,Spot Grid,1,1INCHUSDT,1.0,1076782,4.3,10.454879,440.0,0.03264004,0.11691379072069716
6580,10129012,Spot Grid,1,PEPEUSDC,1.0,173779,1.84,31.58228379,27.0,0.00669977,0.11663081327687677
6581,10074941,Spot Grid,1,BTCUSDT,1.0,1133328,2.37,11.89000702,54.0,0.01417413,0.11657425045262862
6582,10068568,Spot Grid,1,BTCUSDT,1.0,1192686,2.0,100.80077253,147.0,0.01483002,0.11652137829823812
6583,9506868,Spot Grid,1,NIGHTUSDT,1.0,15889179,13.71,27.43064043,181.0,0.14208914,0.11621535000500283
6584,10127769,Spot Grid,1,TAOUSDT,1.0,205609,2.55,25.51096863,33.0,0.01088038,0.11505393505026619
6585,10108583,Spot Grid,1,BTCFDUSD,1.0,523671,0.58,488.13618299,16.0,0.00347882,0.11504929814665125
6586,10102903,Spot Grid,1,ADAUSDT,1.0,646452,3.73,26.17424785,1399.0,0.04813524,0.11483524417473645
6587,10084393,Spot Grid,1,ETHUSDT,1.0,993547,2.26,29.51808918,245.0,0.01720384,0.11414620844649162
6588,10130012,Spot Grid,1,BTCUSDT,1.0,144668,1.17,10.46221957,5.0,0.00244193,0.11396012426913563
6589,10129282,Spot Grid,1,ETHFDUSD,1.0,165709,0.71,197.81431966,15.0,0.0011999,0.11370387653682201
6590,10090908,Spot Grid,1,SOLUSDT,1.0,854226,2.55,25.5044367,329.0,0.01999185,0.11315134441040303
6591,10108432,Spot Grid,1,BTCFDUSD,1.0,528196,2.75,27.52650882,16.0,0.01308099,0.11314971827748507
6592,10089569,Spot Grid,1,SOLUSDT,1.0,886245,2.25,11.85632387,80.0,0.01317887,0.11239869903930094
6593,9759206,Spot Grid,1,ANIMEUSDT,1.0,10580786,2.8,21.7459551,463.0,0.06578344,0.11238788750212551
6594,10085887,Spot Grid,1,BTCUSDT,1.0,955646,0.99,49.59101832,64.0,0.00644003,0.11229074503898451
6595,10070113,Spot Grid,1,ETHUSDC,1.0,1181429,0.21,82.16886884,101.0,0.00410401,0.1118658679943094
6596,10128675,Spot Grid,1,BTCFDUSD,1.0,183423,0.48,102.93982391,74.0,0.00085735,0.11171038620280105
6597,10074085,Spot Grid,1,XRPUSDT,1.0,1146361,2.04,204.42952371,313.0,0.01909063,0.11167399292071811
6598,10062126,Spot Grid,1,ETHUSDT,1.0,1326806,2.73,64.38399676,134.0,0.01914672,0.11127361393754136
6599,10084746,Spot Grid,1,BTCUSDC,1.0,987475,1.18,35.46593632,103.0,0.00842153,0.11096673774711016
6600,10004702,Spot Grid,1,BNBBTC,1.0,2646148,1.52,26.28461784,113.0,0.01754649,0.1107227877500911
6601,10130572,Spot Grid,1,SUIUSDC,1.0,131846,1.79,17.95693569,14.0,0.00615149,0.11041368476036231
6602,10096642,Spot Grid,1,NEARUSDC,1.0,758932,6.5,65.02656828,102.0,0.03671815,0.11024917812210225
6603,10086810,Spot Grid,1,ETHUSDC,1.0,933062,1.78,32.92047147,35.0,0.01006795,0.10978977885440816
6604,10084966,Spot Grid,1,TAOUSDT,1.0,982528,5.0,25.00840958,126.0,0.02978757,0.1097395267583197
6605,10069789,Spot Grid,1,BTCUSDT,1.0,1183827,1.53,28.39855286,71.0,0.01053121,0.10926511108672313
6606,10129620,Spot Grid,1,BNBUSDT,1.0,155368,1.05,10.50420506,11.0,0.00217322,0.10860476121442664
6607,10100684,Spot Grid,1,BNBFDUSD,1.0,599358,2.7,162.00453822,51.0,0.01473932,0.10827817032686912
6608,10057072,Spot Grid,1,SOLBNB,1.0,1412311,1.52,12.97906148,91.0,0.01186526,0.10756567651779196
6609,10075445,Spot Grid,1,BTCUSDT,1.0,1125495,0.39,21.73323393,71.0,0.00410417,0.10689317483127227
6610,10069569,Spot Grid,1,ETHUSDT,1.0,1185757,1.28,35.77578214,272.0,0.01356132,0.10678864308831791
6611,10061412,Spot Grid,1,ETHUSDT,1.0,1337795,2.67,13.35363717,134.0,0.01879461,0.10650049309463491
6612,10128645,Spot Grid,1,ETHUSDT,1.0,184158,0.78,234.19274571,4.0,0.00190924,0.10640792452991654
6613,10129858,Spot Grid,1,BNBUSDT,1.0,148962,1.24,12.44227501,7.0,0.0032134,0.1060541716603483
6614,10087000,Spot Grid,1,BTCUSD1,1.0,929627,1.98,63.58076939,69.0,0.0121964,0.10551731369427288
6615,10131545,Spot Grid,1,ZECUSDT,1.0,104312,1.72,17.20318498,23.0,0.00603562,0.10547487699331258
6616,10128576,Spot Grid,1,ETHUSDT,1.0,185981,1.06,16.87677787,2.0,0.00234329,0.10506614352557152
6617,10085648,Spot Grid,1,BTCUSDT,1.0,962225,1.03,30.93748068,92.0,0.00748085,0.10488800187365449
6618,10075989,Spot Grid,1,BTCUSDT,1.0,1116175,0.96,96.24886903,120.0,0.00868507,0.10486471040352273
6619,10086807,Spot Grid,1,BTCUSDC,1.0,933094,1.49,42.7168023,25.0,0.00852278,0.10473766004501428
6620,10129500,Spot Grid,1,ETHEUR,1.0,158587,1.0,17.4683987,1.0,0.00189593,0.10466269402630313
6621,10092809,Spot Grid,1,BTCUSDT,1.0,829013,0.26,13.47440463,5.0,0.00079188,0.10427088146551565
6622,10133237,Spot Grid,1,PUMPUSDC,1.0,51923,1.1,36.62526657,216.0,0.00666036,0.10401996593328913
6623,10071998,Spot Grid,1,BTCUSDT,1.0,1167752,2.25,11.29348259,55.0,0.01420969,0.1034526413623553
6624,10130904,Spot Grid,1,BTCUSDT,1.0,124015,1.19,11.97224505,1.0,0.00285349,0.1023266499085147
6625,10062199,Spot Grid,1,ETHUSDC,1.0,1325518,1.65,33.07986835,229.0,0.01545647,0.10189592150900663
6626,10130665,Spot Grid,1,BTCUSDC,1.0,111448,0.91,36.76560195,1.0,0.00143541,0.10131984705292585
6627,10070815,Spot Grid,1,SOLETH,1.0,1176012,2.04,166.19699381,26.0,0.01336591,0.1012852953233619
6628,10129762,Spot Grid,1,BTCUSDT,1.0,151133,0.92,67.20430939,1.0,0.00183081,0.1009589558897474
6629,10130289,Spot Grid,1,XRPUSDT,1.0,137713,1.4,22.20083637,1.0,0.00420613,0.10002983172047071
6630,10089872,Spot Grid,1,ETHJPY,1.0,878353,1.3,44.98823117,109.0,0.00926043,0.09919686754224556
6631,10109233,Spot Grid,1,BNBUSDT,1.0,512242,2.36,23.60638524,19.0,0.01156213,0.0972075511237608
6632,10128790,Spot Grid,1,BTCUSDT,1.0,180512,0.83,48.20559276,4.0,0.00159969,0.0967248653737268
6633,10095450,Spot Grid,1,BTCUSDT,1.0,599361,1.68,50.46194739,74.0,0.00953575,0.09669007117602801
6634,10010013,Spot Grid,1,BNBUSDC,1.0,2514216,3.24,54.14309848,12.0,0.02497706,0.09639745326698859
6635,10068556,Spot Grid,1,BTCUSDT,1.0,1192737,1.91,22.12613205,147.0,0.01477165,0.09564351534203652
6636,10104230,Spot Grid,1,ETHFDUSD,1.0,617681,0.53,426.61299288,141.0,0.00671788,0.09556464947413934
6637,10085469,Spot Grid,1,DOGEUSDT,1.0,967633,2.02,114.80909109,670.0,0.02599453,0.09461557667745603
6638,10082363,Spot Grid,1,ADAUSDT,1.0,1022230,4.29,16.19715178,221.0,0.02865541,0.0943276699229883
6639,10090334,Spot Grid,1,SOLUSDT,1.0,868733,1.35,25.74406093,165.0,0.01077756,0.09424736291826809
6640,10066474,Spot Grid,1,XRPBTC,1.0,1232527,2.06,43.41628695,168.0,0.01637666,0.09414339337942157
6641,10088260,Spot Grid,1,BTCUSDT,1.0,909197,1.3,45.65678021,154.0,0.01055291,0.09408977749837932
6642,10101880,Spot Grid,1,BTCFDUSD,1.0,661486,1.48,14.88578376,222.0,0.01182063,0.09256870198590433
6643,10015362,Spot Grid,1,LINKUSDT,1.0,2373012,6.29,94.3933506,91.0,0.04311807,0.09204120175323495
6644,9991839,Spot Grid,1,ETHBTC,1.0,3013821,0.63,30.38167071,34.0,0.01335815,0.09177821804980968
6645,10070666,Spot Grid,1,ETHUSDT,1.0,1177012,0.58,31.09297571,114.0,0.00692969,0.09176466999370393
6646,10128754,Spot Grid,1,BTCUSDT,1.0,181325,0.77,69.56411641,1.0,0.00152307,0.0916984703003162
6647,10128484,Spot Grid,1,BTCUSDT,1.0,188264,0.78,43.19942792,3.0,0.00152507,0.09142735354200009
6648,10129649,Spot Grid,1,BTCUSDT,1.0,154419,0.88,13.28758209,1.0,0.00173562,0.09132483233382627
6649,10070702,Spot Grid,1,BTCUSDT,1.0,1176760,0.75,15.04356237,32.0,0.00606078,0.09128507079746061
6650,10134192,Spot Grid,1,SUIBTC,1.0,28493,0.39,230.57409847,18.0,0.0,0.09114923381127255
6651,10068501,Spot Grid,1,BTCUSDT,1.0,1193042,1.78,11.72220822,148.0,0.01421782,0.09094675546134365
6652,10128463,Spot Grid,1,BTCUSDT,1.0,188937,0.72,60.37214219,6.0,0.00137515,0.09083562951517898
6653,10093538,Spot Grid,1,BNBUSDT,1.0,819834,0.29,30.37416525,141.0,0.00442668,0.09068742182492384
6654,10128385,Spot Grid,1,BTCUSDT,1.0,191238,0.71,71.27880456,3.0,0.00133882,0.09043878150194312
6655,10129327,Spot Grid,1,ETHUSDT,1.0,164337,0.75,75.71795765,3.0,0.00149714,0.08965252985202038
6656,10017345,Spot Grid,1,XRPUSDC,1.0,2310532,5.75,11.50512221,240.0,0.04272664,0.08943488392002177
6657,9981602,Spot Grid,1,SOLBNB,1.0,3311680,0.72,22.99391843,197.0,0.01863082,0.0893806664409874
6658,10112086,Spot Grid,1,BNBUSDT,1.0,462255,1.77,17.84626248,3.0,0.00807857,0.08906497337917893
6659,10128581,Spot Grid,1,MORPHOUSDT,1.0,185945,0.56,10.8209281,57.0,0.00138397,0.08901722384558385
6660,10075439,Spot Grid,1,BTCUSDT,1.0,1125584,0.32,32.60209806,219.0,0.00766226,0.08812963435220539
6661,10113350,Spot Grid,1,BTCFDUSD,1.0,427988,1.7,620.50377423,43.0,0.01154997,0.0876887272152386
6662,10128955,Spot Grid,1,BTCUSDT,1.0,175509,0.78,11.70006008,4.0,0.00152334,0.0866063917624006
6663,10093336,Spot Grid,1,CRCLBUSDT,1.0,822373,1.35,41.160568,521.0,0.01850188,0.08649772235663115
6664,10095062,Spot Grid,1,BTCUSDT,1.0,791396,0.62,18.67218447,91.0,0.0051744,0.08617139421350109
6665,10068897,Spot Grid,1,BTCUSDT,1.0,1190473,0.87,240.08586159,43.0,0.00838383,0.08586648457647389
6666,10127667,Spot Grid,1,ETHUSDT,1.0,207322,0.82,56.63124387,3.0,0.00213314,0.0854861814880617
6667,10119482,Spot Grid,1,WIFUSDC,1.0,206109,2.52,12.63300906,7.0,0.01129476,0.08535787205334487
6668,10130628,Spot Grid,1,BTCUSDT,1.0,130579,0.95,19.14637264,6.0,0.0023962,0.08526248613587174
6669,10134675,Spot Grid,1,ADAUSDT,1.0,16083,0.53,53.733641,16.0,0.0,0.08520680032218823
6670,10130898,Spot Grid,1,ETCUSDT,1.0,124229,1.34,26.83665379,13.0,0.00470953,0.08480096332203566
6671,10095989,Spot Grid,1,BTCUSDT,1.0,770436,1.13,33.49156587,84.0,0.0078916,0.08398810810865066
6672,9982209,Spot Grid,1,ETHBTC,1.0,3298095,0.78,70.39574926,103.0,0.01740427,0.08320215333961342
6673,10108016,Spot Grid,1,BTCUSDT,1.0,542012,1.08,18.31145554,24.0,0.00534766,0.08265351349488487
6674,10127477,Spot Grid,1,BTCFDUSD,1.0,210975,0.91,25.47533381,18.0,0.00291225,0.08265182674017565
6675,10085523,Spot Grid,1,ORDIUSDT,1.0,965594,4.76,23.83640465,80.0,0.02851314,0.08258586827237001
6676,10077528,Spot Grid,1,FILUSDT,1.0,1091477,6.58,32.91172797,668.0,0.0515259,0.08189908052078816
6677,10096318,Spot Grid,1,ETHUSDT,1.0,763365,0.21,21.83611872,178.0,0.00485327,0.0815532839238173
6678,10104126,Spot Grid,1,BTCUSDT,1.0,615820,1.73,12.73103929,40.0,0.00958161,0.08137149749115231
6679,10093950,Spot Grid,1,BTCUSDC,1.0,813028,1.05,10.58595855,28.0,0.0064413,0.08129819393062883
6680,10074298,Spot Grid,1,ETHUSDT,1.0,1143118,1.92,61.64946477,90.0,0.01419315,0.0811639121607765
6681,10070111,Spot Grid,1,BTCUSDT,1.0,1181443,1.49,13.58324153,96.0,0.01192788,0.08005971485387305
6682,10070634,Spot Grid,1,ETHFDUSD,1.0,1177234,1.84,59.59473344,56.0,0.01321588,0.0800532235194796
6683,10113651,Spot Grid,1,SNDKBUSDT,1.0,421376,1.79,35.92219681,139.0,0.01137493,0.07932217503467494
6684,10105698,Spot Grid,1,BTCUSDT,1.0,585607,1.55,46.54396331,85.0,0.00967645,0.07930310255061931
6685,10101383,Spot Grid,1,BTCUSDC,1.0,668141,0.33,280.41835042,65.0,0.00413336,0.07927937022311814
6686,10069084,Spot Grid,1,BTCU,1.0,1189290,1.11,30.09286979,40.0,0.00882133,0.0790797109850589
6687,9743788,Spot Grid,1,XLMUSDT,1.0,10944158,0.39,15.13556519,82.0,0.04742442,0.07824405382097985
6688,10069161,Spot Grid,1,CGPTUSDT,1.0,1188943,8.59,18.9482163,38.0,0.04970419,0.07784849886354021
6689,10108533,Spot Grid,1,BONKUSDT,1.0,526784,9.3,19.1837061,126.0,0.05262368,0.07781331347047599
6690,10132250,Spot Grid,1,BTCUSDT,1.0,81058,0.75,15.66154349,2.0,0.00130029,0.07747384554713672
6691,10113439,Spot Grid,1,SUIUSDT,1.0,425921,2.23,15.61177494,401.0,0.01931837,0.07739556979592596
6692,10068853,Spot Grid,1,SOLETH,1.0,1190943,2.62,120.13358827,63.0,0.01812792,0.0769305143068391
6693,10128805,Spot Grid,1,BTCUSDC,1.0,180077,0.68,14.15699371,1.0,0.00134114,0.07673797077910716
6694,10130330,Spot Grid,1,BTCUSDT,1.0,137145,0.84,11.19821987,7.0,0.00216097,0.07633921921526876
6695,10131035,Spot Grid,1,BTCUSDT,1.0,120860,0.63,87.74195694,7.0,0.00133707,0.0763071494895264
6696,10075146,Spot Grid,1,SOLUSDC,1.0,1130561,2.13,14.76295496,52.0,0.01444696,0.07610081976515874
6697,10080621,Spot Grid,1,BTCUSDC,1.0,1023487,0.77,56.44511907,46.0,0.00665416,0.07560001738738976
6698,10086304,Spot Grid,1,BTCUSDT,1.0,945624,1.8,20.5379852,17.0,0.01118298,0.07502314380959046
6699,10070264,Spot Grid,1,BTCUSDT,1.0,1180091,1.76,10.59797414,30.0,0.01222723,0.07410248408368761
6700,10104761,Spot Grid,1,BTCUSDT,1.0,606065,1.09,37.01504179,52.0,0.00672959,0.07357056368473214
6701,10113408,Spot Grid,1,BTCUSDT,1.0,426797,1.29,12.96601181,26.0,0.00638874,0.0734533387090516
6702,10128520,Spot Grid,1,BTCUSDT,1.0,187300,0.57,28.93038783,4.0,0.0010516,0.07319969770700012
6703,10072965,Spot Grid,1,BTCUSDT,1.0,1159310,0.25,108.79595196,17.0,0.00417404,0.07238000256154255
6704,10023698,Spot Grid,1,ZECUSDT,1.0,2134254,8.91,50.28739919,290.0,0.06121113,0.0723177941309279
6705,10130013,Spot Grid,1,BTCUSDT,1.0,144642,0.64,28.61434871,1.0,0.00123764,0.07194473551670083
6706,10128318,Spot Grid,1,SOLFDUSD,1.0,193389,0.94,48.2943662,2.0,0.00321075,0.07192958284289926
6707,10070622,Spot Grid,1,ETHFDUSD,1.0,1177294,1.7,62.77976191,75.0,0.01319567,0.07190373881858221
6708,10081383,Spot Grid,1,XRPFDUSD,1.0,1000261,3.23,32.31386634,607.0,0.0319135,0.0718368698827963
6709,10121017,Spot Grid,1,SUIFDUSD,1.0,331484,1.88,45.31900274,715.0,0.02404291,0.07123390281617362
6710,10112684,Spot Grid,1,BNBUSDT,1.0,443845,1.52,15.22359484,24.0,0.00778488,0.07108088918997466
6711,10074256,Spot Grid,1,LINKUSDT,1.0,1143669,4.79,35.89166766,57.0,0.0295001,0.07048067016241812
6712,10130517,Spot Grid,1,BTCUSDC,1.0,132858,0.68,33.00590448,4.0,0.00155689,0.07033476673598386
6713,10085260,Spot Grid,1,DOGEUSDT,1.0,974333,4.65,558.20148245,111.0,0.03188333,0.06937107657195851
6714,10129279,Spot Grid,1,XRPUSDT,1.0,165769,0.72,101.95930426,11.0,0.00246288,0.06924702014645943
6715,10091867,Spot Grid,1,SOLUSDT,1.0,838292,2.07,66.36367146,136.0,0.01519012,0.06917269436465665
6716,10076276,Spot Grid,1,BTCUSDT,1.0,1111347,2.95,14.79450041,28.0,0.01864094,0.06872502172455083
6717,10069896,Spot Grid,1,BTCUSDT,1.0,1183117,1.06,1063.75564051,62.0,0.01472866,0.06847617650568841
6718,10069872,Spot Grid,1,FILUSDT,1.0,1183286,9.83,29.49295712,188.0,0.06007405,0.06837991717018269
6719,10130329,Spot Grid,1,HYPEUSDT,1.0,137148,1.4,14.02963468,1.0,0.0054402,0.06819819853722893
6720,10098414,Spot Grid,1,ETHUSDC,1.0,728607,1.78,17.88469518,24.0,0.01059014,0.06730953208362685
6721,10056802,Spot Grid,1,SOLETH,1.0,1416272,2.38,16.49265329,78.0,0.01796142,0.06698713505827752
6722,10087358,Spot Grid,1,BTCUSDC,1.0,921672,1.59,20.28262494,82.0,0.01163785,0.0667426115340561
6723,10097126,Spot Grid,1,BTCUSDT,1.0,750081,0.95,48.72760682,243.0,0.01096912,0.0663795716231528
6724,10092044,Spot Grid,1,BTCUSDT,1.0,837012,0.89,580.62785715,68.0,0.01005731,0.06608202807866811
6725,10106868,Spot Grid,1,BTCUSDC,1.0,565860,1.62,184.90691751,44.0,0.01035447,0.06597765804575413
6726,10084198,Spot Grid,1,BNBUSDT,1.0,993670,2.33,14.00736724,18.0,0.01464111,0.06594200749071703
6727,10129910,Spot Grid,1,BTCUSDT,1.0,147730,0.61,11.1087494,1.0,0.00124235,0.06582705149779698
6728,9279947,Spot Grid,1,SUIUSDT,1.0,20921439,9.64,124.10277183,380.0,0.14806467,0.06566281589810916
6729,10077301,Spot Grid,1,BTCUSDT,1.0,1094773,0.38,10.50266475,19.0,0.00441795,0.06561918779658948
6730,10086625,Spot Grid,1,BTCUSDT,1.0,937715,1.61,16.11954745,90.0,0.01203969,0.06485127028435342
6731,10104884,Spot Grid,1,SOLUSDT,1.0,603286,2.88,11.05126307,15.0,0.0159721,0.06423640802409877
6732,10128733,Spot Grid,1,BTCUSD1,1.0,181896,0.56,56.81037059,6.0,0.00152598,0.06407458389161581
6733,10072573,Spot Grid,1,ONGUSDT,1.0,1154879,3.18,11.62304088,306.0,0.02613881,0.06405098217914518
6734,10111596,Spot Grid,1,ETHFDUSD,1.0,471978,0.62,49.5750939,196.0,0.00707816,0.06404472283777157
6735,10128669,Spot Grid,1,SOLUSDT,1.0,183624,0.64,64.14470226,2.0,0.00193007,0.0639299257600568
6736,10075383,Spot Grid,1,XRPUSDT,1.0,1126464,1.52,12.22734823,293.0,0.01666628,0.06391985440397747
6737,10074449,Spot Grid,1,BTCBRL,1.0,1140740,1.32,17.82898644,54.0,0.01061049,0.06378440208844663
6738,10110634,Spot Grid,1,BNBUSDT,1.0,487050,1.73,17.38948544,191.0,0.01295901,0.06371538609474336
6739,10089893,Spot Grid,1,BTCFDUSD,1.0,877951,1.28,88.11245347,171.0,0.01215007,0.06266521281178676
6740,10075046,Spot Grid,1,BTCU,1.0,1131883,1.94,194.75618574,246.0,0.0189865,0.06256901116463474
6741,10069684,Spot Grid,1,BNBUSDT,1.0,1184629,2.4,143.362237,62.0,0.01760429,0.061767669694513805
6742,10089270,Spot Grid,1,BTCUSDT,1.0,892268,1.66,24.00185188,87.0,0.01222212,0.06171407481301125
6743,10094313,Spot Grid,1,BTCUSD1,1.0,806080,0.94,18.94522331,27.0,0.00661883,0.06169455614802636
6744,10092384,Spot Grid,1,BTCUSDT,1.0,833852,0.79,39.71290426,30.0,0.00609453,0.06150562185523454
6745,10106405,Spot Grid,1,BTCUSDT,1.0,573377,2.17,10.83872449,97.0,0.01380659,0.06139704614386318
6746,10076340,Spot Grid,1,ETHUSDT,1.0,1110186,0.27,166.0169388,14.0,0.0047591,0.061056994006237084
6747,10080282,Spot Grid,1,ETHUSDT,1.0,1053852,1.89,37.97214593,46.0,0.01343087,0.06034575868766024
6748,9979353,Spot Grid,1,XVGUSDT,1.0,3345380,19.53,35.75049081,52.0,0.11988265,0.06020895429119863
6749,10112818,Spot Grid,1,DOGEFDUSD,1.0,206998,0.09,11.40012864,55.0,2.635e-05,0.06004125879370903
6750,10106792,Spot Grid,1,SUIUSDC,1.0,567271,3.8,20.92777064,92.0,0.02270193,0.06002478906913565
6751,10104729,Spot Grid,1,BTCUSDT,1.0,606762,2.11,30.14534564,25.0,0.01226365,0.05973570551141227
6752,10055759,Spot Grid,1,BNBUSDT,1.0,1428499,3.01,16.95594585,15.0,0.02042342,0.05970317494178971
6753,10096372,Spot Grid,1,BTCUSDT,1.0,758928,1.31,57.91908174,67.0,0.00960487,0.058805549040731334
6754,9968998,Spot Grid,1,LUNCUSDT,1.0,3586742,4.13,215.55634165,81.0,0.03826238,0.058050673385609194
6755,10096314,Spot Grid,1,BTCUSDT,1.0,763424,0.81,81.76610158,146.0,0.00871342,0.058020288536993245
6756,10073760,Spot Grid,1,BTCUSDC,1.0,1150345,0.85,17.07674409,51.0,0.00825472,0.05774423518608357
6757,10103739,Spot Grid,1,ETHEUR,1.0,628519,1.48,21.33148678,157.0,0.01173997,0.05765434722682806
6758,10129739,Spot Grid,1,ETHUSDT,1.0,151853,0.44,44.98254836,19.0,0.00121645,0.05756685125262256
6759,10099165,Spot Grid,1,LINKUSDT,1.0,713748,4.18,14.2172464,77.0,0.02516108,0.05740238835223489
6760,10129287,Spot Grid,1,SUIUSDT,1.0,165571,2.34,37.88510874,5.0,0.01134738,0.05738793674259232
6761,10106790,Spot Grid,1,QNTUSDT,1.0,567284,16.43,12.06738828,47.0,0.0909296,0.057355677749215336
6762,10129271,Spot Grid,1,XRPUSDT,1.0,165857,0.73,11.12981435,5.0,0.0024095,0.057157153354644386
6763,10107123,Spot Grid,1,BNBUSDC,1.0,561808,0.67,33.66512913,92.0,0.00574093,0.056891111591562286
6764,10113007,Spot Grid,1,BNBUSDT,1.0,436087,1.33,11.624172,45.0,0.00774297,0.056011835775602044
6765,10129504,Spot Grid,1,AIUSDT,1.0,157816,2.98,14.93647895,67.0,0.01606785,0.05595684069174449
6766,10130710,Spot Grid,1,BTCUSDT,1.0,128693,0.59,17.99095317,1.0,0.00151704,0.05511810903401217
6767,10130837,Spot Grid,1,ETHUSDT,1.0,125390,0.63,51.76871753,1.0,0.00192926,0.05427849235572996
6768,10084613,Spot Grid,1,ETHUSDT,1.0,990447,1.5,31.04393127,55.0,0.01143134,0.05409640172828012
6769,9985710,Spot Grid,1,ONTUSDT,1.0,3216271,7.32,25.64129689,63.0,0.05294224,0.05397644363023188
6770,10091539,Spot Grid,1,ADAUSDT,1.0,842112,4.65,72.71265945,164.0,0.03056193,0.053952807002850045
6771,10120676,Spot Grid,1,BTCUSDT,1.0,337804,1.13,11.35922508,8.0,0.00553402,0.05377473759389025
6772,10130780,Spot Grid,1,BTCUSDT,1.0,126722,0.51,15.41783812,2.0,0.00113351,0.053754383383491984
6773,10133051,Spot Grid,1,BTCUSDT,1.0,56628,0.39,30.18372328,3.0,0.0002812,0.053582080508527766
6774,10106076,Spot Grid,1,BTCUSDT,1.0,578481,1.7,48.25946417,53.0,0.01085594,0.05297957139888971
6775,10075966,Spot Grid,1,XRPUSDT,1.0,1116646,1.45,14.51923781,289.0,0.01661232,0.05286720206929976
6776,10085876,Spot Grid,1,BTCUSDT,1.0,955937,2.92,20.86899685,52.0,0.01900364,0.0524874308178486
6777,10117263,Spot Grid,1,BTCUSDC,1.0,391337,0.44,17.79200271,26.0,0.00246664,0.052133440246682886
6778,10133487,Spot Grid,1,BTCUSDT,1.0,45441,0.39,19.9543697,2.0,0.0002431,0.05150350806673184
6779,10128717,Spot Grid,1,NEARUSDT,1.0,182147,1.89,18.94529699,8.0,0.00916063,0.051438277786661775
6780,10061046,Spot Grid,1,DOGEUSDT,1.0,1342482,7.27,40.35208619,192.0,0.04757022,0.05132832482285434
6781,10105029,Spot Grid,1,SOLUSDT,1.0,599166,1.55,28.93872001,129.0,0.0117406,0.05027717792944293
6782,10072472,Spot Grid,1,BTCUSDT,1.0,1163812,1.27,63.94036947,123.0,0.01268773,0.0499599507531237
6783,10126886,Spot Grid,1,BTCFDUSD,1.0,220753,0.96,50.94840685,102.0,0.00646704,0.04950926312616676
6784,10129441,Spot Grid,1,NOMUSDT,1.0,160647,4.82,24.10813189,36.0,0.02581366,0.04916090583477534
6785,10106207,Spot Grid,1,BTCUSDT,1.0,576566,1.69,25.36198454,53.0,0.01083294,0.04905398655013528
6786,10131574,Spot Grid,1,BTCUSDT,1.0,104454,0.26,132.94981509,1.0,0.00046859,0.048398840309628745
6787,10074290,Spot Grid,1,ETHFDUSD,1.0,1143255,2.21,13.06754786,268.0,0.02065235,0.047416380440800945
6788,10078792,Spot Grid,1,BTCFDUSD,1.0,1077626,0.42,129.30870579,485.0,0.01578183,0.04699482758410449
6789,10132680,Spot Grid,1,BTCUSD1,1.0,68420,0.53,10.74445554,3.0,0.00127194,0.04675634888932731
6790,10124196,Spot Grid,1,OPGUSDT,1.0,263042,1.28,12.83711549,29.0,0.00679571,0.04609419280878725
6791,10130286,Spot Grid,1,BCHUSDC,1.0,137767,2.1,103.68914324,1.0,0.01063002,0.0459076002572406
6792,10105781,Spot Grid,1,ARKMUSDT,1.0,584142,1.96,23.08035786,71.0,0.01285216,0.0455644004398327
6793,10081123,Spot Grid,1,LINKUSDT,1.0,1039339,4.69,190.34558417,200.0,0.03333643,0.045340634352769235
6794,10120601,Spot Grid,1,SOLFDUSD,1.0,339243,1.31,13.71187121,220.0,0.01139134,0.04459504070816506
6795,10094077,Spot Grid,1,ETHUSDC,1.0,810673,1.2,60.08419646,19.0,0.00881659,0.0439438125024936
6796,10104310,Spot Grid,1,BTCUSDT,1.0,615414,1.65,40.31593122,6.0,0.01009844,0.04318263232782251
6797,10097749,Spot Grid,1,BTCUSDT,1.0,738881,1.17,23.58172194,123.0,0.01038926,0.043169198111139624
6798,10069863,Spot Grid,1,ETHUSDT,1.0,1183356,1.9,47.51200015,24.0,0.01433174,0.04269437360400526
6799,10106649,Spot Grid,1,NVDABUSDT,1.0,569472,0.65,19.56427079,58.0,0.00549043,0.04150318071921924
6800,10108174,Spot Grid,1,SOLUSDT,1.0,537205,1.83,45.87506184,40.0,0.01156496,0.041493503375279565
6801,10105260,Spot Grid,1,BTCUSDT,1.0,594534,1.48,10.80817834,60.0,0.01014159,0.04138995228219239
6802,10084822,Spot Grid,1,NEARUSDT,1.0,986138,5.32,17.11934869,153.0,0.03483283,0.041322545687331666
6803,10106938,Spot Grid,1,BTCFDUSD,1.0,565043,1.6,160.33413381,89.0,0.01206985,0.04101479778928691
6804,10070812,Spot Grid,1,BTCUSDC,1.0,1176035,1.15,276.27322686,7.0,0.01108514,0.04089496964577158
6805,10088055,Spot Grid,1,SOLFDUSD,1.0,911596,2.88,28.81913458,52.0,0.01910258,0.040872902715209394
6806,10108283,Spot Grid,1,BTCUSDT,1.0,533683,0.82,29.98429036,19.0,0.00552325,0.04083062540867538
6807,10095398,Spot Grid,1,BTCUSDT,1.0,784746,1.28,41.28828444,93.0,0.01074237,0.04071108908586356
6808,10129547,Spot Grid,1,BTCUSDT,1.0,157346,0.19,23.76676424,17.0,0.00040511,0.040518643075498094
6809,10131169,Spot Grid,1,ETHUSDT,1.0,117928,0.38,18.12428106,1.0,0.00091635,0.04033220933369968
6810,10122598,Spot Grid,1,BNBUSDT,1.0,299353,1.48,235.57354775,10.0,0.00902298,0.040267450352721945
6811,10123680,Spot Grid,1,BTCUSDT,1.0,211092,0.82,41.24287433,4.0,0.00390838,0.040244782060359745
6812,10131676,Spot Grid,1,ETHUSDT,1.0,100147,0.51,25.71586264,1.0,0.00160134,0.04007016114165027
6813,10103302,Spot Grid,1,JASMYUSDT,1.0,638070,5.39,21.25337128,64.0,0.03195191,0.03919191492502555
6814,10067503,Spot Grid,1,ETHUSDT,1.0,1211859,1.59,42.76344886,75.0,0.0139545,0.03913870418218511
6815,10130491,Spot Grid,1,QNTUSDT,1.0,133397,0.23,11.76346541,1.0,0.00019868,0.03859439860574742
6816,10107857,Spot Grid,1,SOLUSDC,1.0,547069,1.09,11.52187492,15.0,0.00696935,0.03856804811546734
6817,9990150,Spot Grid,1,FRAXUSDT,1.0,3050276,5.56,27.83508909,327.0,0.04881981,0.03848984443538175
6818,10126207,Spot Grid,1,BTCFDUSD,1.0,229197,1.12,134.58406486,62.0,0.00740911,0.038391830161065815
6819,10134024,Spot Grid,1,SUIUSDT,1.0,29222,0.59,29.74802661,14.0,0.00210186,0.03832451900656203
6820,10087217,Spot Grid,1,LTCUSDT,1.0,924585,5.26,38.06828192,862.0,0.0494835,0.037986685257434746
6821,10133979,Spot Grid,1,ETHUSDT,1.0,34395,0.25,22.71968586,2.0,4.27e-06,0.03755296594296707
6822,10084444,Spot Grid,1,BNBUSDT,1.0,993025,1.91,29.89918906,90.0,0.01509848,0.037221636152361647
6823,10068472,Spot Grid,1,PEPEUSDT,1.0,1193283,7.84,13.43289402,214.0,0.0509481,0.03715449981886356
6824,10133256,Spot Grid,1,BTCUSDT,1.0,51322,0.27,14.32139012,3.0,0.00019455,0.03679340262283254
6825,10108320,Spot Grid,1,BNBUSDT,1.0,532544,0.85,15.77825325,39.0,0.00621714,0.036237044392079955
6826,10123683,Spot Grid,1,BTCUSDT,1.0,211092,0.82,41.11930509,2.0,0.00403478,0.03602840039563511
6827,10067773,Spot Grid,1,BNBUSDT,1.0,1206684,1.74,52.22487941,196.0,0.01755103,0.034430632890415126
6828,10131893,Spot Grid,1,SUIUSDT,1.0,92839,2.16,37.40787246,19.0,0.01127013,0.03435878882547226
6829,10123678,Spot Grid,1,BTCUSDT,1.0,211091,0.77,38.7508257,2.0,0.00383601,0.03386128576536488
6830,10131067,Spot Grid,1,PEPEUSDT,1.0,120047,1.85,226.52436804,38.0,0.01110273,0.0334078816724594
6831,10078676,Spot Grid,1,SOLUSDT,1.0,1079066,2.27,11.35555989,171.0,0.01922015,0.03310338846369953
6832,10110190,Spot Grid,1,BTCEUR,1.0,495116,1.0,22.48890903,6.0,0.00635606,0.03270898333081346
6833,10092001,Spot Grid,1,SOLUSDT,1.0,837393,2.76,24.92146613,81.0,0.01907118,0.032184204530503156
6834,10085329,Spot Grid,1,BTCUSDT,1.0,971889,1.09,10.99338865,142.0,0.01172882,0.03211215609604371
6835,10085401,Spot Grid,1,ETHUSDT,1.0,969624,1.39,13.91909145,120.0,0.0129292,0.031646233190628544
6836,10069473,Spot Grid,1,XRPFDUSD,1.0,1186550,3.3,27.92346309,422.0,0.03079235,0.03110175890495854
6837,10090850,Spot Grid,1,ADAUSDT,1.0,855599,5.18,259.37169302,115.0,0.03436183,0.031083388386907856
6838,10067674,Spot Grid,1,ETHUSDT,1.0,1208627,2.32,23.24372698,118.0,0.0190768,0.030877742937446447
6839,10132967,Spot Grid,1,BTCUSDC,1.0,59110,0.4,28.96374307,4.0,0.00127475,0.030842416272820607
6840,9869319,Spot Grid,1,DOGEBTC,1.0,7001113,0.67,20.32150297,227.0,0.03710797,0.03064780236388849
6841,10085525,Spot Grid,1,APTUSDT,1.0,965533,6.78,33.91780605,89.0,0.04190322,0.0304612871258967
6842,10092316,Spot Grid,1,BTCUSDT,1.0,834388,1.98,19.80178731,78.0,0.01477326,0.03035923038035345
6843,10076853,Spot Grid,1,BTCFDUSD,1.0,1102562,0.85,19.6230414,433.0,0.01726305,0.02992232893669804
6844,10096037,Spot Grid,1,BTCUSDC,1.0,769381,1.47,14.78206842,29.0,0.0106791,0.029432441079217275
6845,10131997,Spot Grid,1,BTCFDUSD,1.0,89101,0.26,10.44433485,2.0,0.0005591,0.029351999292910495
6846,10056965,Spot Grid,1,ETHFIUSDT,1.0,1413739,4.11,44.7796684,170.0,0.03103481,0.029023281117574774
6847,10106422,Spot Grid,1,ICPUSDT,1.0,573065,5.76,32.87044395,92.0,0.03475975,0.029015604000204656
6848,10104519,Spot Grid,1,BTCUSDT,1.0,611122,1.38,87.1471945,94.0,0.01127653,0.028957618723772893
6849,10060734,Spot Grid,1,XLMUSDT,1.0,1347305,8.12,52.22695279,291.0,0.05532313,0.028297779819887008
6850,10086133,Spot Grid,1,DOGEUSDT,1.0,949870,3.05,18.45443492,384.0,0.02771,0.027363103222442006
6851,10097889,Spot Grid,1,BTCUSDC,1.0,736640,1.12,11.29303759,120.0,0.01062807,0.027018545324240674
6852,10127204,Spot Grid,1,BTCFDUSD,1.0,215508,0.57,47.6261977,91.0,0.00496495,0.026991215317562774
6853,10120599,Spot Grid,1,MORPHOUSDT,1.0,333889,3.22,16.11280061,49.0,0.01893368,0.026713222660444767
6854,10087684,Spot Grid,1,BTCUSDT,1.0,915632,1.31,25.19575826,85.0,0.01177966,0.026627859021923633
6855,10081911,Spot Grid,1,ETHFDUSD,1.0,1029028,0.37,45.85258504,423.0,0.0143823,0.026509677890475952
6856,10106031,Spot Grid,1,ETHUSDT,1.0,579290,2.1,39.99607878,56.0,0.01414303,0.02624849643518127
6857,10106933,Spot Grid,1,BTCUSD1,1.0,565102,1.6,160.44262383,70.0,0.01227927,0.025812511646905543
6858,10128373,Spot Grid,1,ZECUSDT,1.0,191682,2.6,14.07142662,3.0,0.01399826,0.025489456189220536
6859,10092734,Spot Grid,1,XRPUSDT,1.0,830027,0.26,19.14108927,55.0,0.0050486,0.025460785409731134
6860,10127485,Spot Grid,1,BTCUSDC,1.0,210783,0.13,24.89734003,10.0,0.0007687,0.02543560358933139
6861,10120559,Spot Grid,1,BTCUSDT,1.0,340294,0.5,12.5985994,99.0,0.00517423,0.025252540590133616
6862,10086204,Spot Grid,1,BTCUSDT,1.0,948057,0.97,19.55029948,58.0,0.00951603,0.02516629753900471
6863,10113911,Spot Grid,1,BTCUSDT,1.0,416346,0.84,19.28350961,89.0,0.00718922,0.025092437664754108
6864,10096505,Spot Grid,1,XLMUSDT,1.0,760612,3.25,16.28203239,102.0,0.02212235,0.024765520183408878
6865,10128646,Spot Grid,1,SOLUSDT,1.0,184132,0.78,234.6548265,2.0,0.00516586,0.0243291983403933
6866,10129568,Spot Grid,1,SOLUSDT,1.0,156708,0.22,13.47652086,8.0,0.00099499,0.023793342155749686
6867,10086311,Spot Grid,1,BNBUSDT,1.0,945426,1.15,41.67208599,56.0,0.01061881,0.02373429915943103
6868,10070121,Spot Grid,1,BTCUSDC,1.0,1181365,1.39,173.75927593,27.0,0.01300918,0.023667838275713254
6869,10121476,Spot Grid,1,XRPUSDT,1.0,320378,2.66,27.46604862,2.0,0.01499786,0.02366208793752292
6870,10127305,Spot Grid,1,FETUSDC,1.0,213966,8.43,16.8723406,1.0,0.04604834,0.02355027557446477
6871,10071992,Spot Grid,1,BTCUSDT,1.0,1167809,1.34,13.79173297,14.0,0.01160553,0.023028999826989627
6872,10126930,Spot Grid,1,SUIUSDT,1.0,210634,3.12,15.62427018,12.0,0.01722268,0.023017332191222362
6873,10070882,Spot Grid,1,BTCUSDT,1.0,1175569,0.95,12.36534225,226.0,0.01400078,0.02257120307232385
6874,10074516,Spot Grid,1,SOLUSDC,1.0,1139820,2.2,30.83966311,131.0,0.01878254,0.022351415724100078
6875,10129810,Spot Grid,1,UNIUSDT,1.0,129654,1.0,16.96441912,2.0,0.00510461,0.022157660804569865
6876,10086353,Spot Grid,1,NEARUSDT,1.0,944501,13.1,497.9421287,77.0,0.07887465,0.021936084056130636
6877,10130760,Spot Grid,1,BNBUSDT,1.0,127137,0.62,50.8745643,37.0,0.00393939,0.021903587320990868
6878,10069233,Spot Grid,1,BNBUSDT,1.0,1188494,1.4,12.6860088,45.0,0.01272276,0.021777317006956398
6879,10078873,Spot Grid,1,BTCEUR,1.0,1076278,1.29,17.05173535,84.0,0.01249475,0.021626318251968812
6880,10131603,Spot Grid,1,ZECUSDT,1.0,103130,1.55,20.58903744,2.0,0.00804174,0.02161048951726469
6881,10133751,Spot Grid,1,BNBUSDT,1.0,40070,0.13,43.65621786,3.0,0.00014299,0.02156046913673923
6882,10087727,Spot Grid,1,BTCUSDT,1.0,914890,1.3,40.99763142,84.0,0.0119876,0.021505773501369646
6883,10132689,Spot Grid,1,BTCUSDT,1.0,67994,0.12,39.13857344,9.0,0.00031495,0.0214705284386396
6884,10079487,Spot Grid,1,BTCUSDT,1.0,1067831,1.44,12.85069977,16.0,0.0118282,0.021403010011944706
6885,10131946,Spot Grid,1,ETHUSDT,1.0,91005,0.39,11.97197915,1.0,0.00159626,0.021113600330239346
6886,10116080,Spot Grid,1,BTCFDUSD,1.0,397339,1.49,14.90250141,138.0,0.01184692,0.020918778013636175
6887,10069637,Spot Grid,1,ETHUSDT,1.0,1185025,1.07,10.73026934,12.0,0.01023417,0.0207710316375355
6888,10132716,Spot Grid,1,GNSUSDT,1.0,67234,1.72,17.23322192,40.0,0.00963937,0.020763283265655755
6889,10132354,Spot Grid,1,ETHUSDT,1.0,78195,0.31,13.24459995,7.0,0.00125733,0.02061211298122251
6890,10091076,Spot Grid,1,NEARUSDT,1.0,850324,2.56,18.6662258,840.0,0.03452503,0.02055758395326547
6891,10084101,Spot Grid,1,BTCUSDT,1.0,997084,1.01,60.82012845,189.0,0.01312984,0.02014927751642281
6892,10131913,Spot Grid,1,ETHUSDT,1.0,92058,0.38,12.97457395,1.0,0.00159718,0.019968617039146024
6893,10125821,Spot Grid,1,MUBARAKUSDT,1.0,235456,2.57,10.8079348,12.0,0.01442018,0.01987882589367263
6894,10114919,Spot Grid,1,BTCUSDT,1.0,403892,0.74,29.90667966,53.0,0.00609376,0.019812873403731023
6895,10038998,Spot Grid,1,BNBBTC,1.0,1647985,0.31,124.59268983,105.0,0.01064695,0.019781520386906233
6896,10106841,Spot Grid,1,BTCUSD1,1.0,566424,1.55,155.53721682,72.0,0.01227469,0.019680037981536277
6897,10009390,Spot Grid,1,CAKEUSDT,1.0,2533652,6.11,270.28400797,526.0,0.05584739,0.019346447865805846
6898,10127722,Spot Grid,1,NEIROUSDT,1.0,206159,3.48,64.61463191,54.0,0.02047132,0.01910576927537707
6899,10027141,Spot Grid,1,TRXUSDC,1.0,2031656,0.1,20.87119953,90.0,0.01032311,0.01888176507265516
6900,10070509,Spot Grid,1,BTCUSDC,1.0,1178108,0.81,91.09433345,29.0,0.00963065,0.018880534201639026
6901,10122917,Spot Grid,1,BTCU,1.0,294325,0.42,126.07531543,7.0,0.00343364,0.01886455639985538
6902,10084678,Spot Grid,1,BNBUSDT,1.0,988817,1.81,12.7194575,68.0,0.01472781,0.018588845882151282
6903,10119393,Spot Grid,1,BNBUSDT,1.0,366795,1.38,13.88570355,6.0,0.00843096,0.018066686753553073
6904,10058707,Spot Grid,1,SOLETH,1.0,1383882,2.02,54.89311453,76.0,0.01797562,0.017999112105973776
6905,10106213,Spot Grid,1,SOLUSDT,1.0,576537,1.83,18.34712861,78.0,0.01334351,0.017890124426121368
6906,10079681,Spot Grid,1,BTCUSDT,1.0,1065177,0.44,26.74929338,114.0,0.00866293,0.017077678479761632
6907,10133019,Spot Grid,1,BTCUSDT,1.0,57695,0.18,12.22434528,7.0,0.00060362,0.016862677761644074
6908,10128333,Spot Grid,1,ZRXUSDT,1.0,192989,2.51,12.509863,4.0,0.01388519,0.016507828315097135
6909,10093821,Spot Grid,1,SOLUSDC,1.0,815698,1.73,242.87723653,49.0,0.01442121,0.01635981712577793
6910,10071444,Spot Grid,1,ETHFDUSD,1.0,1171086,1.12,44.80494778,16.0,0.01089665,0.016076198394219653
6911,10085700,Spot Grid,1,BTCUSD1,1.0,960932,1.19,23.95514748,287.0,0.01601924,0.0157904346933478
6912,10130407,Spot Grid,1,ZECUSDT,1.0,135460,0.92,18.50393703,6.0,0.0050416,0.015748354743471055
6913,10109462,Spot Grid,1,BNBUSDT,1.0,507090,1.26,19.01081399,34.0,0.00908744,0.015708347809471675
6914,10110920,Spot Grid,1,BTCUSDT,1.0,483010,1.09,13.14396767,73.0,0.00886659,0.01527373522201567
6915,10069935,Spot Grid,1,BTCUSDT,1.0,1182722,1.35,122.29948596,31.0,0.01298269,0.014539596644638124
6916,10088056,Spot Grid,1,BTCUSDT,1.0,599361,2.8,168.07370269,23.0,0.01849958,0.014310596069646523
6917,10103647,Spot Grid,1,SOLUSDT,1.0,630321,1.51,13.6294715,36.0,0.01107264,0.01382443700994225
6918,10105788,Spot Grid,1,BTCUSDT,1.0,584009,2.01,201.95895259,32.0,0.01450467,0.013580351610755848
6919,10106836,Spot Grid,1,BTCFDUSD,1.0,566506,1.42,142.42087616,87.0,0.01206585,0.013397486877980485
6920,10086718,Spot Grid,1,BTCUSDT,1.0,935282,1.56,15.66753398,19.0,0.01232174,0.013299600962428902
6921,10068072,Spot Grid,1,BNBUSDT,1.0,1200323,1.66,100.08238182,64.0,0.01540179,0.012959781883865266
6922,9674098,Spot Grid,1,API3USDT,1.0,11234676,1.73,19.09269683,288.0,0.06306962,0.011233944321874592
6923,10121159,Spot Grid,1,SUIUSDT,1.0,327771,2.55,38.25755703,942.0,0.03487431,0.011123400126627006
6924,10112777,Spot Grid,1,ETHFDUSD,1.0,422075,2.34,23.4013627,21.0,0.01457649,0.01086366977986696
6925,10074033,Spot Grid,1,BTCUSDT,1.0,1147145,0.89,278.68406004,63.0,0.01195767,0.010478174226948543
6926,10084571,Spot Grid,1,BTCUSDT,1.0,991135,1.29,38.84631994,118.0,0.0134201,0.010226466837824069
6927,10073568,Spot Grid,1,BTCUSDC,1.0,1152284,0.07,501.2939279,11.0,0.00759302,0.009079586478374122
6928,10125357,Spot Grid,1,BTCUSDT,1.0,211708,0.64,12.87509702,1.0,0.00397151,0.009000556503679511
6929,10130767,Spot Grid,1,SUIUSDT,1.0,126999,2.62,10.50560361,4.0,0.0145148,0.008540147755970026
6930,10129751,Spot Grid,1,ADAUSDT,1.0,151579,1.07,21.50476965,7.0,0.00628749,0.007793154887247096
6931,9957409,Spot Grid,1,XRPFDUSD,1.0,3794286,0.33,34.80681473,967.0,0.03819198,0.007698250202234358
6932,10000196,Spot Grid,1,BNBETH,1.0,2733077,0.42,53.06905967,4.0,0.01387943,0.007410321782619746
6933,10069722,Spot Grid,1,BTCFDUSD,1.0,1184331,1.59,31.8322187,62.0,0.01478113,0.007380440585203797
6934,10086564,Spot Grid,1,BTCUSDT,1.0,939855,1.24,24.97454694,102.0,0.01263298,0.007349250566582701
6935,10068172,Spot Grid,1,BNBUSDT,1.0,1198548,2.0,50.09144579,296.0,0.02213657,0.007224714079635125
6936,10085463,Spot Grid,1,BTCUSDT,1.0,967835,1.14,11.49086985,119.0,0.01250947,0.007005332998584815
6937,10132500,Spot Grid,1,HBARUSDT,1.0,73017,1.44,12.04909185,3.0,0.00790083,0.006359499060145778
6938,10127316,Spot Grid,1,FETUSDT,1.0,213858,6.68,16.24041508,6.0,0.03726571,0.0063156784091389015
6939,10131056,Spot Grid,1,ZECUSDT,1.0,120365,1.41,55.18909491,7.0,0.00825024,0.006242472420851623
6940,9957627,Spot Grid,1,FLOKIUSDC,1.0,3792078,6.06,30.83377518,527.0,0.06027142,0.006183017218465252
6941,10128633,Spot Grid,1,BNBBTC,1.0,184529,1.07,67.28938652,9.0,0.00678428,0.005847084262768781
6942,10081924,Spot Grid,1,SOLUSDT,1.0,1028813,2.03,36.75987855,84.0,0.01708397,0.005664922051337035
6943,10092575,Spot Grid,1,TAOUSDT,1.0,831813,1.97,41.45329636,233.0,0.0190945,0.005554767853868919
6944,10072691,Spot Grid,1,BTCUSDT,1.0,1161894,0.38,35.02707484,116.0,0.00929628,0.005540431639031998
6945,10085554,Spot Grid,1,TAOUSDT,1.0,964646,4.09,20.48042271,139.0,0.02920224,0.0046882700195654756
6946,10073182,Spot Grid,1,BNBUSDC,1.0,1156767,0.56,35.07407838,42.0,0.00875638,0.00398814139886362
6947,10128939,Spot Grid,1,TAOUSDT,1.0,175945,1.18,178.33647804,2.0,0.00785573,0.0037765229329117696
6948,10090481,Spot Grid,1,BTCUSDT,1.0,865560,1.34,13.45682091,62.0,0.01211808,0.003342059658597782
6949,10127574,Spot Grid,1,ETHUSDT,1.0,209245,0.43,15.53537598,4.0,0.00312033,0.0032386181677982037
6950,10119649,Spot Grid,1,BTCUSDT,1.0,363279,0.68,36.44038592,92.0,0.00711694,0.0032210693867470172
6951,10090353,Spot Grid,1,SOLUSDT,1.0,868313,1.91,29.37066301,24.0,0.01454417,0.0029160972432076566
6952,10110765,Spot Grid,1,LTCETH,1.0,485254,2.88,39.30264084,40.0,0.01863454,0.002173067367668667
6953,10085549,Spot Grid,1,TAOUSDT,1.0,964721,4.07,20.37666272,139.0,0.02920224,0.001957922956180927
6954,10124762,Spot Grid,1,BTCFDUSD,1.0,253888,0.98,22.24759261,92.0,0.00828792,0.001482861079354263
6955,10107209,Spot Grid,1,SOLUSDT,1.0,560416,0.97,29.19192206,72.0,0.00917731,0.0009534786244698966
6956,10070939,Spot Grid,1,BTCUSDT,1.0,1174926,1.35,19.35247584,56.0,0.0135098,0.0005733655402531679
6957,10079519,Spot Grid,1,BTCUSDT,1.0,1067402,1.36,68.38174465,185.0,0.01609473,0.00036415101390841614
6958,10131248,Spot Grid,1,PUMPUSDT,1.0,115861,1.87,5247.62102395,113.0,0.03993183,0.00034690765107498606
6959,10024286,Spot Grid,1,ETHBTC,1.0,2118931,0.25,28.10258235,133.0,0.01322423,-4.600060486028949e-05
6960,10068069,Spot Grid,1,ETHUSDT,1.0,1200346,2.1,21.66023947,117.0,0.01909107,-0.0010638529423086414
6961,10104606,Spot Grid,1,BTCUSDT,1.0,609610,1.57,47.11722287,52.0,0.01242444,-0.0011449611505137507
6962,10124766,Spot Grid,1,BTCFDUSD,1.0,253858,0.86,19.48829194,81.0,0.00752449,-0.002010779731212594
6963,10111818,Spot Grid,1,BTCUSDT,1.0,467479,1.29,10.38560755,41.0,0.0099031,-0.002144715956598712
6964,10126107,Spot Grid,1,WLDUSDC,1.0,230775,3.38,13.97782624,48.0,0.020501,-0.0022829336558784566
6965,10087685,Spot Grid,1,BTCUSDT,1.0,915626,1.27,12.76125554,21.0,0.01130432,-0.002292872071515571
6966,10127276,Spot Grid,1,ETHFDUSD,1.0,214329,0.5,25.54261136,39.0,0.0045406,-0.0023258413569112076
6967,10117588,Spot Grid,1,BNBUSDT,1.0,387911,1.3,13.00827005,4.0,0.00886358,-0.002523197566388271
6968,10069619,Spot Grid,1,BTCUSDC,1.0,1185301,2.43,48.7438764,138.0,0.02148331,-0.002732697742311146
6969,10113500,Spot Grid,1,SOLUSDT,1.0,424676,1.41,17.0045327,67.0,0.01098642,-0.0027784997950819953
6970,10130144,Spot Grid,1,DGBUSDT,1.0,141475,0.79,13.62119269,16.0,0.00529149,-0.0029035149005243645
6971,10083925,Spot Grid,1,BTCUSDT,1.0,998753,1.31,13.11648556,135.0,0.01431945,-0.002968931524744648
6972,10088679,Spot Grid,1,JTOUSDT,1.0,903278,7.14,57.14269773,226.0,0.04797643,-0.0031812422049571493
6973,10070341,Spot Grid,1,BTCUSDC,1.0,1179548,1.36,13.69882824,31.0,0.01317822,-0.0032096089664332937
6974,10091801,Spot Grid,1,BTCUSDT,1.0,839165,1.33,18.46061087,35.0,0.01167446,-0.0033663678362616262
6975,10074805,Spot Grid,1,EGLDUSDT,1.0,1135086,3.52,18.70798624,769.0,0.04051476,-0.004857825687953551
6976,10077654,Spot Grid,1,EGLDUSDT,1.0,1090262,4.56,13.50376561,137.0,0.03261656,-0.004859123919894598
6977,10068007,Spot Grid,1,XRPUSDC,1.0,1201389,4.64,14.81722939,68.0,0.03208207,-0.005002857178265478
6978,10084606,Spot Grid,1,BTCUSDT,1.0,990531,1.71,10.69564983,252.0,0.0190273,-0.005235801754204395
6979,10082079,Spot Grid,1,ADAUSDT,1.0,1026403,3.35,16.84970393,39.0,0.02372096,-0.006236557061413232
6980,10072197,Spot Grid,1,BTCUSDT,1.0,1166374,1.09,10.98166117,57.0,0.01231899,-0.006659273675038322
6981,10099993,Spot Grid,1,BTCUSDT,1.0,693061,1.46,11.95188577,90.0,0.01303566,-0.006955007627653005
6982,10071499,Spot Grid,1,SOLUSDT,1.0,1170688,2.11,10.66177073,76.0,0.0183408,-0.007183330932051656
6983,10069081,Spot Grid,1,BTCUSDT,1.0,1189296,0.98,98.13648881,27.0,0.01165099,-0.007219067932222063
6984,10118993,Spot Grid,1,ADAUSDC,1.0,373301,4.76,32.76951516,43.0,0.02885226,-0.007239301439926609
6985,10107077,Spot Grid,1,BTCUSDT,1.0,562577,2.17,25.30703622,174.0,0.01823351,-0.007558418684218068
6986,10130031,Spot Grid,1,ENAUSDT,1.0,144058,1.74,13.759405,3.0,0.01041808,-0.0076583744857808105
6987,10060649,Spot Grid,1,BNBUSDT,1.0,1348712,1.77,17.7275692,113.0,0.01808783,-0.00786944313430505
6988,10114450,Spot Grid,1,BNBUSDT,1.0,408805,1.98,39.6691326,3.0,0.01302037,-0.008254600438583693
6989,10117587,Spot Grid,1,LINKUSDT,1.0,387916,1.25,25.1161994,7.0,0.00895298,-0.008430474383139697
6990,10068164,Spot Grid,1,ETHUSDT,1.0,1198791,1.74,23.81606936,212.0,0.0194391,-0.008627007100443264
6991,10121106,Spot Grid,1,SOLUSDT,1.0,329063,1.5,24.01008158,33.0,0.01062778,-0.008775130355135339
6992,10099462,Spot Grid,1,BTCUSDT,1.0,705923,1.01,14.38913577,120.0,0.01136493,-0.00918780822151675
6993,10126984,Spot Grid,1,BTCUSDC,1.0,219318,0.11,19.7213545,4.0,0.00193784,-0.009313033614662814
6994,9676747,Spot Grid,1,VIRTUALUSDT,1.0,12780801,0.37,56.23286957,639.0,0.07070483,-0.009969590771102474
6995,10069289,Spot Grid,1,BTCUSDT,1.0,1188076,1.43,28.61453418,24.0,0.01383099,-0.010794116052867354
6996,10123349,Spot Grid,1,SOLETH,1.0,285209,0.89,167.91996364,4.0,0.00733566,-0.011439847203599682
6997,10130008,Spot Grid,1,TAOUSDT,1.0,144692,2.08,11.92449599,1.0,0.01238399,-0.011499825912955966
6998,10114815,Spot Grid,1,BTCUSDT,1.0,329386,1.73,26.05766138,44.0,0.01225699,-0.011909435124330845
6999,10059940,Spot Grid,1,ETHUSDC,1.0,1360831,2.06,24.87439869,216.0,0.02211586,-0.012182972646582364
7000,10131660,Spot Grid,1,UNIUSDT,1.0,100743,0.89,44.9000063,11.0,0.00609614,-0.012275729259062212
7001,10080821,Spot Grid,1,BTCUSDC,1.0,1023499,0.71,49.21519207,48.0,0.00986272,-0.012331103972805296
7002,10108234,Spot Grid,1,BTCUSDT,1.0,535221,1.41,14.1020964,43.0,0.01132229,-0.01238976140153082
7003,10078759,Spot Grid,1,BTCUSDT,1.0,1078099,0.27,21.21259634,28.0,0.00716451,-0.013413324406076035
7004,10086299,Spot Grid,1,BTCUSDT,1.0,945681,0.9,13.03134015,37.0,0.01021734,-0.013981733764923364
7005,10113032,Spot Grid,1,BTCUSDT,1.0,435660,1.07,11.18356675,43.0,0.00910131,-0.014388338083142676
7006,10081232,Spot Grid,1,BTCUSDT,1.0,1037768,0.89,12.49927824,102.0,0.01195289,-0.01458333388459983
7007,10127580,Spot Grid,1,ETHUSDT,1.0,209104,0.73,12.79942398,1.0,0.00543341,-0.015421188725864635
7008,10121323,Spot Grid,1,BTCUSDT,1.0,323904,1.23,61.74050402,30.0,0.00956149,-0.01631344281273054
7009,10129323,Spot Grid,1,SOLUSDT,1.0,164463,0.28,37.42596244,6.0,0.00306284,-0.016677351905837835
7010,9921554,Spot Grid,1,1000CHEEMSUSDT,1.0,4866148,3.83,10.81755615,394.0,0.050683,-0.01724431053992427
7011,10104680,Spot Grid,1,BNBUSDT,1.0,607775,1.32,81.14600756,84.0,0.01256931,-0.017796688190136127
7012,10116881,Spot Grid,1,BTCUSDT,1.0,393477,1.59,159.18865071,58.0,0.0129968,-0.018161820645553294
7013,10110982,Spot Grid,1,BTCUSDT,1.0,482185,1.22,12.93490917,98.0,0.01144623,-0.01818558687665746
7014,10110410,Spot Grid,1,ETHUSDT,1.0,490267,0.53,29.87108486,17.0,0.00607914,-0.018211383840983593
7015,10071417,Spot Grid,1,BTCUSDC,1.0,1171269,0.57,58.38535669,28.0,0.00960178,-0.018544011311489705
7016,10084460,Spot Grid,1,ETHUSDT,1.0,992833,1.53,76.8593098,117.0,0.0160764,-0.018686861416387056
7017,10131441,Spot Grid,1,ZECUSDT,1.0,109060,0.79,11.90560669,5.0,0.00555308,-0.018880284809189754
7018,10097773,Spot Grid,1,BTCUSDT,1.0,738371,0.77,15.55609924,42.0,0.00902375,-0.021083341543423097
7019,10120004,Spot Grid,1,ARUSDT,1.0,354019,5.89,155.27116015,42.0,0.03614577,-0.02175753178221551
7020,10121006,Spot Grid,1,ETHUSDT,1.0,331526,0.91,91.56150211,14.0,0.00788503,-0.021973065895149323
7021,10113573,Spot Grid,1,SUIUSDT,1.0,422915,3.69,14.73505879,471.0,0.03278289,-0.022467819099709213
7022,10102049,Spot Grid,1,BTCUSDT,1.0,659591,1.16,30.74753932,8.0,0.01023776,-0.022519698665244635
7023,10092739,Spot Grid,1,ETHUSDT,1.0,830005,0.59,37.06126849,9.0,0.00792147,-0.023041895552349433
7024,10112380,Spot Grid,1,ADAUSDT,1.0,454278,3.66,71.81460599,172.0,0.02677359,-0.023793473219895292
7025,10102694,Spot Grid,1,ETHUSD1,1.0,649964,0.49,111.41017184,242.0,0.0119859,-0.024767372191169743
7026,9770198,Spot Grid,1,JTOUSDT,1.0,10333984,8.31,50.97892695,1097.0,0.1139654,-0.025029463307818522
7027,10075567,Spot Grid,1,NEARBTC,1.0,1123462,9.16,78.88098534,102.0,0.05833821,-0.025035295616691183
7028,10112008,Spot Grid,1,BTCUSDT,1.0,463757,1.46,14.67883457,51.0,0.01197933,-0.025253530020397704
7029,10094880,Spot Grid,1,BTCUSDC,1.0,794605,1.9,48.99043288,50.0,0.01596023,-0.025339275633096514
7030,10103858,Spot Grid,1,BTCUSDT,1.0,625929,1.07,10.75502448,121.0,0.01200356,-0.025365003071134602
7031,10077309,Spot Grid,1,BTCUSDT,1.0,1094622,0.92,19.97211472,41.0,0.01156193,-0.02588654600697879
7032,10068703,Spot Grid,1,BNBUSDC,1.0,1191866,1.4,21.05310653,51.0,0.01482726,-0.02602862607743034
7033,10127797,Spot Grid,1,NEARBTC,1.0,205275,1.35,15.18800118,37.0,0.01001096,-0.02605260217014107
7034,10080136,Spot Grid,1,XRPUSDT,1.0,1056661,1.08,27.68808739,26.0,0.01202208,-0.02649623179474484
7035,10091257,Spot Grid,1,BTCUSDC,1.0,846172,0.83,62.83810079,71.0,0.01088732,-0.02650328430928235
7036,10088194,Spot Grid,1,ETHUSDT,1.0,909918,1.16,11.69484151,49.0,0.01224437,-0.026680247058977983
7037,10112164,Spot Grid,1,ADAUSDT,1.0,460320,4.93,14.9495424,71.0,0.03143896,-0.026750086996663383
7038,10127183,Spot Grid,1,ETHUSDT,1.0,215969,0.86,13.85103525,2.0,0.00665953,-0.02684366688822351
7039,10113257,Spot Grid,1,BTCUSDT,1.0,430746,1.5,20.1629914,33.0,0.01177448,-0.0269958942280418
7040,9956396,Spot Grid,1,DOGEUSDT,1.0,3801685,4.36,104.56597997,236.0,0.04657145,-0.027174551353667878
7041,10073628,Spot Grid,1,BTCEUR,1.0,1151628,1.74,28.73807596,11.0,0.0157659,-0.027441402595686788
7042,10083609,Spot Grid,1,BNBUSDC,1.0,1000424,1.86,40.32465986,28.0,0.01619573,-0.027446429988708033
7043,10071226,Spot Grid,1,BTCUSDT,1.0,1172637,0.57,18.22288172,203.0,0.01347393,-0.027764865214462923
7044,10112792,Spot Grid,1,BTCUSDT,1.0,440738,1.49,16.49701812,34.0,0.0118236,-0.028460614610705634
7045,10081496,Spot Grid,1,BTCFDUSD,1.0,1034814,0.1,71.33234489,126.0,0.00903358,-0.029678000401483356
7046,10093323,Spot Grid,1,SOLUSDT,1.0,822434,1.18,11.32689482,46.0,0.01203841,-0.02976532917806137
7047,9770183,Spot Grid,1,JTOUSDT,1.0,10334241,8.5,52.90972104,1097.0,0.11521083,-0.029875033394484787
7048,10089791,Spot Grid,1,BTCUSDT,1.0,880229,1.14,34.28303544,66.0,0.01263192,-0.030366797037126345
7049,10088808,Spot Grid,1,BTCUSDT,1.0,900937,1.63,68.0223947,265.0,0.01980703,-0.03089620623184467
7050,10058896,Spot Grid,1,XRPUSDT,1.0,1379930,3.64,98.51761495,27.0,0.02797943,-0.030987904402330138
7051,10101064,Spot Grid,1,BTCUSDT,1.0,672779,1.04,41.64632472,113.0,0.01227537,-0.03149247887555243
7052,10112376,Spot Grid,1,SOLUSDT,1.0,454339,1.08,21.178385,95.0,0.01110964,-0.03236894691006297
7053,10130821,Spot Grid,1,USTCUSDT,1.0,125553,0.45,13.66276843,12.0,0.00447412,-0.03267503808164427
7054,10082824,Spot Grid,1,BTCUSDT,1.0,1014430,1.04,52.17075838,49.0,0.01250466,-0.03320549926697472
7055,10113039,Spot Grid,1,SUIUSDT,1.0,435484,4.16,116.20110311,73.0,0.02795148,-0.033459785922165634
7056,10121283,Spot Grid,1,BTCUSDT,1.0,324706,0.35,52.73186553,11.0,0.00500084,-0.0337432642450937
7057,10077493,Spot Grid,1,RENDERUSDT,1.0,1091889,4.03,58.25736337,341.0,0.03544292,-0.03407946327665997
7058,10067456,Spot Grid,1,BNBUSDC,1.0,1212802,1.66,19.96749864,39.0,0.01640358,-0.03408142248484433
7059,10123767,Spot Grid,1,BNBFDUSD,1.0,273900,1.72,17.37073855,7.0,0.01206186,-0.034921304724042826
7060,10112880,Spot Grid,1,ETHFDUSD,1.0,438680,1.98,19.88104779,22.0,0.01453477,-0.035305169960793976
7061,10070903,Spot Grid,1,BNBUSDT,1.0,1175267,1.43,48.5374422,41.0,0.01523941,-0.03571750167029198
7062,10073050,Spot Grid,1,XRPUSDT,1.0,1158449,2.92,18.96971201,46.0,0.02329866,-0.03629881556183809
7063,10076183,Spot Grid,1,BTCJPY,1.0,1112546,1.89,11.99972505,116.0,0.01891204,-0.036327395227586046
7064,10092427,Spot Grid,1,BTCFDUSD,1.0,833380,1.08,108.74938533,123.0,0.01393518,-0.03641548469278072
7065,10082705,Spot Grid,1,BTCUSDC,1.0,1016090,0.73,43.23899517,28.0,0.01046207,-0.03661728227722684
7066,10069627,Spot Grid,1,BTCUSDC,1.0,1185190,1.27,25.56877123,77.0,0.01509793,-0.036916958625674276
7067,10089261,Spot Grid,1,ETHUSDT,1.0,892431,0.7,35.20370556,50.0,0.01021689,-0.03720124984127804
7068,10068910,Spot Grid,1,ETHUSDT,1.0,1190383,1.21,10.46978186,19.0,0.01353483,-0.03810756344813952
7069,10110422,Spot Grid,1,SUIUSDT,1.0,490018,3.51,24.58271138,36.0,0.02356414,-0.03820748347961164
7070,10105137,Spot Grid,1,BTCUSDT,1.0,597056,1.69,84.94660858,41.0,0.01450376,-0.038851098466568874
7071,10085541,Spot Grid,1,BNBUSDT,1.0,965120,2.39,724.59945185,135.0,0.02519997,-0.03919194913766955
7072,10071353,Spot Grid,1,SOLUSDT,1.0,1171820,0.96,24.52501431,153.0,0.01505116,-0.03951352989961235
7073,10099773,Spot Grid,1,BTCUSDT,1.0,698374,1.16,12.53693761,16.0,0.01118017,-0.03997348041295885
7074,10085865,Spot Grid,1,TAOUSDC,1.0,956208,5.11,455.11655257,221.0,0.04051456,-0.04003366033278992
7075,10129989,Spot Grid,1,HBARUSDT,1.0,145316,1.27,63.85065383,2.0,0.00939122,-0.040109631132915026
7076,10126951,Spot Grid,1,BTCUSDC,1.0,219824,0.2,13.47050502,2.0,0.0036381,-0.0411825706483774
7077,10111459,Spot Grid,1,ADAUSDT,1.0,474720,4.63,26.40400628,185.0,0.03291725,-0.04138162619561382
7078,10105661,Spot Grid,1,UNIUSDT,1.0,586404,3.78,18.91464077,229.0,0.02963974,-0.04148966598307166
7079,10109293,Spot Grid,1,AVAXUSDT,1.0,510983,3.2,11.22956636,59.0,0.02252592,-0.04195969870497496
7080,10076350,Spot Grid,1,XRPUSDT,1.0,1110061,2.18,15.31923157,156.0,0.02158882,-0.04222837635192243
7081,9964719,Spot Grid,1,XRPUSDC,1.0,3669885,1.28,67.94125004,149.0,0.02774187,-0.04256692195177521
7082,10072244,Spot Grid,1,ETHUSDT,1.0,1166027,0.5,50.78872074,15.0,0.00985619,-0.042794296134653034
7083,10078926,Spot Grid,1,ETHEUR,1.0,1075310,1.05,39.30142893,35.0,0.01285589,-0.04313095019700011
7084,10080503,Spot Grid,1,ETHUSDC,1.0,1049671,0.74,10.38871507,57.0,0.0114521,-0.04526037551953886
7085,9955384,Spot Grid,1,XRPUSDT,1.0,3813797,3.54,58.41942582,33.0,0.03833346,-0.04534812191554563
7086,10097439,Spot Grid,1,BTCUSDT,1.0,744532,2.36,17.47145545,34.0,0.01860479,-0.04629922276045053
7087,10121956,Spot Grid,1,BTCUSDT,1.0,310397,1.12,22.40336152,48.0,0.01029752,-0.04661920927737542
7088,10084500,Spot Grid,1,BTCUSDT,1.0,992189,1.37,11.66457965,155.0,0.01679489,-0.046775306511613816
7089,10099523,Spot Grid,1,BTCUSDT,1.0,704539,1.46,18.40985872,26.0,0.01338889,-0.04741366996266132
7090,10075777,Spot Grid,1,BTCUSDT,1.0,1119802,2.35,23.50803073,11.0,0.01976861,-0.04804175844710769
7091,10070987,Spot Grid,1,LPTUSDT,1.0,1174472,3.99,11.33382132,69.0,0.03015994,-0.04849453500267399
7092,10074940,Spot Grid,1,BTCUSDT,1.0,1133329,1.3,10.43351694,89.0,0.01570579,-0.049099831879745745
7093,10132056,Spot Grid,1,VETUSDT,1.0,87106,1.24,18.23588841,2.0,0.0091243,-0.04958737365270728
7094,10092408,Spot Grid,1,BTCUSDC,1.0,833585,0.76,11.42982688,65.0,0.01103241,-0.05073600771277115
7095,10067156,Spot Grid,1,ETHUSDT,1.0,1218974,1.68,16.87612984,120.0,0.0189184,-0.051040500571095535
7096,10074770,Spot Grid,1,BTCJPY,1.0,1134419,1.74,11.01522077,119.0,0.01885947,-0.0516742739010664
7097,10056098,Spot Grid,1,UNIUSDT,1.0,1425164,6.86,1410.46473499,300.0,0.05917263,-0.05228066410311264
7098,10121052,Spot Grid,1,BTCUSDT,1.0,330440,1.61,483.89039519,16.0,0.0149958,-0.05246322563621031
7099,10067382,Spot Grid,1,FLOKIUSDT,1.0,1214277,3.29,54.69603209,197.0,0.02959017,-0.05247140819009972
7100,10114035,Spot Grid,1,FETUSDT,1.0,414242,9.06,20.12404901,31.0,0.05408117,-0.05307420915321506
7101,10103566,Spot Grid,1,BTCUSDC,1.0,632312,1.01,506.61056865,16.0,0.01316503,-0.05359659463300341
7102,10085976,Spot Grid,1,BTCUSDT,1.0,953546,1.19,23.96396257,23.0,0.013223,-0.05443966930420304
7103,10122246,Spot Grid,1,SOLUSDC,1.0,305235,1.36,293.74920696,10.0,0.01250497,-0.05470048008876165
7104,10114462,Spot Grid,1,BTCUSDC,1.0,408668,1.05,10.59869864,32.0,0.01026149,-0.054740837777532844
7105,10076529,Spot Grid,1,BTCUSDT,1.0,1107218,0.86,86.24767909,110.0,0.01424773,-0.05475813468167334
7106,10105108,Spot Grid,1,ETHUSDT,1.0,597710,1.55,70.21365469,35.0,0.01421764,-0.05578016397367303
7107,10079315,Spot Grid,1,BTCFDUSD,1.0,1070366,0.43,54.85022403,14.0,0.0095915,-0.05592940758223589
7108,10107438,Spot Grid,1,ETHFDUSD,1.0,556684,1.57,14.85595522,14.0,0.01345661,-0.05662385213096584
7109,10122921,Spot Grid,1,BNBUSDT,1.0,294180,1.56,94.17768531,10.0,0.0126037,-0.05663877470986358
7110,10127210,Spot Grid,1,ADAUSDC,1.0,210202,2.74,132.69116004,4.0,0.01878139,-0.056836696579327856
7111,10107179,Spot Grid,1,SOLUSD1,1.0,560823,0.66,39.42635103,108.0,0.0106233,-0.05696907019240743
7112,10102850,Spot Grid,1,BTCUSDT,1.0,647277,0.92,37.14693333,49.0,0.01115901,-0.05705100694485738
7113,10111480,Spot Grid,1,ADAUSDT,1.0,474436,5.48,31.62425014,95.0,0.03632485,-0.05717806519489662
7114,10080542,Spot Grid,1,BTCUSDT,1.0,999521,1.71,13.58519386,48.0,0.01688586,-0.058051505924280836
7115,10092429,Spot Grid,1,BTCUSD1,1.0,833353,1.03,103.98809035,104.0,0.01410769,-0.05814411528716436
7116,10089725,Spot Grid,1,SOLUSDT,1.0,881826,1.81,18.19367732,75.0,0.01753088,-0.05819893183332588
7117,10106707,Spot Grid,1,BTCUSDT,1.0,568573,1.49,14.97394721,33.0,0.01353816,-0.05826557241697039
7118,10098329,Spot Grid,1,ETHUSDT,1.0,730068,1.21,30.41718143,59.0,0.01332859,-0.058337897135560604
7119,10107124,Spot Grid,1,SOLUSD1,1.0,561757,0.65,39.26738593,108.0,0.0106297,-0.05841188784875928
7120,10075370,Spot Grid,1,BTCUSDT,1.0,1126724,0.63,18.17337839,43.0,0.01146149,-0.05865926528049632
7121,10108785,Spot Grid,1,BTCUSDT,1.0,519840,1.79,12.56666897,18.0,0.01470802,-0.05991259537111221
7122,9634888,Spot Grid,1,ORCAUSDT,1.0,13574998,6.82,13.65014896,55.0,0.09884832,-0.06040129363243732
7123,10083459,Spot Grid,1,ETHUSDT,1.0,1003515,0.49,445.64674721,49.0,0.01259744,-0.06123334731330233
7124,10107126,Spot Grid,1,SOLFDUSD,1.0,561740,0.64,37.07224062,101.0,0.01054182,-0.06155662089246541
7125,10131767,Spot Grid,1,SUIUSDT,1.0,96786,0.95,47.97573053,25.0,0.00872143,-0.062116354316755704
7126,10068409,Spot Grid,1,BNBUSDT,1.0,1193936,1.49,20.98732968,94.0,0.01769176,-0.06222220855316568
7127,10085100,Spot Grid,1,ASTERUSDT,1.0,979308,2.51,38.12860641,130.0,0.02324168,-0.06310791356741521
7128,10107110,Spot Grid,1,SOLUSD1,1.0,562019,0.62,37.48508317,108.0,0.0106489,-0.06317781452148162
7129,10090747,Spot Grid,1,XRPUSDT,1.0,858404,2.11,12.71646998,13.0,0.01794595,-0.06351060846752801
7130,10110731,Spot Grid,1,SOLUSDT,1.0,485687,0.3,10.60981298,160.0,0.00955414,-0.06369524165014129
7131,10092976,Spot Grid,1,SOLUSDC,1.0,826965,2.31,14.1092572,99.0,0.02074472,-0.06380877434874971
7132,10069313,Spot Grid,1,BNBUSDT,1.0,1187833,1.64,19.73469683,14.0,0.01685695,-0.06395038980375632
7133,10122744,Spot Grid,1,BTCUSDT,1.0,297076,0.33,13.44340383,3.0,0.00561671,-0.06398722834660886
7134,10079166,Spot Grid,1,ADAUSDC,1.0,1073054,4.22,45.0793391,240.0,0.03539953,-0.0640058671226719
7135,10107174,Spot Grid,1,SOLFDUSD,1.0,560908,0.62,36.69848845,101.0,0.01053542,-0.06425872401565089
7136,10120962,Spot Grid,1,SOLUSDC,1.0,332545,1.81,20.63245353,25.0,0.0144015,-0.06476903686039778
7137,10102885,Spot Grid,1,ETHUSDT,1.0,646684,0.94,22.40960226,125.0,0.0131641,-0.06616407100493615
7138,10122168,Spot Grid,1,BTCUSDT,1.0,306825,1.21,12.14482212,16.0,0.01083968,-0.06640493488374076
7139,10091504,Spot Grid,1,BTCUSDT,1.0,842682,0.98,490.66583044,49.0,0.01503141,-0.06642193691871294
7140,10107106,Spot Grid,1,SOLFDUSD,1.0,562039,0.61,35.72558469,101.0,0.01058342,-0.06682053095156257
7141,10130579,Spot Grid,1,RENDERUSDT,1.0,131681,0.55,11.10346826,3.0,0.00621872,-0.0669023103442539
7142,10089669,Spot Grid,1,BNBUSDT,1.0,883882,1.86,21.85271519,38.0,0.01740255,-0.06699399531831371
7143,10085333,Spot Grid,1,BTCUSDT,1.0,971773,0.99,14.96012986,38.0,0.01304501,-0.0685702649912454
7144,10005360,Spot Grid,1,TUTUSDT,1.0,2633415,3.86,23.99566762,1233.0,0.06119513,-0.0688656985243433
7145,10126044,Spot Grid,1,BNBFDUSD,1.0,231641,1.04,32.32150379,70.0,0.01096617,-0.06969013261493959
7146,10084705,Spot Grid,1,BTCUSDT,1.0,988276,1.08,108.77953206,2.0,0.01337953,-0.06983018736611749
7147,10106975,Spot Grid,1,SOLFDUSD,1.0,564285,1.1,55.1569565,172.0,0.01500796,-0.07008980569216745
7148,10130500,Spot Grid,1,RENDERUSDT,1.0,133193,0.54,10.87894961,3.0,0.00631476,-0.0705238166996928
7149,10076477,Spot Grid,1,BTCUSDT,1.0,1108083,0.91,29.15538479,50.0,0.01361352,-0.07097916372304572
7150,10120839,Spot Grid,1,ARUSDT,1.0,334057,5.43,81.5278585,27.0,0.03482758,-0.07108223217284754
7151,10092289,Spot Grid,1,SUIUSDT,1.0,834686,7.14,10.71583799,61.0,0.04669975,-0.07155514947768012
7152,10111861,Spot Grid,1,ETHUSDT,1.0,466509,0.65,32.57883227,57.0,0.0096513,-0.07191027439095257
7153,10117160,Spot Grid,1,BTCUSDC,1.0,391889,1.12,21.46511055,58.0,0.01188231,-0.07225610975939165
7154,10068462,Spot Grid,1,ETHUSDT,1.0,1193355,1.52,46.68961979,117.0,0.01887793,-0.07232260790234218
7155,10106772,Spot Grid,1,ARUSDT,1.0,567304,6.02,90.37827023,606.0,0.05141148,-0.07264006460630854
7156,10121694,Spot Grid,1,BNBUSDT,1.0,315885,1.95,15.60574548,41.0,0.01573019,-0.07276331617781873
7157,10072247,Spot Grid,1,ETHUSDT,1.0,1166006,0.3,30.85899381,17.0,0.00991385,-0.07298092577432788
7158,10007954,Spot Grid,1,LQTYUSDT,1.0,2560713,3.31,14.96011,158.0,0.035263,-0.07332059244341185
7159,10092418,Spot Grid,1,BTCUSDC,1.0,833455,0.98,98.27973644,93.0,0.01418997,-0.07351970866786434
7160,10126974,Spot Grid,1,BTCUSDT,1.0,219454,0.41,276.1621204,5.0,0.00751996,-0.07404098037050919
7161,10102981,Spot Grid,1,ETHUSDT,1.0,644963,0.71,35.96142182,24.0,0.01017967,-0.07484792283707034
7162,10116105,Spot Grid,1,SUIUSDT,1.0,330499,2.99,169.13359161,79.0,0.02319539,-0.07569510183014841
7163,10123039,Spot Grid,1,BTCUSDT,1.0,291830,0.68,11.42664543,9.0,0.00809918,-0.07576219437163184
7164,10121375,Spot Grid,1,BTCUSDT,1.0,312419,1.21,24.21701098,16.0,0.01130473,-0.07584237615214395
7165,10123992,Spot Grid,1,NEARUSDT,1.0,267777,1.13,11.34218949,31.0,0.01094214,-0.07621322709358588
7166,10131706,Spot Grid,1,ZECUSDC,1.0,99230,1.13,23.7419986,8.0,0.00980179,-0.07628700077310908
7167,9967461,Spot Grid,1,DOGEUSDC,1.0,3605320,3.8,16.26118963,383.0,0.04730213,-0.07643960916026063
7168,10119288,Spot Grid,1,BTCUSDT,1.0,368583,1.32,193.5140598,8.0,0.01287254,-0.0764483106838645
7169,10092928,Spot Grid,1,BTCUSDT,1.0,827663,2.06,41.23563863,26.0,0.01849476,-0.07675925857497673
7170,10106543,Spot Grid,1,DOTUSDT,1.0,571390,1.77,14.48318189,467.0,0.02503412,-0.07748478477408502
7171,10131366,Spot Grid,1,SUIUSDT,1.0,111614,2.98,319.24103517,55.0,0.02254774,-0.0776497215120916
7172,10104073,Spot Grid,1,XRPFDUSD,1.0,615376,3.89,34.80628998,334.0,0.03413134,-0.07790345358147577
7173,10078682,Spot Grid,1,BTCUSDC,1.0,1079020,1.45,166.30427129,49.0,0.01742937,-0.07846667994175528
7174,10072408,Spot Grid,1,BTCUSDT,1.0,1164463,0.55,74.17914542,216.0,0.01593036,-0.0785059686538152
7175,10094944,Spot Grid,1,SUIUSDT,1.0,793363,4.66,233.32038645,714.0,0.0481943,-0.07859169941648644
7176,10083759,Spot Grid,1,ETHUSDT,1.0,999702,1.69,169.55747311,38.0,0.01819782,-0.07871796138366563
7177,10081640,Spot Grid,1,SOLUSDT,1.0,1033252,1.69,12.08955758,65.0,0.01812147,-0.07918684126243647
7178,10088659,Spot Grid,1,ETHUSDT,1.0,903627,1.37,13.77872377,35.0,0.01520036,-0.07944130472872321
7179,10090322,Spot Grid,1,ETHUSDT,1.0,869009,1.26,18.73020497,17.0,0.01414283,-0.08063114921708306
7180,10114985,Spot Grid,1,ADAUSDT,1.0,403322,3.55,14.20920702,137.0,0.02720649,-0.080795033614307
7181,10088718,Spot Grid,1,SOLUSDC,1.0,902507,2.25,15.42299979,101.0,0.02148964,-0.08126912110788409
7182,10079473,Spot Grid,1,BTCUSDT,1.0,1068039,0.1,57.78660525,52.0,0.0096215,-0.0814943541456226
7183,10072404,Spot Grid,1,BTCUSDC,1.0,1164488,0.48,14.07533026,196.0,0.01494383,-0.08171001118922826
7184,10072955,Spot Grid,1,BTCUSDT,1.0,1159405,0.71,35.55526991,35.0,0.01288897,-0.08181002991065264
7185,10120532,Spot Grid,1,BTCUSDT,1.0,340854,0.97,73.83547391,5.0,0.01038065,-0.08195037696117578
7186,10122218,Spot Grid,1,BTCUSDT,1.0,305829,0.86,10.73887127,42.0,0.01009765,-0.08220879975883832
7187,10109229,Spot Grid,1,BTCUSDT,1.0,512335,1.76,17.65755185,23.0,0.0155593,-0.0827079546721175
7188,10130206,Spot Grid,1,ONDOUSDT,1.0,139913,1.34,12.13260947,4.0,0.01124578,-0.08288955638916856
7189,10096275,Spot Grid,1,BTCUSDT,1.0,764087,1.17,13.76930215,42.0,0.01381593,-0.08338757447144599
7190,10123554,Spot Grid,1,SOLFDUSD,1.0,279947,1.86,13.01007763,144.0,0.01768488,-0.08359375256553918
7191,10117412,Spot Grid,1,SOLUSDT,1.0,389939,0.42,42.67964908,17.0,0.00775772,-0.0840290125383227
7192,10081882,Spot Grid,1,SOLUSDT,1.0,1029534,1.62,21.34835453,173.0,0.02025112,-0.084067537124668
7193,10082669,Spot Grid,1,BTCUSDT,1.0,1016593,0.39,50.21918684,12.0,0.01020935,-0.08413176819671579
7194,10109453,Spot Grid,1,BTCUSDC,1.0,507356,1.68,19.5077206,12.0,0.01493443,-0.0841377901877472
7195,10102050,Spot Grid,1,BTCUSDC,1.0,659579,1.1,30.68992104,21.0,0.01266833,-0.08437066107237086
7196,10085277,Spot Grid,1,BTCUSDT,1.0,973819,1.49,76.12697953,124.0,0.01856964,-0.08464237135338169
7197,10075126,Spot Grid,1,SOLUSDC,1.0,1130862,2.7,10.80626787,172.0,0.02654279,-0.0846545196679478
7198,10125681,Spot Grid,1,BNBUSDC,1.0,237668,1.0,13.88373062,2.0,0.00984111,-0.08466813045064257
7199,10098847,Spot Grid,1,BTCUSDT,1.0,717164,1.76,10.6167988,92.0,0.01795813,-0.0851886561714353
7200,10071044,Spot Grid,1,BTCUSDT,1.0,1174136,0.63,53.09793085,58.0,0.01323863,-0.08548637534905833
7201,10122641,Spot Grid,1,BTCUSDT,1.0,298634,0.85,14.05370498,60.0,0.01054477,-0.08556310275364919
7202,10112889,Spot Grid,1,SOLUSDT,1.0,438778,2.23,11.18497597,14.0,0.01772476,-0.08598194947776117
7203,10088100,Spot Grid,1,NEARBTC,1.0,911203,2.5,27.14352575,173.0,0.02470391,-0.08688037112375667
7204,10089194,Spot Grid,1,TAOUSDC,1.0,893336,3.3,16.75332757,873.0,0.04376985,-0.08707273217358011
7205,10097379,Spot Grid,1,ETHUSDT,1.0,745532,0.84,16.80196982,151.0,0.01440362,-0.08715243730839099
7206,10087382,Spot Grid,1,ETHUSDT,1.0,919760,2.15,107.73217623,147.0,0.02270297,-0.08721638878503189
7207,10072396,Spot Grid,1,BTCUSDT,1.0,1164579,0.46,97.14583783,217.0,0.0159396,-0.08751884991194943
7208,10101491,Spot Grid,1,BTCUSDT,1.0,666800,0.67,67.12454059,73.0,0.01176558,-0.08765764600206744
7209,10095304,Spot Grid,1,BTCUSDT,1.0,786722,1.31,13.19340293,38.0,0.01477674,-0.08800582729147745
7210,10112931,Spot Grid,1,SUIUSDT,1.0,438001,3.41,34.17324785,11.0,0.02432255,-0.08819214742688603
7211,10113283,Spot Grid,1,SOLUSDC,1.0,429900,1.19,111.98996633,61.0,0.01360031,-0.0882754424418541
7212,10100626,Spot Grid,1,BNBUSDT,1.0,678583,0.74,119.90867255,5.0,0.0110849,-0.0889796748211466
7213,10087946,Spot Grid,1,ADABTC,1.0,912606,2.77,67.72357753,43.0,0.02373456,-0.0890912700205926
7214,10068215,Spot Grid,1,BNBUSDT,1.0,1197845,2.0,20.0624966,27.0,0.02020724,-0.09035797959787081
7215,10073929,Spot Grid,1,SOLUSDT,1.0,1148501,1.27,18.23635033,800.0,0.03235618,-0.09060029557700121
7216,10082794,Spot Grid,1,ETHEUR,1.0,1014847,1.41,133.72054073,10.0,0.01643423,-0.09068578998523269
7217,10068706,Spot Grid,1,ETHUSDT,1.0,1191853,1.39,12.29961856,116.0,0.01872341,-0.09127829646544848
7218,10059308,Spot Grid,1,THETAUSDT,1.0,1371472,6.24,11.73282938,100.0,0.04569933,-0.09147206367624508
7219,10120691,Spot Grid,1,SUIUSDC,1.0,337386,4.39,11.00039158,52.0,0.03014795,-0.09178089824830142
7220,10111353,Spot Grid,1,ETHUSDT,1.0,476347,1.44,23.06584564,36.0,0.01432587,-0.09188905804034284
7221,10129720,Spot Grid,1,ALGOUSDT,1.0,152272,2.04,24.0604799,21.0,0.01591929,-0.09207409960319025
7222,10078690,Spot Grid,1,BTCUSDT,1.0,1078955,0.31,11.98909151,13.0,0.01019044,-0.09229255688389879
7223,10077583,Spot Grid,1,XRPUSDT,1.0,1090780,1.23,18.91463807,71.0,0.01655461,-0.09269500438450011
7224,9984848,Spot Grid,1,FRAXUSDT,1.0,3231520,5.63,33.80211641,246.0,0.05358353,-0.09319138993074787
7225,10070504,Spot Grid,1,BTCUSDT,1.0,1178150,0.72,16.92222239,15.0,0.01296614,-0.09329492976663276
7226,10097378,Spot Grid,1,BTCUSDT,1.0,745536,1.5,15.0363,53.0,0.01618717,-0.09347997840944877
7227,10089201,Spot Grid,1,ADAUSDT,1.0,893241,4.44,11.10915743,5.0,0.03187718,-0.09360780169544378
7228,10121492,Spot Grid,1,HUMAUSDT,1.0,319890,3.25,32.63644116,68.0,0.02436518,-0.09379550900031497
7229,10100303,Spot Grid,1,BEAMXUSDT,1.0,684383,9.98,25.88380527,9.0,0.06149552,-0.09442183670802344
7230,10075007,Spot Grid,1,BTCUSDT,1.0,1132371,0.7,11.04609966,125.0,0.01503994,-0.09533332527816192
7231,10062420,Spot Grid,1,BNBUSDT,1.0,1321253,3.41,12.82377536,15.0,0.02836222,-0.09539493761240121
7232,10074718,Spot Grid,1,BTCFDUSD,1.0,1136220,0.21,62.34733126,77.0,0.01166002,-0.0962513859885776
7233,10074563,Spot Grid,1,ARUSDT,1.0,1138989,2.53,25.31977224,972.0,0.04313563,-0.09680636102005202
7234,10072302,Spot Grid,1,ETHEUR,1.0,1165458,1.08,241.37753438,39.0,0.0167005,-0.09718853102446941
7235,10117217,Spot Grid,1,ALGOUSDT,1.0,391554,3.39,16.98787429,146.0,0.0271731,-0.09791985167793613
7236,10091573,Spot Grid,1,SOLUSDT,1.0,841691,1.35,339.78054203,76.0,0.01811864,-0.09807587340731898
7237,10121484,Spot Grid,1,BTCUSDT,1.0,320122,1.05,35.96056335,7.0,0.01126134,-0.09897975260886878
7238,10073066,Spot Grid,1,BTCUSDT,1.0,1158143,0.34,353.08539817,32.0,0.01315585,-0.09992453914943172
7239,10076462,Spot Grid,1,BTCUSDC,1.0,1108240,1.26,25.30944244,52.0,0.01672462,-0.10017166012894399
7240,10127073,Spot Grid,1,BTCUSDT,1.0,218060,0.52,26.32385674,1.0,0.00780414,-0.10037444075176338
7241,10088878,Spot Grid,1,BNBUSDT,1.0,884863,1.13,11.32930218,15.0,0.01427598,-0.10197290653134608
7242,10130034,Spot Grid,1,DOTUSDT,1.0,143942,0.87,21.82984682,68.0,0.01087323,-0.10226944563026864
7243,10124533,Spot Grid,1,BTCFDUSD,1.0,256922,0.24,19.51169909,126.0,0.00914233,-0.10273398445381213
7244,10121156,Spot Grid,1,INJUSDC,1.0,327805,1.89,56.87518029,292.0,0.02218182,-0.10279819160065803
7245,10067966,Spot Grid,1,ETHUSDT,1.0,1202213,1.29,261.3998057,145.0,0.02058123,-0.10288400305505113
7246,10078139,Spot Grid,1,SOLUSDT,1.0,1085220,2.42,24.46692792,95.0,0.02400183,-0.10321045893625967
7247,10089719,Spot Grid,1,BTCUSDT,1.0,881931,1.12,15.80262259,48.0,0.01499415,-0.1035722446595359
7248,10085631,Spot Grid,1,SOLUSDT,1.0,962716,3.86,193.10752789,67.0,0.03166621,-0.10402446326822522
7249,10079844,Spot Grid,1,ADAUSDT,1.0,1062528,4.92,19.75464258,47.0,0.03657976,-0.10404159657151549
7250,10104285,Spot Grid,1,BNBUSDT,1.0,616176,0.57,28.94959689,28.0,0.01057661,-0.10566051639736142
7251,10068909,Spot Grid,1,ETHUSDT,1.0,1190401,1.3,13.02608858,117.0,0.01883195,-0.10577811366767596
7252,10077378,Spot Grid,1,PEPEUSDT,1.0,1093495,1.82,103.8988334,182.0,0.02311321,-0.10595779036778347
7253,10060304,Spot Grid,1,MTLUSDT,1.0,1354411,3.85,10.82026819,123.0,0.0336143,-0.10604514171187089
7254,10091533,Spot Grid,1,BTCUSDT,1.0,842237,1.05,16.30653246,48.0,0.01459797,-0.10740598602156487
7255,10106531,Spot Grid,1,DOTUSDT,1.0,571530,1.72,14.41062517,391.0,0.02442309,-0.10911239332748163
7256,10109918,Spot Grid,1,NEARUSDT,1.0,499086,1.88,20.37244649,606.0,0.0295728,-0.10922012929281515
7257,10059996,Spot Grid,1,SOLETH,1.0,1359461,3.05,66.60716814,10.0,0.02728363,-0.10927232950954839
7258,10127557,Spot Grid,1,EIGENUSDT,1.0,209546,1.01,11.17948488,19.0,0.01111364,-0.10937267073474935
7259,10068930,Spot Grid,1,ETHUSDT,1.0,1190168,1.22,73.25477866,116.0,0.01883511,-0.10959656113755768
7260,10088549,Spot Grid,1,BTCUSDT,1.0,905041,1.61,11.19743049,13.0,0.01725531,-0.10967258816472007
7261,10106530,Spot Grid,1,DOTUSDT,1.0,571551,1.72,14.37829705,389.0,0.02444416,-0.11069240631236127
7262,10106534,Spot Grid,1,DOTUSDT,1.0,571494,1.72,14.37829705,389.0,0.02444416,-0.11069847262357105
7263,10107367,Spot Grid,1,UNIUSDT,1.0,558283,2.19,21.99590631,88.0,0.02064829,-0.1111375685545913
7264,10103945,Spot Grid,1,ADAUSDT,1.0,624293,6.76,13.92317822,79.0,0.04571798,-0.11138641946262848
7265,10089174,Spot Grid,1,BTCUSDC,1.0,893767,1.04,10.46405963,48.0,0.01489351,-0.11139064550097834
7266,10106607,Spot Grid,1,QNTUSDT,1.0,570140,16.7,40.1009915,157.0,0.10167408,-0.11152959969353456
7267,10081317,Spot Grid,1,BTCU,1.0,1029881,0.95,19.12086166,48.0,0.01504066,-0.1117224077807359
7268,10106561,Spot Grid,1,DOTUSDT,1.0,571108,1.77,14.79834908,389.0,0.02478404,-0.11233531299643601
7269,10074998,Spot Grid,1,SOLUSDT,1.0,1132482,2.43,29.69957563,398.0,0.03110498,-0.11339038694064976
7270,10111256,Spot Grid,1,SUIUSDT,1.0,477514,5.26,52.54134192,102.0,0.03765893,-0.11367554321789261
7271,10087212,Spot Grid,1,XRPUSDT,1.0,924800,3.59,13.97241643,101.0,0.0302622,-0.11491897583071975
7272,10116047,Spot Grid,1,ETHUSDT,1.0,397481,0.89,17.8987084,41.0,0.01201763,-0.11577966277785641
7273,10112418,Spot Grid,1,SOLUSDT,1.0,453069,1.33,15.46266838,23.0,0.01429954,-0.11652005885035396
7274,10095886,Spot Grid,1,BNBUSDT,1.0,773372,1.3,325.19254512,46.0,0.01760549,-0.1170539914634621
7275,10070303,Spot Grid,1,SOLUSDC,1.0,1179874,2.13,14.29248379,50.0,0.02237926,-0.11725895175174836
7276,10070630,Spot Grid,1,ETHFDUSD,1.0,1177262,0.91,72.14466051,37.0,0.01575663,-0.11831803431031811
7277,10109433,Spot Grid,1,BTCUSDT,1.0,507579,1.3,26.1720006,31.0,0.01466963,-0.11843527296341144
7278,10127001,Spot Grid,1,BTCUSDT,1.0,219051,0.41,16.55959975,2.0,0.00791815,-0.11881877113694544
7279,10114098,Spot Grid,1,ETHUSDC,1.0,413361,0.86,11.1285164,8.0,0.01132884,-0.11927799018448515
7280,10067172,Spot Grid,1,ETHUSDT,1.0,1218786,1.05,13.79603209,227.0,0.02046759,-0.1195014200684557
7281,10073548,Spot Grid,1,BTCUSDT,1.0,1152569,0.38,14.43520576,60.0,0.01299427,-0.11965780286591629
7282,10122002,Spot Grid,1,BTCUSDT,1.0,309418,1.57,15.77663416,22.0,0.01511718,-0.11995154330439006
7283,10097349,Spot Grid,1,BTCUSDT,1.0,745886,1.42,120.04062769,19.0,0.0167062,-0.12173001971595505
7284,10082737,Spot Grid,1,BTCUSDT,1.0,1015708,0.34,221.0538817,50.0,0.01313647,-0.1220251389539133
7285,10110196,Spot Grid,1,BTCUSDT,1.0,478627,1.23,36.88247259,4.0,0.01380164,-0.12229451227665296
7286,9900920,Spot Grid,1,XNOUSDT,1.0,5684064,2.69,13.46623944,1161.0,0.06841101,-0.12254287496471471
7287,10078389,Spot Grid,1,BTCUSDT,1.0,1082113,0.41,20.63428958,97.0,0.01382936,-0.12357639885455877
7288,10074975,Spot Grid,1,UNIUSDT,1.0,1132890,4.75,422.9031185,1122.0,0.06155862,-0.12373925349054987
7289,10127162,Spot Grid,1,SUIBTC,1.0,216407,3.1,32.12342229,52.0,0.02399078,-0.12441889294874013
7290,10082923,Spot Grid,1,BTCUSD1,1.0,1012832,0.69,20.72768838,13.0,0.01334875,-0.12506898409485748
7291,10111724,Spot Grid,1,SUIUSDT,1.0,469873,5.3,53.76380369,90.0,0.03806595,-0.12533701411395343
7292,10098023,Spot Grid,1,ETHUSDC,1.0,734686,0.64,44.98761852,26.0,0.01231332,-0.12574988593296374
7293,10075841,Spot Grid,1,XRPUSDT,1.0,1118680,2.23,22.3174925,62.0,0.02331041,-0.1259810101947519
7294,10070419,Spot Grid,1,BTCUSDT,1.0,1178890,0.59,18.88786958,85.0,0.0150926,-0.12674758740376751
7295,10121055,Spot Grid,1,SOLUSDC,1.0,330326,3.01,103.54985601,11.0,0.02360078,-0.12729893697385528
7296,10073668,Spot Grid,1,XRPUSDT,1.0,1151179,3.8,84.13074056,221.0,0.03577655,-0.12731215453229633
7297,10130362,Spot Grid,1,ZECUSDT,1.0,136586,1.76,17.65533715,5.0,0.01537229,-0.1275234862977967
7298,10086356,Spot Grid,1,ETHUSDT,1.0,944454,1.06,32.1592202,40.0,0.01585934,-0.12875401478732468
7299,10117461,Spot Grid,1,BTCUSDT,1.0,389260,1.4,150.97153864,13.0,0.01538802,-0.1287901942995364
7300,10071654,Spot Grid,1,BNBFDUSD,1.0,1169843,0.47,19.79666636,526.0,0.02384488,-0.12955308716101613
7301,10130154,Spot Grid,1,POLUSDT,1.0,141224,0.41,25.94399405,82.0,0.00976299,-0.12969110969567837
7302,10076875,Spot Grid,1,BTCUSDT,1.0,1102187,0.52,26.2953618,100.0,0.01489527,-0.13068557298487263
7303,10110216,Spot Grid,1,BTCUSDT,1.0,494626,1.23,37.13851679,30.0,0.01476201,-0.1307740514279536
7304,10095006,Spot Grid,1,BNBUSDT,1.0,792213,0.77,23.30977527,35.0,0.01356427,-0.13109509702451647
7305,9950728,Spot Grid,1,XRPUSDT,1.0,3870340,3.1,18.74237097,275.0,0.04453242,-0.13122449685751997
7306,10072184,Spot Grid,1,BTCFDUSD,1.0,1000210,1.11,96.69683098,198.0,0.02015795,-0.13154034176081725
7307,10106942,Spot Grid,1,ADAUSDT,1.0,565009,8.43,15.91057344,8.0,0.05393059,-0.13177337924235832
7308,10084614,Spot Grid,1,BTCUSDT,1.0,990389,2.24,14.98513792,151.0,0.02491665,-0.13232065259412606
7309,10120892,Spot Grid,1,ETHUSDT,1.0,333234,1.03,205.94129646,13.0,0.01358569,-0.13325410240240662
7310,10115233,Spot Grid,1,SUIUSDT,1.0,394195,2.78,139.14039025,4.0,0.02289227,-0.13332961020284165
7311,10110835,Spot Grid,1,BTCUSDT,1.0,484002,1.24,37.25019324,31.0,0.01489628,-0.13334412983053195
7312,10070855,Spot Grid,1,BTCUSDT,1.0,1175721,0.95,34.64098012,27.0,0.0161791,-0.13362012364659406
7313,10121072,Spot Grid,1,ADAUSDT,1.0,329858,3.72,111.83687041,21.0,0.0279954,-0.13369594289923853
7314,10095910,Spot Grid,1,BNBFDUSD,1.0,772687,1.55,194.68310736,97.0,0.02008119,-0.13454882642634602
7315,10107493,Spot Grid,1,BTCFDUSD,1.0,555445,1.49,141.8618126,31.0,0.01715755,-0.13458261725407783
7316,10076193,Spot Grid,1,BNBUSDT,1.0,1112390,1.72,68.9622795,14.0,0.02006974,-0.13476637806038338
7317,10130342,Spot Grid,1,SUIBTC,1.0,136876,1.52,15.61569995,45.0,0.01520179,-0.13513891074006587
7318,10095908,Spot Grid,1,BNBUSD1,1.0,772730,1.52,191.37698038,115.0,0.02034134,-0.13605055520639506
7319,10080493,Spot Grid,1,BTCUSDT,1.0,1049783,0.33,11.7225835,151.0,0.01487862,-0.136737352135814
7320,10071146,Spot Grid,1,BTCUSDT,1.0,1173361,1.37,20.56024221,58.0,0.01917924,-0.1368147092898311
7321,10112084,Spot Grid,1,SUIUSDT,1.0,462284,3.4,12.58342564,18.0,0.02637026,-0.13703026194554213
7322,10123611,Spot Grid,1,BTCFDUSD,1.0,278329,1.3,15.67547146,31.0,0.01440556,-0.13760289910969326
7323,10095839,Spot Grid,1,ADAUSDT,1.0,774574,4.89,20.91292324,19.0,0.03599263,-0.13875799912202794
7324,10006938,Spot Grid,1,ASTERUSDT,1.0,2583316,2.75,13.79577058,515.0,0.04247229,-0.13880533250670932
7325,10083390,Spot Grid,1,ETHUSDT,1.0,1004851,0.91,45.63958766,15.0,0.01524575,-0.13893005238049652
7326,10124015,Spot Grid,1,QNTUSDT,1.0,267193,2.98,17.9166645,762.0,0.0390968,-0.13928583563548624
7327,10119207,Spot Grid,1,BTCUSDT,1.0,369878,1.33,16.39044912,19.0,0.01478912,-0.13955133169573503
7328,10074072,Spot Grid,1,BTCUSDT,1.0,1146652,0.21,21.29967445,74.0,0.01316979,-0.13956681033782783
7329,10094868,Spot Grid,1,BTCUSDT,1.0,794787,1.41,11.95623425,25.0,0.01720763,-0.1410515836073749
7330,10097559,Spot Grid,1,ADAUSDT,1.0,742508,5.66,13.85998996,40.0,0.04057896,-0.1412856791853512
7331,10083433,Spot Grid,1,BTCUSDT,1.0,1004072,0.98,19.65888895,35.0,0.01603088,-0.14181456067000286
7332,10106670,Spot Grid,1,SOLUSDT,1.0,569080,1.27,25.55351396,41.0,0.01591953,-0.1419084518766897
7333,10104156,Spot Grid,1,BNBUSDT,1.0,619501,1.59,16.52591359,21.0,0.01742392,-0.14208826209479736
7334,10095872,Spot Grid,1,SUIUSDT,1.0,773746,6.36,24.55892762,442.0,0.05315731,-0.14262653206738896
7335,10072886,Spot Grid,1,BTCUSDT,1.0,1160162,0.7,14.37089423,31.0,0.0150951,-0.14283863007919106
7336,10125088,Spot Grid,1,BTCFDUSD,1.0,220050,0.82,168.93481766,50.0,0.01294083,-0.14310583208500652
7337,10127144,Spot Grid,1,BTCUSDT,1.0,216787,0.69,34.59345933,2.0,0.01053585,-0.1437740926515164
7338,10095650,Spot Grid,1,SOLUSDT,1.0,778707,1.66,16.67501216,99.0,0.02031336,-0.14644030241783554
7339,10112184,Spot Grid,1,ADAUSDT,1.0,459764,6.06,18.20217279,119.0,0.04348485,-0.14705560706489498
7340,10092234,Spot Grid,1,BTCUSDC,1.0,835278,1.11,150.09047428,98.0,0.01825756,-0.14761774182073495
7341,10107491,Spot Grid,1,BTCFDUSD,1.0,555479,1.49,166.27089716,18.0,0.01754418,-0.1479275292780164
7342,10080263,Spot Grid,1,BTCUSDT,1.0,1054186,0.74,11.15589763,58.0,0.015631,-0.14819891520671044
7343,10059487,Spot Grid,1,INJUSDT,1.0,1368096,5.99,16.77883993,144.0,0.04757822,-0.14885048434353856
7344,10093516,Spot Grid,1,BTCUSDT,1.0,820130,1.73,17.33386834,14.0,0.01918275,-0.14903499847582144
7345,9577370,Spot Grid,1,SUIUSDT,1.0,14729152,4.66,14.60749478,622.0,0.10754103,-0.14950472832338732
7346,10070301,Spot Grid,1,MSTRBUSDT,1.0,1179881,0.58,27.02547941,623.0,0.02738946,-0.14972685413154296
7347,10074310,Spot Grid,1,XRPUSDC,1.0,1142998,0.38,24.14284989,107.0,0.01522636,-0.15024910869070648
7348,10092114,Spot Grid,1,BTCUSDC,1.0,836319,1.06,142.84484421,106.0,0.01826828,-0.15130014930983998
7349,10091702,Spot Grid,1,BNBUSDC,1.0,840463,1.26,138.91842997,124.0,0.01974907,-0.15149770218699346
7350,10067148,Spot Grid,1,BNBUSDT,1.0,1219076,1.38,20.73018787,2.0,0.01883733,-0.15155096928698186
7351,10095900,Spot Grid,1,ETHUSD1,1.0,772878,0.66,63.16710065,127.0,0.0158578,-0.1516783138542024
7352,10091718,Spot Grid,1,BTCUSDC,1.0,840248,1.03,136.64920708,103.0,0.01804388,-0.15175616734617262
7353,10095510,Spot Grid,1,BNBUSD1,1.0,782111,1.4,175.8643318,111.0,0.0201917,-0.15177011739007334
7354,10073645,Spot Grid,1,BTCUSDT,1.0,1151467,0.77,11.67558922,97.0,0.01721267,-0.15252749907982668
7355,10089389,Spot Grid,1,FLOKIUSDC,1.0,528633,4.26,21.3488251,32.0,0.03233411,-0.1527799128295702
7356,10097935,Spot Grid,1,ETHFDUSD,1.0,717775,0.81,16.27853497,77.0,0.01518944,-0.15280623151845157
7357,10073769,Spot Grid,1,SOLUSDT,1.0,1150256,0.74,73.92360731,310.0,0.02189811,-0.15322929136694624
7358,10090942,Spot Grid,1,ETHUSDT,1.0,853487,1.42,23.39442374,63.0,0.0188874,-0.15378239876544766
7359,10082267,Spot Grid,1,BNBUSDC,1.0,1023652,1.44,12.54097434,20.0,0.01876474,-0.15393374278805874
7360,10125137,Spot Grid,1,QNTUSDT,1.0,246761,6.5,260.20238384,107.0,0.04625141,-0.15398847102144514
7361,10059722,Spot Grid,1,BNBUSDC,1.0,1364261,2.71,13.5854869,38.0,0.02756107,-0.15403464740476133
7362,10075803,Spot Grid,1,BTCUSDT,1.0,1119292,0.45,27.51226076,64.0,0.01477412,-0.15419398991386885
7363,10073677,Spot Grid,1,LINKUSDT,1.0,1151016,4.77,88.5482371,185.0,0.04146002,-0.15506664919205468
7364,9957568,Spot Grid,1,XRPUSDC,1.0,3792707,2.87,12.71073211,17.0,0.03841037,-0.1550773680239455
7365,10124808,Spot Grid,1,BTCUSDC,1.0,253141,0.28,75.7156067,9.0,0.00927833,-0.15550659384498963
7366,10072881,Spot Grid,1,ETHUSDT,1.0,1160198,0.76,29.60095344,37.0,0.01614622,-0.15571921777440362
7367,10107171,Spot Grid,1,SUIUSDC,1.0,560967,4.69,26.77242648,25.0,0.03483253,-0.15594748669905625
7368,10095921,Spot Grid,1,SOLFDUSD,1.0,772510,0.23,18.68416322,252.0,0.01610667,-0.15635301788550618
7369,10114630,Spot Grid,1,SOLUSDC,1.0,406556,1.58,11.95324248,22.0,0.01703234,-0.15642317145006562
7370,10086767,Spot Grid,1,ATOMUSDT,1.0,934025,3.87,14.27423751,585.0,0.04374945,-0.15659484013901098
7371,10095502,Spot Grid,1,ETHUSD1,1.0,782320,0.6,57.83882426,131.0,0.01582946,-0.15671818924565792
7372,10077310,Spot Grid,1,BTCUSDC,1.0,1094611,0.28,106.20807229,13.0,0.01322846,-0.15828869720681402
7373,10128503,Spot Grid,1,ZECUSDT,1.0,187696,1.87,33.51415422,8.0,0.01760073,-0.15896789998498984
7374,10088190,Spot Grid,1,BTCUSDT,1.0,909955,1.71,38.93925068,20.0,0.02010468,-0.15922699851092242
7375,10077633,Spot Grid,1,BTCUSDC,1.0,1090475,0.41,18.0394345,90.0,0.01513974,-0.15933118331992205
7376,10103008,Spot Grid,1,ETHUSDT,1.0,644503,0.97,29.39586281,17.0,0.01482267,-0.159598283456231
7377,10096060,Spot Grid,1,DCRUSDT,1.0,768835,2.49,24.88222543,65.0,0.02466553,-0.1596186173352292
7378,10095507,Spot Grid,1,BNBUSDC,1.0,782148,1.38,173.891958,106.0,0.02034438,-0.1611789175503493
7379,10095903,Spot Grid,1,ETHFDUSD,1.0,772788,0.68,64.71120944,108.0,0.01596229,-0.16137509938237404
7380,10097974,Spot Grid,1,BNBUSDT,1.0,735303,1.24,62.43881727,42.0,0.01747035,-0.16166725802148454
7381,10121592,Spot Grid,1,ADAUSDT,1.0,305562,6.54,52.35917653,21.0,0.04417939,-0.16260684262134462
7382,10085582,Spot Grid,1,DOGEFDUSD,1.0,964013,2.05,12.56146362,351.0,0.02920316,-0.1626973966672299
7383,10074749,Spot Grid,1,BTCUSDT,1.0,1135843,0.38,11.41160085,125.0,0.01601399,-0.16276908552958566
7384,10124871,Spot Grid,1,SUIBTC,1.0,252112,3.08,33.81334643,36.0,0.025253,-0.16298182974070163
7385,10077116,Spot Grid,1,TUTUSDT,1.0,1097850,7.55,21.91199211,139.0,0.05548005,-0.16377057881223397
7386,10110860,Spot Grid,1,ETHFDUSD,1.0,478628,0.62,25.15648426,164.0,0.01546271,-0.16398461581703963
7387,10095913,Spot Grid,1,SOLUSD1,1.0,772647,0.19,17.76706319,269.0,0.01657557,-0.16462546895838726
7388,9583867,Spot Grid,1,ZROUSDT,1.0,14634745,7.0,34.00794841,139.0,0.1104363,-0.16474764914661233
7389,10096968,Spot Grid,1,ADAUSDC,1.0,752128,3.68,11.05150675,445.0,0.03930609,-0.1653719453341999
7390,10095860,Spot Grid,1,SOLUSD1,1.0,774051,0.17,16.98253766,275.0,0.01662867,-0.16546304306904544
7391,10126109,Spot Grid,1,BNBUSDT,1.0,230728,1.12,25.46137779,58.0,0.01497355,-0.16586027580528026
7392,10117951,Spot Grid,1,BTCUSDT,1.0,384330,1.69,25.35509374,47.0,0.0185545,-0.16681378778938896
7393,10089163,Spot Grid,1,ETHUSDC,1.0,894035,1.1,13.13917761,32.0,0.01717342,-0.16803660620138675
7394,10078011,Spot Grid,1,SOLUSDC,1.0,1086735,2.15,26.96116025,85.0,0.02494158,-0.16818292595398723
7395,10105020,Spot Grid,1,ICPUSDT,1.0,599293,9.32,522.20021444,302.0,0.06923416,-0.1681855420048492
7396,10092995,Spot Grid,1,SUIUSDT,1.0,826777,5.41,135.27117231,20.0,0.04088296,-0.16893823696630741
7397,10001089,Spot Grid,1,ASTERUSDT,1.0,2721905,2.23,22.32827756,1049.0,0.05280338,-0.16974289251485247
7398,10102132,Spot Grid,1,BTCUSDT,1.0,658372,0.84,40.13452223,42.0,0.01516865,-0.16990505054277621
7399,10070034,Spot Grid,1,BNBUSDT,1.0,1182057,2.87,28.70162019,24.0,0.02808114,-0.17001315928407337
7400,10097854,Spot Grid,1,ETHUSDT,1.0,737075,0.82,12.35751223,45.0,0.0153567,-0.17091239531416055
7401,10117632,Spot Grid,1,BTCUSDT,1.0,387603,1.39,13.94645256,51.0,0.01716794,-0.17217303864087916
7402,10112918,Spot Grid,1,ETHUSDT,1.0,438249,0.75,11.30110463,26.0,0.01336559,-0.17282314405000823
7403,10129643,Spot Grid,1,AXSUSDT,1.0,154538,4.37,367.60729317,89.0,0.03515169,-0.1733946148368447
7404,10078146,Spot Grid,1,BNBUSDT,1.0,1085146,1.04,19.96501046,79.0,0.01890755,-0.1734162109686131
7405,10094334,Spot Grid,1,SOLUSDC,1.0,805627,1.07,19.4819925,299.0,0.02254005,-0.17369173293104107
7406,10070951,Spot Grid,1,XRPUSDT,1.0,1174791,4.3,86.06764359,38.0,0.03666612,-0.17497013369144002
7407,10085413,Spot Grid,1,DEXEUSDT,1.0,969336,1.35,28.81350436,345.0,0.02586179,-0.17539530074882512
7408,10075521,Spot Grid,1,BTCUSDT,1.0,1118665,1.27,12.14756127,23.0,0.01916632,-0.17545313064781434
7409,10110241,Spot Grid,1,HYPEUSDT,1.0,493848,1.54,61.61070534,288.0,0.02383839,-0.17556015462572294
7410,10070477,Spot Grid,1,ETHUSDT,1.0,1178297,0.79,21.9568333,113.0,0.01875974,-0.175720557878209
7411,10123526,Spot Grid,1,BTCUSDT,1.0,280491,0.69,13.91524371,2.0,0.01200569,-0.17623733288795002
7412,10091721,Spot Grid,1,BTCUSDT,1.0,840188,1.1,146.62426205,26.0,0.01784096,-0.17645592693936477
7413,10095497,Spot Grid,1,ETHUSDC,1.0,782405,0.55,53.08638922,122.0,0.0161396,-0.17659281099716168
7414,10121504,Spot Grid,1,BTCUSDT,1.0,319741,1.73,14.12859764,12.0,0.01810925,-0.1770261540768952
7415,9684795,Spot Grid,1,PEPEUSDT,1.0,12641715,5.43,54.39316124,66.0,0.09242911,-0.1782844664880195
7416,10092110,Spot Grid,1,BTCUSDT,1.0,836358,1.11,148.64745848,25.0,0.01796967,-0.1789732726304905
7417,10074246,Spot Grid,1,XRPUSDT,1.0,1143788,2.96,129.73689685,218.0,0.03344091,-0.1801396886617795
7418,10074191,Spot Grid,1,BTCUSDT,1.0,1144892,0.32,27.26217639,22.0,0.01433715,-0.18045871879129946
7419,10103543,Spot Grid,1,BTCUSDT,1.0,632731,1.3,11.96665662,5.0,0.01707993,-0.18064082155924083
7420,10072992,Spot Grid,1,XRPUSDT,1.0,1159067,0.95,24.82640447,19.0,0.01778912,-0.18094875797541207
7421,10109525,Spot Grid,1,SOLFDUSD,1.0,506079,2.11,43.86663468,34.0,0.02176258,-0.18098121345537654
7422,10112033,Spot Grid,1,SUIUSDT,1.0,463312,3.66,55.0776036,105.0,0.03162832,-0.181138484181828
7423,10070446,Spot Grid,1,ETHUSDT,1.0,1178619,0.74,32.43153039,113.0,0.01876491,-0.18128638805436398
7424,10070967,Spot Grid,1,BTCUSDT,1.0,1174658,1.45,21.88186048,44.0,0.02113876,-0.18176900227063164
7425,10101066,Spot Grid,1,ETHUSDT,1.0,672755,0.75,15.18894748,127.0,0.01689567,-0.18205504422833435
7426,10076671,Spot Grid,1,BTCUSDC,1.0,1105341,0.54,21.92868466,46.0,0.01605687,-0.18554990051857842
7427,10007189,Spot Grid,1,SNDKBUSDT,1.0,2577592,1.46,11.14543894,416.0,0.03518303,-0.18618418840620324
7428,10074987,Spot Grid,1,BTCUSDT,1.0,1000318,1.47,11.99054608,61.0,0.0210029,-0.18652740656650268
7429,10068977,Spot Grid,1,BTCUSDT,1.0,1189948,1.73,18.64175894,11.0,0.02222834,-0.18691686195360108
7430,10109234,Spot Grid,1,UNIUSDT,1.0,512190,3.22,32.26814069,28.0,0.02794196,-0.1875875714383391
7431,10122561,Spot Grid,1,EULUSDT,1.0,300193,3.93,14.12113495,25.0,0.03082036,-0.18897943031951975
7432,10109837,Spot Grid,1,WLDUSDT,1.0,500455,9.65,48.25829773,50.0,0.06369899,-0.18935863108139778
7433,10076299,Spot Grid,1,BNBBTC,1.0,1110978,0.12,304.54865049,30.0,0.01506487,-0.1897177800807077
7434,10122258,Spot Grid,1,ETHUSDC,1.0,305078,0.53,115.45632485,13.0,0.01255374,-0.19026989010153333
7435,10072223,Spot Grid,1,BTCUSDT,1.0,1166184,0.43,28.27511842,22.0,0.0154397,-0.1905259548763335
7436,10113771,Spot Grid,1,SOLUSDT,1.0,419561,0.93,14.07612547,262.0,0.02002651,-0.19145618852356178
7437,10092409,Spot Grid,1,XRPUSDC,1.0,833540,0.55,149.56286682,39.0,0.0156973,-0.19150627642805498
7438,9962927,Spot Grid,1,ZECUSDT,1.0,3696173,21.58,32.372264,279.0,0.14751808,-0.19205099469066234
7439,10110695,Spot Grid,1,SOLUSDT,1.0,478628,1.34,15.47853936,39.0,0.01783646,-0.19206756869985714
7440,10075650,Spot Grid,1,BTCUSDT,1.0,1122094,0.75,37.79969592,122.0,0.0192689,-0.1930595033872294
7441,10120849,Spot Grid,1,RAYUSDT,1.0,333881,5.1,81.74116299,7.0,0.03750191,-0.19315610815614695
7442,10130165,Spot Grid,1,DOTUSDT,1.0,140932,2.0,67.84224186,155.0,0.02280849,-0.19406295678567825
7443,10094955,Spot Grid,1,SUIUSDT,1.0,793188,6.42,14.26528243,356.0,0.05377899,-0.19447987108652237
7444,10102697,Spot Grid,1,BTCUSDT,1.0,649913,1.84,18.46187523,19.0,0.02103854,-0.19558911149775254
7445,10078215,Spot Grid,1,BTCFDUSD,1.0,1084083,1.17,35.57111912,43.0,0.01982679,-0.1956683744066603
7446,10092582,Spot Grid,1,SOLUSDT,1.0,831665,0.63,31.74219593,31.0,0.0155467,-0.19635646859767633
7447,10092393,Spot Grid,1,ETHUSDC,1.0,833763,0.28,34.33759304,133.0,0.01583148,-0.1968499601508267
7448,10105323,Spot Grid,1,UNIUSDT,1.0,565853,2.93,58.66952624,64.0,0.02786781,-0.19719949141397877
7449,10117183,Spot Grid,1,ETHUSDT,1.0,391744,0.61,61.64350266,24.0,0.01361227,-0.19759696665786605
7450,10091729,Spot Grid,1,ETHUSDC,1.0,840046,0.25,30.73778146,140.0,0.01586307,-0.19782897901400726
7451,10075441,Spot Grid,1,BNBUSDT,1.0,1125528,0.38,15.848836,53.0,0.01589287,-0.19820980426400564
7452,10075967,Spot Grid,1,BTCUSDC,1.0,1116627,0.81,33.67933008,141.0,0.02017211,-0.19847301634038594
7453,10123435,Spot Grid,1,ADAUSDT,1.0,282684,5.47,42.5634227,7.0,0.03932284,-0.1985445805902199
7454,10091704,Spot Grid,1,BNBUSDT,1.0,840422,1.33,146.82425998,32.0,0.02012133,-0.19868231168443024
7455,10081169,Spot Grid,1,DOTUSDT,1.0,1038551,3.42,13.70336391,502.0,0.04167234,-0.19886330944582903
7456,10126891,Spot Grid,1,BTCUSDT,1.0,220675,0.12,16.0897331,2.0,0.00957423,-0.1994514304484213
7457,10087707,Spot Grid,1,SHIBUSDT,1.0,915151,2.01,17.54078751,295.0,0.02910616,-0.19979358995864488
7458,10076471,Spot Grid,1,ETHUSDC,1.0,1108140,0.99,19.82823406,53.0,0.01925161,-0.2000611293003798
7459,10093521,Spot Grid,1,BNBUSDT,1.0,820035,1.3,10.43100924,6.0,0.01869153,-0.20050134891165072
7460,10117189,Spot Grid,1,SOLUSDT,1.0,391701,0.67,46.39057857,28.0,0.0140794,-0.20090278683955162
7461,10108191,Spot Grid,1,TSTUSDT,1.0,536609,4.94,180.33285559,195.0,0.04230865,-0.2014016013349298
7462,10127096,Spot Grid,1,ETHUSDT,1.0,217629,0.64,40.68283649,3.0,0.01264267,-0.20164511149161438
7463,10085409,Spot Grid,1,币安人生USDT,1.0,969399,1.0,35.33518115,298.0,0.02405967,-0.20213124284074926
7464,10092271,Spot Grid,1,BNBUSDC,1.0,834943,1.06,121.51566912,112.0,0.02034613,-0.20275033488594807
7465,10105785,Spot Grid,1,SOLUSDT,1.0,584061,1.23,12.30793485,40.0,0.01814168,-0.20331286548828986
7466,10124160,Spot Grid,1,BTCUSDT,1.0,263779,0.65,13.07534232,4.0,0.01284602,-0.2034421383019622
7467,10089246,Spot Grid,1,ETHUSDT,1.0,892666,1.0,12.8433132,65.0,0.01881195,-0.20525760006438232
7468,10128256,Spot Grid,1,FORMUSDT,1.0,195172,0.85,44.73010634,24.0,0.01431525,-0.2054850154943143
7469,10119898,Spot Grid,1,ADAUSDT,1.0,356175,4.04,40.19836666,42.0,0.03281906,-0.20550234470373857
7470,10077655,Spot Grid,1,XLMUSDT,1.0,1090255,2.59,35.24301509,229.0,0.03195338,-0.20551965705163863
7471,10082850,Spot Grid,1,BTCUSDT,1.0,1014096,0.48,109.06419706,43.0,0.01652878,-0.205608330625172
7472,10118615,Spot Grid,1,SUIUSDC,1.0,377627,5.42,27.15439513,82.0,0.04127469,-0.2063149574059668
7473,10109416,Spot Grid,1,SUIUSDT,1.0,507907,5.53,99.57834382,26.0,0.04166727,-0.2074612541709155
7474,10120895,Spot Grid,1,ETHUSDT,1.0,333183,0.8,320.67530894,7.0,0.01577385,-0.20754666678849537
7475,10102320,Spot Grid,1,BNBFDUSD,1.0,655467,0.85,12.79024456,41.0,0.01658186,-0.20806510145268725
7476,10104669,Spot Grid,1,ETHUSDT,1.0,607996,1.28,13.01363505,26.0,0.01843236,-0.20847440656464158
7477,10079216,Spot Grid,1,BNBUSDT,1.0,1007973,1.89,13.0090195,20.0,0.02335746,-0.2085761230935957
7478,10123236,Spot Grid,1,ADAUSDC,1.0,287717,3.56,17.8332575,5.0,0.02913734,-0.2088774316450696
7479,10091906,Spot Grid,1,BNBUSDT,1.0,837970,0.76,19.07018166,49.0,0.01711077,-0.20905497307798582
7480,10078141,Spot Grid,1,BTCUSDT,1.0,1085188,1.34,17.51844223,36.0,0.02106127,-0.20912220160005018
7481,10082540,Spot Grid,1,BTCUSDT,1.0,1019288,0.43,171.96841835,21.0,0.01629417,-0.20956133708753483
7482,10092139,Spot Grid,1,BNBUSDC,1.0,836097,1.01,115.50039348,115.0,0.02041731,-0.21040227402785655
7483,10131323,Spot Grid,1,TAOUSDT,1.0,113063,0.69,18.39821178,7.0,0.01280253,-0.21068759641239124
7484,10102100,Spot Grid,1,BTCUSDT,1.0,658821,0.91,54.46747546,76.0,0.01798669,-0.21073661187145035
7485,10124958,Spot Grid,1,ADABTC,1.0,250666,2.88,248.35580541,22.0,0.02688203,-0.2108485139974095
7486,10099986,Spot Grid,1,SOLFDUSD,1.0,606787,0.38,11.24942494,259.0,0.01852641,-0.2110625879886794
7487,10095166,Spot Grid,1,ETHUSDT,1.0,789538,1.08,30.41051825,55.0,0.01893637,-0.21144893260600675
7488,10090354,Spot Grid,1,LINKFDUSD,1.0,868306,8.0,45.12084865,750.0,0.07193955,-0.21186487859021252
7489,10109804,Spot Grid,1,LTCUSDT,1.0,501057,1.63,16.34955003,91.0,0.02142067,-0.21190215740464688
7490,10119286,Spot Grid,1,ADAUSDC,1.0,368641,6.63,10.81730077,24.0,0.04677183,-0.2119150086992606
7491,10075994,Spot Grid,1,ETHUSDT,1.0,1116022,0.57,173.08453887,70.0,0.0186785,-0.21360064107191742
7492,10096952,Spot Grid,1,SUIUSDC,1.0,752482,3.79,30.368559,79.0,0.03424211,-0.21458671734184576
7493,10079440,Spot Grid,1,BTCUSDT,1.0,1068571,0.72,43.63981518,49.0,0.01822919,-0.21466282187156774
7494,10113029,Spot Grid,1,SUIUSDT,1.0,435684,3.49,26.18828888,110.0,0.03189164,-0.21486302866015777
7495,10011197,Spot Grid,1,ASTERUSDT,1.0,2483515,1.44,19.95339614,224.0,0.0318182,-0.21515574475038968
7496,10080019,Spot Grid,1,BTCUSDT,1.0,1059069,0.78,15.73526117,27.0,0.01792933,-0.21519493444854573
7497,10123109,Spot Grid,1,BTCUSDT,1.0,290582,0.76,38.11754714,9.0,0.0143031,-0.21603914487988454
7498,10082188,Spot Grid,1,SPCXBUSDT,1.0,1024786,2.59,12.99643644,73.0,0.02869828,-0.21646654799239648
7499,10079251,Spot Grid,1,BTCUSDT,1.0,1071569,0.21,21.34986247,85.0,0.01620261,-0.21726640564783173
7500,10058385,Spot Grid,1,UNIUSDC,1.0,1389406,8.12,16.17488297,283.0,0.06504885,-0.2181977524983199
7501,10095155,Spot Grid,1,BNBUSDT,1.0,789746,1.78,306.37135911,7.0,0.0234693,-0.2188579438804303
7502,10109586,Spot Grid,1,NEARUSDC,1.0,504728,3.19,20.2374539,37.0,0.02916483,-0.21971529310191307
7503,10118855,Spot Grid,1,ETHUSDT,1.0,375381,0.83,16.77299219,17.0,0.01527037,-0.22007819014266353
7504,10121274,Spot Grid,1,ETHUSDT,1.0,325004,0.37,22.79245508,15.0,0.012541,-0.22044397517732864
7505,10095492,Spot Grid,1,ETHUSDT,1.0,782439,0.91,11.92486473,53.0,0.01821531,-0.2208352562188975
7506,10073649,Spot Grid,1,SOLFDUSD,1.0,1151412,1.06,322.85331471,180.0,0.02490429,-0.22095647300397211
7507,10076879,Spot Grid,1,ETHUSDT,1.0,1102118,0.32,16.04746161,144.0,0.01831493,-0.22121901472106606
7508,10006727,Spot Grid,1,DASHUSDT,1.0,2590082,5.08,25.40285947,604.0,0.06051244,-0.22140405546694514
7509,10070520,Spot Grid,1,MSTRBUSDT,1.0,1178026,2.06,20.60324995,71.0,0.02667471,-0.22206912137315832
7510,9988649,Spot Grid,1,FRAXUSDT,1.0,3115737,4.86,29.20278933,210.0,0.0532891,-0.22264962559266963
7511,10096816,Spot Grid,1,SUIUSDT,1.0,755595,5.87,11.7504967,161.0,0.0476105,-0.22287972168758446
7512,10087795,Spot Grid,1,AIXBTUSDT,1.0,914083,2.97,43.10768935,321.0,0.03598764,-0.2234671951156172
7513,10111707,Spot Grid,1,ETHFDUSD,1.0,470110,1.14,57.24880041,50.0,0.01843944,-0.22409441018089718
7514,10109510,Spot Grid,1,ETHUSDC,1.0,506269,0.37,11.16548458,49.0,0.01414676,-0.2247108909039155
7515,10092127,Spot Grid,1,ETHUSDC,1.0,836208,0.08,10.55627552,135.0,0.01579262,-0.2248642132883773
7516,10075658,Spot Grid,1,XRPFDUSD,1.0,1120420,1.08,19.11222923,107.0,0.02193524,-0.22495379624587064
7517,10083311,Spot Grid,1,BTCUSDT,1.0,1006022,0.51,15.36360014,12.0,0.01630255,-0.22507489344801862
7518,10118787,Spot Grid,1,SUIUSDT,1.0,376018,4.09,12.79200118,109.0,0.03524613,-0.22522218302721986
7519,10075937,Spot Grid,1,ETHUSDT,1.0,1117180,0.5,50.98785984,97.0,0.01872384,-0.22555521754873886
7520,10128693,Spot Grid,1,WLDUSDT,1.0,182882,0.36,10.8906933,131.0,0.01447749,-0.22556562085813112
7521,10075668,Spot Grid,1,SOLUSDT,1.0,1121819,2.83,20.78183756,79.0,0.0309726,-0.2259065316402435
7522,10123007,Spot Grid,1,BTCUSDT,1.0,292406,0.88,13.68720913,17.0,0.01540815,-0.22592181374939974
7523,10092398,Spot Grid,1,ETHUSDT,1.0,833732,0.38,45.4172426,37.0,0.0155962,-0.22652037723075047
7524,10112126,Spot Grid,1,WLDUSDT,1.0,461226,11.17,33.53412945,10.0,0.07242433,-0.22662499650918586
7525,10095007,Spot Grid,1,ETHUSDT,1.0,792168,0.96,14.42613671,55.0,0.01881933,-0.2266520031305781
7526,10103975,Spot Grid,1,ADAUSDT,1.0,623675,6.0,15.9915623,74.0,0.04609915,-0.2268629517461573
7527,10101903,Spot Grid,1,BNBUSDT,1.0,661251,0.75,75.00483924,132.0,0.01907558,-0.22726072619887092
7528,10071357,Spot Grid,1,BTCUSDT,1.0,1171798,0.33,273.36968363,31.0,0.01789594,-0.22858399300202537
7529,10122405,Spot Grid,1,SUIUSDT,1.0,302549,3.61,36.08770043,64.0,0.0316434,-0.2294646801369802
7530,10123330,Spot Grid,1,SOLUSDT,1.0,285604,1.78,11.20455532,40.0,0.02097066,-0.2307136504644336
7531,10107571,Spot Grid,1,WLDUSDT,1.0,553514,5.04,85.83781125,318.0,0.04624643,-0.23132619100689028
7532,10127382,Spot Grid,1,INJUSDT,1.0,212682,1.34,13.4103013,124.0,0.02006891,-0.23144391644254386
7533,10126224,Spot Grid,1,BNBFDUSD,1.0,228895,1.74,246.20246817,7.0,0.02105044,-0.23147824640681647
7534,10091734,Spot Grid,1,ETHUSDT,1.0,839996,0.33,40.01502283,39.0,0.01564835,-0.23360293887927142
7535,9947874,Spot Grid,1,ONTUSDT,1.0,3914141,3.7,27.78169776,338.0,0.05353561,-0.23462501373808076
7536,10081657,Spot Grid,1,ETHUSDC,1.0,1032954,0.77,93.35500414,16.0,0.01871433,-0.23473686543514202
7537,10107255,Spot Grid,1,SHIBUSDT,1.0,559716,2.13,175.12491573,11.0,0.02449059,-0.23577687872032785
7538,10071686,Spot Grid,1,BTCUSDT,1.0,1169691,0.64,18.39560133,25.0,0.01850045,-0.23742944396766374
7539,10123750,Spot Grid,1,INJUSDC,1.0,274277,2.9,29.05102889,30.0,0.02724696,-0.238563184172907
7540,10115191,Spot Grid,1,BNBBTC,1.0,401451,0.45,19.22407507,10.0,0.01396005,-0.23982928215350602
7541,10085066,Spot Grid,1,TAOUSDT,1.0,980181,5.6,28.04725773,127.0,0.04716808,-0.24057386632490035
7542,10123317,Spot Grid,1,XRPETH,1.0,285829,0.08,10.38628187,5.0,0.0113384,-0.24104079596723318
7543,10076725,Spot Grid,1,BTCUSDT,1.0,1104710,0.42,17.61675155,9.0,0.01685728,-0.24193771721670942
7544,10091738,Spot Grid,1,BNBETH,1.0,839975,0.98,380.75606388,28.0,0.02106986,-0.24218747486471917
7545,10002980,Spot Grid,1,ZECUSDT,1.0,2687697,4.02,257.86070738,760.0,0.06050384,-0.24328896759191146
7546,10096103,Spot Grid,1,SOLUSDC,1.0,767983,0.58,14.16566468,45.0,0.01709811,-0.243448666087635
7547,10122457,Spot Grid,1,SOLUSDT,1.0,301778,1.28,59.74010031,46.0,0.01920495,-0.2437814001493453
7548,10073723,Spot Grid,1,SOLUSDT,1.0,1150539,1.6,32.51170322,454.0,0.03311074,-0.24463768587749124
7549,10070392,Spot Grid,1,BTCUSDT,1.0,1179125,1.33,14.05467309,7.0,0.02221484,-0.24492785217664087
7550,10086791,Spot Grid,1,LTCUSDT,1.0,933459,1.33,127.55210006,743.0,0.03743389,-0.24776147611430674
7551,10092136,Spot Grid,1,BNBUSDT,1.0,836143,1.08,121.7523171,29.0,0.02052349,-0.24800412240975517
7552,10130714,Spot Grid,1,MARSCOINUSDT,1.0,128585,0.49,11.98233607,174.0,0.01678814,-0.24837039373620176
7553,10074046,Spot Grid,1,BTCUSDT,1.0,1147039,0.52,44.89185904,33.0,0.0185449,-0.2496903914187444
7554,10130174,Spot Grid,1,APTUSDT,1.0,140655,0.3,15.8200357,132.0,0.01501803,-0.2505349674911224
7555,10112272,Spot Grid,1,SUIUSDT,1.0,457233,3.63,14.52321096,21.0,0.03226564,-0.25118123108187296
7556,10092273,Spot Grid,1,BNBUSDT,1.0,834908,1.08,123.01654555,30.0,0.02071287,-0.2521620055289812
7557,10094075,Spot Grid,1,SOLUSDT,1.0,810792,0.67,33.80384864,99.0,0.01936914,-0.25221329708691614
7558,10079045,Spot Grid,1,CHIPUSDT,1.0,1074041,9.55,23.98324265,185.0,0.07092239,-0.2537792666406686
7559,10123436,Spot Grid,1,TAOUSDT,1.0,282682,1.12,11.21817623,83.0,0.01918696,-0.2538890333862994
7560,10093145,Spot Grid,1,ETHUSDT,1.0,824698,0.64,10.83798295,119.0,0.01966005,-0.25446928579832373
7561,10079442,Spot Grid,1,BTCUSDT,1.0,1068524,0.7,35.19821427,42.0,0.01953477,-0.254666726326407
7562,10086722,Spot Grid,1,ETHUSDT,1.0,935174,1.14,11.42663456,15.0,0.020695,-0.2550608725201156
7563,10074503,Spot Grid,1,ETHUSDT,1.0,1134108,0.97,99.08207769,25.0,0.02128474,-0.25524352396639477
7564,10112498,Spot Grid,1,XRPUSDT,1.0,449937,0.61,12.37641837,51.0,0.01649473,-0.2552555379665951
7565,10093158,Spot Grid,1,SOLUSDT,1.0,824547,0.95,21.04374151,45.0,0.01990108,-0.2559216269414231
7566,10077873,Spot Grid,1,ENSOUSDT,1.0,1088019,3.54,19.25077605,241.0,0.03934508,-0.25607933282267414
7567,10129752,Spot Grid,1,SUIUSDC,1.0,151497,3.62,30.97129669,3.0,0.03081189,-0.25626304843265185
7568,10118433,Spot Grid,1,NMRUSDT,1.0,379034,2.69,13.46595879,106.0,0.02879127,-0.25643850229207205
7569,10079358,Spot Grid,1,MINAUSDT,1.0,1069694,5.85,35.15119732,248.0,0.05215634,-0.25653183180802863
7570,10112701,Spot Grid,1,PHAUSDT,1.0,443476,4.8,74.525574,91.0,0.04066899,-0.2578963588336914
7571,10088862,Spot Grid,1,SOLUSDT,1.0,899831,2.9,58.15539456,60.0,0.03149065,-0.2581153713600092
7572,10092871,Spot Grid,1,MUBUSDT,1.0,828230,2.62,525.56665405,139.0,0.03377626,-0.25932865906112296
7573,10092122,Spot Grid,1,ETHUSDT,1.0,836246,0.16,19.12193297,38.0,0.01561004,-0.25941308935613716
7574,10121909,Spot Grid,1,ETHUSDC,1.0,311195,0.49,12.74418673,29.0,0.01499021,-0.26045449405618193
7575,10092252,Spot Grid,1,ETHUSDT,1.0,835120,0.15,18.80702985,37.0,0.0155783,-0.2606722824183466
7576,10097525,Spot Grid,1,MUBARAKUSDT,1.0,743013,10.17,10.60734965,72.0,0.07075492,-0.2616000251711008
7577,10113507,Spot Grid,1,ETHUSDT,1.0,422125,1.69,25.41394436,30.0,0.02217797,-0.26195401676940655
7578,10072997,Spot Grid,1,SOLUSDT,1.0,1159040,2.52,16.82403482,81.0,0.03091139,-0.26211268136570026
7579,10111612,Spot Grid,1,XRPUSDC,1.0,471806,1.19,14.47708957,190.0,0.02311625,-0.2652724253484418
7580,10073305,Spot Grid,1,SOLUSDT,1.0,1155372,2.53,24.71972961,81.0,0.03118458,-0.2669312717895414
7581,10079239,Spot Grid,1,ETHUSDT,1.0,1071801,0.21,10.91433174,138.0,0.01928295,-0.267352361816855
7582,10110738,Spot Grid,1,SOLUSDT,1.0,485643,1.36,18.0053284,19.0,0.02059149,-0.267400873429757
7583,10090136,Spot Grid,1,BNBUSDT,1.0,873287,1.15,42.35260056,41.0,0.02170504,-0.26777656537231787
7584,10013922,Spot Grid,1,币安人生USDT,1.0,2409751,0.16,12.87199661,467.0,0.03172477,-0.26798698697395984
7585,10113570,Spot Grid,1,XRPUSDT,1.0,422942,0.53,23.12129039,49.0,0.01648257,-0.26840363701727776
7586,10077769,Spot Grid,1,ETHUSDT,1.0,1089093,0.21,42.94896811,94.0,0.01867761,-0.26951614918776146
7587,10105674,Spot Grid,1,SUIUSDT,1.0,586195,2.72,150.39398365,150.0,0.03204192,-0.2705261789471951
7588,10121043,Spot Grid,1,BTCUSDT,1.0,330712,2.89,20.23384,33.0,0.02875309,-0.2709670711582
7589,10126093,Spot Grid,1,NIGHTUSDT,1.0,230973,4.41,43.25863628,9.0,0.03625836,-0.27103494474818346
7590,10120989,Spot Grid,1,ETHUSDT,1.0,332210,0.65,19.65151918,5.0,0.0159163,-0.27123267463116896
7591,10107981,Spot Grid,1,SUIUSDT,1.0,543310,5.07,20.3169655,41.0,0.04182587,-0.27256576786544273
7592,10107042,Spot Grid,1,SOLUSDT,1.0,563096,1.15,10.3866723,36.0,0.02031667,-0.2729490686668799
7593,10121925,Spot Grid,1,XRPUSDT,1.0,310998,1.04,10.41493902,5.0,0.01798799,-0.2731143916267356
7594,10107056,Spot Grid,1,SOLUSDT,1.0,562833,1.07,70.99019714,36.0,0.02022841,-0.2739198270457642
7595,10120302,Spot Grid,1,AXSUSDT,1.0,346354,9.2,16.9405783,16.0,0.06309368,-0.27392172803589293
7596,10105707,Spot Grid,1,SOLUSDT,1.0,585524,1.24,14.93249162,47.0,0.02122044,-0.27442460881133174
7597,10108745,Spot Grid,1,UNIBTC,1.0,520601,1.05,45.6223056,23.0,0.01955376,-0.27443848790612224
7598,10124303,Spot Grid,1,BTCU,1.0,260826,0.71,36.27408748,73.0,0.01759461,-0.2744923051137044
7599,10118167,Spot Grid,1,BTCUSDT,1.0,381923,2.36,21.32126949,4.0,0.0256183,-0.2748189406596601
7600,10121386,Spot Grid,1,BTCUSDT,1.0,322465,2.7,160.61208444,33.0,0.02856966,-0.2751910624437473
7601,10117623,Spot Grid,1,MUBUSDT,1.0,387660,0.58,32.43492752,98.0,0.01802354,-0.27670845747024464
7602,10117758,Spot Grid,1,RENDERUSDT,1.0,386469,1.36,27.30771393,185.0,0.02412715,-0.2773514378256997
7603,10077552,Spot Grid,1,BTCUSDT,1.0,1091239,0.51,15.58234177,38.0,0.01935591,-0.2783027398773491
7604,10080109,Spot Grid,1,SOLUSDC,1.0,1057148,1.5,43.94181275,80.0,0.02572982,-0.2799803694664979
7605,10105685,Spot Grid,1,XRPUSDT,1.0,585996,0.84,75.31195366,12.0,0.01889054,-0.28157193171817213
7606,10098528,Spot Grid,1,SOLUSDC,1.0,726541,0.67,14.25597629,167.0,0.02156868,-0.282626185816471
7607,10126297,Spot Grid,1,BNBUSDT,1.0,227684,1.53,42.741492,4.0,0.0208438,-0.28270762346358685
7608,10115534,Spot Grid,1,SOLUSDC,1.0,399767,0.62,19.38592559,21.0,0.01684988,-0.28298002374149095
7609,10064059,Spot Grid,1,BNBBTC,1.0,1131550,0.32,28.00371855,88.0,0.01980397,-0.2831275933054142
7610,10071179,Spot Grid,1,BTCUSDT,1.0,1173085,0.72,93.55728203,51.0,0.02173446,-0.28336694491677406
7611,10126901,Spot Grid,1,AXSUSDT,1.0,220564,3.24,16.37451102,46.0,0.03095185,-0.283391344793422
7612,10083872,Spot Grid,1,DOGEFDUSD,1.0,993672,2.09,73.56147756,145.0,0.03036514,-0.283722881470593
7613,10121503,Spot Grid,1,ETHUSDT,1.0,319759,0.32,11.24138949,10.0,0.01466889,-0.28490672145118867
7614,10080382,Spot Grid,1,BNBUSDT,1.0,1051864,0.4,39.7645372,37.0,0.01900704,-0.2862253999319564
7615,10100323,Spot Grid,1,SOLUSDC,1.0,684072,1.42,26.25493605,24.0,0.02270641,-0.28707368584560294
7616,10071923,Spot Grid,1,SOLUSDT,1.0,1168298,2.31,11.58326632,82.0,0.03081721,-0.28753978645395994
7617,10072203,Spot Grid,1,BTCUSDT,1.0,1166331,0.48,38.54774225,18.0,0.01959199,-0.2878709125154728
7618,10098778,Spot Grid,1,ETHUSDC,1.0,720442,0.93,57.96203208,27.0,0.02047951,-0.288882128676979
7619,10109297,Spot Grid,1,RENDERUSDT,1.0,510870,2.35,181.69085081,47.0,0.02850344,-0.2911056665419182
7620,10123156,Spot Grid,1,BTCUSDT,1.0,289538,1.02,25.56356799,7.0,0.01863469,-0.2912313245484828
7621,10095768,Spot Grid,1,SOLUSDT,1.0,776080,0.78,93.87121789,112.0,0.02202442,-0.29249042447076473
7622,10124822,Spot Grid,1,BTCUSDT,1.0,252923,0.44,11.67806744,3.0,0.01522786,-0.2932179266156147
7623,10127192,Spot Grid,1,NEARUSDT,1.0,215689,0.81,275.05003938,42.0,0.01928898,-0.29361196553924884
7624,9996260,Spot Grid,1,ACEUSDT,1.0,2867158,4.91,10.86702211,104.0,0.05303261,-0.2940907506840095
7625,10088722,Spot Grid,1,SOLUSDT,1.0,902453,2.58,12.90599882,60.0,0.0310034,-0.29509965814533134
7626,10091499,Spot Grid,1,ETHUSDT,1.0,842775,0.32,96.15777855,37.0,0.01836741,-0.29623216574004435
7627,10123060,Spot Grid,1,SUIUSDT,1.0,291560,2.19,16.45396203,46.0,0.02603738,-0.296532197755585
7628,10072824,Spot Grid,1,SOLUSDT,1.0,1160687,2.27,18.72495275,82.0,0.03103167,-0.29822494260631416
7629,10092645,Spot Grid,1,SOLUSDT,1.0,831023,1.79,10.76315967,143.0,0.0282635,-0.2986776737026733
7630,10072215,Spot Grid,1,BTCUSDT,1.0,1166248,0.49,33.63980307,18.0,0.02007912,-0.2992739652378937
7631,10098236,Spot Grid,1,SHIBUSDC,1.0,731803,0.75,12.63158776,208.0,0.02358295,-0.2999270888347525
7632,10010403,Spot Grid,1,ARBUSDT,1.0,2503029,8.64,45.75122265,256.0,0.07553041,-0.3002273846515052
7633,9969069,Spot Grid,1,RIFUSDT,1.0,3585981,1.69,25.569835,566.0,0.04858423,-0.3003220055525651
7634,10065037,Spot Grid,1,HBARUSDC,1.0,1258652,15.83,350.16901995,330.0,0.1127454,-0.3016090267731839
7635,10124689,Spot Grid,1,ADAEUR,1.0,254773,2.69,38.89593304,2.0,0.02801803,-0.301938249953962
7636,10123004,Spot Grid,1,SOLUSDT,1.0,292445,0.92,18.19306422,29.0,0.01902474,-0.3036134644548041
7637,10100675,Spot Grid,1,SOLFDUSD,1.0,586769,2.41,169.1818205,31.0,0.02927304,-0.3040438298335543
7638,10119712,Spot Grid,1,SUIUSDT,1.0,361568,2.97,29.7471203,87.0,0.03184427,-0.3040824411360806
7639,10107201,Spot Grid,1,UNIUSDT,1.0,560489,0.98,211.91873967,223.0,0.02565277,-0.30493569883040195
7640,10090273,Spot Grid,1,ETHUSDT,1.0,870287,0.55,27.60667287,13.0,0.01929283,-0.3064266056612686
7641,10123227,Spot Grid,1,BTCUSDT,1.0,287916,0.91,27.59960341,8.0,0.01873248,-0.30803894680988775
7642,10069552,Spot Grid,1,ETHUSDT,1.0,1185928,0.24,24.06642089,23.0,0.01922003,-0.3084453839564397
7643,10091983,Spot Grid,1,ETHUSDT,1.0,837535,0.28,28.41929402,59.0,0.01874373,-0.30869418400594056
7644,10075942,Spot Grid,1,TUTUSDT,1.0,1117122,11.57,11.57146865,135.0,0.08325823,-0.30902341625734936
7645,10082743,Spot Grid,1,BNBUSDT,1.0,1015628,0.83,324.703302,48.0,0.02384103,-0.3095683568258255
7646,10084738,Spot Grid,1,XRPUSDT,1.0,987662,1.29,38.73378021,132.0,0.02655278,-0.30975347203763276
7647,10075340,Spot Grid,1,SOLUSDT,1.0,1127540,2.24,11.13781934,80.0,0.03110951,-0.30980325633707106
7648,10109807,Spot Grid,1,HYPEUSDT,1.0,501013,1.75,26.33391731,116.0,0.02662557,-0.31069800793059255
7649,10084364,Spot Grid,1,NEARUSDT,1.0,993936,11.83,118.30527489,760.0,0.0980062,-0.31100399445176014
7650,9961678,Spot Grid,1,TSTUSDT,1.0,3726984,3.55,40.04074844,654.0,0.06178506,-0.31234609162971577
7651,10071787,Spot Grid,1,BTCUSDT,1.0,1169128,0.21,262.33614526,26.0,0.02044828,-0.31281180771351735
7652,10123100,Spot Grid,1,ADAUSDT,1.0,290673,3.36,12.76867384,37.0,0.03288674,-0.3129560426833857
7653,10117692,Spot Grid,1,ADAUSDC,1.0,387175,3.02,24.51245112,566.0,0.04270302,-0.3132525302164929
7654,9957780,Spot Grid,1,XRPUSDC,1.0,3790230,0.92,67.61087178,410.0,0.04269002,-0.31353906126307796
7655,10075747,Spot Grid,1,APEUSDT,1.0,1120279,12.19,43.39678485,290.0,0.09029777,-0.31375508177167233
7656,10100655,Spot Grid,1,ADAUSDT,1.0,678121,3.68,18.40538147,204.0,0.03990498,-0.3141664854444658
7657,10089257,Spot Grid,1,SOLUSDT,1.0,892472,2.5,33.02140116,59.0,0.03138925,-0.3146198545093833
7658,10080467,Spot Grid,1,SOLETH,1.0,1050294,2.12,37.73532294,13.0,0.02904395,-0.31483452583562793
7659,10072325,Spot Grid,1,SOLUSDT,1.0,1165284,2.12,10.60287685,82.0,0.03085956,-0.3149284073869717
7660,10108943,Spot Grid,1,XRPUSDT,1.0,517625,1.44,44.82560923,211.0,0.02728568,-0.3151933882828822
7661,10125735,Spot Grid,1,WLDUSDT,1.0,236911,4.79,51.81814814,83.0,0.04174657,-0.3151935295281627
7662,10082217,Spot Grid,1,BNBUSDT,1.0,1024472,1.2,43.8120838,107.0,0.02599631,-0.31676264479386573
7663,10105822,Spot Grid,1,QNTUSDT,1.0,583108,18.44,59.02254203,261.0,0.12180561,-0.31708914665828786
7664,10052222,Spot Grid,1,UNIBTC,1.0,1482711,4.06,124.50506531,768.0,0.05804192,-0.31764714643615405
7665,10096852,Spot Grid,1,BTCUSDT,1.0,754738,2.06,75.28854534,37.0,0.0282664,-0.3176549077817733
7666,10114007,Spot Grid,1,WLDUSDT,1.0,414771,8.69,86.96447057,43.0,0.06331974,-0.31856858454566567
7667,10094388,Spot Grid,1,CVXUSDT,1.0,804867,9.33,32.68840307,67.0,0.0687253,-0.31874296090503124
7668,10095665,Spot Grid,1,SOLUSDT,1.0,778386,0.82,43.01403782,138.0,0.0235962,-0.31874451110803176
7669,10127401,Spot Grid,1,ADAETH,1.0,212308,1.39,19.23284008,53.0,0.02238529,-0.3189974908575964
7670,10111467,Spot Grid,1,SOLFDUSD,1.0,474545,1.02,22.14370792,12.0,0.02063759,-0.31921292037196863
7671,10095674,Spot Grid,1,SOLUSDT,1.0,778267,1.03,53.99621082,65.0,0.02332557,-0.3204534464487977
7672,10072196,Spot Grid,1,BTCUSDT,1.0,1166383,0.44,39.19725011,19.0,0.02073168,-0.32108093985974406
7673,10076584,Spot Grid,1,BTCFDUSD,1.0,1106418,0.62,49.83543793,50.0,0.02220637,-0.3219617682063788
7674,10123087,Spot Grid,1,BTCUSDC,1.0,290941,1.07,10.78470044,8.0,0.02013306,-0.3229406209878508
7675,10076849,Spot Grid,1,ENAUSDT,1.0,1102603,12.03,48.58314125,149.0,0.08677671,-0.3233801142106571
7676,10058219,Spot Grid,1,UNIUSDT,1.0,1392721,5.32,35.14348029,1813.0,0.08646623,-0.3242189493040986
7677,10088662,Spot Grid,1,ETHUSDT,1.0,903582,1.45,67.15690662,40.0,0.02585561,-0.32436613211827875
7678,10092376,Spot Grid,1,ENAUSDC,1.0,833955,2.93,40.08706936,1040.0,0.05474293,-0.3260511267781464
7679,9996105,Spot Grid,1,LUMIAUSDT,1.0,2874291,5.52,47.7642717,172.0,0.05939431,-0.32806391522737527
7680,10095670,Spot Grid,1,SOLUSDT,1.0,778309,0.91,47.73036466,79.0,0.02324134,-0.3281297977248955
7681,10095668,Spot Grid,1,SOLUSDT,1.0,778348,0.86,45.01585771,104.0,0.02357721,-0.3304791626065396
7682,10117879,Spot Grid,1,ADAUSDT,1.0,385020,4.64,39.49846275,33.0,0.04106766,-0.33088092352772486
7683,10113177,Spot Grid,1,GRAMUSDT,1.0,433013,1.43,81.64821698,123.0,0.02592249,-0.33326077365386825
7684,10119731,Spot Grid,1,XRPUSDT,1.0,361111,1.34,13.45512875,2.0,0.02227619,-0.33486173299488287
7685,10077601,Spot Grid,1,BNBUSDT,1.0,1090639,0.37,12.09394648,14.0,0.02034557,-0.3351708257399287
7686,10063112,Spot Grid,1,ZKUSDT,1.0,1302188,9.47,41.52592708,465.0,0.08079069,-0.3363554075820247
7687,10092578,Spot Grid,1,BTCUSDT,1.0,831748,1.64,16.46399633,37.0,0.02678312,-0.33728715015981375
7688,10123871,Spot Grid,1,HYPEUSDT,1.0,270845,1.07,43.15561691,9.0,0.02081383,-0.3373571405394934
7689,10126783,Spot Grid,1,ADAUSDC,1.0,222095,2.37,16.59617466,54.0,0.02857096,-0.3382471812433983
7690,10117162,Spot Grid,1,SOLUSDT,1.0,391879,0.68,13.35282376,48.0,0.01992017,-0.3386368507361666
7691,10128596,Spot Grid,1,SUIUSDT,1.0,185595,0.77,14.89403889,3.0,0.01860217,-0.3390202020304502
7692,10133682,Spot Grid,1,SUIUSDC,1.0,41542,0.41,62.36532031,19.0,0.01661727,-0.3394764529045205
7693,10107945,Spot Grid,1,SUIUSDT,1.0,544477,5.71,25.26301065,6.0,0.04732531,-0.3399656081284166
7694,9740262,Spot Grid,1,FETUSDC,1.0,11044556,9.42,80.73531287,534.0,0.12404607,-0.3419044588677811
7695,10052828,Spot Grid,1,UNIUSDT,1.0,1469636,3.72,86.35367823,905.0,0.05980364,-0.34194582617929853
7696,10104051,Spot Grid,1,SOLUSDT,1.0,622066,1.02,31.08795202,65.0,0.02336527,-0.3423616039453411
7697,10117869,Spot Grid,1,ETHUSDT,1.0,385118,0.8,16.03026729,22.0,0.02018409,-0.342929994109483
7698,10075678,Spot Grid,1,BNBUSDT,1.0,1121635,0.28,28.42798448,1.0,0.02015587,-0.34416805986814514
7699,10122287,Spot Grid,1,SOLUSDC,1.0,304597,1.69,13.67414371,24.0,0.02479187,-0.34420538982337623
7700,10096008,Spot Grid,1,SOLUSDT,1.0,770009,0.85,12.83340309,24.0,0.02220618,-0.34485553226600324
7701,10100401,Spot Grid,1,REUSDT,1.0,682626,4.75,14.8860424,60.0,0.04407621,-0.348054292910562
7702,10111740,Spot Grid,1,ALGOUSDT,1.0,469396,4.41,331.35030894,68.0,0.04313862,-0.34899411825749804
7703,10085222,Spot Grid,1,NEARUSDC,1.0,975479,9.05,56.15596645,362.0,0.07553321,-0.3498367671292555
7704,10110397,Spot Grid,1,FETUSDT,1.0,490804,5.8,18.56461712,186.0,0.05176545,-0.3500044135740536
7705,10100025,Spot Grid,1,SOLUSDT,1.0,692209,1.43,17.25881292,86.0,0.02663213,-0.35107850152444026
7706,10087717,Spot Grid,1,DOGEUSDT,1.0,915069,1.34,15.2244651,124.0,0.02789415,-0.3512877224493208
7707,10124312,Spot Grid,1,SUIUSDT,1.0,260638,3.23,33.38285165,28.0,0.03356704,-0.3529043945185088
7708,10079218,Spot Grid,1,DIAUSDT,1.0,1072190,7.81,59.65608689,42.0,0.06256381,-0.3537063752721371
7709,10123937,Spot Grid,1,SUIUSDT,1.0,269221,2.81,28.16134588,12.0,0.03098939,-0.35413660711584094
7710,10067588,Spot Grid,1,MBLUSDT,1.0,1210106,3.81,25.02658619,30.0,0.04087617,-0.35482489524283806
7711,10073098,Spot Grid,1,AVAXUSDT,1.0,1157773,3.22,10.47372343,264.0,0.04230768,-0.3550259890518791
7712,10111957,Spot Grid,1,SUIUSDT,1.0,464546,5.76,44.42425228,82.0,0.04957256,-0.3551234172657245
7713,10062622,Spot Grid,1,ARUSDT,1.0,1316677,10.17,26.16041124,121.0,0.07811547,-0.35600336362298196
7714,10117278,Spot Grid,1,SOLUSDC,1.0,391224,0.75,30.18186364,15.0,0.0204124,-0.3566523839573478
7715,10111918,Spot Grid,1,ADABTC,1.0,465342,4.67,51.98136478,3.0,0.04205226,-0.3569634332454168
7716,10127500,Spot Grid,1,DOGEUSDT,1.0,210459,0.7,37.0387939,31.0,0.01975788,-0.35710114372591506
7717,10094884,Spot Grid,1,ETHFDUSD,1.0,794574,1.13,22.79150501,17.0,0.0242845,-0.35824771080162077
7718,10094543,Spot Grid,1,SOLUSDT,1.0,802419,1.07,10.71814956,59.0,0.02481932,-0.3583256245934278
7719,10113226,Spot Grid,1,SHIBUSDT,1.0,431589,1.93,16.38361076,38.0,0.02756673,-0.35935499341388605
7720,10121021,Spot Grid,1,PEPEFDUSD,1.0,331375,1.01,29.31826592,402.0,0.02991188,-0.36036408700686146
7721,10111932,Spot Grid,1,IOUSDT,1.0,447614,6.24,31.24280801,185.0,0.05454092,-0.3626555993947069
7722,10131174,Spot Grid,1,ALGOUSDC,1.0,117659,0.37,18.98311333,161.0,0.02044585,-0.36290266352041545
7723,10071339,Spot Grid,1,BTCUSDT,1.0,1000319,1.28,128.74311299,11.0,0.02667625,-0.3650557206758513
7724,10130391,Spot Grid,1,RENDERUSDC,1.0,135763,0.4,10.53820131,7.0,0.01755496,-0.3671147678328053
7725,10108124,Spot Grid,1,FETUSDT,1.0,538615,11.47,57.35844311,15.0,0.0802861,-0.36756693994159584
7726,10110484,Spot Grid,1,LTCUSDT,1.0,489152,1.18,11.84123627,8.0,0.02347166,-0.36984539662440746
7727,10121712,Spot Grid,1,FILUSDT,1.0,315477,2.21,22.17916527,14.0,0.02861313,-0.37151463556350545
7728,10115918,Spot Grid,1,BCHUSDT,1.0,398165,1.06,53.33822653,110.0,0.02498364,-0.3744806437899273
7729,9709526,Spot Grid,1,TAOUSDC,1.0,11989207,10.37,63.85909398,523.0,0.13427661,-0.37459884921634334
7730,10094892,Spot Grid,1,SUIUSDT,1.0,794432,4.94,76.52871096,53.0,0.04683809,-0.3748253975119062
7731,10108406,Spot Grid,1,SHIBUSDT,1.0,529890,2.69,13.46603916,27.0,0.03252025,-0.3748395822285052
7732,10123529,Spot Grid,1,SOLUSDT,1.0,280463,1.24,31.31532958,15.0,0.02336817,-0.37512280228648803
7733,10114439,Spot Grid,1,SHIBUSDT,1.0,408990,0.86,15.94985181,67.0,0.02296814,-0.37783618445278155
7734,10100129,Spot Grid,1,DOGEUSDT,1.0,688942,1.34,26.39764476,280.0,0.03139833,-0.37899372813942966
7735,10121535,Spot Grid,1,ETHUSDT,1.0,319079,0.38,11.61951456,9.0,0.01876118,-0.3791699827862819
7736,10119543,Spot Grid,1,SUIUSDT,1.0,364889,3.79,18.5805036,74.0,0.03909951,-0.3809170656931311
7737,10122994,Spot Grid,1,BTCUSDC,1.0,292679,1.14,22.83214773,23.0,0.02323852,-0.3810921049425677
7738,10123736,Spot Grid,1,SOLUSDT,1.0,274592,1.17,23.24396689,22.0,0.02332458,-0.3815461812085184
7739,10074651,Spot Grid,1,SOLUSDT,1.0,1137384,1.63,17.68513599,81.0,0.03076286,-0.3818735929850344
7740,10109613,Spot Grid,1,XRPUSDT,1.0,504225,1.43,73.31812324,16.0,0.02589084,-0.382323800538132
7741,10110229,Spot Grid,1,LTCUSDT,1.0,494165,1.45,47.20060846,510.0,0.03628398,-0.3825574012728667
7742,10119943,Spot Grid,1,ADAFDUSD,1.0,355363,6.39,31.95078229,42.0,0.05278652,-0.3835915405640737
7743,10118445,Spot Grid,1,WLDUSDC,1.0,378885,5.39,21.73693712,192.0,0.05055364,-0.38404118595636183
7744,10091547,Spot Grid,1,LTCUSDT,1.0,841997,1.25,125.2770894,86.0,0.02827372,-0.3867027616336121
7745,10111284,Spot Grid,1,VIRTUALUSDT,1.0,477215,4.48,12.83651606,23.0,0.04251944,-0.3876964409648068
7746,10085900,Spot Grid,1,DOGEUSDC,1.0,955229,1.14,38.93513565,201.0,0.03019077,-0.38784760370098625
7747,10091709,Spot Grid,1,BNBUSDT,1.0,840354,1.9,19.01793199,20.0,0.03001567,-0.3900558995702389
7748,10061431,Spot Grid,1,ARBUSDT,1.0,1337569,5.31,11.6853644,79.0,0.05221409,-0.39506383132084255
7749,10094369,Spot Grid,1,PROMUSDT,1.0,804985,6.27,12.55682433,366.0,0.06127008,-0.39512255435970606
7750,10123068,Spot Grid,1,SUIUSDT,1.0,291336,2.51,18.85115184,53.0,0.03193893,-0.395894763687756
7751,10131378,Spot Grid,1,牛来USDT,1.0,111150,3.82,52.22751333,324.0,0.04426178,-0.396363372191859
7752,10079242,Spot Grid,1,XNOUSDT,1.0,1071751,1.08,12.4831755,942.0,0.04626725,-0.39694375624800976
7753,10105191,Spot Grid,1,SSVUSDT,1.0,595782,1.81,136.42281318,54.0,0.03008751,-0.3971932945811394
7754,10122716,Spot Grid,1,SOLUSDT,1.0,297469,0.99,59.53295422,5.0,0.02289593,-0.39727284948191355
7755,10074926,Spot Grid,1,XRPUSDT,1.0,1133547,0.69,20.50123602,121.0,0.02713349,-0.3985658777625897
7756,10111361,Spot Grid,1,ADAUSDT,1.0,476263,6.4,19.20572687,7.0,0.05318119,-0.39925685271307176
7757,10071366,Spot Grid,1,BTCU,1.0,1171734,0.59,56.3875061,150.0,0.02761426,-0.4002258775511238
7758,10073020,Spot Grid,1,LINKUSDT,1.0,1158805,3.91,295.10442428,167.0,0.04731755,-0.40028550782407607
7759,10129180,Spot Grid,1,QNTUSDT,1.0,168781,1.96,196.20981055,145.0,0.0314983,-0.40173429885995915
7760,10110262,Spot Grid,1,ADAUSDT,1.0,493556,5.29,13.23314371,117.0,0.04962451,-0.40292519629995976
7761,10120658,Spot Grid,1,ADAFDUSD,1.0,338178,2.79,91.10145166,14.0,0.03350967,-0.4031587407991727
7762,10124428,Spot Grid,1,ZROUSDT,1.0,258044,7.05,35.26745211,143.0,0.05894324,-0.4036818275069793
7763,10101290,Spot Grid,1,BTCUSDT,1.0,669193,1.18,11.86704519,19.0,0.02623782,-0.4137569959342468
7764,10117867,Spot Grid,1,ETHUSDT,1.0,385196,0.57,12.07585324,19.0,0.0217986,-0.416543527002298
7765,10072168,Spot Grid,1,BTCFDUSD,1.0,1166334,0.81,27.71151378,43.0,0.02706132,-0.41709335651903057
7766,10099086,Spot Grid,1,XRPFDUSD,1.0,715626,0.11,57.08882956,45.0,0.02152659,-0.41782123348620753
7767,10093717,Spot Grid,1,SOLUSDT,1.0,817019,2.65,13.44747947,24.0,0.03523579,-0.41892426783078907
7768,10121035,Spot Grid,1,SUIUSDT,1.0,330902,5.86,58.63437966,57.0,0.05168983,-0.4197855927070636
7769,10099091,Spot Grid,1,XRPFDUSD,1.0,715591,0.1,50.4461067,41.0,0.02144944,-0.4202242422000518
7770,10012828,Spot Grid,1,ZECUSDT,1.0,2443965,5.55,15.49359867,69.0,0.05907643,-0.42024833814124674
7771,10112225,Spot Grid,1,DOGEUSDC,1.0,458466,1.89,14.4182535,133.0,0.03193519,-0.42091778019814896
7772,10065337,Spot Grid,1,LINKBTC,1.0,1253218,6.49,25.1803111,86.0,0.05958951,-0.42147751541738376
7773,10075241,Spot Grid,1,UNIUSDT,1.0,1129341,4.19,48.44299855,72.0,0.04631601,-0.42196064150089585
7774,10074559,Spot Grid,1,PENDLEUSDT,1.0,1139286,2.13,21.37943559,290.0,0.03956214,-0.4220591792697484
7775,10117866,Spot Grid,1,ETHUSDT,1.0,385217,0.56,11.33591581,12.0,0.02188631,-0.4238696315610576
7776,10058386,Spot Grid,1,UNIUSDT,1.0,1389370,4.13,24.63233962,1810.0,0.08383076,-0.4240252824108795
7777,9954760,Spot Grid,1,DOGEUSDT,1.0,3821714,2.63,24.5286484,340.0,0.0549721,-0.42537949240729483
7778,10117864,Spot Grid,1,ETHUSDT,1.0,385256,0.55,11.17973822,7.0,0.02184256,-0.42679253265003614
7779,10077749,Spot Grid,1,NEARUSDT,1.0,1089368,7.66,19.17312649,39.0,0.06453543,-0.4281682613781835
7780,10100227,Spot Grid,1,ETHUSDT,1.0,686387,0.76,30.47315003,14.0,0.02474737,-0.432295952315004
7781,10104837,Spot Grid,1,PEPEFDUSD,1.0,603677,5.68,132.92346943,1011.0,0.07302503,-0.4344322859988342
7782,10119690,Spot Grid,1,AVAXUSDT,1.0,362299,1.39,139.20594182,48.0,0.02818801,-0.43477942451198587
7783,10101429,Spot Grid,1,ADAUSDT,1.0,667433,3.53,106.05034019,4.0,0.04022216,-0.437768188497623
7784,10082415,Spot Grid,1,BTCUSDT,1.0,1021380,0.22,105.39599102,37.0,0.02438793,-0.43956190296951037
7785,10053333,Spot Grid,1,DOGEBTC,1.0,1460576,1.84,70.98085598,53.0,0.03536751,-0.44143362380784584
7786,9851719,Spot Grid,1,GRAMUSDT,1.0,7747040,1.88,11.3927495,284.0,0.06704669,-0.4416171337984182
7787,10094497,Spot Grid,1,SUIUSDT,1.0,803375,5.53,12.82881226,120.0,0.05397546,-0.44405087571405355
7788,10089135,Spot Grid,1,DOGEUSDC,1.0,894597,1.27,12.7734888,322.0,0.0353603,-0.44490787998986137
7789,10120526,Spot Grid,1,BCHUSDT,1.0,341083,3.11,93.31001479,12.0,0.0369318,-0.4452219936163347
7790,10079980,Spot Grid,1,BNBUSDT,1.0,1060048,0.94,28.4366556,149.0,0.03075997,-0.4468499171088431
7791,10072589,Spot Grid,1,BNBETH,1.0,1162846,0.64,299.60609924,26.0,0.02838922,-0.44782907171373854
7792,10127658,Spot Grid,1,XVGUSDT,1.0,207493,0.6,18.13899211,102.0,0.02426041,-0.44816373954123123
7793,10098723,Spot Grid,1,ADAUSDT,1.0,721722,4.94,22.46962824,7.0,0.04823415,-0.4484749392154479
7794,10120307,Spot Grid,1,XRPUSDT,1.0,346234,0.61,12.21402211,6.0,0.02290342,-0.44957743630628444
7795,10055365,Spot Grid,1,UNIUSDT,1.0,1431660,4.56,62.33950464,798.0,0.06619108,-0.4500049180513818
7796,10120117,Spot Grid,1,SUIUSDT,1.0,351334,5.42,18.80836628,208.0,0.05369772,-0.45311226143396144
7797,10090715,Spot Grid,1,SOLBTC,1.0,859505,1.22,15.81373386,63.0,0.0298333,-0.45388826738151655
7798,10071990,Spot Grid,1,BTCUSDT,1.0,1167811,0.4,60.05057963,14.0,0.02602444,-0.45811903715985103
7799,10108753,Spot Grid,1,UNIUSDT,1.0,520336,5.4,55.37551796,34.0,0.05102846,-0.45836708891204925
7800,10124246,Spot Grid,1,XRPUSDT,1.0,261833,0.64,22.51665192,30.0,0.0237724,-0.4621463603895249
7801,10123901,Spot Grid,1,SUIUSDT,1.0,270358,2.84,87.94389138,120.0,0.03821471,-0.4652753982155246
7802,10123990,Spot Grid,1,DOGEUSDT,1.0,267854,1.34,26.32606174,21.0,0.02760809,-0.46588110306523794
7803,10082885,Spot Grid,1,TAOUSDT,1.0,1013555,3.27,16.35039153,162.0,0.04430021,-0.46614794191428943
7804,10111846,Spot Grid,1,DOGEUSDT,1.0,466893,1.85,14.43719999,34.0,0.03153199,-0.46757910156913185
7805,10098666,Spot Grid,1,WLDUSDC,1.0,723001,5.61,14.52630866,193.0,0.05660964,-0.4686182623724942
7806,10009553,Spot Grid,1,ZECUSDT,1.0,2528980,10.71,11.68377921,52.0,0.08933776,-0.4710127277507494
7807,10107693,Spot Grid,1,SUIUSDT,1.0,550893,4.28,23.21488512,81.0,0.04644118,-0.47286605629904566
7808,10070690,Spot Grid,1,ONDOUSDT,1.0,1176846,9.69,36.07211699,204.0,0.08139969,-0.47306473381277264
7809,10063075,Spot Grid,1,CFXUSDT,1.0,1303370,5.01,123.20543395,611.0,0.06540037,-0.4733686744119529
7810,10075915,Spot Grid,1,XRPUSDC,1.0,1117529,0.49,202.5081787,75.0,0.02901604,-0.4753177132814015
7811,10124576,Spot Grid,1,ADAUSDT,1.0,256312,2.53,25.36821885,22.0,0.03455039,-0.4774110220658809
7812,10087137,Spot Grid,1,TAOUSDT,1.0,926345,5.35,53.55431825,65.0,0.05391075,-0.47763496535348365
7813,9958226,Spot Grid,1,SUIUSDT,1.0,3785735,9.87,15.92769067,1881.0,0.12920611,-0.48034733170334787
7814,10099929,Spot Grid,1,DOGEUSDC,1.0,695022,0.53,92.34346092,314.0,0.0321321,-0.48062609712513826
7815,10102343,Spot Grid,1,BNBUSDT,1.0,655107,1.39,13.93912799,16.0,0.0300182,-0.4820800334414933
7816,10100320,Spot Grid,1,XRPUSDT,1.0,684107,2.52,110.49284979,18.0,0.03686555,-0.4820937355625477
7817,10069962,Spot Grid,1,DOGEUSDT,1.0,1182568,2.06,31.03215237,300.0,0.04206943,-0.48291209018425757
7818,10116355,Spot Grid,1,XRPUSDT,1.0,394780,1.0,47.0482308,12.0,0.02689664,-0.4830727109001383
7819,10083078,Spot Grid,1,UNIUSDT,1.0,994980,4.05,202.73901865,178.0,0.05056019,-0.4854116071128391
7820,10069318,Spot Grid,1,SHIBUSDT,1.0,1187816,2.62,32.93255412,64.0,0.04034367,-0.4871571700403755
7821,10115341,Spot Grid,1,HYPEUSDT,1.0,400521,2.94,11.76998772,142.0,0.04038451,-0.48998487436761157
7822,10048418,Spot Grid,1,ZECUSDT,1.0,1568655,4.62,24.05974323,1869.0,0.09120675,-0.4908190717936911
7823,10096530,Spot Grid,1,SEIUSDC,1.0,760294,6.25,62.60356868,190.0,0.06143445,-0.4929977377564662
7824,9687337,Spot Grid,1,XRPUSDT,1.0,12583876,8.3,20.08390286,516.0,0.12992265,-0.49424215924927206
7825,10113376,Spot Grid,1,MUBARAKUSDT,1.0,427526,12.59,14.87980296,14.0,0.09081891,-0.49499360660032016
7826,10090617,Spot Grid,1,DOGEUSDT,1.0,862083,1.82,27.39970163,14.0,0.03391065,-0.4977060043902367
7827,10079183,Spot Grid,1,TAOUSDT,1.0,1072796,3.15,15.75054144,163.0,0.04520172,-0.4981887564954706
7828,10106351,Spot Grid,1,ADAUSDC,1.0,574416,5.47,33.78296929,14.0,0.05283229,-0.5012846966989328
7829,10107200,Spot Grid,1,PUMPUSDT,1.0,560506,8.79,131.23809394,90.0,0.07307756,-0.5019516687216362
7830,9981241,Spot Grid,1,POLUSDT,1.0,3318838,3.66,18.17700091,524.0,0.06541451,-0.5024382951784957
7831,10072162,Spot Grid,1,AVAXUSDT,1.0,1166609,1.57,16.97284115,295.0,0.0400015,-0.5043218930375832
7832,10097366,Spot Grid,1,XRPUSDT,1.0,745698,0.95,10.86820002,97.0,0.03067218,-0.5063978538501561
7833,10081669,Spot Grid,1,ADAUSDT,1.0,1032777,2.9,169.04930914,119.0,0.04388164,-0.5071925575815585
7834,10080948,Spot Grid,1,TAOUSDT,1.0,1041991,2.95,14.76339439,165.0,0.04438894,-0.5075543689643293
7835,10081153,Spot Grid,1,LDOUSDT,1.0,1038867,6.63,103.45245182,143.0,0.06472242,-0.5129637204022208
7836,10079175,Spot Grid,1,TAOUSDT,1.0,1072890,3.04,15.21828143,163.0,0.04520172,-0.5132346427235045
7837,10084781,Spot Grid,1,DOGEUSDT,1.0,986904,3.76,37.63249685,22.0,0.04591804,-0.513521890191062
7838,10080956,Spot Grid,1,TAOUSDT,1.0,1041884,2.91,14.59302318,165.0,0.04441571,-0.5137041633479114
7839,10080944,Spot Grid,1,TAOUSDT,1.0,1042072,2.9,14.53798318,165.0,0.04441571,-0.5150537243110223
7840,10129828,Spot Grid,1,GMTUSDT,1.0,149725,1.22,12.10440692,19.0,0.02833238,-0.5157109345822648
7841,10102077,Spot Grid,1,ADAUSDT,1.0,659187,5.24,104.94133838,15.0,0.05300717,-0.518316677489818
7842,10089276,Spot Grid,1,AVAXUSDT,1.0,892158,3.21,24.12913886,78.0,0.04383917,-0.5190159610115708
7843,10106436,Spot Grid,1,SUIUSDT,1.0,572903,2.96,15.96784657,28.0,0.04002971,-0.5195932486531829
7844,10079171,Spot Grid,1,TAOUSDT,1.0,1072990,2.99,14.98172144,163.0,0.04520172,-0.5200668981653074
7845,10086417,Spot Grid,1,LTCBTC,1.0,942913,1.82,12.72108608,103.0,0.0369738,-0.520366175459978
7846,10119832,Spot Grid,1,GRTUSDT,1.0,357987,2.91,16.48542137,14.0,0.03858408,-0.5205944421375086
7847,10068911,Spot Grid,1,ETHUSDT,1.0,1190283,1.28,74.85326409,73.0,0.03480529,-0.5214722877499223
7848,10111164,Spot Grid,1,PUMPUSDT,1.0,479220,10.66,20.48386083,104.0,0.08356424,-0.5237097972361207
7849,10079164,Spot Grid,1,TAOUSDT,1.0,1073057,2.96,14.80430144,163.0,0.04520172,-0.5241700499797757
7850,10103562,Spot Grid,1,ADAUSDT,1.0,632361,5.05,20.23751403,13.0,0.05167542,-0.5258017609903295
7851,9053335,Spot Grid,1,CRVUSDT,1.0,25352729,8.04,65.72809627,1240.0,0.19994408,-0.5268615833459223
7852,10128456,Spot Grid,1,MARSCOINUSDT,1.0,189209,1.2,237.88810114,83.0,0.03136969,-0.5272321954089357
7853,10069915,Spot Grid,1,VETUSDT,1.0,1182881,2.87,12.6809165,39.0,0.04269981,-0.5280433737220676
7854,10097316,Spot Grid,1,ADAETH,1.0,746642,3.88,15.5330976,62.0,0.04691573,-0.5293411709546443
7855,10038056,Spot Grid,1,REZUSDT,1.0,1677302,11.07,22.15249926,17.0,0.08956264,-0.5352981292398685
7856,9657109,Spot Grid,1,TSTUSDT,1.0,13132528,1.68,43.74612103,69.0,0.08844313,-0.5375367304414815
7857,10100241,Spot Grid,1,PEPEUSDT,1.0,686020,2.79,10.7546375,315.0,0.04638108,-0.5383381104925051
7858,10123449,Spot Grid,1,SUIUSDT,1.0,282458,4.39,11.51112891,135.0,0.04964106,-0.5391694408944742
7859,10121338,Spot Grid,1,CFXUSDT,1.0,323607,0.51,25.58847976,81.0,0.02751384,-0.5391790903049918
7860,10109475,Spot Grid,1,UNIUSDT,1.0,506775,2.2,17.6382719,73.0,0.03738288,-0.540365222314665
7861,10124773,Spot Grid,1,SUIFDUSD,1.0,253821,2.91,21.70690119,162.0,0.04211538,-0.5409719413721487
7862,9971671,Spot Grid,1,NEIROUSDC,1.0,3538041,2.48,12.64078915,174.0,0.0540092,-0.5409981002077036
7863,10121361,Spot Grid,1,ADAUSDT,1.0,323035,5.52,20.4329255,4.0,0.05338945,-0.5420745624424014
7864,10114213,Spot Grid,1,UNIUSDT,1.0,411678,1.92,102.96952395,117.0,0.03691144,-0.5427953862488301
7865,10119825,Spot Grid,1,DASHUSDT,1.0,356066,1.15,11.71108079,192.0,0.03377885,-0.5478127614847912
7866,10095108,Spot Grid,1,SUIFDUSD,1.0,790651,6.61,13.2116464,97.0,0.06351467,-0.5478213823788226
7867,10016305,Spot Grid,1,ZECBTC,1.0,2342139,3.8,81.99330019,671.0,0.06733585,-0.5495412113373066
7868,10025210,Spot Grid,1,ZECUSDT,1.0,2082024,7.26,15.60601239,113.0,0.07304408,-0.5503446444088367
7869,10124751,Spot Grid,1,SUIFDUSD,1.0,253989,3.06,32.00890903,149.0,0.04309379,-0.5504049298375769
7870,9751264,Spot Grid,1,OGUSDT,1.0,10755490,2.11,151.3598639,345.0,0.08754987,-0.550523305330184
7871,10124525,Spot Grid,1,SUIFDUSD,1.0,257020,2.79,29.16512993,166.0,0.0420097,-0.5512885535902105
7872,10103651,Spot Grid,1,ADAUSDT,1.0,630264,5.05,12.62967801,13.0,0.05267545,-0.551897299172207
7873,9957038,Spot Grid,1,GIGGLEUSDT,1.0,3796874,2.42,15.18376421,209.0,0.05623473,-0.558274416027958
7874,10110406,Spot Grid,1,SUIBTC,1.0,490327,1.04,89.93000019,328.0,0.03747221,-0.5588121137016822
7875,10095082,Spot Grid,1,SUIUSDT,1.0,791209,4.8,15.37906934,349.0,0.0594384,-0.559868690804915
7876,10100762,Spot Grid,1,XRPUSDT,1.0,676622,0.94,21.75007169,91.0,0.03242972,-0.5606373887002055
7877,10093226,Spot Grid,1,HBARUSDT,1.0,717762,4.86,1224.30546392,1729.0,0.094916,-0.5610884211788545
7878,10061149,Spot Grid,1,UNIBTC,1.0,1341079,5.25,14.0340584,238.0,0.06202214,-0.5630055816658088
7879,10000475,Spot Grid,1,ZECUSDT,1.0,2727272,10.31,51.58925077,161.0,0.09428584,-0.5650782992751933
7880,10119862,Spot Grid,1,TSTUSDT,1.0,357294,2.25,13.59757353,156.0,0.0397782,-0.5658951314074357
7881,10097495,Spot Grid,1,DOGEUSDT,1.0,743532,0.51,10.38370832,12.0,0.02898759,-0.5694738730216826
7882,10125395,Spot Grid,1,ADAUSDC,1.0,242164,3.24,124.00113645,16.0,0.04264453,-0.5742324865525705
7883,10022864,Spot Grid,1,BNBETH,1.0,2164996,0.46,63.40572486,32.0,0.03568339,-0.5743891521246618
7884,10087133,Spot Grid,1,TAOUSDT,1.0,926481,5.43,65.24568729,54.0,0.0582983,-0.58025656136023
7885,10120769,Spot Grid,1,XRPUSDT,1.0,335480,1.35,35.28539716,13.0,0.03246621,-0.5813431724453515
7886,10077145,Spot Grid,1,XRPUSDC,1.0,1097331,0.77,13.74953537,68.0,0.03367323,-0.5831258110423737
7887,10124212,Spot Grid,1,NMRUSDT,1.0,262609,1.7,44.691468,17.0,0.03428506,-0.5833836578673001
7888,10101515,Spot Grid,1,SUIUSDT,1.0,593226,2.06,97.05848126,45.0,0.03855627,-0.5840342257630262
7889,10093604,Spot Grid,1,SOLUSDC,1.0,818773,0.4,12.39395585,189.0,0.03308391,-0.5849481772306425
7890,10123607,Spot Grid,1,ADAUSDT,1.0,278525,5.43,23.57808234,4.0,0.05450438,-0.5864305195063665
7891,10119877,Spot Grid,1,CRCLBUSDT,1.0,356846,0.84,28.72746599,113.0,0.03207218,-0.5869112826503958
7892,10107830,Spot Grid,1,NEARUSDC,1.0,547924,7.28,72.89166296,116.0,0.06852078,-0.589354380371425
7893,10019289,Spot Grid,1,ZECUSDT,1.0,2257253,18.18,6519.3099961,106.0,0.16849676,-0.5912757724489438
7894,10104200,Spot Grid,1,ADAUSDT,1.0,618527,4.77,10.51330955,12.0,0.05267215,-0.5920126184469312
7895,10091743,Spot Grid,1,LINKETH,1.0,839917,1.99,1085.41148278,238.0,0.04878563,-0.5937848107808992
7896,10104552,Spot Grid,1,ADAUSDT,1.0,610598,4.76,23.83264911,12.0,0.05288236,-0.5977472241941579
7897,9885558,Spot Grid,1,GRAMUSDT,1.0,6306139,7.46,35.26498227,675.0,0.10635314,-0.6042918005274761
7898,10015940,Spot Grid,1,GIGGLEUSDT,1.0,2356477,2.63,77.48280056,32.0,0.0496658,-0.6046674924953177
7899,10122105,Spot Grid,1,DOGEUSDT,1.0,305563,1.44,78.38800107,19.0,0.03412933,-0.604992313455372
7900,10122504,Spot Grid,1,UNIUSDT,1.0,300945,0.82,11.20128296,76.0,0.03160811,-0.605765733980619
7901,10122498,Spot Grid,1,UNIUSDT,1.0,301065,0.8,29.66476487,76.0,0.0316418,-0.6069526528406933
7902,10084735,Spot Grid,1,DOGEBTC,1.0,987749,0.76,13.24860789,16.0,0.03314495,-0.6104535544877812
7903,9928846,Spot Grid,1,FLOWUSDT,1.0,4622747,2.87,14.38396308,426.0,0.06903496,-0.6135551636498895
7904,10123581,Spot Grid,1,ADAUSDT,1.0,279218,5.18,41.48784469,4.0,0.05433103,-0.6138105802215725
7905,10129470,Spot Grid,1,WLDUSDT,1.0,159589,3.05,12.21968513,26.0,0.04251897,-0.6148278553063603
7906,10110032,Spot Grid,1,INJUSDT,1.0,497639,0.39,34.42610535,32.0,0.02968883,-0.6158390836496919
7907,10123582,Spot Grid,1,ADAUSDT,1.0,279199,5.14,54.3368997,4.0,0.05435789,-0.6182861827617617
7908,10123178,Spot Grid,1,ADAUSDT,1.0,289008,4.84,12.10959665,4.0,0.05288979,-0.6269728904163938
7909,9805176,Spot Grid,1,XLMUSDT,1.0,9343651,1.66,12.1211802,113.0,0.07659318,-0.6293369230981181
7910,10090712,Spot Grid,1,LINKUSDT,1.0,859586,3.42,45.60371932,151.0,0.05116575,-0.6350797189988743
7911,10117709,Spot Grid,1,ETCUSDT,1.0,387065,0.57,14.48661859,16.0,0.03058622,-0.6364057368890885
7912,10011564,Spot Grid,1,TRBUSDT,1.0,2475059,6.56,108.729372,441.0,0.08193785,-0.6406231875390901
7913,10092625,Spot Grid,1,ADAUSDT,1.0,831215,4.0,12.00268278,5.0,0.05118539,-0.6407711805619218
7914,10120054,Spot Grid,1,AVAXUSDT,1.0,352820,0.82,16.4328894,48.0,0.03272993,-0.6422547250238957
7915,10087249,Spot Grid,1,DOGEUSDT,1.0,923952,2.45,13.31445481,5.0,0.04329109,-0.6453762654956647
7916,10110257,Spot Grid,1,ADAUSDT,1.0,493594,4.38,26.33998374,8.0,0.05221553,-0.6471589768441596
7917,10127521,Spot Grid,1,ADAUSDT,1.0,210066,2.63,184.21497483,1.0,0.04213734,-0.6483259660196465
7918,10120188,Spot Grid,1,SUIFDUSD,1.0,349478,3.66,18.30322525,68.0,0.0490295,-0.6506976995478649
7919,10017442,Spot Grid,1,CHIPUSDT,1.0,2308332,6.27,11.80584937,147.0,0.07332996,-0.6508435699733827
7920,10123187,Spot Grid,1,ADAUSDT,1.0,288764,4.6,11.5165713,4.0,0.05278321,-0.6571217372988684
7921,10123606,Spot Grid,1,PEPEUSDT,1.0,278570,1.05,10.42406684,214.0,0.03776103,-0.657407912648535
7922,10107765,Spot Grid,1,VIRTUALUSDC,1.0,549501,4.95,37.16820092,497.0,0.06639549,-0.6576185963875408
7923,9895060,Spot Grid,1,GRAMUSDT,1.0,5944306,7.71,77.15965508,634.0,0.10774968,-0.6597404501486104
7924,10102403,Spot Grid,1,SEIUSDC,1.0,654059,5.3,53.02459993,142.0,0.06149456,-0.6617510800279447
7925,10112256,Spot Grid,1,HBARUSDT,1.0,457787,1.63,16.62837967,16.0,0.03778382,-0.6633795623415161
7926,10126430,Spot Grid,1,WLDUSDT,1.0,226146,1.8,13.62995135,298.0,0.04374495,-0.6651242987433483
7927,9966502,Spot Grid,1,JTOUSDC,1.0,3627075,4.03,82.68541003,948.0,0.08470386,-0.6678705432759329
7928,10123325,Spot Grid,1,SUIUSDT,1.0,285696,4.06,76.6619734,173.0,0.05452474,-0.6770202634395274
7929,10101403,Spot Grid,1,PEPEUSDC,1.0,667829,1.78,32.25628001,67.0,0.04138244,-0.6813184478716847
7930,10116083,Spot Grid,1,币安人生USDT,1.0,397330,0.48,19.34565741,10.0,0.03189279,-0.6826446363307069
7931,10119674,Spot Grid,1,FETUSDT,1.0,362761,9.71,48.55033109,5.0,0.08249652,-0.687515561039183
7932,10099913,Spot Grid,1,WLDUSDT,1.0,695340,9.41,836.89946998,765.0,0.10241742,-0.6876950798330311
7933,10123132,Spot Grid,1,NEARUSDC,1.0,290112,1.99,21.57323484,248.0,0.04501964,-0.6894861442773899
7934,10103820,Spot Grid,1,PEPEUSDT,1.0,626815,0.9,54.83836331,310.0,0.04198706,-0.6897447911712431
7935,10001085,Spot Grid,1,ZECUSDT,1.0,2721917,11.32,90.63580918,372.0,0.10948508,-0.6903102671993258
7936,10110910,Spot Grid,1,ADAUSDT,1.0,483103,4.25,21.29771676,8.0,0.05325903,-0.6926144255248501
7937,9639246,Spot Grid,1,PENGUUSDC,1.0,13461814,0.63,15.3548525,1061.0,0.11159808,-0.7031465157710595
7938,10067047,Spot Grid,1,LUNCUSDT,1.0,1220924,1.1,13.6893546,136.0,0.04228007,-0.7034856586719131
7939,10101169,Spot Grid,1,ADAUSDT,1.0,671184,2.38,501.70817644,345.0,0.05416607,-0.7109402885954706
7940,10125421,Spot Grid,1,QNTUSDT,1.0,241614,5.42,27.1340768,180.0,0.06311077,-0.7128337334041059
7941,10020210,Spot Grid,1,ZECUSDT,1.0,2230119,6.88,68.86621457,214.0,0.08057805,-0.7139136639260782
7942,9889761,Spot Grid,1,RIFUSDT,1.0,6147954,1.28,52.87439622,645.0,0.07577587,-0.715416459084278
7943,10088487,Spot Grid,1,SHIBUSDT,1.0,905925,1.26,37.99812636,2.0,0.03968319,-0.7180269595216384
7944,10017955,Spot Grid,1,ZECBTC,1.0,2296102,2.22,78.70626741,657.0,0.06495209,-0.7181650959573743
7945,10120902,Spot Grid,1,ADAUSDT,1.0,333132,4.06,40.61213834,4.0,0.05273294,-0.7209988448705325
7946,10100711,Spot Grid,1,XRPFDUSD,1.0,676992,0.44,17.97491798,90.0,0.03618214,-0.7231600111549078
7947,10121751,Spot Grid,1,ADAUSDT,1.0,314537,4.06,22.08200884,4.0,0.05266769,-0.7237259686018142
7948,10106059,Spot Grid,1,SSVUSDT,1.0,578850,1.23,120.78373077,202.0,0.04308403,-0.7256441726180747
7949,10120484,Spot Grid,1,FETUSDC,1.0,342043,5.65,62.26615463,29.0,0.06243496,-0.7290236613751303
7950,10097385,Spot Grid,1,SUIUSDT,1.0,745392,3.73,13.26264988,19.0,0.05325404,-0.7306612991206379
7951,10124368,Spot Grid,1,SUIUSDT,1.0,259409,3.53,16.74854558,153.0,0.0529412,-0.7308121745411906
7952,10002297,Spot Grid,1,ZECUSDT,1.0,2703801,7.82,38.72094267,160.0,0.08718742,-0.732285866677359
7953,10083957,Spot Grid,1,ATOMUSDT,1.0,993871,1.45,172.55667661,57.0,0.04353568,-0.7324952678734007
7954,10002317,Spot Grid,1,ZECUSDT,1.0,2703506,8.77,21.51301404,160.0,0.0924323,-0.7356653514018985
7955,10099158,Spot Grid,1,DOGEFDUSD,1.0,713935,0.01,35.94866756,28.0,0.03330682,-0.7365861631231424
7956,10003362,Spot Grid,1,ZECUSDT,1.0,2676672,8.7,16.09899057,158.0,0.09208886,-0.7412548186163989
7957,10078870,Spot Grid,1,GMXUSDT,1.0,1076294,2.42,36.86461178,9.0,0.04787072,-0.7421493073211103
7958,10105494,Spot Grid,1,UNIUSDT,1.0,589561,1.49,149.82790432,265.0,0.04675988,-0.743693262097868
7959,10111426,Spot Grid,1,ADAUSDT,1.0,475242,5.9,38.73716044,7.0,0.06443054,-0.7450710821040707
7960,10103477,Spot Grid,1,PHAUSDT,1.0,634197,10.12,20.2554924,18.0,0.08836455,-0.7456384350825478
7961,10092405,Spot Grid,1,SUIUSDT,1.0,833634,6.78,20.34454854,25.0,0.07111004,-0.746202847053046
7962,10108891,Spot Grid,1,DASHUSDT,1.0,518170,1.52,152.21133277,31.0,0.04186805,-0.7483658979697884
7963,10105863,Spot Grid,1,ASTERUSDT,1.0,582601,2.15,21.54261458,232.0,0.04921348,-0.7494053022687591
7964,10076252,Spot Grid,1,UNIUSDT,1.0,1111668,4.62,13.88218654,98.0,0.06212834,-0.7496697240757096
7965,10124367,Spot Grid,1,ADAUSDT,1.0,259457,3.86,51.25100634,4.0,0.05264909,-0.752640347077754
7966,10091494,Spot Grid,1,LTCUSDC,1.0,842958,4.29,210.68272322,41.0,0.05915218,-0.7539579825963856
7967,10129245,Spot Grid,1,WLDUSDT,1.0,166866,0.37,32.90321346,36.0,0.03405379,-0.7605315762594806
7968,10096986,Spot Grid,1,FETUSDT,1.0,751813,6.46,13.01508473,57.0,0.07026799,-0.7616287423915449
7969,10091138,Spot Grid,1,PEPEUSDT,1.0,849160,1.52,45.68775774,266.0,0.04830399,-0.763229740542604
7970,10126422,Spot Grid,1,ADAUSDC,1.0,226265,3.04,17.36190623,24.0,0.0490316,-0.7716373950261862
7971,10072731,Spot Grid,1,ENAUSDT,1.0,1161432,6.16,22.84509444,379.0,0.07773191,-0.7738676131139521
7972,10096894,Spot Grid,1,NEARUSDT,1.0,753771,2.55,17.88592219,723.0,0.0634999,-0.7742125299321794
7973,10097603,Spot Grid,1,SUIUSDT,1.0,741808,3.12,32.34014053,229.0,0.05633689,-0.7778494827038219
7974,10121075,Spot Grid,1,PUMPUSDT,1.0,329834,11.49,114.98456783,55.0,0.09743618,-0.7856062892445947
7975,10123392,Spot Grid,1,XLMUSDT,1.0,284107,1.47,14.7002092,3.0,0.04098814,-0.7905382973584153
7976,10099362,Spot Grid,1,NEARUSDT,1.0,708539,5.42,13.5675114,60.0,0.06567215,-0.7918606729568791
7977,10110460,Spot Grid,1,PENDLEUSDT,1.0,486944,2.31,23.1592371,91.0,0.04844592,-0.792741166205944
7978,10060759,Spot Grid,1,ARBUSDC,1.0,1346779,2.32,31.42794561,483.0,0.06067841,-0.7968790502810054
7979,9930736,Spot Grid,1,ERAUSDT,1.0,4539377,8.41,14.50006632,214.0,0.1020205,-0.8005056908902287
7980,10016272,Spot Grid,1,ATOMUSDT,1.0,2342976,3.88,38.8664754,747.0,0.07967572,-0.8112719792195131
7981,10125583,Spot Grid,1,SUIUSDT,1.0,239135,3.36,33.66475694,41.0,0.05292374,-0.8125290433399573
7982,10052202,Spot Grid,1,UNIBTC,1.0,1483220,7.0,39.29464005,222.0,0.08206062,-0.8135379118588995
7983,10083858,Spot Grid,1,NEIROUSDT,1.0,999075,1.59,228.95341874,366.0,0.05456398,-0.8174529746379278
7984,9747013,Spot Grid,1,FETUSDT,1.0,10852761,3.03,13.89699831,350.0,0.10315298,-0.8182646906341514
7985,10110311,Spot Grid,1,AEROUSDT,1.0,492386,2.73,18.79300148,98.0,0.0526153,-0.8356148686643528
7986,9890232,Spot Grid,1,GRAMUSDT,1.0,6128571,4.49,78.83898167,745.0,0.10041535,-0.8375701155855904
7987,10128644,Spot Grid,1,QNTUSDT,1.0,184163,0.04,14.27271615,90.0,0.03647553,-0.837889662195225
7988,10124825,Spot Grid,1,QNTUSDT,1.0,252857,3.97,27.96223707,236.0,0.06153365,-0.8403319397089943
7989,10117045,Spot Grid,1,WLDUSDT,1.0,392753,4.25,25.3033269,40.0,0.05958069,-0.8422542209574813
7990,10122514,Spot Grid,1,DOGEUSDT,1.0,300807,1.65,11.03984975,18.0,0.04468718,-0.8488996319896971
7991,10089111,Spot Grid,1,PEPEUSDC,1.0,894984,0.59,23.93151132,29.0,0.04188221,-0.8528090084340462
7992,10100358,Spot Grid,1,SUIUSDT,1.0,683477,2.57,28.56100784,224.0,0.05598707,-0.8534041946325698
7993,10102880,Spot Grid,1,SUIUSDC,1.0,646722,1.21,39.86991536,54.0,0.04487052,-0.8539458853323776
7994,9965325,Spot Grid,1,PENGUUSDT,1.0,3657723,4.75,14.5475717,271.0,0.0818227,-0.860114407315196
7995,10008411,Spot Grid,1,ZECUSDT,1.0,2553318,7.34,13.59057276,149.0,0.08891589,-0.8657489786037521
7996,10124843,Spot Grid,1,DOTUSDT,1.0,252615,0.61,192.71840165,8.0,0.04035623,-0.8699057112477907
7997,10119725,Spot Grid,1,UNIUSDT,1.0,361190,2.24,11.24338093,22.0,0.04920084,-0.8723301347727089
7998,10004271,Spot Grid,1,ZECUSDT,1.0,2654786,7.7,17.66534951,156.0,0.09176058,-0.872515839246654
7999,10084529,Spot Grid,1,UNIUSDT,1.0,991735,2.87,32.05252927,121.0,0.05760835,-0.873896643306777
8000,9989039,Spot Grid,1,TSTUSDT,1.0,3100948,3.19,76.32561369,140.0,0.06901127,-0.874046300815726
8001,10104085,Spot Grid,1,WLDUSDC,1.0,621389,4.78,19.13106948,425.0,0.07284949,-0.8740551944943822
8002,10111681,Spot Grid,1,VIRTUALUSDT,1.0,470757,7.79,43.71809073,59.0,0.08108721,-0.8747115442352824
8003,10083160,Spot Grid,1,BONKUSDC,1.0,1008792,6.56,16.69435329,411.0,0.08400209,-0.8756545970155649
8004,9964989,Spot Grid,1,ACTUSDT,1.0,3665142,2.23,24.95329457,336.0,0.07022877,-0.8784489547444149
8005,10007421,Spot Grid,1,ZECUSDT,1.0,2573586,6.84,131.64585658,150.0,0.08757297,-0.8826395910739816
8006,10084478,Spot Grid,1,PEPEUSDT,1.0,992590,2.23,11.16513068,153.0,0.05514286,-0.8854407778817985
8007,10009801,Spot Grid,1,ZECUSDT,1.0,2521136,7.22,13.36157043,148.0,0.08892914,-0.8864102289043888
8008,10123832,Spot Grid,1,PUMPUSDC,1.0,272257,6.25,10.51426573,35.0,0.07165163,-0.8876372296750467
8009,10005163,Spot Grid,1,ZECUSDT,1.0,2637769,7.18,71.83032133,152.0,0.0896766,-0.8884636919581154
8010,10005815,Spot Grid,1,ZECUSDT,1.0,2622519,7.52,13.82068402,151.0,0.09125794,-0.8910869116985934
8011,10106785,Spot Grid,1,NEARUSDT,1.0,567354,4.65,46.57383589,41.0,0.0647562,-0.8947779680968212
8012,10127090,Spot Grid,1,ADAUSDT,1.0,217718,2.12,63.83281748,2.0,0.04868127,-0.8948150331190471
8013,10097896,Spot Grid,1,SUIUSDT,1.0,736496,6.05,12.11173812,200.0,0.07655944,-0.9005525437507366
8014,10007445,Spot Grid,1,ZECUSDT,1.0,2573119,6.85,56.80421448,150.0,0.08807477,-0.9034033897668782
8015,10113493,Spot Grid,1,PHAUSDT,1.0,424784,2.2,19.5402884,117.0,0.05264037,-0.9055432225836179
8016,10037041,Spot Grid,1,ZECBTC,1.0,1703729,2.69,38.4808628,494.0,0.06890495,-0.9065994218565274
8017,10095679,Spot Grid,1,IOUSDT,1.0,778149,4.32,52.09911372,69.0,0.06495126,-0.9067067598649038
8018,10091976,Spot Grid,1,NEARUSDT,1.0,837589,1.96,13.11575849,196.0,0.05498057,-0.9117840448658154
8019,10092169,Spot Grid,1,SUIUSDT,1.0,835849,5.72,649.46646298,420.0,0.0837038,-0.915321583131582
8020,10004527,Spot Grid,1,ZECUSDT,1.0,2648305,7.24,58.25823612,156.0,0.09128487,-0.918839905649238
8021,10071666,Spot Grid,1,DOGEFDUSD,1.0,999777,2.26,74.07341182,151.0,0.05739307,-0.9296113214199246
8022,9979199,Spot Grid,1,PENGUUSDT,1.0,3347767,8.03,27.90556558,703.0,0.1105082,-0.9311208488893198
8023,10010110,Spot Grid,1,TSTUSDT,1.0,2511869,7.19,11.93974639,72.0,0.08906527,-0.9350891105384673
8024,9999372,Spot Grid,1,TRUMPUSDT,1.0,2753258,0.96,28.99654578,129.0,0.05739556,-0.9375448082484795
8025,10067951,Spot Grid,1,TRUMPUSDT,1.0,1198200,4.0,20.04524247,36.0,0.06540884,-0.9384828569475671
8026,10006195,Spot Grid,1,ZECUSDT,1.0,2609590,6.91,43.90564445,151.0,0.08996494,-0.9395320675442949
8027,10107230,Spot Grid,1,SYNUSDT,1.0,560095,8.61,20.15779341,115.0,0.0896679,-0.9406325813372554
8028,10102151,Spot Grid,1,SUIUSDT,1.0,658123,0.63,24.2537975,384.0,0.05221445,-0.9427730292436681
8029,10074068,Spot Grid,1,PEPEUSDT,1.0,1146740,0.19,19.83760104,502.0,0.05437109,-0.9428249242464288
8030,10126910,Spot Grid,1,ADAUSDT,1.0,220458,1.62,25.53758725,3.0,0.04781537,-0.9454675192432238
8031,10093248,Spot Grid,1,SOLUSDT,1.0,823601,0.57,32.02438714,79.0,0.04629381,-0.9455945677649087
8032,10124779,Spot Grid,1,ADAUSDT,1.0,253750,3.29,13.1817126,75.0,0.05862986,-0.9472921615598078
8033,10069406,Spot Grid,1,UNIUSDT,1.0,1186999,4.88,29.35775972,879.0,0.08849816,-0.9493881827620405
8034,10094835,Spot Grid,1,CATIUSDT,1.0,795633,2.63,12.20587713,371.0,0.06370322,-0.9500658843158288
8035,10123738,Spot Grid,1,NEARUSDC,1.0,274554,2.33,23.39462277,59.0,0.05340231,-0.9528477945519254
8036,10088288,Spot Grid,1,UNIUSDT,1.0,908891,0.11,11.18029617,988.0,0.06358784,-0.9536157813438282
8037,10106957,Spot Grid,1,NEARUSDT,1.0,564537,5.44,54.48283249,357.0,0.07830043,-0.9571869957782114
8038,10049300,Spot Grid,1,ZECUSDT,1.0,1545750,3.3,14.69139851,251.0,0.06837663,-0.958193567791085
8039,10099917,Spot Grid,1,TAOUSDT,1.0,586750,1.75,156.34003264,236.0,0.05635379,-0.9618731568064779
8040,10101356,Spot Grid,1,AVAUSDT,1.0,668406,2.55,36.55478175,220.0,0.06015043,-0.9624738113749306
8041,10003874,Spot Grid,1,ZECUSDT,1.0,2662463,7.9,23.58132489,158.0,0.09664288,-0.9641942746409223
8042,10060498,Spot Grid,1,UNIUSDT,1.0,1350781,6.73,13.54073544,213.0,0.08589027,-0.9678081037734926
8043,10103191,Spot Grid,1,ADAUSDT,1.0,640422,1.96,103.28306588,13.0,0.05307393,-0.9701488538707375
8044,10104466,Spot Grid,1,NEARUSDT,1.0,611776,4.22,13.657416,43.0,0.06550688,-0.9704900026715781
8045,9900785,Spot Grid,1,SHIBUSDT,1.0,5691066,13.66,31.27479754,386.0,0.14665899,-0.9812466776298754
8046,10007092,Spot Grid,1,ZECUSDT,1.0,2579680,6.82,20.48210253,150.0,0.09092309,-0.9823595092650982
8047,10009489,Spot Grid,1,ZECUSDT,1.0,2531012,6.76,13.04241882,148.0,0.09040254,-0.9847599548364055
8048,10087411,Spot Grid,1,UNIUSDT,1.0,920394,2.26,17.0747208,127.0,0.05860005,-0.988051127775957
8049,10006714,Spot Grid,1,ZECUSDT,1.0,2590497,6.74,20.23452882,150.0,0.09092309,-0.9921401667399965
8050,10099473,Spot Grid,1,NEARUSDC,1.0,705726,3.83,38.367789,629.0,0.07720548,-0.9930501223246828
8051,10100455,Spot Grid,1,DOGEFDUSD,1.0,681975,0.49,16.73872315,803.0,0.06241276,-0.9934720760487724
8052,10125028,Spot Grid,1,ADAUSDT,1.0,249239,2.0,11.658764,4.0,0.05194811,-0.9947737678575377
8053,10059707,Spot Grid,1,UNIUSDT,1.0,1364468,2.54,15.27703585,469.0,0.06966446,-0.998193598826723
8054,10108148,Spot Grid,1,OPNUSDT,1.0,538023,8.26,25.57017554,110.0,0.09001453,-1.0012408639541006
8055,10103314,Spot Grid,1,NEARUSDT,1.0,599272,3.33,66.64479279,297.0,0.06746711,-1.0013083240805247
8056,10111420,Spot Grid,1,PENDLEUSDT,1.0,475329,2.59,94.35677104,43.0,0.05770838,-1.002606541438691
8057,10097446,Spot Grid,1,SUIUSDT,1.0,744459,5.98,25.13028893,457.0,0.08649619,-1.0195985668237282
8058,10088364,Spot Grid,1,TKOUSDT,1.0,907689,4.9,30.20701897,76.0,0.07343988,-1.0243550508938033
8059,10093105,Spot Grid,1,NEARUSDT,1.0,825241,3.47,34.75480008,254.0,0.06916476,-1.0271851180607958
8060,9687270,Spot Grid,1,SUIUSDT,1.0,12586065,2.1,210.25342468,28.0,0.10832923,-1.0338593810832992
8061,10091506,Spot Grid,1,NEARUSDT,1.0,842661,4.94,102.8653168,278.0,0.07890822,-1.0462646173755057
8062,10064862,Spot Grid,1,AVAXUSDC,1.0,1262777,4.43,22.19653243,45.0,0.07272877,-1.0502531857518296
8063,10120490,Spot Grid,1,TIAUSDC,1.0,341942,4.43,48.79002605,23.0,0.06851629,-1.0515578911818213
8064,10063733,Spot Grid,1,ZAMAUSDT,1.0,1287234,9.5,26.70166362,578.0,0.11195446,-1.0521328125265947
8065,10002686,Spot Grid,1,ZECUSDT,1.0,2695528,8.88,17.76860113,159.0,0.10567581,-1.052262823655235
8066,10091467,Spot Grid,1,SCUSDT,1.0,843213,3.87,85.92418165,351.0,0.07481557,-1.0538148231708484
8067,10011611,Spot Grid,1,ZECUSDT,1.0,2473898,5.78,25.59869798,143.0,0.08764416,-1.056714855588638
8068,10018202,Spot Grid,1,ZECUSDT,1.0,2290920,4.66,13.99994556,346.0,0.08502921,-1.0582383402513202
8069,10095120,Spot Grid,1,SUIUSDT,1.0,790438,4.01,16.07200366,209.0,0.07225622,-1.0603788586600533
8070,10062984,Spot Grid,1,UNIUSDT,1.0,1306155,2.77,84.22439369,280.0,0.06973224,-1.0654783885648995
8071,10096950,Spot Grid,1,LTCUSDC,1.0,752548,2.07,103.41616985,30.0,0.05859535,-1.071725388077722
8072,10105080,Spot Grid,1,VIRTUALUSDT,1.0,598202,6.13,35.56203145,103.0,0.08171371,-1.0807917918176082
8073,10113769,Spot Grid,1,ICPUSDT,1.0,419566,0.86,100.56967193,17.0,0.05126518,-1.096738255065206
8074,10125873,Spot Grid,1,ADAUSDT,1.0,234585,1.44,11.00104714,3.0,0.05300723,-1.0996149377391116
8075,10090710,Spot Grid,1,INJUSDC,1.0,859626,1.85,18.57597613,193.0,0.06222597,-1.1056997360612035
8076,10096669,Spot Grid,1,LINKUSDT,1.0,758534,1.32,203.31646555,19.0,0.05644661,-1.1127819024541825
8077,10112094,Spot Grid,1,VIRTUALUSDT,1.0,462060,5.08,51.79226468,200.0,0.07883736,-1.1135579768390909
8078,10099951,Spot Grid,1,PEPEUSDT,1.0,694467,1.4,123.99798157,218.0,0.06050143,-1.114986113996701
8079,9974824,Spot Grid,1,JTOUSDC,1.0,3468256,6.57,24.01363064,825.0,0.11314767,-1.1191756038899818
8080,10091727,Spot Grid,1,LINKETH,1.0,840082,1.56,851.93278205,171.0,0.0650617,-1.1227772478373828
8081,10070911,Spot Grid,1,UNIUSDT,1.0,1175191,2.02,40.44984106,106.0,0.06351844,-1.1241588590439273
8082,10118024,Spot Grid,1,PUMPUSDT,1.0,383520,5.81,101.97697143,60.0,0.0809873,-1.1433011450906223
8083,10112172,Spot Grid,1,NEARUSDC,1.0,460066,3.07,75.7702053,18.0,0.06552888,-1.1490894720116223
8084,10125138,Spot Grid,1,VIRTUALUSDT,1.0,246733,5.76,38.36797095,28.0,0.07937403,-1.1495062590397656
8085,10092288,Spot Grid,1,NEARUSDC,1.0,834705,2.88,57.70175037,653.0,0.07945145,-1.149564029047119
8086,10111891,Spot Grid,1,RUNEUSDT,1.0,465880,3.18,905.55455542,153.0,0.07340376,-1.1521856680752491
8087,10088943,Spot Grid,1,AEVOUSDT,1.0,898380,2.71,12.63110091,50.0,0.0662387,-1.160393062933868
8088,10106646,Spot Grid,1,VIRTUALUSDT,1.0,569543,5.59,55.97534006,91.0,0.08169068,-1.1605519441986267
8089,10109911,Spot Grid,1,VIRTUALUSDT,1.0,499345,5.22,31.32177291,69.0,0.07881266,-1.1615262087312745
8090,10087710,Spot Grid,1,HIVEUSDT,1.0,915111,1.68,11.69698159,24.0,0.06029524,-1.1647903830744533
8091,10070786,Spot Grid,1,ADAUSDT,1.0,1176203,5.1,54.02800828,779.0,0.09639942,-1.1668001391012985
8092,10128435,Spot Grid,1,NOMUSDT,1.0,189652,0.71,21.48411475,40.0,0.05273578,-1.1762702591173668
8093,10080177,Spot Grid,1,INJUSDC,1.0,1055832,0.14,11.84165891,930.0,0.07212592,-1.1769337714144346
8094,10109414,Spot Grid,1,VIRTUALUSDT,1.0,508002,4.99,29.99186278,69.0,0.07881266,-1.1921131583942874
8095,10081138,Spot Grid,1,GRTUSDT,1.0,1039094,10.16,253.44569633,516.0,0.12005145,-1.1938353851368217
8096,10121905,Spot Grid,1,TAOUSDT,1.0,311267,1.35,28.07191947,61.0,0.05794437,-1.193901065392819
8097,10098756,Spot Grid,1,FETUSDT,1.0,721042,2.68,77.28023955,537.0,0.07732007,-1.1944424100456255
8098,10123503,Spot Grid,1,PENGUUSDT,1.0,281053,3.56,38.45509873,58.0,0.07029549,-1.2037618086148993
8099,10067869,Spot Grid,1,UNIUSDT,1.0,1204209,4.55,74.6488382,91.0,0.08076876,-1.2093643805066894
8100,10106859,Spot Grid,1,NILUSDT,1.0,566060,10.97,21.94891675,11.0,0.11152026,-1.217064822227435
8101,10006569,Spot Grid,1,ZECUSDT,1.0,2595212,6.93,13.87471805,150.0,0.10134267,-1.225986002989754
8102,10111411,Spot Grid,1,GRTUSDT,1.0,475444,1.1,11.01381139,27.0,0.05778397,-1.2265917818185474
8103,10084981,Spot Grid,1,PEPEUSDT,1.0,982118,1.15,10.87633631,101.0,0.06180395,-1.2269803782693645
8104,10107897,Spot Grid,1,VIRTUALUSDT,1.0,545704,5.05,50.56186539,80.0,0.08108019,-1.2279530720035645
8105,10110146,Spot Grid,1,VIRTUALUSDT,1.0,496013,4.6,31.50624202,67.0,0.07803718,-1.2280795658245323
8106,10102667,Spot Grid,1,SUIUSDT,1.0,650502,0.8,35.57229557,188.0,0.06049883,-1.2284769285173058
8107,10127568,Spot Grid,1,PUMPUSDT,1.0,209341,3.71,25.9967722,18.0,0.07104231,-1.2322155699371302
8108,10103889,Spot Grid,1,SUIUSDT,1.0,625378,0.22,27.71328635,323.0,0.06036785,-1.2368097563058116
8109,10077129,Spot Grid,1,TSTUSDT,1.0,1097527,6.9,69.03538027,151.0,0.09554786,-1.2376010519663663
8110,10100458,Spot Grid,1,DOGEFDUSD,1.0,681933,0.22,14.35815199,626.0,0.06715095,-1.241774813110902
8111,10106854,Spot Grid,1,FILUSDT,1.0,566167,2.9,29.03649671,74.0,0.06974562,-1.2424320215141158
8112,10121128,Spot Grid,1,NIGHTUSDT,1.0,328417,4.91,90.06095693,187.0,0.08244119,-1.2426180336609498
8113,10111908,Spot Grid,1,PEPEUSDT,1.0,465543,3.15,714.97961831,54.0,0.07395753,-1.2466478397462195
8114,10121153,Spot Grid,1,ARBUSDT,1.0,325729,1.79,17.98403544,78.0,0.06286018,-1.2471390104095876
8115,9828947,Spot Grid,1,STGUSDT,1.0,8478437,2.72,38.2387566,496.0,0.11188547,-1.250587113471304
8116,10098405,Spot Grid,1,NEARUSDT,1.0,728805,1.5,17.79527079,313.0,0.06849528,-1.2602896279353155
8117,10076791,Spot Grid,1,DASHUSDT,1.0,1103679,3.34,334.95895894,84.0,0.0773972,-1.2713412385138039
8118,10100273,Spot Grid,1,WLDUSDT,1.0,685198,10.37,207.53084217,609.0,0.12467661,-1.2749316702689109
8119,10093338,Spot Grid,1,LTCUSDT,1.0,822305,0.4,38.82685856,296.0,0.06363102,-1.2853702702796517
8120,10104148,Spot Grid,1,SUIUSDT,1.0,619835,1.09,12.0789047,164.0,0.06367234,-1.2868903897090422
8121,10119091,Spot Grid,1,SEIUSDC,1.0,370861,1.93,19.37216626,45.0,0.06477824,-1.2882206301405055
8122,10108327,Spot Grid,1,NEARUSDT,1.0,532419,4.4,19.17805769,150.0,0.08193038,-1.3062438031567494
8123,10084063,Spot Grid,1,AVAXUSDT,1.0,997649,4.08,81.64904608,24.0,0.08028856,-1.3178271279786526
8124,10018586,Spot Grid,1,MARSCOINUSDT,1.0,2282788,5.35,67.59345837,633.0,0.10568421,-1.3213048087794808
8125,10093761,Spot Grid,1,NEARUSDC,1.0,816435,5.98,59.83862528,407.0,0.09824132,-1.3262562189323734
8126,10090460,Spot Grid,1,INJUSDT,1.0,746422,1.45,50.9745898,128.0,0.06737698,-1.33058652864163
8127,10099876,Spot Grid,1,NEARUSDT,1.0,696170,1.61,16.1435887,1022.0,0.08688829,-1.3334536739334355
8128,10124243,Spot Grid,1,COTIUSDT,1.0,261861,1.59,12.8231918,6.0,0.06347927,-1.335187959896904
8129,9876371,Spot Grid,1,AIUSDT,1.0,6638800,1.1,47.9839597,897.0,0.10715123,-1.3367528172035712
8130,10123757,Spot Grid,1,PUMPUSDT,1.0,274090,6.98,10.4786862,44.0,0.09388424,-1.336777595215439
8131,10058425,Spot Grid,1,CAKEUSDT,1.0,1388577,2.66,394.80550166,51.0,0.07746006,-1.3449570935170998
8132,10011402,Spot Grid,1,COTIUSDT,1.0,2478570,5.2,11.97251879,102.0,0.09582504,-1.3622690109476783
8133,10105327,Spot Grid,1,FETBTC,1.0,593003,4.48,51.30776812,218.0,0.08693442,-1.3735501624784312
8134,10125392,Spot Grid,1,JTOUSDT,1.0,241290,2.31,23.4573427,13.0,0.06946421,-1.3832366250900061
8135,10085459,Spot Grid,1,TUTUSDT,1.0,967984,0.58,39.95908867,1218.0,0.08925286,-1.3974427130932825
8136,10103281,Spot Grid,1,WLDUSDT,1.0,638486,4.41,15.90951446,663.0,0.09752541,-1.4120607323873613
8137,10087256,Spot Grid,1,PEPEUSDT,1.0,923834,2.85,17.39565044,5.0,0.07635549,-1.413585379661565
8138,10102966,Spot Grid,1,WLDUSDT,1.0,645238,4.26,15.17101071,668.0,0.09771387,-1.4339329063923985
8139,10100775,Spot Grid,1,SUIUSDT,1.0,676527,0.36,14.37160145,282.0,0.06860091,-1.4405786955380326
8140,10062735,Spot Grid,1,ARBUSDC,1.0,1313856,3.06,22.99862095,125.0,0.08295572,-1.4438642358969915
8141,10119855,Spot Grid,1,TAOUSDT,1.0,357440,0.42,37.7517864,39.0,0.06269834,-1.4444126299643405
8142,9890812,Spot Grid,1,GRAMUSDT,1.0,6106218,1.9,41.99408064,657.0,0.10928764,-1.4648123676027787
8143,10113827,Spot Grid,1,PUMPUSDT,1.0,418282,7.35,94.29543015,33.0,0.10257101,-1.4823591361629826
8144,10125819,Spot Grid,1,BONKUSDT,1.0,235525,1.55,220.52288655,70.0,0.07161496,-1.4856915916741409
8145,10063498,Spot Grid,1,ARBUSDT,1.0,1292614,3.08,16.98144346,738.0,0.09772396,-1.488958725151374
8146,10102611,Spot Grid,1,WLDUSDT,1.0,651078,3.88,38.79611151,104.0,0.0861504,-1.4912532395095164
8147,10083766,Spot Grid,1,DASHUSDT,1.0,999659,2.04,92.20615473,181.0,0.07963339,-1.4952025317724047
8148,10099052,Spot Grid,1,AXLUSDT,1.0,716218,1.84,18.43336315,370.0,0.08153254,-1.5097913201575273
8149,10094400,Spot Grid,1,SUIUSDT,1.0,804582,2.92,29.25298374,14.0,0.08075815,-1.5200953081695063
8150,10097630,Spot Grid,1,SUIUSDT,1.0,741327,4.03,87.74719908,247.0,0.09192489,-1.523386223558135
8151,10070041,Spot Grid,1,OPUSDT,1.0,1181994,5.31,15.69404756,26.0,0.09750999,-1.5667795229218622
8152,10102215,Spot Grid,1,SUIUSDT,1.0,656964,0.82,10.73533715,65.0,0.07190719,-1.5770751294437237
8153,10123945,Spot Grid,1,QNTUSDT,1.0,269036,1.32,66.3599122,186.0,0.07610262,-1.5838301680684057
8154,10110858,Spot Grid,1,PUMPUSDT,1.0,483625,7.08,95.16240692,58.0,0.10647535,-1.5961211932052584
8155,10121603,Spot Grid,1,PEPEUSDT,1.0,317509,1.79,17.95856828,2.0,0.077014,-1.6404451558306474
8156,10016843,Spot Grid,1,ZECUSDT,1.0,2325906,6.82,12.00381074,287.0,0.11914991,-1.6410638340460675
8157,10101022,Spot Grid,1,SUIUSDC,1.0,673307,1.65,37.47200039,135.0,0.08105276,-1.6496514476591526
8158,10103994,Spot Grid,1,RAYUSDT,1.0,610625,2.67,13.35147749,89.0,0.08541985,-1.6533942113143116
8159,10017152,Spot Grid,1,CAKEUSDT,1.0,2315933,3.96,59.01965907,58.0,0.10040475,-1.6797070598866186
8160,10117041,Spot Grid,1,RAYUSDT,1.0,392779,1.38,69.30238754,59.0,0.07836677,-1.685378788083272
8161,10092591,Spot Grid,1,FETUSDT,1.0,831597,4.99,16.23883278,5.0,0.09884752,-1.69196505060923
8162,10094705,Spot Grid,1,ADAUSDT,1.0,798788,1.72,79.92457554,81.0,0.08308341,-1.7003265279915136
8163,10122183,Spot Grid,1,XPLUSDT,1.0,306613,2.47,37.56054092,20.0,0.08372209,-1.703976203945122
8164,10014935,Spot Grid,1,ZECBTC,1.0,2381501,3.91,44.22810118,770.0,0.11678822,-1.7142897929913519
8165,10087614,Spot Grid,1,UNIUSDT,1.0,916496,0.62,23.33758238,127.0,0.07931563,-1.7268831767104957
8166,9884888,Spot Grid,1,HBARUSDT,1.0,6336161,5.85,43.33782951,491.0,0.14048139,-1.7660598479340899
8167,10107618,Spot Grid,1,QNTUSDT,1.0,552471,7.65,76.54692021,812.0,0.13283571,-1.7726438078846662
8168,10091902,Spot Grid,1,NEARUSDT,1.0,838001,4.51,16.07037929,283.0,0.10561924,-1.7788657069903062
8169,10104204,Spot Grid,1,SYNUSDT,1.0,618415,4.93,19.72864147,99.0,0.10473859,-1.819538918375295
8170,10126985,Spot Grid,1,PUMPUSDT,1.0,219302,2.5,75.22804619,23.0,0.08875349,-1.8280465898377962
8171,10093321,Spot Grid,1,LINKUSDT,1.0,822492,1.8,196.02684156,878.0,0.10862223,-1.8880622032302414
8172,10089891,Spot Grid,1,PENGUUSDT,1.0,877975,1.33,28.64699022,351.0,0.0945056,-1.8937617216687574
8173,10097584,Spot Grid,1,SUIUSDT,1.0,742125,5.42,1274.73481199,93.0,0.11814595,-1.915882522599008
8174,10097387,Spot Grid,1,SUIBTC,1.0,745342,3.94,17.8322369,31.0,0.1029816,-1.9332380076924913
8175,10084290,Spot Grid,1,FORMUSDT,1.0,995101,1.0,13.22875231,616.0,0.10122452,-1.9559267358595183
8176,10051710,Spot Grid,1,ZECUSDC,1.0,1499138,2.11,16.4887498,102.0,0.09989727,-1.9883356650205908
8177,10109604,Spot Grid,1,NEARUSDT,1.0,504348,2.21,11.05783069,26.0,0.09497401,-1.998734860951168
8178,10109605,Spot Grid,1,NEARUSDT,1.0,504347,2.21,11.05783069,26.0,0.0950984,-2.0018319639972177
8179,10057211,Spot Grid,1,ZECUSDC,1.0,1286633,1.39,13.99798902,23.0,0.09410018,-2.0066534139272543
8180,10021619,Spot Grid,1,SCUSDT,1.0,2201121,1.36,55.54006065,70.0,0.09975134,-2.0240378833295423
8181,10098714,Spot Grid,1,AIUSDT,1.0,722014,1.89,12.73283772,218.0,0.09950121,-2.03053368025382
8182,10102199,Spot Grid,1,WLDUSDT,1.0,625627,6.25,422.7458618,138.0,0.12550036,-2.0836863327500703
8183,10105028,Spot Grid,1,RAYUSDT,1.0,599180,1.63,58.92749715,91.0,0.09792146,-2.1006837176123803
8184,10095545,Spot Grid,1,LINKFDUSD,1.0,781119,1.12,147.39713543,713.0,0.11050746,-2.1251963844637927
8185,10097911,Spot Grid,1,FETUSDT,1.0,736264,3.29,16.45218756,59.0,0.10921202,-2.1633172065262465
8186,10085529,Spot Grid,1,TIAUSDT,1.0,965432,5.2,20.81133632,34.0,0.12031746,-2.1677942423870515
8187,10076316,Spot Grid,1,MUBARAKUSDT,1.0,1110527,3.52,13.93982181,2164.0,0.16101453,-2.2733924867175093
8188,10055816,Spot Grid,1,ZECUSDC,1.0,1427910,0.26,10.7117796,149.0,0.10372983,-2.319385780466615
8189,10047613,Spot Grid,1,ZECUSDT,1.0,1589134,4.65,46.57515367,481.0,0.13654677,-2.3416629430338873
8190,10085720,Spot Grid,1,ZENUSDT,1.0,960301,0.54,21.94795941,104.0,0.10480848,-2.3801222702259186
8191,10104807,Spot Grid,1,QNTUSDT,1.0,605000,10.25,84.91455186,138.0,0.16360936,-2.5329482186203114
8192,10100272,Spot Grid,1,LINKFDUSD,1.0,685240,0.09,63.23922763,319.0,0.11460912,-2.596180300660943
8193,10104331,Spot Grid,1,QNTUSDT,1.0,614613,10.34,364.17781697,1564.0,0.20285665,-2.7099037539805746
8194,10113760,Spot Grid,1,PENGUUSDT,1.0,419632,1.2,18.08545409,376.0,0.13702924,-3.007168874982574
8195,10104235,Spot Grid,1,QNTUSDT,1.0,617608,12.31,26.38710895,346.0,0.20207122,-3.106458227542515
8196,10109247,Spot Grid,1,QNTUSDT,1.0,511823,9.1,126.66129085,911.0,0.20113463,-3.2213086432397753
8197,10107496,Spot Grid,1,QNTUSDT,1.0,555393,7.84,16.46429505,86.0,0.18177302,-3.3549808179436154
8198,10109413,Spot Grid,1,QNTUSDT,1.0,508004,5.25,52.4961714,861.0,0.19751765,-3.6920666423421684
8199,10111436,Spot Grid,1,QNTUSDT,1.0,475170,6.24,410.82827318,1995.0,0.22880424,-3.696400813144966
8200,10104507,Spot Grid,1,QNTUSDT,1.0,611237,5.84,210.25946601,114.0,0.20868684,-4.252064261451789
8201,10020711,Spot Grid,1,MARSCOINUSDT,1.0,2219138,7.45,14.90670525,97.0,0.22885196,-4.397604288905918
8202,9978460,Spot Grid,1,MOVRUSDT,1.0,3360113,24.55,48.49373225,124.0,0.38907292,-5.916836233535873
